sku,fecha_ultima_venta,precio_venta_actual
107966,2026-02-12,22000.0
118240,2025-12-29,180000.0
135165,2025-11-06,135000.0
135386,2024-12-14,58000.0
135539,2025-11-11,74000.0
136343,2024-11-20,99000.0
136617,2024-12-26,140000.0
139160,2024-12-27,21000.0
140058,2024-12-09,19000.0
140204,2025-12-11,81000.0
141734,2024-11-15,69000.0
142948,2024-09-13,102500.0
160360,2024-11-17,65000.0
160424,2024-12-01,35000.0
160427,2024-12-02,30000.0
160430,2025-12-18,15000.0
160431,2024-12-13,15000.0
160578,2025-12-14,29000.0
160625,2024-11-07,29000.0
160629,2024-12-26,32000.0
160710,2024-11-26,79000.0
160716,2024-12-19,20000.0
160725,2024-12-12,45000.0
160734,2025-12-19,55000.0
160811,2024-12-19,20000.0
160829,2024-11-29,45000.0
160830,2024-12-07,35000.0
160852,2025-12-31,25000.0
160853,2024-11-27,35000.0
160854,2025-11-29,29000.0
161343,2024-12-31,35000.0
161469,2024-10-12,65000.0
161633,2025-12-18,965000.0
161682,2024-11-27,19000.0
162139,2024-11-07,65000.0
162205,2024-12-07,99000.0
162207,2025-12-17,999000.0
162214,2025-12-17,85000.0
162220,2025-12-21,29000.0
162225,2024-11-06,35000.0
162301,2024-12-23,25000.0
162313,2025-11-29,19000.0
162359,2025-12-07,12000.0
162399,2024-11-16,35000.0
162401,2024-11-02,40000.0
162510,2025-12-21,29000.0
162530,2025-12-31,29000.0
162637,2026-03-10,20000.0
162711,2024-08-03,70000.0
162745,2024-12-08,35000.0
162813,2025-11-10,395000.0
163348,2024-12-11,8000.0
163358,2025-12-20,20000.0
163361,2025-12-20,20000.0
163459,2024-11-13,20000.0
163468,2024-11-03,85000.0
163472,2024-11-17,100000.0
163479,2024-11-03,10000.0
163499,2025-11-22,105000.0
163517,2025-12-16,8000.0
163521,2025-12-07,25000.0
163540,2025-12-18,39000.0
163563,2024-11-08,83000.0
163570,2025-12-22,50000.0
163587,2024-12-11,97000.0
163607,2024-12-21,35000.0
163608,2024-12-01,29000.0
163645,2024-10-26,115000.0
163662,2024-12-07,40000.0
163675,2025-12-22,42000.0
163891,2024-12-01,65000.0
166438,2026-02-14,27000.0
166445,2025-12-16,55000.0
171285,2025-01-08,5000.0
17629,2025-07-25,2500.0
186598,2025-11-09,1095000.0
186622,2025-12-31,29000.0
186636,2024-11-06,39000.0
186638,2024-12-19,29000.0
186640,2024-12-08,22000.0
186652,2024-11-07,49000.0
186667,2024-10-13,75000.0
186669,2024-12-12,35000.0
186670,2025-12-21,42000.0
186683,2024-12-01,50000.0
186739,2024-11-07,12000.0
186808,2025-08-19,190000.0
186813,2024-05-27,22000.0
186822,2024-11-16,25000.0
186844,2025-01-17,75000.0
186852,2024-06-03,175000.0
186925,2024-11-09,79000.0
186930,2024-01-24,20000.0
186931,2025-12-16,45000.0
187009,2024-12-29,85000.0
187010,2025-11-30,120000.0
187023,2025-12-20,45000.0
187033,2025-02-25,119000.0
187716,2024-11-14,95000.0
187724,2024-11-02,69000.0
187734,2025-12-01,12000.0
187759,2025-12-29,25000.0
187762,2024-11-10,79000.0
187771,2024-11-07,162000.0
187804,2024-11-10,89000.0
187805,2024-11-14,225000.0
187807,2024-11-05,350000.0
187823,2024-11-07,195000.0
187833,2024-11-29,99000.0
190321,2024-02-24,55000.0
190542,2024-12-27,120000.0
190543,2024-11-09,99000.0
191350,2025-03-14,35000.0
191363,2024-12-09,46500.0
191569,2024-12-20,35000.0
191645,2025-09-27,75000.0
191718,2025-12-21,25000.0
191726,2024-12-21,59000.0
191733,2024-10-07,25000.0
191737,2024-11-06,32000.0
191796,2025-02-12,25000.0
191804,2024-02-05,19000.0
191908,2025-12-30,39000.0
192211,2025-11-29,220000.0
192364,2024-12-18,39900.0
192376,2024-12-01,16000.0
192377,2024-11-26,16000.0
192741,2024-12-01,35000.0
192758,2024-12-03,22000.0
192803,2024-11-21,105000.0
192946,2026-03-20,225500.0
192948,2026-01-04,46000.0
194052,2025-12-23,89000.0
194056,2025-12-20,45000.0
194413,2025-11-08,225000.0
194415,2024-11-07,839000.0
196068,2024-12-30,5000.0
203484,2025-12-28,82000.0
206249,2025-12-05,3500000.0
206257,2025-11-25,89000.0
206273,2025-11-05,990000.0
206319,2025-11-04,115000.0
213722,2025-12-21,79000.0
213723,2025-12-31,75000.0
213747,2024-12-24,191000.0
214651,2024-12-14,145000.0
214984,2024-12-13,185000.0
215044,2025-11-21,125000.0
215054,2025-11-20,75000.0
215081,2024-12-12,40000.0
215197,2024-12-28,45000.0
215214,2024-12-23,105000.0
215234,2025-12-12,59900.0
215236,2025-12-11,99000.0
215245,2024-12-08,62000.0
215249,2025-12-23,55000.0
215252,2024-12-22,60000.0
215259,2024-12-22,69000.0
215281,2024-12-24,30000.0
215291,2024-11-21,135000.0
215297,2024-12-01,195000.0
215313,2024-12-31,115000.0
215317,2025-12-17,55000.0
215327,2025-12-04,76000.0
215333,2024-12-27,89900.0
215385,2025-11-06,89900.0
215392,2025-11-18,240000.0
215395,2024-12-06,470000.0
215423,2025-12-24,55000.0
215428,2025-11-24,105000.0
215435,2024-12-07,15000.0
215440,2024-12-16,29000.0
215447,2025-12-31,25000.0
215450,2025-11-08,145000.0
215457,2025-11-11,50000.0
215461,2025-11-16,125000.0
215465,2025-11-23,99000.0
215499,2025-12-21,25000.0
215509,2025-11-09,89900.0
215513,2025-12-13,89900.0
215515,2024-11-21,95000.0
215518,2025-12-21,89900.0
215523,2024-12-02,310000.0
215525,2024-11-09,370000.0
215528,2024-12-05,469000.0
114283,2024-12-03,49000.0
114731,2024-08-19,25000.0
117083,2024-12-14,405000.0
118345,2026-04-25,109600.0
118348,2025-11-11,109600.0
119052,2024-12-13,40000.0
125128,2024-11-28,92500.0
134265,2024-11-07,13000.0
134455,2025-12-24,45000.0
134475,2024-12-14,39000.0
135336,2025-12-06,22000.0
135373,2025-12-06,67000.0
135722,2025-11-08,65000.0
140069,2024-11-24,13000.0
140109,2024-11-08,20000.0
141035,2025-11-19,15000.0
142531,2024-11-17,10000.0
142538,2024-03-23,9000.0
142907,2025-12-11,356000.0
160319,2025-11-20,38000.0
160353,2024-12-01,72000.0
160373,2024-11-08,52000.0
160406,2024-11-10,79000.0
160426,2024-12-30,20000.0
160571,2024-12-30,29000.0
160587,2024-12-12,30000.0
160588,2024-11-13,15000.0
160593,2024-12-20,29000.0
160642,2024-12-16,20000.0
160712,2025-12-11,40000.0
160720,2024-12-23,42000.0
161339,2024-12-29,15000.0
161347,2024-12-24,29000.0
161556,2025-11-27,30000.0
161560,2026-01-09,42000.0
161584,2024-11-23,129000.0
161603,2025-12-23,100000.0
161651,2025-11-22,29000.0
161671,2024-12-23,75000.0
161688,2024-11-09,345000.0
162198,2024-12-15,1150000.0
162200,2024-12-31,750000.0
162234,2024-12-22,49000.0
162297,2025-05-06,29000.0
162385,2024-12-22,19000.0
162391,2025-12-14,12000.0
162404,2024-11-06,30000.0
162521,2024-12-24,29000.0
162712,2024-01-25,139000.0
163486,2024-12-21,20000.0
163489,2024-12-11,18000.0
163511,2024-12-21,39900.0
163568,2025-12-18,45000.0
163614,2024-03-23,190000.0
163632,2025-12-20,37000.0
163676,2025-12-28,19000.0
163695,2024-12-29,19000.0
163888,2024-11-21,45000.0
164424,2024-11-10,142000.0
166442,2025-12-21,60000.0
166449,2025-10-29,18000.0
166450,2025-10-29,18000.0
175764,2025-11-11,100000.0
186617,2024-12-01,35000.0
186619,2024-12-07,45000.0
186644,2025-12-03,65000.0
186645,2025-11-20,70000.0
186653,2024-12-07,85000.0
186674,2024-11-29,40000.0
186675,2024-11-06,35000.0
186689,2026-01-27,190000.0
186706,2024-01-02,19000.0
186718,2024-02-29,62000.0
186731,2024-12-18,95000.0
186750,2024-10-14,62000.0
186794,2024-10-03,19000.0
186807,2025-08-18,150000.0
186823,2024-12-08,22000.0
186838,2025-12-14,59000.0
186934,2025-11-10,25000.0
186937,2024-11-25,35000.0
187034,2024-11-19,1550000.0
187681,2024-10-19,375000.0
187720,2025-05-26,25000.0
187738,2025-12-13,25000.0
187745,2025-12-09,29000.0
187747,2025-12-02,22000.0
187749,2024-10-20,25000.0
187751,2024-11-03,105000.0
187781,2024-01-04,20000.0
187793,2025-02-18,25000.0
187812,2026-04-09,165000.0
187841,2024-11-18,65000.0
187905,2024-02-17,785000.0
188533,2024-12-12,99000.0
189929,2024-12-23,6500.0
190320,2024-03-10,82000.0
190559,2025-11-14,155000.0
190680,2024-12-23,750000.0
190694,2025-12-12,69000.0
191370,2024-04-02,18500.0
191375,2025-06-03,62000.0
191582,2024-10-16,15000.0
191703,2024-12-13,25000.0
191707,2024-12-05,25000.0
191708,2025-12-09,25000.0
191710,2025-12-21,25000.0
191712,2025-12-17,25000.0
191716,2025-12-15,29000.0
191769,2024-12-09,19000.0
192363,2024-12-05,175000.0
192381,2024-12-24,69000.0
192388,2025-11-19,85000.0
192842,2024-12-27,79000.0
192900,2025-11-07,30000.0
193108,2024-11-10,96000.0
194047,2024-12-18,40000.0
194050,2025-12-23,45000.0
194055,2025-12-19,160000.0
194058,2025-12-18,235000.0
194411,2024-01-03,615000.0
194735,2024-12-10,171500.0
195196,2024-12-06,235000.0
195198,2025-10-30,235000.0
195202,2025-12-22,235000.0
203488,2026-03-20,75000.0
203498,2025-12-13,32000.0
203512,2025-12-19,139000.0
205740,2025-12-13,25000.0
206076,2025-12-17,29000.0
206253,2025-12-02,250000.0
206287,2024-12-04,105000.0
206292,2025-11-27,99000.0
206308,2025-12-09,2500000.0
206356,2025-12-21,30000.0
206457,2025-12-17,35000.0
213337,2024-11-07,85000.0
213358,2025-12-22,85000.0
213759,2025-11-11,75000.0
213767,2025-12-21,169000.0
213789,2025-12-24,82000.0
214648,2025-11-28,1800000.0
214789,2024-11-10,355000.0
214791,2024-11-16,250000.0
215017,2024-12-15,225000.0
215043,2024-11-10,45000.0
215045,2025-12-13,125000.0
215053,2024-12-12,75000.0
215055,2024-12-13,40000.0
215080,2024-12-12,67000.0
215082,2025-12-19,69900.0
215169,2024-12-15,680000.0
215194,2024-12-14,219000.0
215206,2025-11-21,75000.0
215220,2025-12-19,50000.0
215242,2025-12-02,50000.0
215243,2025-12-08,50000.0
215253,2024-11-10,75000.0
215287,2024-12-12,150000.0
215295,2025-11-17,35000.0
215320,2024-11-10,230000.0
215341,2024-12-16,95000.0
215363,2024-12-02,89000.0
215382,2024-12-01,89900.0
215389,2024-12-06,290000.0
215401,2025-11-18,470000.0
215405,2024-11-27,460000.0
215413,2024-11-21,220000.0
215433,2025-12-06,49000.0
215438,2024-12-08,15000.0
215484,2024-12-24,25000.0
215489,2024-12-14,25000.0
215500,2024-12-18,79000.0
215533,2024-12-22,360000.0
215535,2025-10-18,469000.0
215538,2024-12-04,75000.0
215547,2024-11-30,29000.0
215554,2024-12-14,179000.0
215556,2025-12-06,179000.0
215557,2024-12-10,79000.0
215559,2024-10-28,335000.0
215563,2024-12-05,20000.0
215565,2025-11-10,245000.0
215791,2024-12-29,59000.0
215796,2024-12-01,35000.0
112625,2026-04-27,32000.0
114243,2025-12-24,9000.0
117082,2025-11-23,205500.0
134101,2025-12-06,38000.0
134248,2024-12-17,12000.0
134301,2025-12-17,58000.0
134762,2024-11-23,20000.0
135376,2024-12-07,32000.0
135422,2024-11-19,65000.0
136342,2025-12-28,1450000.0
136618,2024-12-18,330000.0
136624,2025-12-14,99000.0
136763,2024-12-12,35000.0
136787,2024-12-11,69000.0
138339,2025-12-14,718000.0
140009,2025-12-20,215000.0
140056,2024-12-19,34000.0
140076,2024-12-26,15000.0
140267,2024-12-19,34000.0
140628,2025-11-16,1980000.0
142546,2024-12-22,65000.0
142559,2024-12-16,15000.0
142950,2025-03-22,307500.0
142991,2025-12-20,230000.0
160320,2025-11-28,38000.0
160326,2024-11-09,19000.0
160395,2024-12-18,79900.0
160401,2024-12-13,95000.0
160404,2024-12-02,79000.0
160405,2024-12-10,85000.0
160407,2025-12-06,85000.0
160425,2024-12-31,50000.0
160589,2025-12-23,35000.0
160595,2024-12-21,25000.0
160615,2024-12-09,95000.0
160619,2024-12-14,90000.0
160622,2025-11-23,55000.0
160633,2024-11-30,25000.0
160638,2025-12-13,20000.0
160724,2024-11-07,35000.0
160733,2025-11-20,35000.0
160842,2024-12-24,65000.0
160848,2025-12-21,39000.0
161315,2024-12-08,30000.0
161548,2024-12-17,79000.0
161946,2025-12-23,40000.0
162197,2024-12-19,1950000.0
162221,2024-12-22,30000.0
162350,2024-12-03,10000.0
162352,2024-11-18,15000.0
162368,2024-11-07,15000.0
162395,2024-11-08,35000.0
162509,2024-12-14,29000.0
162511,2024-12-02,30000.0
162518,2024-12-06,32000.0
162523,2024-12-17,25000.0
162529,2024-12-05,25000.0
162577,2024-11-10,19000.0
162614,2025-10-13,25000.0
162743,2024-11-07,405000.0
163364,2025-12-23,30000.0
163464,2024-11-28,28000.0
163481,2024-11-09,10000.0
163541,2025-12-04,35000.0
163562,2024-10-12,83000.0
163569,2024-11-12,59000.0
163613,2025-12-24,45000.0
163689,2024-12-16,60000.0
164423,2024-12-04,215000.0
166448,2025-07-27,17500.0
166452,2025-11-24,18000.0
17652,2025-10-26,4500.0
186608,2024-11-08,72000.0
186612,2025-11-19,55000.0
186620,2025-12-30,45000.0
186641,2025-01-03,15000.0
186650,2024-12-12,45000.0
186654,2024-12-04,75000.0
186671,2025-12-22,35000.0
186682,2024-11-27,89000.0
186707,2024-10-01,42000.0
186760,2025-12-04,85000.0
186793,2025-09-06,19000.0
186800,2025-11-09,12000.0
186806,2024-04-20,109000.0
186812,2024-11-23,15000.0
186839,2026-04-20,42000.0
186840,2024-11-30,65000.0
186947,2025-11-08,12000.0
187008,2025-11-23,45000.0
187676,2024-12-19,59000.0
187713,2025-12-21,29000.0
187726,2024-12-19,60000.0
187740,2024-12-03,19000.0
187764,2024-10-19,95000.0
187777,2025-02-11,19000.0
187779,2025-10-29,35000.0
187806,2024-11-02,545000.0
187808,2024-11-10,220000.0
187814,2026-02-14,150000.0
187816,2024-11-09,125000.0
187825,2024-12-07,125000.0
187832,2024-11-15,165000.0
190377,2024-12-22,399000.0
190560,2024-11-28,109000.0
191343,2025-11-22,19000.0
191344,2025-12-09,19000.0
191358,2024-12-18,20000.0
191400,2025-12-26,300000.0
191576,2024-10-21,15000.0
191701,2024-12-11,25000.0
191717,2025-12-01,35000.0
191720,2024-12-22,20000.0
191722,2025-12-28,39000.0
191766,2024-12-01,25000.0
191775,2024-12-02,10000.0
191792,2024-12-02,10000.0
191794,2025-05-31,25000.0
192362,2024-12-23,69000.0
192470,2024-10-28,767000.0
192757,2024-12-13,15000.0
192807,2025-04-01,39000.0
192856,2024-01-09,89000.0
192947,2026-03-20,225500.0
193103,2025-11-06,73500.0
194057,2026-01-05,89000.0
194683,2025-01-03,95000.0
195124,2025-11-15,285000.0
196069,2024-11-08,10000.0
203493,2025-12-18,39000.0
206066,2025-11-24,79000.0
206252,2025-12-05,250000.0
206256,2025-12-05,310000.0
206284,2025-11-16,89000.0
206286,2025-11-19,89000.0
206358,2025-12-17,40000.0
206447,2025-11-25,95000.0
213332,2025-11-30,85000.0
213743,2024-12-15,75000.0
213772,2024-12-21,123000.0
213780,2025-12-22,69000.0
214652,2024-11-23,95000.0
214788,2024-12-03,35000.0
215003,2024-12-24,95000.0
215049,2025-12-09,99900.0
215050,2025-12-09,99900.0
215182,2024-11-30,950000.0
215192,2025-12-22,850000.0
215196,2024-12-22,87000.0
215202,2025-12-16,65000.0
215203,2024-11-21,10000.0
215216,2024-12-23,85000.0
215224,2025-12-21,55000.0
215226,2025-12-21,99000.0
215247,2025-12-08,45000.0
215255,2024-11-21,85000.0
215276,2024-12-04,75000.0
215323,2024-12-15,89000.0
215338,2024-11-03,220000.0
215359,2024-11-07,40000.0
215364,2024-12-20,89000.0
215390,2024-12-06,240000.0
215411,2024-12-14,62000.0
215431,2024-12-04,62000.0
215444,2025-12-26,29000.0
215449,2025-12-29,29000.0
215504,2024-12-10,75000.0
215510,2025-12-24,95000.0
215536,2024-12-02,165000.0
215564,2025-08-22,335000.0
215566,2025-08-22,245000.0
215567,2024-12-14,62000.0
215569,2024-11-15,40000.0
215573,2024-12-07,45000.0
215575,2024-12-14,45000.0
215578,2024-12-01,45000.0
215794,2024-12-22,40000.0
215798,2024-12-23,59900.0
215799,2025-12-07,25000.0
215806,2025-12-06,110000.0
215857,2024-12-29,175000.0
215866,2025-12-06,115000.0
215879,2024-12-29,35000.0
215884,2024-11-11,140000.0
215894,2025-12-17,20000.0
113982,2024-12-30,65000.0
114813,2025-11-27,339000.0
116214,2025-12-18,12000.0
117439,2025-12-18,658000.0
118346,2026-02-08,87600.0
125152,2025-12-29,14500.0
134413,2025-11-23,40000.0
134562,2024-12-20,155000.0
135220,2024-10-18,145000.0
135414,2024-12-26,65000.0
135419,2025-12-17,19000.0
135537,2024-12-07,74000.0
135550,2024-12-10,67000.0
135726,2025-11-05,245000.0
136344,2024-12-19,140000.0
136613,2025-01-02,595000.0
136615,2024-12-13,1300000.0
140017,2024-11-22,15000.0
140254,2024-12-18,33000.0
142552,2024-12-14,12000.0
160659,2025-12-06,32000.0
160721,2024-12-19,30000.0
160722,2024-12-24,30000.0
160726,2024-11-09,32000.0
160835,2024-12-08,39000.0
160849,2025-12-09,25000.0
161314,2025-12-30,32000.0
161642,2025-12-16,25000.0
161673,2024-11-08,79000.0
162136,2024-11-07,69000.0
162194,2025-11-06,95000.0
162263,2024-11-07,49000.0
162266,2024-11-20,35000.0
162295,2024-12-24,15000.0
162354,2025-11-29,19000.0
162389,2024-12-24,15000.0
162394,2025-12-05,25000.0
162540,2024-12-09,29000.0
162566,2024-12-27,35000.0
162627,2024-09-11,179000.0
162746,2024-10-24,55000.0
162772,2025-12-31,35000.0
163469,2024-11-27,50000.0
163470,2024-12-05,50000.0
163482,2026-02-16,19000.0
163602,2024-12-14,39000.0
163615,2024-11-17,35000.0
163639,2025-12-22,45000.0
163647,2025-12-17,25000.0
163670,2025-12-18,39000.0
163685,2024-11-09,59000.0
163696,2024-11-09,19000.0
164288,2024-12-14,79000.0
167888,2026-01-05,222500.0
170030,2025-10-13,61500.0
170641,2024-12-10,25000.0
170642,2024-12-11,40000.0
185623,2024-11-24,85000.0
186629,2024-10-11,19000.0
186642,2024-01-08,65000.0
186666,2024-11-30,72000.0
186672,2025-12-14,35000.0
186733,2024-11-26,39000.0
186736,2025-12-02,20000.0
186765,2024-11-19,139000.0
186767,2024-12-09,32000.0
186798,2024-02-05,22000.0
186811,2024-11-10,20000.0
186837,2025-12-12,75000.0
186933,2024-11-30,25000.0
186956,2025-12-14,45000.0
187680,2024-11-20,405000.0
187684,2024-12-15,30000.0
187714,2025-12-23,29000.0
187741,2025-12-09,19000.0
187765,2024-10-19,32000.0
187776,2024-11-12,230000.0
187783,2025-12-05,20000.0
187796,2025-11-07,45000.0
187802,2024-05-08,155000.0
187803,2025-11-07,59000.0
187813,2024-12-14,75000.0
187839,2024-11-09,82000.0
187840,2024-12-18,80000.0
187856,2024-12-19,55000.0
187857,2024-12-26,55000.0
190316,2024-12-17,39000.0
190690,2024-12-22,35000.0
191596,2025-06-24,12000.0
191704,2024-11-23,15000.0
191730,2025-12-12,15000.0
191765,2024-12-20,32000.0
191799,2025-08-15,19000.0
191865,2024-12-20,48500.0
191866,2024-12-23,48500.0
191874,2025-12-23,35000.0
192207,2025-12-18,411000.0
192368,2024-11-08,49000.0
192374,2024-12-13,16000.0
192385,2024-12-01,85000.0
192749,2024-11-29,15000.0
192766,2024-12-07,45000.0
192802,2025-11-02,69000.0
193107,2024-12-02,86500.0
194060,2025-12-21,89000.0
194149,2026-01-15,15000.0
194672,2025-02-06,59000.0
203486,2025-12-22,139000.0
203490,2025-12-22,205000.0
206248,2025-12-12,3500000.0
206251,2025-12-04,3500000.0
206255,2025-12-06,219000.0
206318,2024-11-29,115000.0
206320,2025-11-20,115000.0
206454,2025-12-01,55000.0
207171,2025-12-27,21500.0
213720,2025-12-22,75000.0
213751,2024-12-20,130000.0
214657,2024-12-20,1200000.0
214733,2025-08-16,350000.0
214786,2024-12-09,235000.0
215018,2024-12-28,189000.0
215168,2024-11-07,340000.0
215184,2024-12-15,130000.0
215195,2024-12-27,19000.0
215204,2024-12-24,79000.0
215210,2024-12-02,69900.0
215218,2025-12-30,65000.0
215221,2024-12-08,45000.0
215228,2024-12-23,99000.0
215230,2025-12-22,35000.0
215271,2025-11-23,65000.0
215278,2025-11-08,210000.0
215289,2024-12-07,150000.0
215293,2025-11-29,35000.0
215310,2024-12-02,185000.0
215330,2025-12-04,82000.0
215367,2024-12-11,89000.0
215451,2025-12-10,29000.0
215455,2024-12-08,25000.0
215463,2024-12-08,65000.0
215508,2025-11-11,89900.0
215546,2025-12-19,139000.0
215568,2024-10-27,205000.0
215743,2024-11-17,730000.0
215752,2025-12-31,50000.0
215757,2024-11-09,230000.0
215760,2024-11-20,999000.0
215774,2025-01-14,55000.0
215795,2024-12-12,130000.0
215809,2024-12-26,159000.0
215814,2024-12-15,159000.0
215825,2025-12-12,85000.0
215868,2025-11-05,95000.0
215875,2024-12-31,75000.0
215880,2025-11-29,85000.0
215882,2024-11-30,39000.0
215883,2024-11-26,30000.0
215890,2024-12-20,25000.0
215896,2024-11-09,99000.0
215901,2024-12-08,105000.0
215903,2026-01-21,139000.0
215906,2024-10-10,570000.0
215908,2024-12-30,15000.0
215912,2024-11-21,115000.0
216869,2024-12-21,49000.0
216873,2024-12-12,45000.0
217047,2024-10-26,215000.0
217053,2024-12-15,29900.0
217056,2025-12-04,16000.0
217060,2025-11-14,25000.0
217061,2024-12-29,29000.0
217062,2024-12-07,120000.0
217093,2025-12-31,25000.0
217100,2025-11-15,175000.0
217122,2024-12-10,2500000.0
217123,2025-12-23,3200000.0
217136,2024-11-24,135000.0
217138,2024-11-07,135000.0
217154,2025-11-26,169000.0
217169,2024-11-30,15000.0
217177,2024-12-03,1500000.0
217184,2025-11-27,16000.0
217212,2024-11-20,45000.0
217219,2025-11-22,320000.0
114986,2024-12-24,24000.0
116947,2024-12-17,246600.0
118583,2026-04-27,85000.0
119254,2025-12-19,3000.0
134295,2025-11-03,65000.0
134302,2024-12-18,58000.0
134416,2024-12-12,35000.0
134458,2024-12-26,49000.0
135338,2024-10-12,25000.0
135407,2024-12-21,65000.0
135415,2025-11-15,36000.0
135478,2025-12-17,19000.0
135733,2024-08-24,312000.0
136340,2025-12-09,950000.0
136345,2024-12-16,199000.0
136621,2024-12-29,765000.0
136789,2025-11-14,69000.0
140031,2024-12-06,1055000.0
142952,2025-09-06,205500.0
160318,2025-11-19,27000.0
160359,2024-12-05,65000.0
160392,2024-12-07,75000.0
160408,2025-11-11,85000.0
160603,2025-12-14,220000.0
160621,2024-11-28,175000.0
160628,2024-11-30,32000.0
160630,2024-11-27,29000.0
160636,2024-12-17,39000.0
160646,2025-12-23,45000.0
161322,2024-12-04,20000.0
161333,2024-12-01,32000.0
161338,2024-11-02,15000.0
161365,2024-11-17,55000.0
161392,2024-12-01,30000.0
161616,2025-12-12,165000.0
161693,2026-03-31,20000.0
162189,2025-11-15,79000.0
162196,2024-12-03,1550000.0
162206,2024-11-24,2800000.0
162217,2024-12-01,85000.0
162228,2024-12-11,40000.0
162237,2024-10-15,9000.0
162265,2024-12-10,50000.0
162302,2024-12-01,19000.0
162379,2025-12-14,25000.0
162512,2025-12-24,30000.0
162532,2024-12-06,15000.0
162567,2025-12-13,32000.0
162575,2025-11-30,32000.0
162792,2025-11-25,345000.0
163360,2025-12-23,32000.0
163362,2025-12-21,15000.0
163487,2025-12-22,19000.0
163494,2024-11-17,55000.0
163500,2024-12-21,75000.0
163552,2025-12-24,15000.0
163553,2024-12-22,15000.0
163573,2024-01-02,45000.0
163592,2025-12-23,25000.0
163599,2025-12-29,35000.0
163611,2024-11-24,35000.0
163642,2025-12-18,35000.0
163649,2024-10-26,115000.0
163660,2024-11-06,35000.0
163672,2024-11-08,115000.0
163673,2025-11-18,40000.0
166446,2024-12-04,23500.0
167148,2024-11-14,4500000.0
167896,2026-01-03,82000.0
170288,2025-01-03,200000.0
171283,2025-12-02,3500.0
175763,2026-03-06,50000.0
181302,2024-07-06,125000.0
185614,2025-11-10,25000.0
186609,2025-12-17,23000.0
186611,2025-11-04,50000.0
186628,2024-10-15,10000.0
186633,2024-12-04,12000.0
186664,2024-10-13,29000.0
186681,2024-10-11,35000.0
186730,2025-11-24,139000.0
186732,2025-12-12,65000.0
186738,2024-11-12,22000.0
186766,2024-12-14,32000.0
186801,2024-05-05,149000.0
186850,2024-12-10,99000.0
186924,2024-11-22,149000.0
186927,2024-12-19,15000.0
186951,2025-12-06,12000.0
187028,2024-11-13,25000.0
187677,2024-12-13,190000.0
187679,2024-12-15,1219000.0
187683,2024-12-15,15000.0
187717,2025-12-02,25000.0
187719,2024-11-23,35000.0
187721,2025-03-16,25000.0
187750,2024-10-30,25000.0
187752,2024-12-09,55000.0
187754,2024-11-03,85000.0
187763,2025-11-05,35000.0
187778,2025-08-23,30000.0
187780,2024-10-28,35000.0
187782,2025-10-01,20000.0
187801,2024-05-21,99000.0
187811,2026-03-20,125000.0
187828,2024-03-09,22000.0
190315,2024-12-13,65000.0
190685,2024-12-20,550000.0
191215,2024-12-21,400000.0
191216,2024-12-23,290000.0
191342,2025-11-24,25000.0
191346,2026-04-08,30000.0
191347,2024-07-09,5000.0
191577,2024-10-21,15000.0
191592,2025-12-03,35000.0
191709,2024-12-27,35000.0
191711,2025-12-24,29000.0
191727,2025-12-24,15000.0
191763,2024-10-12,45000.0
192209,2025-12-09,137000.0
192387,2024-12-16,85000.0
192761,2024-11-23,12000.0
192808,2024-12-14,39000.0
192814,2025-11-01,95000.0
193104,2024-12-01,320000.0
193106,2025-12-23,280000.0
193913,2024-12-06,47000.0
194148,2024-12-29,35000.0
194410,2025-11-01,1270000.0
194675,2024-06-10,85000.0
205739,2025-12-01,25000.0
206307,2025-11-06,2500000.0
206368,2025-12-17,40000.0
206451,2025-11-18,39000.0
213368,2024-11-11,95000.0
213745,2025-12-31,69000.0
213753,2025-12-29,82000.0
213867,2024-12-06,115000.0
214790,2024-12-05,510000.0
214993,2024-11-26,120000.0
215013,2024-12-28,189000.0
215014,2024-12-28,189000.0
215015,2024-12-28,225000.0
215047,2025-12-13,125000.0
215057,2024-12-12,40000.0
215198,2025-12-24,45000.0
215199,2024-12-20,190000.0
215207,2025-12-29,69000.0
215212,2025-11-17,215000.0
215213,2024-12-06,67000.0
215219,2024-12-19,50000.0
215222,2024-11-14,50000.0
215223,2025-12-07,25000.0
215232,2025-12-23,35000.0
215239,2025-12-23,45000.0
215240,2025-12-17,45000.0
215250,2025-11-11,59000.0
215273,2026-02-26,65000.0
215284,2024-11-28,105000.0
215305,2024-11-26,155000.0
215314,2024-12-15,23000.0
215324,2024-11-30,220000.0
215336,2024-12-16,95000.0
215371,2025-11-20,95000.0
215378,2024-12-27,89000.0
215393,2025-11-13,255000.0
215402,2024-12-10,239000.0
215404,2025-12-03,470000.0
215417,2025-11-10,35000.0
215430,2024-12-10,185000.0
215437,2024-12-10,140000.0
215524,2024-10-27,280000.0
215529,2024-12-07,215000.0
215562,2024-12-01,75000.0
215574,2024-11-07,535000.0
215576,2024-10-25,535000.0
215577,2024-11-19,45000.0
215579,2024-12-07,89000.0
215748,2024-11-16,240000.0
215758,2024-10-18,795000.0
215790,2026-01-05,105000.0
215807,2024-11-18,235000.0
215812,2026-02-27,110000.0
215816,2024-11-23,55000.0
215832,2024-10-20,49900.0
134100,2025-12-08,29000.0
134774,2025-12-07,19000.0
135369,2025-11-14,71000.0
135426,2025-11-27,65000.0
135542,2024-12-06,70000.0
135594,2024-12-04,32000.0
136612,2024-12-18,290000.0
136623,2025-12-11,140000.0
136625,2024-12-24,38000.0
140015,2024-12-14,29000.0
140270,2024-12-19,34000.0
140370,2024-12-15,20000.0
142553,2024-12-14,12000.0
143189,2025-11-11,105000.0
160339,2024-01-02,270000.0
160477,2024-12-03,85000.0
160480,2025-12-19,20000.0
160610,2025-12-07,46000.0
160626,2024-12-02,29000.0
160634,2024-12-14,39000.0
160709,2024-12-01,45000.0
160718,2024-12-03,30000.0
160719,2025-12-30,42000.0
160846,2024-12-01,55000.0
160847,2024-11-09,55000.0
161340,2024-12-06,15000.0
161342,2024-12-29,35000.0
161689,2024-11-07,229000.0
162213,2024-11-25,85000.0
162233,2025-12-23,49000.0
162236,2024-12-07,9000.0
162238,2024-10-20,9000.0
162307,2024-11-17,25000.0
162369,2024-11-30,15000.0
162534,2025-12-02,12000.0
162619,2024-11-03,25000.0
162639,2025-08-24,18000.0
162661,2025-08-22,25000.0
162717,2024-08-03,99000.0
162811,2024-01-02,299000.0
163350,2024-12-20,8000.0
163480,2024-11-16,12000.0
163507,2024-11-27,19000.0
163545,2025-11-14,46000.0
163609,2025-12-03,35000.0
163648,2024-11-09,19000.0
163651,2024-11-09,15000.0
163657,2024-12-21,30000.0
163665,2024-12-01,29000.0
163686,2024-12-17,60000.0
164425,2024-11-04,70000.0
169545,2024-12-27,6500.0
170643,2024-11-27,57500.0
186616,2025-12-12,22000.0
186635,2024-12-01,29000.0
186673,2024-12-06,35000.0
186725,2024-12-01,30000.0
186744,2025-12-23,25000.0
186789,2025-11-15,29000.0
186795,2024-12-03,32000.0
186802,2024-08-21,169000.0
186803,2024-01-12,119000.0
186821,2024-11-16,19000.0
186835,2024-11-23,175000.0
186932,2024-01-07,22000.0
186946,2025-11-10,245000.0
187048,2025-12-10,1279000.0
187675,2024-11-01,385000.0
187725,2024-11-09,29000.0
187739,2024-12-08,25000.0
187753,2024-10-26,85000.0
187846,2025-11-15,59900.0
187848,2024-10-26,225000.0
189724,2024-12-11,499000.0
190317,2024-06-09,25000.0
191345,2026-04-05,20000.0
191356,2024-02-11,25000.0
191357,2025-12-15,40000.0
191359,2024-02-06,40000.0
191401,2026-04-01,390000.0
191570,2025-07-09,6000.0
191575,2024-01-03,12000.0
191585,2024-11-02,19000.0
191700,2024-11-03,65000.0
191702,2024-12-03,15000.0
191706,2025-12-26,25000.0
191721,2025-12-19,35000.0
191725,2025-12-23,35000.0
191774,2024-12-26,10000.0
191795,2024-03-18,25000.0
191895,2025-12-26,39000.0
191985,2025-10-09,132300.0
192208,2025-12-14,548000.0
192356,2024-11-04,25000.0
192373,2024-12-16,16000.0
192745,2024-11-26,45000.0
192763,2024-12-18,25000.0
192835,2025-12-19,39000.0
192838,2024-11-10,55000.0
192840,2024-12-26,20000.0
193100,2025-11-06,73500.0
193101,2024-01-02,105500.0
193571,2024-12-12,171500.0
198083,2025-01-11,39000.0
203500,2025-12-19,32000.0
206075,2025-12-11,29000.0
206285,2025-11-19,89000.0
206357,2025-12-17,40000.0
206455,2025-11-13,80000.0
206875,2025-12-13,128000.0
208441,2026-04-02,25000.0
213737,2024-12-23,78000.0
213744,2025-12-19,79000.0
213749,2024-12-23,170000.0
213756,2024-12-24,75000.0
214654,2025-12-17,55000.0
214787,2025-10-31,235000.0
214793,2024-12-13,59000.0
215010,2025-11-27,285000.0
215012,2024-12-14,95000.0
215016,2024-12-24,225000.0
215029,2025-11-05,79900.0
215031,2025-11-04,79900.0
215083,2025-12-26,72000.0
215185,2024-12-21,305000.0
215211,2024-12-22,215000.0
215217,2025-11-22,85000.0
215225,2025-12-09,19000.0
215227,2024-11-30,67000.0
215231,2025-12-10,59900.0
215238,2024-11-08,130000.0
215244,2025-12-23,35000.0
215246,2024-12-05,12000.0
215254,2025-11-02,95000.0
215256,2024-12-02,280000.0
215260,2024-12-04,55000.0
215329,2024-12-06,220000.0
215360,2024-11-30,175000.0
215372,2024-12-22,95000.0
215379,2025-12-13,80000.0
215419,2025-12-02,35000.0
215424,2025-12-02,30000.0
215429,2025-12-11,50000.0
215432,2025-12-15,49000.0
215445,2024-11-02,185000.0
215466,2024-12-10,130000.0
215522,2024-12-02,315000.0
215540,2024-12-06,230000.0
215553,2025-11-16,29000.0
215555,2025-11-21,179000.0
215558,2025-11-19,125000.0
215572,2024-10-26,139000.0
215747,2025-12-31,25000.0
215768,2024-12-12,59000.0
215793,2025-11-15,130000.0
215808,2025-12-23,55000.0
215815,2025-11-01,215000.0
215817,2025-11-02,35000.0
215821,2025-12-15,55000.0
215859,2024-12-29,175000.0
215864,2024-12-02,115000.0
215871,2025-12-01,56000.0
215877,2024-12-03,75000.0
215886,2025-12-12,55000.0
215907,2024-12-24,15000.0
215919,2025-12-01,265000.0
217048,2024-12-05,25000.0
217073,2024-12-01,79000.0
217081,2024-11-26,42000.0
217096,2024-12-14,449000.0
217107,2025-12-31,45000.0
217111,2025-12-31,49000.0
217116,2025-02-08,45000.0
217141,2024-12-11,22000.0
217146,2024-11-12,15000.0
217148,2024-12-17,30000.0
217163,2024-12-09,19000.0
217175,2025-11-26,45000.0
217206,2024-11-28,49000.0
217218,2024-12-21,450000.0
217224,2024-12-01,35000.0
217229,2025-11-01,39000.0
217237,2024-12-21,39000.0
217242,2025-11-30,30000.0
217248,2025-12-23,20000.0
114796,2025-05-29,69000.0
135360,2025-11-11,71000.0
135429,2025-11-08,65000.0
135606,2025-11-29,35000.0
136611,2024-12-01,650000.0
136622,2025-12-22,1150000.0
136769,2024-12-15,65000.0
136786,2025-12-31,140000.0
139792,2026-03-07,150000.0
140067,2024-12-29,29000.0
141030,2024-12-18,25000.0
144850,2024-12-24,3500.0
160355,2024-10-20,75000.0
160393,2024-12-16,79000.0
160412,2024-12-07,119000.0
160418,2024-12-24,39000.0
160484,2024-12-19,65000.0
160490,2024-12-23,42000.0
160495,2025-12-30,35000.0
160613,2025-12-20,62000.0
160618,2024-12-02,59000.0
160637,2024-11-18,39000.0
160647,2024-11-17,29000.0
160728,2024-12-17,40000.0
160855,2024-12-01,30000.0
161316,2024-12-24,25000.0
161360,2024-11-07,185000.0
161583,2024-11-18,105000.0
161690,2025-12-17,655000.0
162133,2024-11-02,85000.0
162239,2024-12-13,15000.0
162246,2025-12-18,90000.0
162267,2025-12-16,35000.0
162353,2024-11-15,15000.0
162372,2024-12-12,19000.0
162396,2024-12-04,35000.0
162400,2024-11-08,35000.0
162535,2025-12-07,30000.0
162702,2024-12-18,295000.0
162719,2024-11-10,23000.0
162791,2025-11-24,435000.0
162796,2024-10-10,100000.0
163344,2025-12-24,32000.0
163460,2024-11-23,20000.0
163555,2025-11-19,15000.0
163595,2025-12-19,50000.0
163617,2025-12-18,30000.0
163621,2025-12-05,40000.0
163628,2025-12-23,39000.0
163635,2024-12-01,75000.0
163658,2024-10-16,40000.0
163691,2024-12-21,55000.0
166454,2025-11-24,18000.0
166920,2024-12-28,15000.0
167889,2025-12-30,60500.0
171291,2024-12-20,2000.0
184076,2026-04-27,67500.0
186603,2024-12-21,32000.0
186618,2024-12-01,35000.0
186626,2024-12-04,10000.0
186632,2024-12-15,22000.0
186647,2024-12-11,45000.0
186649,2024-11-26,35000.0
186677,2024-12-11,35000.0
186679,2024-12-02,35000.0
186688,2026-02-10,85000.0
186696,2024-01-02,39000.0
186734,2024-11-26,30000.0
186759,2024-11-10,315000.0
186797,2024-12-22,19000.0
186799,2025-08-24,22000.0
186841,2024-11-21,45000.0
186917,2024-11-30,50000.0
186918,2024-11-23,35000.0
186950,2024-12-03,12000.0
187036,2024-03-19,129000.0
187050,2024-11-08,479000.0
187682,2025-12-14,29000.0
187715,2025-12-23,29000.0
187729,2024-11-08,65000.0
187746,2024-10-14,15000.0
187772,2024-10-20,172000.0
187774,2024-11-07,225000.0
187784,2024-12-01,12000.0
187794,2024-10-17,25000.0
187809,2025-01-11,139000.0
187844,2025-11-29,85000.0
187845,2025-11-12,125000.0
190322,2025-04-26,72000.0
190541,2024-12-27,130000.0
191219,2025-12-23,10000.0
191694,2024-11-12,25000.0
191715,2025-12-15,25000.0
191719,2025-12-23,35000.0
191767,2024-12-09,25000.0
191772,2024-11-03,10000.0
191872,2025-12-23,54500.0
192386,2024-12-19,85000.0
192468,2025-10-29,185000.0
192496,2024-12-12,4500000.0
192759,2024-12-09,19000.0
192764,2024-12-18,25000.0
192841,2024-12-03,80000.0
192849,2024-11-13,25000.0
193552,2024-12-04,132000.0
194150,2026-02-10,40000.0
194407,2024-11-13,195000.0
194414,2024-11-07,299000.0
195195,2025-12-15,235000.0
203509,2025-12-29,82000.0
206079,2025-12-12,29000.0
206250,2025-12-17,3500000.0
206436,2025-11-30,35000.0
206440,2025-11-20,60000.0
206442,2025-11-18,59000.0
206462,2025-11-22,45000.0
213357,2024-11-10,85000.0
213764,2025-12-24,189000.0
213769,2024-12-16,149000.0
213866,2024-12-06,115000.0
214792,2024-11-08,165000.0
214990,2024-12-30,195000.0
215001,2024-12-13,205000.0
215008,2024-12-19,89000.0
215024,2024-12-08,110000.0
215183,2024-12-15,120000.0
215193,2025-12-21,1230000.0
215200,2024-12-01,35000.0
215201,2024-11-10,35000.0
215208,2024-11-23,15000.0
215215,2024-12-16,63000.0
215229,2025-11-06,69000.0
215235,2024-11-09,245000.0
215237,2025-11-27,99000.0
215261,2025-12-24,120000.0
215279,2024-12-07,180000.0
215300,2024-12-01,199000.0
215326,2024-11-17,220000.0
215332,2024-11-10,220000.0
215420,2024-12-23,55000.0
215427,2025-12-24,43000.0
215434,2024-11-06,160000.0
215439,2025-11-08,180000.0
215443,2024-10-25,145000.0
215448,2024-11-09,245000.0
215453,2024-12-24,20000.0
215458,2024-12-18,86000.0
215462,2024-12-21,89000.0
215511,2025-12-31,95000.0
215512,2025-12-20,89900.0
215521,2024-11-22,65000.0
215532,2024-12-21,79000.0
215545,2024-12-15,16000.0
215571,2024-12-21,99000.0
215764,2025-12-29,28000.0
215775,2025-01-12,59000.0
215776,2025-06-12,79000.0
215792,2024-11-08,340000.0
215797,2025-12-09,40000.0
215804,2024-11-30,180000.0
215805,2024-12-18,220000.0
215810,2025-12-22,25000.0
215811,2025-11-11,125000.0
215813,2025-11-09,170000.0
215820,2024-12-15,270000.0
215822,2024-12-08,120000.0
215831,2024-11-15,125000.0
215858,2025-12-26,46000.0
215865,2025-12-22,169000.0
215870,2025-11-26,49900.0
215872,2025-12-12,75000.0
215902,2024-12-23,20000.0
215905,2024-12-14,20000.0
215909,2024-11-25,625000.0
216866,2024-12-31,28000.0
216868,2025-12-13,39000.0
216872,2025-06-11,29900.0
217044,2024-12-30,10000.0
217049,2024-11-22,230000.0
217050,2025-11-05,210000.0
217051,2024-11-14,230000.0
217052,2024-12-03,230000.0
217067,2025-11-19,50000.0
217068,2024-11-15,15000.0
217076,2024-12-05,35000.0
115371,2024-12-15,10900.0
118582,2026-04-05,20000.0
119053,2024-12-23,32000.0
135230,2025-12-07,890000.0
135311,2024-12-06,35000.0
135327,2025-12-23,25000.0
135334,2025-12-19,25000.0
135370,2024-11-17,71000.0
135389,2024-12-16,75000.0
136614,2025-12-23,795000.0
136785,2024-12-22,99000.0
136788,2025-11-11,69000.0
140202,2025-12-11,81000.0
141058,2025-11-23,20500.0
160316,2025-12-05,199000.0
160317,2025-11-15,27000.0
160323,2025-12-02,52000.0
160400,2024-12-15,95000.0
160415,2025-12-14,102000.0
160420,2025-11-20,35000.0
160594,2024-12-08,19000.0
160612,2024-11-22,62000.0
160640,2025-12-19,20000.0
160661,2024-12-22,32000.0
160663,2024-12-19,35000.0
160715,2024-12-15,20000.0
160810,2024-12-13,29000.0
160828,2024-12-24,60000.0
161337,2024-12-30,15000.0
161341,2024-12-28,15000.0
161344,2025-12-31,35000.0
161358,2025-11-11,160000.0
161632,2024-10-28,220000.0
161873,2025-11-10,1200000.0
162211,2024-12-12,1100000.0
162212,2025-12-18,90000.0
162231,2024-12-14,35000.0
162235,2024-11-30,35000.0
162249,2025-12-19,25000.0
162298,2024-06-22,29000.0
162383,2024-10-25,15000.0
162414,2024-12-24,32000.0
162533,2024-12-31,30000.0
162545,2025-12-07,29000.0
162568,2025-12-01,12000.0
162579,2025-11-07,225000.0
162714,2024-10-11,19000.0
162729,2024-12-04,45000.0
162749,2024-12-22,30000.0
162797,2024-12-02,145000.0
163471,2025-11-26,90000.0
163484,2025-12-04,15000.0
163498,2024-12-23,20000.0
163519,2025-12-02,8000.0
163547,2024-12-04,15000.0
163597,2025-12-20,35000.0
163606,2025-12-24,45000.0
163623,2025-12-22,39000.0
163630,2024-12-21,32000.0
163637,2025-12-19,29000.0
163668,2024-11-15,32000.0
163699,2025-08-22,20000.0
167015,2024-11-25,220500.0
167017,2025-11-23,548000.0
170538,2024-03-24,8000.0
171631,2024-11-21,62000.0
186621,2024-12-22,29000.0
186637,2024-12-03,39000.0
186646,2024-12-23,45000.0
186648,2024-10-28,130000.0
186651,2024-11-10,45000.0
186676,2024-11-25,40000.0
186678,2024-12-01,35000.0
186680,2025-11-21,35000.0
186684,2025-11-15,90000.0
186709,2024-11-26,12000.0
186723,2024-11-16,22000.0
187007,2025-11-23,85000.0
187015,2024-12-15,45000.0
187016,2025-03-05,45000.0
187017,2024-12-15,45000.0
187029,2024-11-26,25000.0
18703,2025-12-10,115000.0
187733,2024-11-22,65000.0
187742,2024-12-17,10000.0
187795,2025-11-11,99000.0
187810,2025-12-24,109000.0
187834,2024-12-14,105000.0
187843,2025-11-29,69000.0
190323,2024-12-21,49000.0
190324,2026-03-22,95000.0
190325,2024-01-03,55000.0
191353,2025-05-26,50000.0
191362,2024-12-26,25000.0
191369,2024-04-02,15500.0
191373,2026-04-25,79000.0
191579,2024-11-24,15000.0
191591,2024-11-27,45000.0
191723,2025-12-23,25000.0
191724,2025-12-22,25000.0
191764,2025-12-17,35000.0
191798,2025-08-22,25000.0
192367,2024-11-14,65000.0
192369,2025-11-18,89000.0
192375,2024-11-10,16000.0
192384,2024-12-03,85000.0
192750,2025-12-27,19000.0
192756,2024-12-11,15000.0
192858,2024-12-07,614000.0
192859,2024-12-21,190000.0
194053,2025-12-23,89000.0
194059,2024-12-18,65000.0
194412,2024-10-17,65000.0
194680,2024-07-05,79000.0
194682,2025-01-03,109000.0
197489,2025-12-23,60000.0
203497,2025-12-18,32000.0
203504,2025-12-17,35000.0
203511,2025-12-13,72000.0
206077,2025-12-14,29000.0
206254,2025-12-07,250000.0
206274,2025-11-11,89000.0
213761,2024-12-18,79000.0
214653,2025-11-28,310000.0
214655,2024-11-28,2250000.0
215046,2025-12-29,125000.0
215048,2025-12-05,99900.0
215051,2024-12-15,75000.0
215059,2025-12-05,67000.0
215170,2024-12-02,735000.0
215191,2024-12-27,1490000.0
215205,2024-12-10,79000.0
215209,2024-12-04,45000.0
215233,2024-11-09,280000.0
215241,2025-12-31,45000.0
215248,2025-11-27,75000.0
215251,2024-12-15,65000.0
215257,2026-03-26,40000.0
215258,2025-08-12,49000.0
215306,2024-11-12,140000.0
215340,2024-12-03,45000.0
215397,2024-11-10,220000.0
215407,2024-10-26,999000.0
215446,2025-11-01,28000.0
215452,2024-11-07,185000.0
215454,2025-08-24,39000.0
215467,2024-11-09,55000.0
215498,2025-11-17,25000.0
215514,2024-12-23,95000.0
215516,2025-12-24,110000.0
215517,2025-12-07,110000.0
215519,2025-12-30,89900.0
215520,2024-12-01,15000.0
215526,2024-12-19,10000.0
215537,2025-12-06,135000.0
215539,2024-12-15,340000.0
215561,2024-12-07,75000.0
215570,2025-11-29,49900.0
215744,2025-09-11,40000.0
215749,2024-11-10,135000.0
215754,2024-11-09,340000.0
215759,2024-10-15,999000.0
215761,2024-12-06,210000.0
215765,2025-11-10,45000.0
215766,2025-12-30,28000.0
215772,2025-11-05,39000.0
215773,2025-11-10,39000.0
215777,2025-12-14,95000.0
215800,2024-12-10,59900.0
215801,2025-11-23,46000.0
215802,2024-12-07,46000.0
215803,2025-11-27,27000.0
215836,2025-12-22,35000.0
215860,2024-12-03,125000.0
215862,2024-12-06,55000.0
215888,2025-11-06,1180000.0
215889,2024-12-22,25000.0
215898,2024-11-18,105000.0
217043,2025-12-03,15000.0
217057,2024-12-19,69000.0
217058,2024-11-30,39900.0
217065,2024-12-14,249000.0
217070,2024-12-02,15000.0
217072,2025-12-19,39900.0
217088,2024-12-06,425000.0
217097,2024-11-25,1900000.0
217109,2025-12-22,55000.0
217127,2025-11-02,26000.0
217134,2024-12-23,12000.0
217145,2024-12-10,22000.0
217172,2025-11-06,99000.0
217173,2024-11-10,165000.0
217179,2024-11-12,279000.0
217181,2024-12-22,20000.0
217225,2024-12-19,39000.0
217226,2024-12-10,55000.0
217230,2026-04-12,45000.0
217243,2024-12-06,75000.0
217252,2024-12-14,39900.0
217254,2025-12-31,29000.0
217258,2024-12-01,85000.0
217259,2024-12-07,29000.0
217265,2024-11-30,49000.0
217266,2024-12-22,15000.0
217288,2026-01-23,110000.0
217294,2025-11-11,29000.0
217299,2024-11-10,175000.0
217313,2024-12-19,20000.0
217316,2024-11-23,95000.0
217322,2025-11-14,29000.0
217331,2024-12-11,35000.0
217337,2025-12-19,32000.0
217343,2024-12-12,90000.0
217346,2025-02-06,39000.0
217368,2025-11-18,250000.0
217423,2025-10-27,365000.0
217427,2024-11-21,265000.0
217431,2024-12-07,140000.0
217438,2025-11-06,95000.0
217443,2025-11-13,140000.0
217505,2024-11-28,75000.0
217508,2025-11-22,125000.0
217532,2024-12-28,205000.0
217537,2024-11-18,205000.0
217551,2025-12-19,265000.0
217554,2024-12-21,125000.0
218590,2024-12-16,285000.0
218597,2025-11-02,390000.0
218600,2024-11-13,75000.0
218631,2025-11-15,65000.0
218634,2025-12-14,20000.0
218657,2024-12-23,65000.0
218666,2024-11-10,115000.0
218684,2026-03-31,55000.0
219568,2025-11-10,55000.0
219575,2025-11-17,65000.0
219578,2025-11-25,35000.0
219691,2025-11-19,295000.0
219700,2024-12-15,19000.0
219803,2025-11-18,390000.0
219834,2025-11-07,125000.0
219849,2024-12-24,85000.0
219856,2024-12-30,95000.0
219908,2024-12-05,99000.0
220262,2024-11-07,175000.0
220415,2025-08-02,10000.0
220416,2024-12-18,10000.0
220919,2024-12-01,25000.0
221417,2024-11-08,79000.0
221606,2025-11-10,195000.0
222349,2024-12-24,6500.0
222355,2024-12-01,12000.0
222390,2024-11-29,40000.0
222656,2024-12-10,138000.0
222657,2024-12-13,222000.0
222675,2024-12-06,33500.0
222677,2024-12-09,20000.0
222749,2024-12-04,68500.0
223099,2025-12-24,137000.0
223442,2024-12-18,15000.0
223447,2026-04-06,125000.0
224344,2024-12-13,10000.0
224474,2025-01-02,20000.0
226030,2024-12-24,32000.0
236300,2025-11-25,50000.0
236303,2025-12-21,60000.0
245681,2025-12-17,635000.0
245717,2025-11-15,139000.0
245832,2025-12-13,20000.0
245909,2025-11-30,365000.0
245912,2025-12-30,65000.0
245922,2025-12-06,25000.0
245946,2025-12-18,185000.0
245965,2025-12-29,35000.0
245984,2025-12-03,129000.0
245994,2025-11-13,149000.0
246005,2025-11-11,19000.0
246030,2025-12-18,109000.0
246032,2025-12-06,95000.0
246059,2025-11-29,29000.0
246060,2025-12-20,20000.0
246078,2025-11-08,349000.0
246105,2025-11-25,35000.0
246217,2025-12-23,135000.0
246219,2025-12-09,20000.0
246227,2025-11-22,390000.0
246229,2025-11-22,465000.0
246235,2025-12-28,25000.0
246244,2025-12-17,35000.0
246245,2026-01-02,49000.0
246251,2025-12-16,30000.0
246256,2025-12-16,30000.0
246265,2025-12-01,9000.0
246271,2025-12-07,19000.0
246276,2026-03-31,15000.0
246282,2025-11-07,59900.0
246283,2025-11-07,59900.0
246292,2025-11-23,10000.0
246293,2025-11-23,10000.0
246340,2025-11-22,35000.0
246405,2025-12-29,50000.0
246407,2025-12-15,145000.0
246410,2025-11-14,25000.0
246412,2025-12-28,25000.0
246414,2025-11-27,150000.0
246423,2025-12-30,35000.0
246424,2025-12-28,39000.0
246438,2025-12-28,165000.0
246504,2025-12-24,19000.0
246515,2025-12-13,29000.0
246518,2025-12-05,19000.0
246734,2025-12-21,29000.0
246751,2025-12-10,15000.0
246753,2025-11-16,15000.0
246771,2025-12-12,40000.0
246847,2025-12-28,85000.0
246874,2025-11-15,30000.0
246878,2025-10-31,79000.0
246879,2025-11-23,39000.0
246885,2025-11-30,35000.0
247006,2025-12-23,15000.0
247028,2025-12-16,25000.0
247030,2025-12-26,89000.0
247032,2025-11-11,229000.0
247057,2025-12-29,79000.0
247069,2025-12-03,89000.0
247083,2025-12-20,45000.0
247087,2025-11-20,39000.0
247095,2025-12-22,95000.0
247114,2025-12-17,89000.0
247118,2025-12-17,25000.0
247119,2025-12-21,89000.0
247125,2025-12-09,45000.0
247137,2025-12-30,80000.0
247144,2025-12-31,90000.0
247149,2025-12-12,280000.0
247156,2025-11-22,640000.0
247165,2025-12-17,29000.0
247172,2025-11-15,59000.0
247183,2025-10-22,179000.0
247186,2025-12-31,20000.0
247214,2025-12-17,79000.0
247221,2025-11-19,69000.0
247225,2025-11-20,69000.0
247226,2025-12-30,25000.0
247228,2025-12-23,29000.0
247244,2025-12-14,30000.0
247250,2025-12-04,25000.0
247266,2025-12-17,49000.0
247277,2025-11-29,15000.0
247301,2025-11-23,99000.0
247315,2025-11-11,49000.0
247322,2025-11-06,549000.0
247326,2025-12-11,40000.0
247327,2025-12-23,40000.0
247329,2025-12-24,30000.0
247338,2025-11-12,145000.0
247345,2025-12-08,7000.0
247353,2025-11-12,195000.0
247366,2025-11-13,65000.0
247367,2025-12-28,25000.0
247369,2025-11-08,20000.0
247370,2025-12-05,475000.0
247384,2025-12-28,95000.0
247393,2026-04-19,95000.0
247401,2025-12-19,45000.0
247416,2025-11-22,265000.0
247427,2025-12-29,205000.0
247446,2025-11-06,135000.0
247453,2025-11-27,479000.0
215818,2025-11-18,80000.0
215856,2024-12-01,39000.0
215869,2025-12-17,285000.0
215881,2025-12-02,279000.0
215887,2024-12-31,29900.0
215891,2025-11-24,215000.0
215893,2025-10-19,650000.0
215900,2025-12-07,20000.0
215917,2024-12-14,49900.0
217040,2024-12-10,15000.0
217042,2025-12-11,25000.0
217074,2024-12-01,79000.0
217079,2024-11-16,120000.0
217083,2024-11-30,49000.0
217086,2025-12-23,39900.0
217095,2024-12-23,1200000.0
217101,2024-12-15,49000.0
217106,2024-11-10,29000.0
217108,2025-12-11,39000.0
217112,2025-12-24,68000.0
217113,2024-12-04,35000.0
217129,2024-12-14,26000.0
217142,2024-11-14,20000.0
217143,2024-11-27,15000.0
217149,2024-12-23,19000.0
217155,2024-12-18,62000.0
217157,2025-12-13,19000.0
217170,2025-11-22,38000.0
217202,2025-11-08,110000.0
217221,2025-12-06,650000.0
217234,2025-12-03,15000.0
217239,2025-12-23,39000.0
217253,2024-12-05,39000.0
217260,2024-12-03,45000.0
217277,2024-11-11,35000.0
217283,2024-12-22,15000.0
217295,2024-12-04,85000.0
217296,2024-12-08,29000.0
217300,2025-09-20,105000.0
217315,2024-12-04,95000.0
217339,2024-12-11,32000.0
217345,2024-11-21,140000.0
217356,2025-11-08,20000.0
217370,2025-12-26,260000.0
217414,2025-11-11,25000.0
217419,2024-12-06,150000.0
217426,2024-11-09,215000.0
217439,2024-11-30,95000.0
217453,2024-11-24,45000.0
217493,2024-11-30,170000.0
217503,2024-12-03,170000.0
217525,2024-12-07,25000.0
217528,2024-12-26,200000.0
217534,2025-12-06,205000.0
217550,2024-12-19,350000.0
218594,2025-12-28,150000.0
218602,2024-12-12,26000.0
218610,2025-12-09,55000.0
218619,2024-12-14,720000.0
218627,2024-11-28,69000.0
218639,2024-12-19,59000.0
218640,2024-12-18,60000.0
218651,2025-12-23,75000.0
218654,2024-12-03,89000.0
218680,2024-11-26,69000.0
219562,2024-12-08,40000.0
219689,2025-12-09,35000.0
219698,2024-12-02,260000.0
219809,2024-12-10,20000.0
219811,2025-11-13,29000.0
219817,2025-11-24,220000.0
219824,2024-12-08,99000.0
219830,2025-12-07,249000.0
219836,2024-11-30,92000.0
219842,2025-11-07,45000.0
219844,2025-11-11,69900.0
219858,2024-12-10,99900.0
219861,2025-12-24,59900.0
219867,2024-12-15,380000.0
219877,2024-11-30,109000.0
219881,2024-12-16,449000.0
219887,2025-12-31,115000.0
219894,2025-11-01,99900.0
220253,2025-11-24,35000.0
220284,2024-12-23,19000.0
220920,2024-11-04,19000.0
220926,2025-11-15,25000.0
221186,2026-03-30,162000.0
221603,2024-11-22,112000.0
222315,2024-12-08,495000.0
222377,2025-08-09,100000.0
222440,2024-12-18,25000.0
222645,2024-12-15,191000.0
222652,2024-12-23,109000.0
222659,2024-12-23,144000.0
223439,2024-12-15,15000.0
223440,2024-12-02,15000.0
224345,2024-12-14,20000.0
224471,2024-12-18,45000.0
236314,2026-03-07,19000.0
245677,2025-12-08,495000.0
245740,2025-11-08,135000.0
245798,2025-11-30,49000.0
245907,2025-12-16,59000.0
245914,2025-12-23,39000.0
245938,2025-12-07,15000.0
245945,2025-11-26,25000.0
245952,2025-11-29,135000.0
245960,2025-12-03,205000.0
245976,2025-12-19,185000.0
245983,2025-12-04,149000.0
245999,2025-11-28,189000.0
246035,2025-12-12,15000.0
246051,2025-11-16,29000.0
246054,2025-12-11,20000.0
246056,2025-12-10,15000.0
246074,2025-11-27,155000.0
246076,2025-10-30,195000.0
246080,2025-12-28,49000.0
246082,2026-02-27,49000.0
246211,2025-12-23,50000.0
246212,2025-12-14,10000.0
246223,2025-12-23,80000.0
246230,2025-12-15,375000.0
246238,2025-12-29,35000.0
246247,2025-11-15,20000.0
246249,2025-12-11,20000.0
246260,2025-11-10,21000.0
246268,2025-12-13,9000.0
246285,2025-11-06,39900.0
246294,2025-12-12,10000.0
246295,2025-12-03,10000.0
246308,2025-12-24,15000.0
246336,2025-11-15,35000.0
246401,2025-12-24,50000.0
246416,2025-11-20,90000.0
246426,2025-12-23,39000.0
246432,2026-02-03,175000.0
246435,2025-12-13,50000.0
246440,2025-12-30,165000.0
246498,2025-11-22,39000.0
246502,2025-12-05,25000.0
246581,2025-12-01,5000.0
246587,2025-12-22,9000.0
246758,2025-11-14,30000.0
246767,2025-11-25,75000.0
246769,2025-12-12,105000.0
246775,2025-12-23,40000.0
246784,2025-11-18,1315000.0
246814,2025-11-23,75000.0
246819,2025-12-03,75000.0
246830,2025-12-01,109000.0
246832,2025-12-02,85000.0
246860,2025-11-15,89000.0
246863,2025-11-22,119000.0
247007,2025-12-23,15000.0
247021,2025-12-21,55000.0
247024,2025-12-24,59000.0
247026,2026-02-06,69000.0
247035,2025-12-21,65000.0
247061,2025-12-06,229000.0
247064,2025-11-14,29000.0
247066,2025-11-03,35000.0
247073,2025-12-18,99000.0
247098,2025-12-17,79000.0
247103,2025-11-20,35000.0
247106,2025-12-20,35000.0
247111,2025-11-18,25000.0
247141,2025-11-30,159000.0
247142,2025-12-30,95000.0
247154,2025-11-19,60000.0
247159,2025-11-09,1295000.0
247167,2025-11-20,40000.0
247170,2025-12-12,85000.0
247173,2025-12-18,40000.0
247184,2025-11-18,49000.0
247188,2025-11-29,20000.0
247189,2025-12-10,19000.0
247195,2025-12-28,25000.0
247203,2025-12-09,6000.0
247217,2025-12-18,35000.0
247219,2025-12-29,35000.0
247230,2025-12-03,25000.0
247249,2025-12-17,35000.0
247254,2025-12-20,35000.0
215541,2025-12-08,260000.0
215560,2024-12-01,75000.0
215745,2025-11-24,75000.0
215746,2024-11-27,135000.0
215755,2024-11-06,340000.0
215756,2024-11-07,340000.0
215762,2025-11-12,210000.0
215763,2024-11-17,65000.0
215767,2024-12-03,45000.0
215819,2024-12-14,80000.0
215842,2025-11-26,55000.0
215850,2025-12-13,29000.0
215852,2024-12-15,29000.0
215878,2024-11-26,49900.0
215885,2025-12-12,30000.0
215895,2024-11-16,25000.0
215897,2024-12-29,28000.0
215911,2024-10-28,385000.0
215913,2024-11-15,85000.0
215916,2025-06-05,119000.0
215918,2024-12-14,49900.0
217041,2024-12-09,189000.0
217055,2024-11-28,180000.0
217063,2024-12-07,160000.0
217066,2024-12-15,115000.0
217078,2025-12-12,39000.0
217085,2025-12-18,35000.0
217094,2025-11-29,35000.0
217099,2025-12-28,39000.0
217119,2024-11-19,145000.0
217124,2025-12-24,159000.0
217164,2025-11-21,15000.0
217171,2025-11-11,55000.0
217176,2024-12-05,40000.0
217178,2025-12-17,75000.0
217220,2024-12-22,350000.0
217241,2024-12-02,129000.0
217255,2025-11-20,69000.0
217256,2025-12-01,65000.0
217272,2024-11-10,69000.0
217274,2024-11-17,69000.0
217278,2025-12-22,55000.0
217285,2024-12-29,35000.0
217286,2026-02-10,85000.0
217297,2024-11-23,159000.0
217309,2025-11-24,275000.0
217321,2024-11-24,39000.0
217327,2024-12-12,35000.0
217335,2024-12-16,49000.0
217352,2024-11-22,120000.0
217358,2024-12-18,20000.0
217363,2024-12-04,19000.0
217367,2025-11-14,29000.0
217434,2024-12-01,160000.0
217450,2024-11-09,72000.0
217457,2024-11-10,270000.0
217483,2025-11-13,295000.0
217487,2024-11-20,230000.0
217495,2025-11-02,105000.0
217518,2025-12-16,39000.0
217527,2024-12-17,19000.0
217545,2024-12-07,240000.0
217548,2025-11-11,330000.0
217556,2024-12-07,175000.0
218579,2025-12-14,75000.0
218585,2024-11-30,165000.0
218586,2025-11-21,99000.0
218605,2024-12-09,45000.0
218606,2025-11-28,745000.0
218618,2024-12-11,29000.0
218620,2024-12-02,95000.0
218629,2025-12-17,55000.0
218633,2024-12-01,65000.0
218638,2024-12-19,59000.0
218649,2025-12-07,85000.0
218652,2025-11-09,69000.0
218661,2024-12-21,19000.0
218664,2024-12-24,49000.0
219584,2024-12-15,55000.0
219683,2024-12-15,165000.0
219701,2024-12-28,19000.0
219796,2024-11-12,55000.0
219806,2024-12-24,129000.0
219822,2024-12-14,127000.0
219825,2025-11-18,49000.0
219828,2025-11-27,139000.0
219831,2024-12-20,89000.0
219833,2025-12-01,550000.0
219845,2025-12-06,55000.0
219848,2025-11-26,55000.0
219864,2024-11-07,29000.0
219874,2024-12-19,89000.0
219895,2024-12-24,85000.0
219910,2024-11-12,89000.0
220258,2025-11-16,425000.0
220545,2024-12-24,21428.0
220921,2024-11-23,25000.0
220934,2024-12-14,10000.0
221012,2024-11-13,29000.0
221185,2026-04-26,162000.0
221198,2025-11-01,380000.0
221593,2025-11-09,99000.0
221601,2024-12-07,75000.0
221602,2024-11-18,89000.0
221871,2024-12-21,2710000.0
221873,2024-12-15,274000.0
222356,2024-12-17,9000.0
222357,2024-12-17,19000.0
222376,2024-11-30,100000.0
222392,2024-11-28,25000.0
222584,2025-12-31,15000.0
222651,2024-12-24,87000.0
222658,2024-12-11,150000.0
224348,2025-12-31,20000.0
224470,2024-12-13,12000.0
236304,2025-12-24,85000.0
236924,2025-12-19,55000.0
237338,2025-11-25,85000.0
245709,2025-10-21,65000.0
245713,2025-12-28,59000.0
245786,2025-12-13,39000.0
245794,2025-12-28,60000.0
245802,2025-11-20,20000.0
245806,2025-11-16,20000.0
245910,2025-11-29,20000.0
245918,2025-12-03,35000.0
245924,2025-12-12,35000.0
245928,2025-12-19,35000.0
245930,2025-12-10,19000.0
245949,2025-11-15,185000.0
245955,2025-11-03,135000.0
245974,2025-12-14,99000.0
245986,2025-12-04,99000.0
246046,2025-11-26,79000.0
246050,2025-12-10,15000.0
246052,2025-12-24,20000.0
246070,2025-11-21,95000.0
246072,2025-12-02,150000.0
246107,2025-11-19,35000.0
246108,2025-11-16,220000.0
246206,2025-12-30,75000.0
246213,2026-01-06,21000.0
246237,2025-12-24,35000.0
246239,2025-12-24,35000.0
246255,2025-12-14,30000.0
246267,2025-12-16,5000.0
246269,2025-12-13,12000.0
246275,2025-11-14,10000.0
246284,2025-11-08,39900.0
246312,2026-04-27,15000.0
246322,2025-12-24,15000.0
246327,2026-04-04,25000.0
246329,2025-11-16,15000.0
246334,2025-11-29,35000.0
246398,2026-01-02,159000.0
246406,2025-12-20,35000.0
246433,2026-01-28,195000.0
246434,2025-12-13,50000.0
246513,2025-12-22,19000.0
246577,2025-10-29,2150000.0
246582,2025-12-09,7000.0
246754,2025-12-23,29000.0
246774,2025-11-05,199000.0
246782,2025-12-17,1115000.0
246857,2025-11-01,90000.0
247005,2025-12-22,15000.0
247011,2025-12-26,15000.0
247016,2025-12-31,60000.0
247020,2025-12-23,75000.0
247022,2025-12-23,59000.0
247041,2025-11-13,215000.0
247044,2025-12-01,59000.0
247046,2025-12-30,79000.0
247058,2025-12-12,75000.0
247059,2025-12-19,75000.0
247060,2025-12-02,75000.0
247062,2025-11-17,35000.0
247077,2025-11-07,35000.0
247088,2025-12-27,45000.0
247099,2025-12-09,35000.0
247112,2025-12-19,85000.0
247127,2025-12-18,39000.0
247131,2025-12-12,89000.0
247132,2025-12-06,45000.0
247155,2025-12-07,255000.0
217250,2025-12-02,20000.0
217273,2024-12-01,69000.0
217281,2024-12-06,20000.0
217290,2024-12-22,220000.0
217310,2025-11-22,180000.0
217329,2024-11-30,35000.0
217334,2024-12-13,20000.0
217338,2024-12-06,38000.0
217340,2024-12-14,32000.0
217351,2024-12-14,220000.0
217365,2024-12-22,29000.0
217369,2024-12-19,189000.0
217373,2024-12-10,25000.0
217429,2025-11-13,295000.0
217430,2024-12-14,165000.0
217432,2024-12-24,305000.0
217435,2024-11-28,330000.0
217464,2024-12-18,99000.0
217473,2025-01-18,88000.0
217486,2024-11-11,275000.0
217491,2025-11-14,275000.0
217498,2024-12-02,195000.0
217500,2024-12-01,135000.0
217506,2025-11-12,159000.0
217513,2024-11-08,1220000.0
217543,2024-12-09,155000.0
217544,2024-11-18,125000.0
217555,2024-12-01,200000.0
218583,2024-12-14,155000.0
218592,2024-11-16,2500000.0
218599,2024-11-16,215000.0
218615,2024-11-25,49900.0
218622,2024-12-02,69000.0
218626,2025-12-21,65000.0
218637,2025-12-02,65000.0
218645,2025-11-10,75000.0
218646,2026-02-14,25000.0
218653,2024-12-15,20000.0
218669,2024-12-22,470000.0
219685,2024-12-03,185000.0
219805,2024-11-22,990000.0
219808,2025-12-24,25000.0
219816,2024-11-23,190000.0
219820,2025-03-05,127000.0
219821,2025-11-20,127000.0
219823,2024-12-20,127000.0
219841,2024-12-14,129000.0
219847,2024-12-01,129000.0
219866,2024-11-02,29000.0
219876,2024-11-17,55000.0
219886,2025-10-29,760000.0
219890,2025-12-18,99000.0
219891,2025-11-07,95000.0
219893,2024-12-28,89000.0
220255,2024-12-01,50000.0
220283,2025-11-09,25000.0
220417,2025-01-03,10000.0
220930,2024-11-10,49000.0
220931,2024-12-11,89000.0
221199,2025-11-18,170000.0
221230,2025-12-15,15000.0
221248,2024-12-15,6500.0
221313,2026-01-11,235000.0
221419,2024-11-30,25000.0
222316,2025-04-12,1200000.0
222351,2024-12-26,6500.0
222354,2024-12-13,9000.0
222654,2024-12-21,120000.0
222674,2024-12-04,42000.0
223248,2024-12-18,39000.0
223283,2024-12-24,29000.0
223443,2024-12-02,15000.0
223445,2024-12-18,25000.0
224346,2025-12-12,65000.0
224347,2025-11-29,20000.0
224845,2025-12-29,5000.0
226032,2024-12-24,65000.0
226100,2025-12-29,45000.0
245682,2025-12-10,210000.0
245685,2025-11-23,689000.0
245787,2025-11-10,185000.0
245837,2025-12-06,315000.0
245844,2025-12-13,69000.0
245913,2025-11-26,29000.0
245923,2025-12-12,29000.0
245941,2025-12-28,20000.0
245947,2025-12-09,25000.0
245950,2025-11-09,179000.0
245957,2025-12-24,35000.0
245958,2025-12-24,49000.0
245966,2025-12-17,59000.0
245979,2025-11-29,35000.0
245992,2025-11-16,149000.0
246000,2025-12-28,199000.0
246001,2025-12-01,220000.0
246002,2025-12-19,220000.0
246004,2025-11-17,55000.0
246055,2025-12-13,15000.0
246069,2025-11-15,210000.0
246075,2025-12-09,130000.0
246214,2025-12-18,20000.0
246215,2025-12-30,40000.0
246224,2025-12-18,135000.0
246232,2025-11-21,475000.0
246233,2025-12-29,25000.0
246242,2025-12-01,35000.0
246243,2025-12-20,35000.0
246257,2025-12-09,20000.0
246258,2025-12-09,20000.0
246259,2025-12-07,20000.0
246262,2025-11-27,9000.0
246263,2025-11-30,9000.0
246270,2025-11-29,15000.0
246278,2026-03-31,15000.0
246287,2025-11-08,19900.0
246289,2026-03-27,9000.0
246321,2026-03-24,15000.0
246335,2025-12-15,35000.0
246409,2025-11-26,95000.0
246421,2025-12-23,60000.0
246436,2025-11-29,25000.0
246493,2025-12-19,45000.0
246500,2025-12-10,25000.0
246507,2025-12-24,19000.0
246511,2025-11-29,19000.0
246512,2025-12-05,19000.0
246576,2025-11-15,1390000.0
246730,2025-12-22,29000.0
246759,2025-11-09,15000.0
246777,2025-11-18,129000.0
246779,2025-11-19,129000.0
246828,2025-11-27,165000.0
246850,2025-11-18,90000.0
246865,2025-11-06,305000.0
246870,2025-11-16,45000.0
246872,2025-12-21,19000.0
246873,2025-12-04,35000.0
246933,2026-01-13,9000.0
247008,2025-12-28,15000.0
247013,2025-12-30,75000.0
247017,2025-12-23,60000.0
247025,2025-12-19,55000.0
247039,2025-12-15,65000.0
247043,2025-12-09,105000.0
247047,2025-12-04,89000.0
247051,2025-12-21,79000.0
247054,2025-12-24,75000.0
247056,2025-12-20,80000.0
247065,2025-11-10,29000.0
247081,2025-12-11,45000.0
247090,2025-12-27,35000.0
247092,2025-12-19,85000.0
247105,2025-11-13,35000.0
247110,2025-12-31,30000.0
247113,2025-11-29,25000.0
247116,2025-11-06,50000.0
247130,2025-12-09,35000.0
247143,2025-12-11,155000.0
247146,2025-11-30,155000.0
247157,2025-12-05,779000.0
247161,2025-12-27,20000.0
247174,2025-11-24,99000.0
247179,2025-11-11,29000.0
247182,2025-12-12,235000.0
247197,2025-11-12,35000.0
247201,2025-12-28,25000.0
247205,2025-11-22,25000.0
247206,2025-12-15,25000.0
247208,2025-12-13,60000.0
247213,2025-12-24,29000.0
247220,2025-12-22,9000.0
247232,2025-12-31,29000.0
247243,2025-12-06,25000.0
247302,2025-12-28,19000.0
247306,2025-12-07,15000.0
247307,2025-12-05,25000.0
247309,2026-03-24,25000.0
247314,2025-12-17,7000.0
247323,2025-12-24,39000.0
247343,2025-12-10,10000.0
247344,2025-12-09,15000.0
247351,2025-12-06,129000.0
247358,2025-12-23,35000.0
247372,2025-11-28,219000.0
247375,2025-10-14,80000.0
217232,2024-12-19,15000.0
217238,2025-12-09,59000.0
217244,2024-11-18,39000.0
217249,2025-12-23,25000.0
217261,2024-12-05,22000.0
217275,2024-12-01,85000.0
217276,2024-12-03,85000.0
217280,2025-12-22,25000.0
217293,2025-11-25,45000.0
217308,2025-12-14,12000.0
217319,2024-12-12,15000.0
217325,2024-12-19,20000.0
217330,2025-11-23,35000.0
217349,2024-11-09,335000.0
217353,2024-12-03,25000.0
217357,2024-12-17,80000.0
217372,2024-12-16,189000.0
217424,2024-11-18,35000.0
217444,2024-12-22,130000.0
217449,2024-11-30,140000.0
217451,2024-12-02,45000.0
217458,2025-11-09,220000.0
217481,2024-12-24,55000.0
217509,2024-10-26,895000.0
217514,2025-12-23,55000.0
217531,2025-12-20,35000.0
217533,2024-12-04,240000.0
217552,2025-11-25,270000.0
217899,2024-10-13,274000.0
218567,2024-12-24,35000.0
218571,2024-11-29,130000.0
218593,2024-11-24,275000.0
218601,2024-12-15,26000.0
218604,2024-12-23,25000.0
218617,2024-12-06,69000.0
218625,2024-12-15,69000.0
218630,2024-12-22,165000.0
218663,2024-12-06,230000.0
218668,2024-12-14,115000.0
219572,2025-11-09,40000.0
219687,2025-11-08,115000.0
219692,2024-11-21,210000.0
219699,2026-02-14,19000.0
219784,2024-11-30,75000.0
219810,2024-12-22,39900.0
219813,2025-11-30,90000.0
219827,2024-11-02,29000.0
219839,2024-12-13,80000.0
219852,2024-12-27,159000.0
219854,2024-11-07,159000.0
219855,2024-11-09,92000.0
219860,2025-11-07,79000.0
219863,2024-11-09,29000.0
219870,2024-11-09,29000.0
219871,2024-11-30,79000.0
219873,2024-12-02,59000.0
219880,2024-11-23,59000.0
219883,2025-11-03,315000.0
219897,2025-11-08,209000.0
220261,2024-11-15,119000.0
220546,2024-12-16,99000.0
220922,2024-12-18,19000.0
220927,2025-12-03,10000.0
220935,2025-12-08,10000.0
221246,2024-12-14,12000.0
221418,2024-11-21,145000.0
221604,2024-12-18,155000.0
222333,2024-11-29,575000.0
222348,2024-12-19,5000.0
222359,2024-12-24,19000.0
222416,2024-12-10,89000.0
222417,2024-11-17,219000.0
222439,2024-12-24,17500.0
222455,2025-12-21,235000.0
222460,2024-12-07,575000.0
222583,2025-12-31,15000.0
222646,2024-12-17,177000.0
222647,2024-12-15,210000.0
222653,2024-12-11,222000.0
222679,2025-10-03,10000.0
222680,2025-03-22,33500.0
222751,2025-12-21,85000.0
223162,2025-11-06,685000.0
223569,2024-12-24,100000.0
223571,2026-03-01,120000.0
226031,2025-07-24,22000.0
236301,2025-12-21,59000.0
236305,2025-12-23,29000.0
245684,2025-12-20,585000.0
245724,2025-11-09,455000.0
245726,2025-11-28,89000.0
245774,2025-11-29,275000.0
245790,2025-11-29,50000.0
245838,2025-11-17,220000.0
245840,2025-12-21,75000.0
245842,2026-04-19,45000.0
245846,2025-12-30,75000.0
245908,2025-11-16,65000.0
245916,2025-11-17,29000.0
245926,2025-12-12,20000.0
245951,2025-11-08,165000.0
245989,2025-11-30,185000.0
245995,2025-11-22,255000.0
246029,2025-11-15,49000.0
246037,2025-11-12,69000.0
246047,2025-11-11,19000.0
246053,2025-12-03,20000.0
246067,2025-12-04,55000.0
246094,2025-11-13,349000.0
246102,2025-11-23,69000.0
246204,2025-12-12,20000.0
246205,2025-12-23,40000.0
246216,2025-12-30,80000.0
246226,2025-11-16,69000.0
246240,2025-12-19,55000.0
246248,2025-11-14,20000.0
246277,2026-01-25,20000.0
246279,2025-12-19,65000.0
246328,2025-11-14,15000.0
246332,2025-12-09,35000.0
246337,2025-11-22,35000.0
246339,2025-12-07,35000.0
246408,2025-12-28,35000.0
246411,2025-12-12,150000.0
246437,2025-12-14,120000.0
246499,2025-12-18,25000.0
246501,2025-12-31,25000.0
246578,2025-11-18,5000.0
246579,2025-12-04,7000.0
246580,2025-12-16,9000.0
246721,2025-12-12,165000.0
246736,2025-12-17,29000.0
246747,2025-12-06,25000.0
246749,2025-12-17,15000.0
246766,2025-12-14,45000.0
246795,2025-11-25,309000.0
246807,2025-11-10,75000.0
246829,2025-11-23,215000.0
247009,2025-12-26,65000.0
247015,2025-12-19,60000.0
247033,2025-11-16,295000.0
247037,2025-12-23,65000.0
247045,2025-12-07,99000.0
247050,2025-12-20,80000.0
247052,2025-12-20,90000.0
247078,2025-11-05,25000.0
247079,2025-12-24,35000.0
247080,2025-12-22,35000.0
247082,2025-12-22,35000.0
247084,2025-12-08,35000.0
247100,2025-12-20,75000.0
247121,2025-12-31,85000.0
247122,2025-11-11,50000.0
247133,2025-12-12,85000.0
247136,2025-12-26,315000.0
247158,2025-11-22,660000.0
247162,2025-12-21,25000.0
247175,2025-12-31,25000.0
247187,2025-12-15,19000.0
247194,2025-12-19,15000.0
247198,2025-12-27,19000.0
247199,2025-11-15,30000.0
247202,2025-12-14,25000.0
247210,2025-12-22,30000.0
247227,2025-12-16,35000.0
247229,2025-12-29,25000.0
247233,2025-12-23,25000.0
247240,2025-12-09,49000.0
247267,2025-12-22,49000.0
247275,2025-11-30,75000.0
247294,2025-12-08,45000.0
247320,2025-11-11,45000.0
247334,2025-12-13,29000.0
247360,2025-11-22,85000.0
247376,2025-10-18,99000.0
247377,2025-11-23,55000.0
247379,2025-12-20,39000.0
247388,2025-11-14,319000.0
247395,2026-04-14,95000.0
247400,2025-11-29,15000.0
247402,2025-11-06,79000.0
247404,2025-12-14,29000.0
247405,2025-12-26,15000.0
247419,2025-12-30,50000.0
247428,2026-02-15,25000.0
215910,2024-11-12,635000.0
216867,2024-12-04,25000.0
216870,2024-12-15,35000.0
216874,2025-12-28,35000.0
217046,2024-12-09,299000.0
217054,2024-12-11,85000.0
217059,2024-11-29,59000.0
217084,2024-12-16,439000.0
217089,2024-12-12,45000.0
217098,2025-12-21,49900.0
217102,2024-12-01,37000.0
217103,2024-11-14,445000.0
217114,2024-11-26,55000.0
217125,2025-12-29,230000.0
217139,2024-11-09,90000.0
217144,2025-12-06,12000.0
217150,2024-12-09,8000.0
217151,2024-12-31,120000.0
217156,2024-12-16,59000.0
217165,2024-12-18,8000.0
217167,2024-11-18,15000.0
217180,2024-12-27,110000.0
217198,2025-12-01,16000.0
217223,2025-12-15,850000.0
217231,2025-11-19,20000.0
217240,2024-12-07,35000.0
217257,2024-12-26,20000.0
217263,2024-12-07,69000.0
217279,2024-11-23,17000.0
217287,2026-01-11,189000.0
217292,2024-12-05,30000.0
217298,2024-12-05,120000.0
217311,2025-11-26,49000.0
217317,2025-12-01,135000.0
217323,2025-11-24,29000.0
217326,2024-12-19,20000.0
217341,2024-11-16,290000.0
217347,2024-12-20,169000.0
217350,2024-12-10,160000.0
217354,2024-12-21,120000.0
217366,2025-11-19,29000.0
217375,2024-12-22,39900.0
217379,2025-11-12,110000.0
217418,2024-12-14,55000.0
217436,2025-12-02,110000.0
217441,2024-11-09,160000.0
217448,2024-12-02,72000.0
217455,2024-11-07,665000.0
217463,2025-11-22,96000.0
217480,2024-11-28,259000.0
217482,2024-12-24,39000.0
217485,2024-12-07,235000.0
217512,2024-11-22,1100000.0
217542,2024-12-18,35000.0
217547,2025-11-10,390000.0
217553,2025-11-19,170000.0
217559,2024-11-23,395000.0
218580,2025-12-18,75000.0
218587,2025-11-22,115000.0
218595,2024-12-15,390000.0
218596,2024-12-01,390000.0
218598,2024-12-10,30000.0
218607,2024-12-06,350000.0
218623,2024-11-20,49000.0
218628,2025-12-23,150000.0
218643,2025-12-13,25000.0
218655,2024-12-01,79000.0
218656,2024-12-21,55000.0
218662,2024-12-14,89000.0
218676,2024-12-07,65000.0
219690,2025-11-26,125000.0
219812,2024-12-18,29000.0
219814,2024-12-14,149000.0
219815,2025-11-03,105000.0
219818,2024-12-30,120000.0
219837,2025-12-12,59000.0
219859,2024-12-14,39000.0
219862,2025-11-22,89000.0
219865,2025-11-17,95000.0
219868,2024-11-06,29000.0
219872,2024-12-02,325000.0
219875,2024-12-09,45000.0
219878,2024-11-29,65000.0
219882,2024-12-15,299900.0
219884,2024-12-01,305000.0
219888,2025-12-04,65000.0
219905,2024-12-18,45000.0
220251,2025-12-30,75000.0
220254,2025-12-20,1415000.0
220256,2025-11-06,990000.0
220925,2025-11-13,10000.0
220933,2024-12-10,10000.0
221200,2024-12-15,29000.0
221247,2024-12-14,10000.0
221386,2025-12-14,22000.0
221387,2024-11-07,26000.0
221594,2025-11-08,119000.0
221596,2024-11-06,69000.0
221597,2024-11-16,139000.0
221600,2024-12-03,59000.0
221870,2025-12-07,360000.0
221872,2026-04-24,274000.0
222313,2024-11-10,20000.0
222352,2024-12-22,5500.0
222395,2024-11-12,23000.0
222456,2024-12-22,205500.0
222585,2024-11-20,20000.0
222644,2024-12-11,235000.0
222650,2024-12-21,68000.0
222676,2024-12-10,25000.0
222746,2025-12-16,310000.0
222752,2025-12-31,85000.0
223249,2024-12-18,35000.0
223570,2025-11-10,60000.0
224610,2025-12-21,189000.0
225018,2025-11-23,60000.0
236308,2025-12-16,29000.0
236313,2026-01-19,10000.0
245700,2025-11-02,15000.0
245748,2025-11-07,109000.0
245767,2025-12-07,15000.0
245905,2025-12-31,40000.0
245911,2025-12-09,20000.0
245917,2025-12-16,39000.0
245920,2025-11-30,109000.0
245921,2025-12-12,25000.0
245927,2025-11-19,115000.0
245931,2025-12-10,15000.0
245932,2025-12-30,19000.0
245943,2025-12-12,19000.0
245953,2025-11-27,195000.0
245959,2025-11-26,175000.0
245962,2025-12-16,145000.0
245970,2025-12-02,175000.0
245977,2025-12-21,415000.0
245996,2025-11-23,255000.0
246025,2025-12-24,65000.0
246031,2025-12-09,90000.0
246033,2026-01-03,59000.0
246034,2025-11-24,15000.0
246036,2025-12-29,15000.0
246058,2025-11-11,29000.0
246061,2025-11-10,55000.0
246063,2025-12-06,210000.0
246064,2025-11-29,209000.0
246203,2025-11-26,10000.0
246210,2025-12-19,10000.0
246218,2025-12-30,10000.0
246220,2025-12-23,40000.0
246228,2025-12-07,725000.0
246254,2025-12-14,30000.0
246281,2025-12-19,65000.0
246286,2025-11-08,19900.0
246291,2025-12-02,25000.0
246317,2025-12-21,15000.0
246326,2026-03-12,29000.0
246333,2025-12-02,35000.0
246415,2025-12-15,25000.0
246417,2025-12-17,25000.0
246420,2025-12-11,50000.0
246422,2025-12-22,35000.0
246425,2025-12-28,39000.0
246439,2025-12-13,120000.0
246496,2025-12-11,25000.0
246503,2025-12-17,19000.0
246514,2025-11-11,19000.0
246516,2025-12-09,29000.0
246525,2025-11-10,10000.0
246526,2025-10-03,10000.0
246528,2025-12-17,10000.0
246729,2025-12-14,30000.0
246735,2025-12-17,15000.0
246768,2025-11-22,109000.0
246772,2025-11-11,60000.0
246791,2025-12-05,160000.0
246793,2025-12-12,225000.0
246805,2025-11-15,75000.0
246810,2025-11-08,75000.0
246823,2025-12-22,125000.0
246858,2025-11-07,79000.0
246877,2025-11-08,75000.0
246884,2025-12-01,59000.0
247010,2025-12-21,72000.0
247012,2025-12-21,59000.0
247014,2025-12-26,60000.0
215833,2024-12-29,39000.0
215854,2025-11-30,39000.0
215861,2025-12-16,210000.0
215863,2025-01-17,55000.0
215867,2025-11-15,185000.0
215876,2024-11-17,99900.0
215899,2024-12-07,20000.0
215904,2024-10-08,605000.0
217045,2024-11-30,25000.0
217064,2025-02-18,59900.0
217069,2024-12-08,105000.0
217071,2024-11-16,165000.0
217087,2025-12-07,42000.0
217090,2025-11-11,75000.0
217092,2025-12-21,45000.0
217104,2024-11-30,45000.0
217120,2024-11-20,139000.0
217135,2025-12-02,55000.0
217147,2024-12-17,15000.0
217153,2024-11-19,165000.0
217166,2024-11-28,49900.0
217216,2025-12-06,110000.0
217227,2025-11-10,55000.0
217233,2024-12-04,35000.0
217245,2025-11-08,20000.0
217246,2024-12-20,25000.0
217267,2024-12-15,42000.0
217270,2024-12-23,20000.0
217271,2024-11-30,69000.0
217282,2025-12-26,29900.0
217284,2026-01-21,99900.0
217289,2025-11-10,85000.0
217307,2024-11-30,69000.0
217312,2025-12-29,45000.0
217324,2025-11-23,40000.0
217328,2024-12-15,10000.0
217333,2024-12-19,20000.0
217336,2024-12-11,25000.0
217342,2024-12-15,190000.0
217348,2024-11-14,120000.0
217355,2024-11-16,145000.0
217359,2024-12-15,80000.0
217360,2024-11-09,145000.0
217364,2024-11-24,19000.0
217371,2025-12-28,250000.0
217413,2024-12-27,60000.0
217420,2025-11-21,79000.0
217422,2025-12-03,55000.0
217502,2024-12-06,99000.0
217529,2024-12-20,50000.0
217546,2025-12-03,485000.0
218564,2024-12-21,35000.0
218591,2024-12-21,285000.0
218603,2024-12-18,26000.0
218632,2024-12-11,55000.0
218641,2024-12-10,59000.0
218644,2024-12-05,65000.0
218650,2025-12-17,45000.0
218665,2024-11-29,115000.0
218667,2024-12-11,115000.0
218670,2024-12-18,29000.0
219570,2024-12-23,65000.0
219586,2024-12-16,35000.0
219587,2025-11-02,35000.0
219807,2024-12-24,95000.0
219829,2025-12-06,139000.0
219832,2024-12-11,430000.0
219835,2024-12-04,99900.0
219838,2025-11-25,55000.0
219846,2024-12-23,69900.0
219850,2024-12-01,129000.0
219853,2024-11-12,140000.0
219901,2024-11-21,235000.0
219904,2024-11-29,239000.0
220259,2024-11-14,65000.0
220285,2025-11-16,29000.0
220918,2024-11-24,4900000.0
220924,2024-11-19,29000.0
220929,2024-12-14,10000.0
220932,2024-12-14,10000.0
220937,2024-11-04,10000.0
221229,2026-04-25,20000.0
221420,2024-12-01,49000.0
221595,2025-11-09,139000.0
221598,2024-11-16,209000.0
221605,2025-11-08,150000.0
222350,2024-12-28,6500.0
222393,2024-11-10,20000.0
222415,2024-12-12,42000.0
222649,2024-12-26,171000.0
222655,2024-12-11,120000.0
222745,2026-01-29,48000.0
223441,2024-12-19,15000.0
223448,2024-12-02,40000.0
224306,2025-12-23,139000.0
224472,2024-12-14,35000.0
224473,2025-12-24,20000.0
224475,2024-12-14,25000.0
234025,2025-11-22,89000.0
236307,2025-12-24,29000.0
236309,2025-12-02,45000.0
245704,2025-12-03,25000.0
245730,2025-12-12,55000.0
245761,2025-11-12,45000.0
245915,2025-11-24,15000.0
245944,2025-11-11,35000.0
245956,2025-11-16,195000.0
245963,2025-12-16,145000.0
245972,2025-12-24,149000.0
245987,2025-11-17,170000.0
245990,2025-12-30,35000.0
245998,2025-11-13,230000.0
246026,2025-12-24,65000.0
246048,2025-12-11,15000.0
246079,2025-12-07,230000.0
246097,2025-11-13,235000.0
246207,2025-12-30,90000.0
246208,2025-12-31,20000.0
246209,2025-12-28,50000.0
246234,2025-12-29,25000.0
246252,2025-12-18,30000.0
246253,2025-12-12,30000.0
246264,2025-11-29,9000.0
246272,2025-12-24,15000.0
246273,2025-12-21,9000.0
246290,2025-11-24,25000.0
246323,2025-12-24,15000.0
246330,2025-11-09,15000.0
246331,2025-11-22,15000.0
246397,2025-12-14,35000.0
246399,2025-12-12,35000.0
246400,2025-12-23,35000.0
246402,2025-12-26,199000.0
246404,2025-12-22,199000.0
246413,2025-12-19,35000.0
246431,2026-01-23,155000.0
246495,2025-12-04,25000.0
246497,2025-12-05,39000.0
246505,2025-12-19,45000.0
246506,2025-12-20,45000.0
246508,2025-12-22,19000.0
246519,2025-12-10,19000.0
246583,2025-12-21,9000.0
246732,2025-12-07,15000.0
246750,2025-12-14,19000.0
246762,2025-11-26,109000.0
246770,2025-11-15,65000.0
246773,2025-11-14,179000.0
246799,2025-11-11,75000.0
246800,2025-11-10,75000.0
246802,2025-11-17,75000.0
246848,2025-11-07,35000.0
246855,2025-10-30,335000.0
246875,2025-12-04,65000.0
246876,2025-12-23,50000.0
246881,2025-12-08,35000.0
247018,2025-12-31,60000.0
247029,2025-12-23,85000.0
247048,2025-12-21,99000.0
247055,2025-12-29,75000.0
247063,2025-11-14,39000.0
247071,2025-12-02,69000.0
247074,2025-12-30,55000.0
247076,2025-12-22,30000.0
247085,2025-12-03,45000.0
247107,2025-12-23,85000.0
247115,2025-12-04,50000.0
247120,2025-11-07,25000.0
247134,2025-12-24,220000.0
247138,2025-12-02,140000.0
247139,2025-12-21,90000.0
247145,2025-12-17,79000.0
247151,2025-12-07,115000.0
247160,2025-12-24,20000.0
247163,2025-12-31,35000.0
247191,2025-12-14,30000.0
247192,2025-11-27,15000.0
247215,2025-12-24,25000.0
247216,2025-12-22,7000.0
247218,2025-12-30,7000.0
247222,2025-12-18,35000.0
247234,2025-12-21,29000.0
247241,2025-12-20,25000.0
247246,2025-12-04,20000.0
247248,2025-11-26,10000.0
217080,2024-12-01,49900.0
217082,2025-12-20,175000.0
217091,2024-12-15,399000.0
217105,2024-12-18,45000.0
217110,2024-12-13,69000.0
217121,2024-11-07,80000.0
217137,2024-12-27,30000.0
217140,2024-11-28,59000.0
217152,2025-11-10,245000.0
217168,2024-12-24,15000.0
217174,2024-11-09,165000.0
217183,2025-11-05,16000.0
217222,2025-12-14,780000.0
217228,2024-11-13,69000.0
217235,2024-12-10,155000.0
217236,2025-11-22,29900.0
217247,2024-12-18,20000.0
217251,2024-12-24,20000.0
217262,2024-12-20,25000.0
217264,2024-12-30,29000.0
217268,2024-11-30,69000.0
217269,2024-12-19,85000.0
217291,2025-12-24,35000.0
217314,2024-12-02,10000.0
217318,2025-12-30,20000.0
217320,2025-03-05,35000.0
217332,2024-12-07,20000.0
217344,2024-11-22,155000.0
217377,2024-11-07,315000.0
217412,2025-12-26,60000.0
217415,2025-11-19,45000.0
217417,2024-11-29,77000.0
217433,2024-12-14,99000.0
217437,2025-11-09,95000.0
217440,2024-11-28,160000.0
217442,2024-12-22,60000.0
217445,2024-11-24,160000.0
217456,2024-12-28,220000.0
217478,2025-04-19,59000.0
217496,2025-11-11,170000.0
217519,2024-12-23,55000.0
217521,2025-12-09,55000.0
217523,2024-12-24,55000.0
217530,2025-12-20,35000.0
217536,2025-11-09,235000.0
217549,2024-11-15,260000.0
217558,2024-11-09,115000.0
218575,2024-11-29,130000.0
218589,2025-11-18,165000.0
218616,2024-11-14,15000.0
218621,2024-11-19,69000.0
218624,2024-11-13,35000.0
218635,2024-12-11,65000.0
218636,2024-12-02,59000.0
218642,2024-12-08,69000.0
218658,2024-12-06,79000.0
218659,2024-12-23,69000.0
218660,2024-12-06,65000.0
218678,2024-12-05,79000.0
218682,2024-12-27,55000.0
219581,2024-12-23,39000.0
219686,2025-11-01,115000.0
219697,2024-11-23,210000.0
219703,2025-11-27,69000.0
219804,2024-11-17,1500000.0
219819,2025-11-17,195000.0
219826,2024-12-06,185000.0
219840,2024-12-31,55000.0
219843,2025-09-03,69900.0
219851,2024-12-27,140000.0
219857,2024-11-09,92000.0
219869,2024-11-12,29000.0
219879,2025-11-03,320000.0
219889,2025-12-03,65000.0
219896,2025-11-10,190000.0
220132,2024-12-23,7500.0
220245,2024-12-16,219000.0
220257,2024-12-07,59000.0
220260,2024-11-09,59000.0
220923,2024-12-20,35000.0
220928,2024-11-12,35000.0
220936,2025-12-07,25000.0
221227,2024-11-09,19000.0
221232,2026-03-12,15000.0
221599,2024-11-22,45000.0
222347,2024-12-28,2500.0
222391,2024-11-14,30000.0
222394,2025-12-27,25000.0
222414,2025-11-08,39000.0
222459,2026-01-12,50000.0
222648,2024-12-12,178000.0
223096,2024-12-22,179000.0
223285,2024-12-10,167000.0
223444,2024-12-02,15000.0
223446,2024-12-18,65000.0
236302,2025-12-23,35000.0
236306,2025-12-22,55000.0
236926,2025-12-22,75000.0
237390,2025-11-11,105000.0
245689,2025-12-21,215000.0
245715,2025-12-21,2399000.0
245718,2025-12-08,465000.0
245735,2026-02-27,25000.0
245743,2025-11-12,60000.0
245770,2025-12-22,35000.0
245906,2025-12-15,40000.0
245919,2025-12-24,20000.0
245925,2025-12-07,15000.0
245929,2025-12-23,19000.0
245933,2025-12-19,115000.0
245975,2025-12-29,99000.0
245981,2025-12-16,59000.0
245982,2025-11-17,175000.0
245991,2025-11-30,59000.0
246003,2025-12-06,329000.0
246020,2025-12-01,120000.0
246022,2025-11-17,75000.0
246049,2025-11-21,20000.0
246068,2025-11-09,279000.0
246225,2025-11-27,69000.0
246231,2025-12-13,375000.0
246236,2025-12-30,35000.0
246241,2025-12-22,55000.0
246246,2025-12-21,20000.0
246250,2025-12-16,20000.0
246261,2025-11-11,21000.0
246266,2025-11-18,9000.0
246280,2025-12-20,65000.0
246288,2026-04-18,9000.0
246338,2025-12-18,35000.0
246403,2025-12-24,50000.0
246418,2025-11-17,25000.0
246419,2025-12-11,50000.0
246494,2025-12-16,65000.0
246509,2025-12-23,19000.0
246510,2025-12-29,19000.0
246517,2025-11-07,29000.0
246527,2025-10-03,10000.0
246584,2025-12-22,9000.0
246585,2025-12-22,9000.0
246586,2025-12-23,9000.0
246724,2025-12-04,165000.0
246733,2025-12-20,29000.0
246741,2025-12-14,29000.0
246761,2025-11-24,105000.0
246776,2025-11-13,109000.0
246868,2025-12-24,19000.0
246871,2025-11-26,85000.0
246880,2025-11-23,69000.0
246882,2025-11-08,65000.0
246883,2025-11-11,295000.0
247019,2025-12-18,70000.0
247023,2025-12-24,55000.0
247027,2025-12-23,70000.0
247038,2025-12-30,65000.0
247049,2025-12-15,79000.0
247067,2025-11-24,119000.0
247070,2025-11-29,125000.0
247072,2025-11-26,49000.0
247091,2025-12-18,35000.0
247094,2025-11-15,45000.0
247096,2025-12-17,50000.0
247104,2025-12-19,89000.0
247108,2025-12-23,55000.0
247109,2025-12-21,90000.0
247123,2025-11-08,25000.0
247126,2025-12-20,85000.0
247135,2025-12-30,85000.0
247140,2025-11-14,140000.0
247152,2025-11-14,215000.0
247166,2025-12-29,29000.0
247177,2025-12-16,15000.0
247178,2025-12-21,130000.0
247181,2025-12-12,160000.0
247204,2025-12-17,30000.0
247211,2025-12-24,65000.0
247212,2025-12-26,25000.0
247223,2025-11-19,69000.0
247231,2025-11-11,29000.0
247235,2025-11-26,25000.0
247236,2025-12-19,35000.0
247238,2025-12-19,25000.0
247242,2025-12-07,30000.0
247257,2025-12-15,45000.0
247259,2025-12-26,30000.0
247465,2025-11-19,165000.0
247467,2025-11-04,189000.0
247523,2025-12-09,619000.0
247524,2025-12-21,1100000.0
247543,2025-12-21,895000.0
247976,2025-12-14,35000.0
248008,2025-12-20,195000.0
248009,2026-01-25,49000.0
248027,2025-12-16,69000.0
248045,2025-12-24,305000.0
248060,2025-12-28,49000.0
248062,2025-12-14,79000.0
248064,2026-04-14,19000.0
248078,2025-12-14,125000.0
248118,2025-12-23,65000.0
248127,2025-12-29,49000.0
248139,2025-12-18,59000.0
248148,2025-11-20,69000.0
248156,2025-12-23,2400000.0
248160,2025-12-26,45000.0
248164,2026-04-11,265000.0
248254,2025-12-23,45000.0
248260,2025-12-28,15000.0
248274,2025-11-04,199000.0
248315,2025-12-16,15000.0
248319,2025-12-08,49000.0
248321,2025-12-11,49000.0
248322,2025-11-09,355000.0
248328,2025-12-20,89000.0
248335,2025-11-15,55000.0
248342,2025-11-14,15000.0
248350,2025-11-19,155000.0
248353,2025-12-28,49000.0
248370,2025-12-19,25000.0
248373,2025-12-22,50000.0
248385,2025-12-19,199000.0
248389,2025-12-07,59000.0
248391,2025-11-06,110000.0
248392,2025-11-08,135000.0
248398,2025-11-22,139000.0
248407,2025-12-06,190000.0
248455,2025-12-31,29000.0
248460,2025-12-24,250000.0
248462,2025-12-23,145000.0
248475,2025-10-14,105000.0
248478,2026-02-06,69000.0
248486,2025-12-04,15000.0
248500,2025-12-15,15000.0
250281,2025-11-17,69000.0
250285,2026-01-05,95000.0
250286,2025-11-28,39000.0
250294,2025-12-14,75000.0
250299,2025-12-27,55000.0
250305,2025-12-23,49000.0
250312,2025-11-10,55000.0
250319,2025-12-05,35000.0
250324,2025-12-21,25000.0
250330,2025-12-30,15000.0
250355,2025-12-31,19000.0
250361,2025-12-30,19000.0
250363,2025-12-26,25000.0
250382,2025-12-18,65000.0
250389,2025-12-24,19000.0
250394,2025-12-17,19000.0
250401,2025-12-30,25000.0
250406,2025-12-29,19000.0
250415,2025-12-31,19000.0
250429,2025-12-31,15000.0
250430,2025-12-31,15000.0
250432,2026-02-06,15000.0
250433,2025-12-17,15000.0
250449,2025-12-14,15000.0
250451,2025-12-30,15000.0
250456,2025-12-29,19000.0
250485,2025-12-04,19000.0
250535,2025-12-10,145000.0
250551,2025-12-23,155000.0
250558,2025-11-23,69000.0
250572,2025-11-14,395000.0
250579,2025-11-10,175000.0
250583,2025-11-04,315000.0
250615,2025-12-30,279000.0
250629,2025-12-22,105000.0
250637,2025-11-08,169000.0
250638,2025-11-20,179000.0
250642,2025-11-08,25000.0
250645,2025-12-20,35000.0
250649,2025-12-18,25000.0
250664,2025-12-13,49000.0
250668,2025-12-07,9000.0
250676,2025-11-24,15000.0
250734,2025-12-18,39000.0
250737,2025-12-17,99000.0
250739,2025-12-20,99000.0
250746,2025-12-23,85000.0
250755,2025-12-22,35000.0
250762,2025-12-20,39000.0
253969,2025-12-09,95000.0
253977,2025-12-23,65000.0
254120,2025-12-21,255000.0
254123,2025-12-24,35000.0
254124,2025-12-31,25000.0
254264,2025-11-18,25000.0
254269,2026-01-02,10000.0
254270,2025-12-30,10000.0
254273,2025-12-24,10000.0
254278,2026-03-30,59000.0
254285,2026-04-22,125000.0
254294,2025-10-29,35000.0
254455,2025-12-16,85000.0
254456,2025-12-30,45000.0
254464,2025-12-21,39000.0
254469,2025-12-17,29000.0
254473,2025-12-30,69000.0
254488,2025-12-04,199000.0
254542,2025-12-30,45000.0
254543,2025-12-30,9000.0
254638,2025-12-22,240000.0
254640,2025-12-01,309000.0
254643,2025-12-31,9000.0
254647,2026-04-14,25000.0
254652,2025-12-24,25000.0
254655,2025-12-31,15000.0
254659,2025-12-21,15000.0
254671,2025-12-04,99000.0
254678,2025-12-31,79000.0
254711,2025-12-28,25000.0
254718,2026-01-10,6000.0
254728,2025-11-10,199000.0
254734,2025-11-27,149000.0
254737,2025-11-13,149000.0
254739,2025-12-22,95000.0
254748,2025-12-15,65000.0
254752,2025-11-11,119000.0
254760,2025-12-05,175000.0
254774,2025-12-14,95000.0
254777,2025-12-04,89000.0
254779,2025-12-12,450000.0
254780,2025-12-10,735000.0
254793,2025-12-31,15000.0
254803,2025-12-13,75000.0
254807,2026-02-27,45000.0
254811,2025-12-09,135000.0
254820,2025-12-17,235000.0
254821,2025-12-24,55000.0
254834,2025-12-11,125000.0
254853,2025-12-16,189000.0
254868,2025-12-21,215000.0
254882,2025-12-14,95000.0
255175,2025-12-07,260000.0
255385,2025-11-18,100000.0
255892,2025-12-09,16000.0
256009,2025-12-19,60000.0
256013,2025-11-21,100000.0
256027,2025-12-24,20000.0
256050,2025-12-03,77000.0
256601,2026-01-07,47000.0
256633,2025-12-27,240000.0
256667,2025-12-21,275000.0
257047,2025-12-23,120000.0
257098,2025-12-27,65000.0
257352,2025-12-30,72000.0
257365,2026-02-19,198000.0
257399,2025-12-24,278000.0
77276,2026-02-28,38900.0
92410,2025-11-09,145000.0
96532,2024-12-20,14000.0
97122,2025-11-09,493200.0
247168,2025-12-17,29000.0
247176,2025-12-29,105000.0
247185,2025-12-13,35000.0
247190,2025-12-23,20000.0
247200,2025-12-28,25000.0
247237,2025-12-21,85000.0
247239,2025-12-27,85000.0
247251,2025-12-16,35000.0
247258,2025-12-04,40000.0
247285,2025-11-11,40000.0
247303,2025-12-06,95000.0
247310,2025-12-14,60000.0
247311,2026-03-01,45000.0
247328,2025-12-27,45000.0
247330,2025-12-24,30000.0
247341,2025-12-18,129000.0
247356,2025-12-27,940000.0
247357,2025-12-16,730000.0
247359,2025-12-17,39000.0
247373,2025-11-15,319000.0
247382,2025-12-28,65000.0
247387,2026-04-17,95000.0
247389,2026-04-11,95000.0
247409,2025-11-27,315000.0
247411,2025-11-23,150000.0
247438,2025-12-24,55000.0
247455,2025-11-29,120000.0
247466,2025-12-03,25000.0
247473,2025-11-26,35000.0
247512,2025-12-03,1450000.0
247531,2025-12-26,795000.0
247537,2025-12-18,495000.0
247542,2025-12-20,2500000.0
247556,2025-12-05,3200000.0
247981,2025-12-18,35000.0
247985,2025-12-31,35000.0
247992,2025-12-31,59000.0
247994,2025-12-20,35000.0
248000,2025-12-26,59000.0
248002,2025-11-26,45000.0
248029,2025-12-30,69000.0
248037,2025-12-24,15000.0
248049,2025-12-15,50000.0
248051,2025-12-13,390000.0
248053,2025-11-20,9350000.0
248054,2025-12-07,4500000.0
248056,2025-12-24,45000.0
248071,2025-12-18,1150000.0
248076,2025-12-04,285000.0
248103,2025-12-11,85000.0
248112,2025-12-03,45000.0
248121,2025-12-16,95000.0
248155,2025-12-19,1700000.0
248168,2025-12-23,45000.0
248169,2025-12-19,45000.0
248174,2025-12-24,29000.0
248182,2025-11-11,20000.0
248221,2025-12-18,85000.0
248270,2025-11-22,120000.0
248324,2025-11-11,45000.0
248327,2025-12-21,85000.0
248331,2025-11-27,99000.0
248338,2025-11-11,1195000.0
248365,2025-11-30,145000.0
248376,2025-12-22,29000.0
248381,2025-12-23,25000.0
248397,2025-12-26,135000.0
248411,2025-11-15,110000.0
248431,2025-12-08,55000.0
248463,2025-12-28,235000.0
248466,2025-12-21,110000.0
248470,2025-12-28,85000.0
248472,2025-11-13,2090000.0
248505,2025-11-23,25000.0
248508,2025-12-15,29000.0
248512,2025-12-15,115000.0
248521,2025-11-25,29000.0
248527,2025-12-15,59000.0
248541,2025-12-08,35000.0
248543,2025-11-21,145000.0
250283,2025-11-18,125000.0
250288,2025-12-23,45000.0
250297,2025-12-10,125000.0
250307,2025-12-18,55000.0
250315,2025-12-04,39000.0
250332,2025-12-13,19000.0
250364,2025-12-27,19000.0
250377,2025-12-01,9000.0
250385,2025-12-30,19000.0
250404,2025-12-30,19000.0
250408,2025-12-29,19000.0
250411,2025-12-21,15000.0
250435,2026-02-20,25000.0
250454,2025-12-12,9000.0
250469,2025-11-08,15000.0
250478,2025-12-12,15000.0
250486,2025-12-12,15000.0
250504,2025-12-30,49000.0
250533,2025-12-31,159000.0
250542,2025-11-24,155000.0
250549,2025-12-23,139000.0
250556,2025-12-13,45000.0
250557,2025-12-23,79000.0
250570,2025-12-18,109000.0
250581,2025-11-04,289000.0
250592,2025-12-28,245000.0
250610,2025-12-15,45000.0
250626,2025-12-31,15000.0
250631,2025-10-28,515000.0
250635,2025-12-15,25000.0
250640,2025-12-23,25000.0
250646,2025-12-20,35000.0
250662,2025-12-23,89000.0
250669,2025-11-15,55000.0
250738,2025-12-23,35000.0
250741,2025-12-23,85000.0
253967,2025-12-07,259000.0
253975,2025-12-28,65000.0
253982,2026-01-25,3390000.0
253984,2025-12-20,59000.0
253992,2025-12-12,105000.0
253993,2025-12-17,155000.0
254064,2025-12-22,29000.0
254077,2025-12-24,145000.0
254122,2025-12-09,209000.0
254127,2025-12-20,29000.0
254266,2025-12-26,5000.0
254271,2026-01-02,10000.0
254280,2026-03-26,55000.0
254287,2026-03-11,125000.0
254288,2025-12-16,35000.0
254290,2025-12-14,49000.0
254476,2025-12-23,69000.0
254483,2025-12-08,235000.0
254487,2025-11-30,199000.0
254502,2025-12-14,19000.0
254528,2025-12-23,45000.0
254529,2025-12-30,39000.0
254540,2025-12-29,45000.0
254548,2025-12-06,149000.0
254644,2025-12-26,9000.0
254650,2026-04-24,25000.0
254657,2025-12-30,15000.0
254672,2025-11-29,99000.0
254679,2025-12-09,69000.0
254688,2025-12-22,15000.0
254732,2025-11-17,59000.0
254751,2025-11-11,98000.0
254758,2025-12-17,55000.0
254772,2025-12-19,75000.0
254784,2025-12-26,200000.0
254787,2025-12-27,35000.0
254789,2025-12-24,35000.0
254801,2025-12-10,65000.0
254812,2025-12-17,65000.0
254819,2026-02-17,345000.0
254822,2025-12-30,55000.0
254828,2025-12-19,159000.0
254829,2025-12-19,159000.0
254833,2025-12-06,295000.0
254851,2025-12-11,189000.0
254873,2025-12-31,35000.0
254875,2025-12-18,129000.0
254876,2025-12-24,15000.0
255002,2025-12-23,51000.0
255144,2025-12-13,140000.0
255396,2025-11-19,60000.0
255413,2025-12-18,3000.0
255563,2025-12-22,42000.0
256008,2025-12-01,185000.0
256015,2025-12-07,50000.0
256025,2025-12-15,60000.0
256033,2025-12-09,196000.0
256037,2025-11-24,105000.0
256042,2025-12-07,90000.0
256047,2025-12-03,70000.0
256355,2025-12-24,19900.0
256413,2025-12-24,149000.0
256634,2025-12-17,90000.0
256670,2025-12-16,165000.0
256696,2025-12-18,29000.0
257049,2025-12-06,98000.0
257355,2026-02-26,68000.0
257367,2025-12-29,14000.0
257395,2026-03-28,267000.0
247255,2025-12-23,35000.0
247273,2025-11-22,50000.0
247291,2025-12-10,15000.0
247298,2025-11-30,119000.0
247304,2025-12-31,39000.0
247321,2025-12-24,39000.0
247333,2025-12-24,25000.0
247340,2025-11-23,109000.0
247352,2025-11-16,129000.0
247355,2025-12-12,125000.0
247361,2025-11-11,125000.0
247368,2025-12-11,89000.0
247374,2025-10-16,65000.0
247385,2025-12-03,95000.0
247396,2026-04-27,150000.0
247397,2025-11-13,130000.0
247399,2025-12-04,20000.0
247403,2025-11-08,20000.0
247418,2025-12-12,59000.0
247421,2025-11-16,145000.0
247439,2025-12-06,135000.0
247448,2025-11-07,135000.0
247461,2025-10-25,615000.0
247470,2025-12-10,255000.0
247472,2025-12-11,35000.0
247474,2025-11-15,220000.0
247511,2025-12-10,950000.0
247517,2025-12-12,1540000.0
247522,2025-12-07,310000.0
247530,2025-12-30,495000.0
247541,2025-11-29,1400000.0
247553,2025-11-24,129000.0
247974,2025-12-17,59000.0
247980,2025-12-27,50000.0
247983,2025-12-23,45000.0
247991,2025-12-27,45000.0
247995,2025-12-21,50000.0
248001,2025-12-13,39000.0
248003,2025-12-19,95000.0
248004,2025-12-31,19000.0
248006,2025-12-02,195000.0
248019,2025-12-28,65000.0
248028,2025-12-06,75000.0
248039,2025-12-17,75000.0
248048,2025-11-11,195000.0
248065,2025-12-28,295000.0
248073,2025-12-16,65000.0
248089,2025-12-08,475000.0
248104,2025-11-29,45000.0
248105,2025-12-27,95000.0
248111,2025-12-26,49000.0
248132,2025-12-22,79000.0
248141,2025-12-18,69000.0
248159,2025-12-13,85000.0
248167,2026-04-22,125000.0
248175,2025-12-22,29000.0
248224,2025-11-19,49000.0
248241,2025-11-11,15000.0
248246,2025-12-31,15000.0
248259,2025-12-12,15000.0
248272,2025-12-05,399000.0
248281,2025-10-31,229000.0
248320,2026-01-03,49000.0
248340,2025-12-12,15000.0
248344,2025-12-18,20000.0
248355,2025-12-23,35000.0
248362,2025-11-25,129000.0
248368,2025-12-24,25000.0
248369,2025-11-22,25000.0
248375,2025-12-24,29000.0
248384,2025-11-11,190000.0
248390,2025-12-20,79000.0
248393,2025-12-20,59000.0
248425,2025-12-09,79000.0
248427,2025-11-08,199000.0
248428,2025-11-13,255000.0
248469,2025-12-28,115000.0
248498,2025-12-09,29000.0
248504,2025-12-04,15000.0
248506,2025-11-11,15000.0
248511,2025-12-18,29000.0
248532,2025-11-19,99000.0
250287,2025-12-24,49000.0
250306,2025-12-17,75000.0
250308,2025-12-22,29000.0
250327,2025-12-14,19000.0
250334,2025-12-31,25000.0
250357,2025-12-30,19000.0
250358,2025-12-30,25000.0
250365,2025-12-23,25000.0
250376,2025-12-31,15000.0
250397,2025-12-30,19000.0
250424,2025-11-26,25000.0
250439,2025-12-29,19000.0
250444,2025-12-13,15000.0
250458,2025-12-28,29000.0
250461,2025-12-18,25000.0
250466,2025-11-02,19000.0
250473,2025-12-26,15000.0
250526,2025-12-09,225000.0
250527,2025-11-29,85000.0
250538,2025-12-06,159000.0
250544,2025-12-04,79000.0
250546,2025-11-18,95000.0
250547,2025-12-12,129000.0
250550,2025-12-09,205000.0
250561,2025-12-04,105000.0
250568,2025-12-19,120000.0
250569,2025-12-17,219000.0
250582,2025-11-15,59000.0
250594,2025-11-24,125000.0
250597,2025-11-09,95000.0
250616,2025-12-23,125000.0
250632,2025-11-16,1195000.0
250639,2026-04-19,179000.0
250653,2025-12-21,29000.0
250660,2025-10-31,145000.0
250736,2025-12-22,99000.0
250740,2025-12-20,90000.0
250763,2025-12-06,99000.0
250779,2025-12-19,35000.0
251625,2025-12-22,12000.0
253972,2025-12-28,115000.0
253974,2025-12-17,169000.0
253976,2025-12-28,65000.0
253981,2026-01-21,2329000.0
253983,2025-12-17,45000.0
253990,2025-12-08,85000.0
253991,2025-12-08,339000.0
254125,2025-12-22,29000.0
254262,2025-12-20,35000.0
254282,2026-03-24,55000.0
254286,2026-04-14,125000.0
254292,2025-10-29,35000.0
254451,2025-12-26,39000.0
254465,2025-12-22,35000.0
254466,2025-12-23,55000.0
254485,2025-12-09,235000.0
254531,2025-12-20,39000.0
254535,2025-12-26,45000.0
254549,2025-12-06,149000.0
254550,2025-12-03,159000.0
254662,2025-12-26,15000.0
254665,2025-12-30,15000.0
254673,2025-12-23,45000.0
254676,2025-12-23,59000.0
254685,2025-12-24,29000.0
254692,2025-12-30,29000.0
254695,2025-12-31,25000.0
254701,2025-12-22,39000.0
254708,2025-12-14,19000.0
254713,2025-12-24,25000.0
254736,2025-11-10,95000.0
254740,2025-12-21,145000.0
254776,2025-12-09,109000.0
254800,2025-12-27,55000.0
254818,2025-12-31,75000.0
254824,2025-12-18,55000.0
254863,2025-12-21,55000.0
255391,2025-12-14,85000.0
255415,2025-12-22,35000.0
255417,2025-12-08,19000.0
256004,2025-12-02,110000.0
256018,2025-11-23,70000.0
256039,2025-12-08,130000.0
256043,2025-12-06,130000.0
256052,2025-12-08,98000.0
256312,2025-12-21,16000.0
257045,2025-12-04,60000.0
257096,2025-12-19,160000.0
257366,2025-12-28,14000.0
258439,2026-04-08,156000.0
258743,2025-12-23,18000.0
258994,2026-04-16,179000.0
259243,2026-04-22,59000.0
62913,2025-12-16,139900.0
62931,2024-12-02,84900.0
7450007442502,2025-11-16,435000.0
97912,2024-11-20,30000.0
247381,2025-11-11,50000.0
247407,2025-11-15,260000.0
247413,2025-12-05,115000.0
247414,2025-11-07,135000.0
247429,2025-11-09,189000.0
247430,2025-11-11,35000.0
247432,2025-10-28,319000.0
247434,2025-12-11,20000.0
247435,2025-11-08,20000.0
247443,2025-11-27,160000.0
247451,2025-11-10,310000.0
247468,2025-11-09,100000.0
247469,2025-11-04,119000.0
247519,2025-11-07,140000.0
247520,2025-12-13,59000.0
247535,2025-12-09,215000.0
247536,2025-12-24,295000.0
247538,2025-12-26,695000.0
247549,2025-11-27,125000.0
247986,2025-12-22,45000.0
247988,2025-12-27,35000.0
247997,2025-12-09,180000.0
247999,2025-12-06,165000.0
248005,2025-12-24,15000.0
248020,2025-11-13,15000.0
248021,2025-12-20,65000.0
248022,2025-12-16,15000.0
248024,2025-12-24,25000.0
248026,2025-11-24,19000.0
248040,2025-12-23,69000.0
248042,2025-12-28,25000.0
248057,2025-12-31,25000.0
248069,2025-12-18,850000.0
248077,2025-12-19,79000.0
248108,2025-12-24,39000.0
248110,2025-12-29,90000.0
248113,2025-12-18,45000.0
248116,2025-12-23,85000.0
248124,2025-12-30,59000.0
248136,2025-12-20,59000.0
248143,2025-12-19,69000.0
248157,2025-12-14,4300000.0
248161,2025-12-03,280000.0
248162,2026-04-25,245000.0
248177,2025-12-17,25000.0
248180,2025-11-15,35000.0
248183,2025-12-10,15000.0
248234,2025-11-29,49000.0
248261,2025-12-17,20000.0
248302,2025-12-23,105000.0
248326,2025-11-15,200000.0
248330,2025-11-28,55000.0
248333,2025-11-27,109000.0
248358,2025-11-11,189000.0
248371,2025-11-08,229000.0
248372,2025-11-10,235000.0
248378,2025-12-17,25000.0
248420,2025-11-07,105000.0
248492,2025-12-22,35000.0
248519,2025-11-26,115000.0
248525,2025-11-17,59000.0
248539,2025-11-24,219000.0
248546,2025-11-10,165000.0
248548,2025-12-03,40000.0
250301,2025-12-15,59000.0
250303,2025-12-23,55000.0
250309,2025-11-09,59000.0
250317,2025-11-16,35000.0
250318,2025-11-27,35000.0
250326,2025-12-28,15000.0
250346,2025-12-31,15000.0
250350,2025-12-12,15000.0
250351,2025-12-06,19000.0
250353,2025-12-27,25000.0
250367,2025-12-19,15000.0
250372,2025-12-31,15000.0
250379,2025-12-17,29000.0
250387,2025-12-12,25000.0
250388,2025-12-08,19000.0
250396,2026-02-06,19000.0
250417,2026-02-06,19000.0
250420,2025-12-11,29000.0
250422,2025-12-11,25000.0
250423,2025-11-30,19000.0
250440,2025-12-28,25000.0
250442,2025-12-30,25000.0
250447,2025-12-14,15000.0
250487,2025-12-08,15000.0
250488,2025-12-12,15000.0
250490,2025-11-13,45000.0
250492,2025-12-13,29000.0
250532,2025-12-26,95000.0
250536,2025-12-24,135000.0
250555,2025-12-08,35000.0
250560,2025-12-26,55000.0
250564,2025-12-12,85000.0
250566,2025-12-23,120000.0
250567,2025-12-24,219000.0
250573,2025-11-11,279000.0
250604,2025-12-13,250000.0
250636,2025-11-22,19000.0
250647,2025-11-12,235000.0
250658,2025-11-09,65000.0
250674,2025-12-31,45000.0
250675,2025-12-30,15000.0
253962,2025-12-24,19000.0
253964,2025-12-12,75000.0
253966,2026-03-09,19000.0
253970,2025-12-01,89000.0
253989,2025-12-23,89000.0
254080,2025-12-12,139000.0
254454,2025-12-16,85000.0
254459,2025-12-31,29000.0
254471,2025-12-15,29000.0
254534,2025-12-24,45000.0
254536,2025-12-30,39000.0
254537,2025-12-30,45000.0
254660,2025-12-24,15000.0
254667,2025-12-13,89000.0
254674,2025-12-08,85000.0
254683,2025-12-24,29000.0
254690,2025-12-31,9000.0
254697,2025-12-19,45000.0
254750,2025-12-15,95000.0
254753,2025-11-08,139000.0
254761,2025-12-08,105000.0
254798,2025-12-09,215000.0
254802,2025-12-20,19000.0
254808,2025-12-12,895000.0
254809,2025-12-04,886000.0
254817,2025-12-23,69000.0
254827,2025-12-05,105000.0
254830,2025-12-09,369000.0
254854,2025-12-20,215000.0
254881,2025-12-11,25000.0
255128,2025-12-11,54000.0
255132,2025-12-23,186000.0
255173,2025-11-22,110000.0
255383,2025-12-23,60000.0
255562,2025-12-22,42000.0
256006,2025-12-03,145000.0
256045,2025-12-07,130000.0
256053,2025-12-03,77000.0
256122,2025-12-15,45000.0
256433,2025-12-07,54500.0
256616,2025-12-18,220000.0
256629,2025-12-23,89000.0
257044,2025-12-07,50000.0
257100,2025-12-27,90000.0
257335,2025-12-28,5500.0
257356,2026-02-22,68000.0
257361,2026-02-26,98000.0
258977,2026-04-17,69000.0
62953,2026-02-28,66900.0
257554,2025-12-24,80000.0
258856,2026-04-25,110000.0
62921,2025-11-23,66900.0
62928,2025-12-31,183900.0
78360,2024-12-24,1370000.0
79011,2025-12-24,164000.0
247262,2025-12-30,39000.0
247263,2025-12-30,45000.0
247280,2025-12-09,25000.0
247297,2025-12-17,15000.0
247308,2025-12-01,19000.0
247312,2025-12-14,16000.0
247317,2025-12-30,35000.0
247319,2025-12-23,45000.0
247335,2025-12-22,20000.0
247342,2025-12-16,129000.0
247346,2025-12-03,10000.0
247347,2025-12-24,50000.0
247349,2025-11-24,255000.0
247364,2025-11-17,15000.0
247371,2025-11-18,305000.0
247378,2025-12-03,55000.0
247383,2025-12-13,95000.0
247417,2025-11-09,145000.0
247420,2025-12-23,25000.0
247422,2025-11-09,90000.0
247425,2025-10-19,585000.0
247436,2026-04-24,25000.0
247447,2025-12-02,189000.0
247458,2025-12-19,615000.0
247459,2025-11-08,220000.0
247460,2025-11-12,155000.0
247462,2025-12-02,239000.0
247464,2025-12-24,185000.0
247471,2025-11-06,119000.0
247513,2025-12-17,99000.0
247525,2025-12-12,59000.0
247526,2025-12-16,89000.0
247528,2025-12-29,290000.0
247544,2025-12-23,75000.0
247550,2025-12-30,99000.0
247557,2025-12-17,640000.0
247978,2025-12-13,35000.0
248013,2025-12-02,59000.0
248016,2025-12-16,49000.0
248025,2025-12-22,75000.0
248031,2025-12-04,69000.0
248033,2025-12-24,29000.0
248034,2025-12-23,29000.0
248036,2025-12-06,279000.0
248058,2025-12-17,29000.0
248079,2025-11-29,95000.0
248083,2025-12-11,45000.0
248086,2025-11-23,75000.0
248102,2025-12-21,55000.0
248115,2025-11-24,39000.0
248119,2025-11-25,39000.0
248128,2025-12-22,49000.0
248149,2025-12-19,49000.0
248151,2025-11-28,95000.0
248163,2026-01-18,189000.0
248166,2026-02-12,229000.0
248171,2025-12-11,65000.0
248228,2025-12-26,40000.0
248247,2025-12-21,15000.0
248249,2025-11-14,35000.0
248251,2025-12-19,45000.0
248271,2025-12-18,355000.0
248276,2025-11-15,189000.0
248329,2025-12-14,110000.0
248336,2025-11-06,300000.0
248345,2026-01-12,60000.0
248354,2025-11-19,35000.0
248363,2025-11-30,140000.0
248374,2025-12-17,35000.0
248377,2025-12-24,29000.0
248423,2025-12-31,45000.0
248426,2025-12-31,49000.0
248429,2025-12-24,60000.0
248465,2025-12-22,89000.0
248468,2025-10-25,115000.0
248496,2025-12-27,19000.0
248502,2025-12-12,15000.0
248536,2025-11-20,125000.0
250282,2025-11-18,69000.0
250291,2025-11-17,39000.0
250295,2025-11-18,55000.0
250296,2025-11-23,45000.0
250304,2025-12-22,29000.0
250310,2025-11-20,45000.0
250311,2025-11-18,45000.0
250313,2025-12-11,45000.0
250322,2025-12-10,215000.0
250329,2025-12-31,45000.0
250336,2025-12-24,25000.0
250338,2025-12-19,19000.0
250341,2025-12-26,19000.0
250342,2025-12-31,19000.0
250349,2025-12-31,19000.0
250354,2025-12-24,15000.0
250360,2025-12-30,19000.0
250366,2025-12-31,15000.0
250375,2025-12-20,9000.0
250380,2025-11-26,29000.0
250381,2025-12-17,59000.0
250383,2025-11-29,150000.0
250399,2025-12-24,25000.0
250409,2025-12-30,19000.0
250425,2025-12-21,15000.0
250437,2025-12-22,19000.0
250445,2025-11-20,15000.0
250459,2025-11-21,25000.0
250460,2025-11-15,25000.0
250462,2025-11-02,65000.0
250463,2025-11-02,15000.0
250471,2025-12-20,15000.0
250476,2025-12-20,15000.0
250543,2025-11-11,155000.0
250571,2025-12-18,150000.0
250585,2025-11-09,179000.0
250593,2025-11-29,225000.0
250602,2025-11-10,285000.0
250609,2025-12-30,95000.0
250618,2025-12-30,205000.0
250624,2025-12-30,15000.0
250625,2025-11-15,15000.0
250633,2025-12-09,15000.0
250641,2025-11-11,15000.0
250644,2025-11-15,25000.0
250652,2025-11-18,529000.0
250659,2025-12-23,79000.0
250667,2025-11-17,25000.0
250670,2026-04-01,19000.0
250769,2025-12-26,39000.0
250856,2025-12-23,493000.0
253978,2025-12-10,375000.0
254066,2025-12-14,169000.0
254121,2025-12-21,205000.0
254128,2025-12-30,29000.0
254129,2025-12-28,29000.0
254257,2026-04-27,5000.0
254265,2025-11-13,25000.0
254274,2025-12-13,10000.0
254279,2025-12-26,45000.0
254457,2025-12-17,45000.0
254468,2025-12-24,35000.0
254470,2025-12-23,29000.0
254472,2025-12-24,69000.0
254474,2025-12-10,69000.0
254481,2025-12-15,69000.0
254511,2025-12-16,29000.0
254539,2025-12-22,45000.0
254541,2025-12-23,45000.0
254545,2025-12-30,55000.0
254646,2025-12-31,15000.0
254649,2025-12-20,25000.0
254664,2025-12-31,15000.0
254694,2025-12-24,29000.0
254704,2025-12-29,25000.0
254707,2025-12-27,19000.0
254709,2025-12-28,19000.0
254716,2025-12-18,18000.0
254730,2025-12-20,7500.0
254733,2025-11-22,95000.0
254746,2025-11-22,155000.0
254765,2025-12-05,115000.0
254785,2025-12-07,255000.0
254869,2025-12-13,55000.0
254874,2025-12-24,249000.0
255000,2026-01-06,51000.0
255003,2025-12-21,51000.0
255130,2025-12-23,132000.0
255134,2025-12-23,222000.0
255160,2025-12-13,164000.0
255161,2025-12-19,492000.0
255168,2026-04-26,164000.0
256003,2025-12-02,110000.0
256017,2025-12-01,70000.0
256026,2025-12-20,60000.0
256034,2025-12-09,148000.0
256040,2025-12-10,90000.0
256044,2025-11-25,70000.0
256124,2025-12-29,45000.0
256666,2025-12-16,185000.0
256669,2025-12-14,105000.0
257046,2025-12-06,98000.0
257095,2025-12-21,160000.0
257359,2025-12-24,172000.0
257364,2025-12-29,198000.0
257376,2025-12-31,15000.0
257382,2025-12-31,10000.0
247433,2025-12-24,245000.0
247449,2025-12-09,69000.0
247456,2025-10-29,17.59
247475,2025-11-23,85000.0
247510,2025-12-19,350000.0
247521,2025-12-17,95000.0
247527,2025-12-10,590000.0
247539,2025-12-23,1150000.0
247540,2025-12-15,145000.0
247547,2025-12-14,95000.0
247971,2025-12-03,35000.0
247972,2025-12-30,45000.0
247975,2025-12-27,35000.0
247987,2025-12-27,35000.0
247989,2025-12-23,39000.0
247990,2025-12-29,50000.0
247993,2025-12-04,25000.0
248018,2025-12-30,65000.0
248038,2025-12-23,10000.0
248055,2025-12-28,45000.0
248067,2025-12-22,380000.0
248075,2025-11-16,195000.0
248088,2025-12-07,345000.0
248109,2025-12-24,49000.0
248120,2025-11-30,45000.0
248123,2025-11-23,65000.0
248126,2025-12-22,65000.0
248146,2025-12-05,69000.0
248158,2025-12-19,25000.0
248178,2025-12-22,59000.0
248231,2025-12-17,25000.0
248263,2025-12-27,15000.0
248277,2025-11-11,150000.0
248278,2025-10-19,150000.0
248279,2025-11-28,145000.0
248295,2025-11-04,175000.0
248313,2025-12-24,20000.0
248314,2025-12-13,25000.0
248317,2025-12-21,109000.0
248334,2025-11-18,90000.0
248337,2025-11-02,129000.0
248343,2025-10-24,240000.0
248359,2025-11-04,189000.0
248361,2025-11-30,175000.0
248379,2025-12-29,25000.0
248380,2025-12-28,25000.0
248383,2025-12-08,155000.0
248387,2025-12-24,30000.0
248417,2025-11-29,179000.0
248459,2025-11-29,99000.0
248461,2025-12-10,255000.0
248464,2025-12-21,219000.0
248473,2025-11-08,1895000.0
248488,2025-12-18,15000.0
248530,2025-12-07,90000.0
248537,2025-12-21,125000.0
250290,2025-11-21,55000.0
250300,2025-12-17,49000.0
250328,2025-12-27,19000.0
250335,2025-12-27,25000.0
250347,2025-12-31,15000.0
250348,2025-12-31,15000.0
250356,2025-12-30,19000.0
250370,2025-12-30,19000.0
250371,2025-12-29,15000.0
250373,2025-12-23,15000.0
250398,2025-11-28,19000.0
250403,2025-12-15,19000.0
250414,2025-12-04,15000.0
250427,2025-12-17,15000.0
250431,2025-12-09,15000.0
250436,2025-12-30,19000.0
250448,2025-12-04,15000.0
250452,2025-12-20,19000.0
250457,2025-12-31,25000.0
250484,2025-11-30,19000.0
250505,2025-12-23,15000.0
250531,2025-11-11,225000.0
250539,2025-11-10,290000.0
250540,2025-12-12,135000.0
250562,2025-12-04,139000.0
250575,2025-11-16,369000.0
250587,2025-11-07,225000.0
250607,2025-12-21,19000.0
250630,2025-12-19,285000.0
250643,2025-12-01,25000.0
250666,2025-12-11,35000.0
250735,2025-12-17,39000.0
250759,2025-12-24,35000.0
250760,2025-12-21,90000.0
250761,2025-12-28,85000.0
253965,2025-12-05,69000.0
253971,2025-12-30,59000.0
253973,2025-12-17,125000.0
253980,2025-12-20,455000.0
254075,2025-12-03,149000.0
254079,2025-12-09,39000.0
254261,2025-12-28,29000.0
254281,2026-01-06,45000.0
254291,2025-10-29,35000.0
254449,2025-12-28,35000.0
254458,2025-12-14,35000.0
254486,2025-12-13,99000.0
254507,2025-12-11,85000.0
254532,2025-12-18,39000.0
254533,2025-12-24,39000.0
254637,2025-12-27,240000.0
254641,2025-12-23,125000.0
254648,2026-04-26,25000.0
254654,2025-12-31,15000.0
254663,2025-12-31,15000.0
254666,2025-12-29,15000.0
254669,2025-12-22,49000.0
254670,2025-12-22,49000.0
254677,2025-12-16,15000.0
254689,2025-12-19,9000.0
254693,2025-12-16,25000.0
254696,2025-12-24,45000.0
254699,2025-12-13,175000.0
254705,2025-12-24,15000.0
254714,2025-12-30,25000.0
254729,2025-11-10,489000.0
254738,2025-12-23,55000.0
254747,2025-11-10,35000.0
254755,2025-12-16,120000.0
254766,2025-12-08,115000.0
254778,2025-12-08,119000.0
254782,2025-12-07,129000.0
254786,2025-12-06,155000.0
254814,2025-12-23,29000.0
254831,2025-12-12,325000.0
254852,2025-11-30,189000.0
254870,2025-12-10,55000.0
254871,2025-12-20,135000.0
255004,2025-12-11,51000.0
255129,2025-12-30,84000.0
255172,2025-11-15,123000.0
255381,2025-12-10,65000.0
255390,2025-12-08,55000.0
255561,2025-12-22,42000.0
255707,2025-11-30,65000.0
256010,2025-12-14,105000.0
256014,2025-12-16,150000.0
256020,2025-12-05,60000.0
256031,2025-12-09,148000.0
256035,2025-11-25,122000.0
256041,2025-12-03,70000.0
256049,2025-12-19,98000.0
256511,2025-12-31,100000.0
256625,2026-04-13,255000.0
256631,2025-12-27,160000.0
256668,2025-12-10,65000.0
256697,2025-12-16,45000.0
257048,2026-01-28,150000.0
257097,2025-12-28,65000.0
257101,2025-12-30,90000.0
257360,2026-01-02,98000.0
257402,2026-01-31,72000.0
257552,2025-12-23,80000.0
258438,2025-12-31,219500.0
43208,2026-04-05,30000.0
48695,2024-10-22,697500.0
62893,2026-01-02,69900.0
7450067093454,2024-07-30,25000.0
76703,2025-11-29,75000.0
76705,2025-11-21,29000.0
247305,2025-12-07,29000.0
247316,2025-11-07,130000.0
247324,2025-12-22,39000.0
247332,2025-12-16,25000.0
247336,2025-12-09,35000.0
247337,2025-12-12,29000.0
247339,2025-12-20,65000.0
247350,2025-12-23,15000.0
247363,2025-11-23,45000.0
247391,2026-02-27,95000.0
247406,2025-12-23,69000.0
247410,2025-11-24,105000.0
247412,2025-11-08,165000.0
247423,2025-11-30,115000.0
247437,2025-12-23,25000.0
247440,2025-11-06,479000.0
247442,2025-11-11,135000.0
247444,2025-12-06,160000.0
247445,2025-11-13,260000.0
247463,2025-10-14,159000.0
247476,2025-11-19,165000.0
247514,2025-12-20,180000.0
247515,2025-12-19,120000.0
247516,2025-11-07,1050000.0
247518,2025-12-05,75000.0
247529,2025-11-22,360000.0
247533,2025-12-31,60000.0
247534,2025-12-26,105000.0
247545,2025-12-06,99000.0
247546,2025-12-04,59000.0
247548,2025-12-31,65000.0
247551,2026-01-05,140000.0
247552,2025-12-15,99000.0
247973,2025-12-13,25000.0
247977,2025-12-23,35000.0
247979,2025-12-24,50000.0
247996,2026-03-25,99000.0
247998,2025-12-27,159000.0
248007,2025-12-31,320000.0
248010,2026-01-12,39000.0
248011,2025-12-29,69000.0
248012,2026-01-02,55000.0
248014,2025-12-09,55000.0
248023,2026-01-02,69000.0
248030,2025-11-26,65000.0
248032,2025-12-04,59000.0
248041,2025-12-29,69000.0
248043,2025-12-11,379000.0
248044,2025-12-11,215000.0
248046,2025-12-22,179000.0
248059,2025-11-23,79000.0
248068,2025-12-26,520000.0
248081,2025-12-19,29000.0
248082,2025-12-03,35000.0
248107,2025-12-20,95000.0
248114,2025-12-15,39000.0
248125,2025-12-31,49000.0
248130,2025-12-29,49000.0
248134,2025-12-20,65000.0
248145,2025-12-19,89000.0
248152,2025-12-17,850000.0
248172,2025-12-22,65000.0
248199,2025-10-31,65000.0
248273,2025-12-06,40000.0
248280,2025-11-08,180000.0
248301,2025-10-25,160000.0
248316,2025-12-18,29000.0
248325,2025-12-19,225000.0
248346,2025-12-20,50000.0
248360,2025-11-23,189000.0
248364,2025-12-07,89000.0
248367,2025-12-08,215000.0
248386,2025-12-06,65000.0
248401,2025-11-02,179000.0
248412,2025-12-09,25000.0
248430,2025-12-22,65000.0
248432,2026-04-14,60000.0
248467,2025-11-18,115000.0
248471,2025-11-26,39000.0
248474,2025-12-10,89000.0
248480,2025-12-22,15000.0
248482,2025-11-15,29000.0
248515,2025-12-24,40000.0
248516,2025-12-29,40000.0
248518,2025-12-11,55000.0
248535,2025-11-15,99000.0
248538,2025-12-13,40000.0
248551,2025-11-08,30000.0
250292,2025-11-07,85000.0
250302,2025-12-02,59000.0
250316,2025-11-30,35000.0
250320,2025-12-03,79000.0
250321,2025-12-20,235000.0
250323,2025-12-20,279000.0
250337,2025-12-30,21000.0
250340,2025-12-21,19000.0
250343,2025-12-10,19000.0
250352,2025-12-09,15000.0
250359,2025-12-30,25000.0
250368,2025-12-22,19000.0
250374,2025-12-31,15000.0
250386,2025-12-12,25000.0
250390,2025-12-30,19000.0
250391,2025-12-30,15000.0
250393,2025-12-13,19000.0
250405,2025-12-31,19000.0
250412,2025-12-06,35000.0
250434,2026-02-06,25000.0
250467,2025-12-08,15000.0
250480,2025-12-30,29000.0
250482,2025-12-31,29000.0
250503,2025-12-15,49000.0
250530,2025-12-15,155000.0
250534,2025-12-31,115000.0
250537,2025-11-09,129000.0
250545,2025-11-10,79000.0
250553,2025-12-06,55000.0
250595,2025-12-14,259000.0
250601,2025-11-19,225000.0
250605,2025-11-16,109000.0
250628,2025-12-29,29000.0
250648,2025-10-28,99000.0
250654,2025-12-22,29000.0
250655,2025-11-10,529000.0
250663,2025-11-19,49000.0
250742,2025-12-18,90000.0
250744,2025-12-20,110000.0
250776,2025-12-20,99000.0
253961,2025-12-16,405000.0
253963,2025-12-13,45000.0
253979,2025-12-14,375000.0
253987,2025-12-29,79000.0
253988,2025-12-26,69000.0
254065,2025-12-07,29000.0
254076,2025-12-09,165000.0
254078,2025-12-13,135000.0
254275,2025-12-30,10000.0
254450,2025-12-16,29000.0
254452,2025-12-28,35000.0
254453,2025-12-18,29000.0
254461,2025-12-17,39000.0
254478,2025-12-30,69000.0
254530,2025-12-27,39000.0
254538,2025-12-22,39000.0
254634,2025-12-23,240000.0
254642,2025-12-20,125000.0
254645,2025-12-31,15000.0
254651,2026-04-26,25000.0
254658,2025-12-31,15000.0
254687,2025-12-13,15000.0
254700,2025-12-01,39000.0
254703,2025-12-29,29000.0
254712,2025-12-28,25000.0
254722,2025-12-17,5000.0
254735,2025-11-11,55000.0
254742,2025-12-24,85000.0
254754,2025-12-07,39000.0
254757,2025-12-05,55000.0
254759,2025-12-10,25000.0
254781,2025-12-16,129000.0
254788,2025-12-30,19000.0
254791,2025-12-19,175000.0
254804,2025-12-13,75000.0
254813,2025-12-17,19000.0
254816,2025-12-27,69000.0
254823,2025-12-21,55000.0
254825,2025-12-09,105000.0
254826,2025-12-24,105000.0
254832,2025-12-09,545000.0
254872,2025-12-30,275000.0
254878,2025-12-29,15000.0
254879,2025-12-19,15000.0
254880,2025-12-17,35000.0
255131,2025-12-02,156000.0
255133,2025-12-23,120000.0
255174,2025-11-17,68500.0
255382,2025-12-30,40000.0
255384,2025-12-22,65000.0
255392,2025-12-21,135000.0
256007,2025-12-07,145000.0
256016,2025-11-21,98000.0
256030,2025-12-09,196000.0
256038,2025-12-20,85000.0
256048,2025-12-09,137000.0
256051,2025-12-07,137000.0
256123,2025-12-14,45000.0
256632,2025-12-24,60000.0
256635,2025-12-24,40000.0
256665,2025-12-16,95000.0
257099,2025-12-24,90000.0
257353,2025-12-15,59000.0
257383,2025-12-23,16000.0
257396,2026-03-11,267000.0
257401,2026-01-11,72000.0
257543,2025-12-24,170000.0
257869,2025-12-22,89000.0
62923,2024-12-30,179900.0
257588,2025-12-09,5000.0
62900,2025-12-30,69900.0
62912,2025-12-23,139900.0
77706,2025-12-09,18300.0
79448,2025-11-25,164400.0
93952,2026-02-06,66900.0
247031,2025-12-06,35000.0
247034,2025-12-14,359000.0
247036,2025-12-29,65000.0
247040,2025-12-20,70000.0
247042,2025-12-09,85000.0
247053,2025-12-18,70000.0
247068,2025-12-06,65000.0
247075,2025-12-26,49000.0
247089,2025-12-09,45000.0
247093,2025-12-27,35000.0
247101,2025-11-19,50000.0
247102,2025-12-04,99000.0
247117,2025-12-30,85000.0
247124,2025-12-16,80000.0
247128,2025-12-31,45000.0
247129,2025-12-28,80000.0
247147,2025-12-31,75000.0
247148,2025-11-30,135000.0
247150,2025-11-12,255000.0
247153,2025-11-15,199000.0
247164,2025-12-23,35000.0
247169,2025-12-19,99000.0
247171,2025-11-18,60000.0
247180,2025-12-09,30000.0
247196,2025-12-24,15000.0
247207,2025-12-07,15000.0
247209,2025-12-21,29000.0
247224,2025-12-15,25000.0
247252,2025-12-13,35000.0
247264,2025-12-14,35000.0
247265,2025-12-12,55000.0
247270,2025-12-24,40000.0
247282,2025-11-11,30000.0
247293,2025-12-10,30000.0
247300,2025-12-31,30000.0
247318,2025-12-11,40000.0
247325,2025-11-06,165000.0
247331,2025-12-23,55000.0
247348,2025-10-14,165000.0
247354,2025-12-02,130000.0
247362,2025-12-09,70000.0
247365,2025-12-20,35000.0
247386,2025-11-23,145000.0
247394,2025-12-23,60000.0
247408,2025-12-18,109000.0
247426,2025-12-12,115000.0
247431,2025-12-23,20000.0
247450,2025-12-03,170000.0
247452,2025-11-08,185000.0
247454,2026-01-21,469000.0
247482,2025-11-22,19000.0
247532,2025-12-06,1150000.0
247555,2025-11-20,70000.0
247558,2025-12-17,1200000.0
247982,2025-12-20,45000.0
247984,2025-12-11,45000.0
248015,2026-01-02,55000.0
248017,2025-12-30,49000.0
248035,2025-12-21,15000.0
248047,2025-11-11,319000.0
248050,2025-12-30,39000.0
248052,2025-12-07,890000.0
248061,2025-12-28,25000.0
248063,2025-12-27,25000.0
248066,2025-12-18,399000.0
248072,2025-11-25,2900000.0
248106,2025-12-26,75000.0
248117,2025-12-29,39000.0
248122,2025-12-22,49000.0
248150,2025-12-17,49000.0
248153,2025-12-29,49000.0
248154,2025-12-10,1169000.0
248165,2025-12-28,45000.0
248170,2025-12-28,25000.0
248173,2025-12-22,45000.0
248176,2025-12-29,25000.0
248192,2025-11-08,130000.0
248218,2025-12-19,85000.0
248238,2025-12-31,15000.0
248243,2025-11-14,15000.0
248262,2025-12-10,15000.0
248275,2025-12-20,225000.0
248300,2025-11-11,139000.0
248303,2025-11-24,25000.0
248312,2025-12-13,19000.0
248332,2025-11-11,115000.0
248339,2025-10-26,195000.0
248341,2025-10-19,155000.0
248366,2025-11-21,169000.0
248382,2025-11-28,30000.0
248388,2025-12-31,19000.0
248408,2025-11-16,179000.0
248424,2025-11-14,179000.0
248491,2025-12-24,35000.0
248494,2025-12-21,25000.0
248523,2025-11-30,55000.0
248542,2025-12-05,175000.0
250284,2025-11-26,65000.0
250289,2025-12-30,59000.0
250293,2025-12-27,49000.0
250298,2025-11-11,65000.0
250314,2025-12-20,59000.0
250325,2025-12-28,25000.0
250331,2025-12-21,25000.0
250333,2025-12-24,29000.0
250339,2026-02-06,25000.0
250344,2025-12-30,19000.0
250345,2025-12-20,15000.0
250362,2025-12-28,19000.0
250369,2025-12-30,15000.0
250384,2025-12-16,65000.0
250419,2025-11-11,39000.0
250421,2025-12-08,25000.0
250426,2025-12-21,25000.0
250465,2025-11-24,15000.0
250474,2025-12-20,15000.0
250489,2025-11-06,29000.0
250491,2025-12-17,5000.0
250528,2025-12-04,105000.0
250529,2025-11-01,199000.0
250541,2025-11-17,175000.0
250548,2025-12-23,49000.0
250552,2025-12-06,79000.0
250559,2025-11-16,69000.0
250563,2025-11-23,289000.0
250574,2025-11-15,215000.0
250577,2025-11-09,189000.0
250591,2025-12-10,209000.0
250599,2025-11-18,95000.0
250612,2025-12-15,89000.0
250619,2025-12-23,89000.0
250620,2025-12-30,109000.0
250634,2025-11-13,19000.0
250650,2025-11-04,259000.0
250656,2025-11-09,235000.0
250661,2025-11-14,225000.0
250665,2025-12-06,35000.0
250745,2025-12-20,90000.0
250770,2025-12-23,39000.0
251624,2025-12-23,23500.0
253968,2025-12-04,319000.0
253985,2025-12-28,79000.0
253986,2025-12-29,85000.0
253994,2025-12-17,85000.0
253995,2025-12-12,85000.0
253996,2025-12-16,19000.0
254116,2025-11-07,1970000.0
254126,2025-12-13,29000.0
254263,2025-12-24,10000.0
254268,2025-12-30,10000.0
254276,2025-12-24,3000.0
254277,2026-02-13,45000.0
254283,2025-10-29,35000.0
254284,2025-12-22,85000.0
254289,2025-12-14,49000.0
254293,2025-10-29,35000.0
254460,2025-12-23,29000.0
254462,2025-12-24,55000.0
254463,2025-12-23,29000.0
254475,2025-12-14,69000.0
254484,2025-12-05,235000.0
254489,2025-12-21,35000.0
254499,2025-12-23,25000.0
254527,2025-12-26,39000.0
254544,2025-12-30,9000.0
254546,2025-12-09,149000.0
254547,2025-12-16,309000.0
254653,2025-12-24,25000.0
254656,2025-12-29,15000.0
254661,2025-12-31,15000.0
254668,2025-12-23,145000.0
254675,2025-12-09,35000.0
254681,2025-12-28,29000.0
254698,2025-12-17,69000.0
254702,2025-12-28,39000.0
254706,2025-12-28,15000.0
254741,2025-12-20,55000.0
254756,2025-11-23,199000.0
254769,2025-12-14,29000.0
254783,2025-12-10,95000.0
254794,2025-12-24,29000.0
254797,2025-12-07,79000.0
254805,2025-12-19,19000.0
254806,2025-12-21,19000.0
254877,2025-12-08,15000.0
255234,2025-12-14,850000.0
255412,2025-12-22,42000.0
255414,2026-01-24,35000.0
255710,2025-12-20,30000.0
256005,2025-12-19,130000.0
256011,2025-12-19,25000.0
256019,2025-12-19,98000.0
256032,2025-12-09,122000.0
256036,2025-12-09,120000.0
256046,2025-12-06,90000.0
256054,2025-12-04,228000.0
256598,2025-12-29,94000.0
256695,2025-12-16,15000.0
256707,2025-12-24,40000.0
257094,2025-12-24,160000.0
257354,2026-01-12,72000.0
257379,2025-12-28,15000.0
257400,2026-03-28,72000.0
257403,2026-02-14,72000.0
257545,2025-12-24,170000.0
258248,2025-12-29,120000.0
258975,2026-04-17,85000.0
62925,2025-12-24,97900.0
62927,2025-11-14,172900.0
62947,2026-03-30,38900.0
92424,2024-12-11,52000.0
93922,2025-12-24,9000.0
