sku,codigo_barras,nombre,nombre_corto,unidad,pais_origen,precio_costo,fecha_ultima_compra,fecha_ultima_actualizacion,fecha_alta,categoria_id,cantidad_stock,perecedero
247329,247329,ESFERA DECOR 10X10X10CM 180-3300968,Esfera Decorativa,Unid,Panamá,14687.0,,,2025-08-28 14:20:41.923,6253,55.0,false
215773,215773,BOLA D/AGUA 200-7600181,Esfera Decorativa,Unid,Panamá,18548.0,,,2024-07-29 14:33:23.490,6253,0.0,false
246244,246244,TAZA DE 400ML JSR-DEC-24-107,TAZA DE 400ML,Unid,China,16568.0,,,2025-08-22 19:44:49.140,6266,3.0,false
197489,197489,CARTA PARA SANTA,CARTA PARA SANTA,Unid,Paraguay,36363.6364,,,2023-12-13 10:01:16.393,6281,2.0,false
246879,246879,CASA DECOR C/LUZ A/BAT3 8.8X7.8X10CM 202-5100014,CASA DECOR C/LUZ A/B,Unid,Panamá,19151.0,,,2025-08-27 10:37:26.793,6257,3.0,false
247244,247244,RAMA DECOR 140-2501544,Rama Decorativa Roja,Unid,Panamá,15023.0,,,2025-08-28 13:45:15.270,7370,1.0,false
250456,250456,RELLENO 9P 71CM DORADO 831-AMX044- 25147,Relleno Dorado 71cm,Unid,China,10257.0,,,2025-09-24 11:33:40.010,7370,182.0,false
254542,254542,SET BOLA NAVIDEÑA 10CM CHAMPAGNE NB2519-6332,SET BOLA NAVIDEÑA 10,Unid,Panamá,15054.0,,,2025-10-23 15:54:14.537,6253,11.0,false
213761,213761,TAZA DE TE C/PLATILLO SOLDADOS 1255-104F,TAZA TE C/PLATILLO,Unid,Brasil,39592.0,,,2024-06-27 13:50:47.817,6266,0.0,false
248462,248462,ARBOL NIEVE C/LUZ A/BAT2 9.5X9.5X17CM 201-9700160B,Árbol Nieve Luminoso,Unid,Panamá,73665.0,,,2025-09-12 09:14:22.897,6257,2.0,false
256027,256027,Llavero Navidad F,Llavero Navidad F,Unid,Paraguay,13636.3649,,,2025-11-19 09:13:37.557,6280,2.0,false
245984,245984,SANTA DECOR PIE GRANDE 22X10X64CM 150-8101101,Santa Decorativo,Unid,Panamá,64292.0,,,2025-08-21 15:53:46.940,6286,0.0,false
248392,248392,BANDEJA DISEÑO PASTILLA MENTA 201-5400094,BANDEJA DISEÑO PASTI,Unid,Panamá,67647.0,,,2025-09-11 14:10:50.927,6262,0.0,false
215191,215191,ARBOL 210CM 110-1400115,ARBOL 210CM 110-1400,Unid,Panamá,712216.0,,,2024-07-22 13:33:18.440,6259,3.0,false
247057,247057,JG BOLA  6PZ 8X16X24CM 130-2502547,Esferas Rojas 6PZ,Unid,Panamá,37431.0,,,2025-08-28 11:11:12.160,6253,31.0,false
246265,246265,DECORACIÓN NAVIDEÑA JSR-DEC-24-313,DECORACIÓN NAVIDEÑA,Unid,China,3922.0,,,2025-08-22 20:59:31.617,6257,2.0,false
250355,250355,PONSETIA 11P 30X30CM DORA 831-AMX044- 25151,PONSETIA 11P 30X30CM,Unid,China,8274.0,,,2025-09-24 10:36:11.510,7373,74.0,false
247393,247393,VELA 8.50X8.50X10CM 200-9500045,Vela Elegante 10cm,Unid,Panamá,45069.0,,,2025-08-28 15:16:13.170,6298,20.0,false
215514,215514,JG BOLA DECOR 130-5001788,JG BOLA 130-5001788,Unid,Panamá,45839.0,,,2024-07-23 11:55:00.777,6253,0.0,false
162383,162383,FLOR DECOR 140-2500772,FLOR DECOR 140-25007,Unid,Panamá,7483.0,,,2022-09-26 09:27:53.057,7373,1.0,false
250615,250615,ESTRELLA DECO 135CM DORAD 831-D105-2528G,Estrella Dorada,Unid,China,139809.0,,,2025-09-24 14:03:05.067,6256,12.0,false
246030,246030,JG COPA/TAPON P/BOTELLA 2PZ 560ML 9X9X16CM 180-040,Copa Tapón Festiva,Unid,Panamá,54841.0,,,2025-08-22 09:28:05.980,7337,0.0,false
247401,247401,JG MARIPOSAS DECOR 2PZ 130-1900845,Mariposas,Unid,Panamá,21233.0,,,2025-08-28 15:30:23.920,6257,3.0,false
247225,247225,ADORNO COLGANTE 11X11X25CM 130-4900175,Adorno Colgante,Unid,Panamá,32565.0,,,2025-08-28 13:39:16.943,7333,0.0,false
191362,191362,ESTRELLA GR,ESTRELLA GR,Unid,Paraguay,10909.0909,,,2023-10-13 16:00:30.683,6257,0.0,false
246771,246771,CASA DECOR C/LUZ A/BAT2 8.3X6.2X9.7CM 201-2801049,CASA DECOR C/LUZ A/B,Unid,Panamá,21429.0,,,2025-08-27 08:28:27.903,6257,0.0,false
215860,215860,ARBOL DECO C/LUZ 140-0500465,ARBOL DECO C/LUZ 140,Unid,Panamá,59708.0,,,2024-07-30 10:53:21.230,6257,0.0,false
247416,247416,SANTA DECOR 25X14X50.5CM 160-4503788,SANTA DECOR 25X14X50,Unid,Panamá,127065.0,,,2025-08-28 15:44:02.903,6255,0.0,false
254278,254278,CAJA RECT CHARMING RED G 46X33X14 1UN 13006049,CAJA RECT CHARMING R,Unid,Brasil,26677.0,,,2025-10-22 09:53:38.733,6273,48.0,false
256449,256449,IMAGENES EN RELIEVE,IMAGENES EN RELIEVE,Unid,Paraguay,150000.0,,,2025-11-25 16:05:01.207,6288,3.0,false
248009,248009,BOLA RATÁN DORADA 4 PIEZAS 1071071,BOLA RATÁN DORADA,Unid,Brasil,20276.0,,,2025-09-09 09:27:06.027,6253,105.0,false
248486,248486,RAMA DECOR ACEBO C/FRUTA 30X14X14CM 140-5201707,Rama Decorativa,Unid,Panamá,7525.0,,,2025-09-12 10:12:51.960,7370,0.0,false
246005,246005,INDIVIDUAL SANTA 45X33CM 170-2800459,INDIVIDUAL 45X33CM 1,Unid,Panamá,8605.0,,,2025-08-21 16:50:10.097,6291,13.0,false
163637,163637,Tallo Navideño 73cm QD2206-1429,Tallo Navideño 73cm,Unid,Panamá,14094.0,,,2022-10-05 11:04:05.380,7370,13.0,false
247186,247186,PONSETIA DECOR 140-2501435,Poinsetia Festiva,Unid,Panamá,9819.0,,,2025-08-28 13:23:02.213,7373,8.0,false
250363,250363,PONSETIA 33X40CM 14P AZU 831-AMX001- 25112W,Poinsettia Azul,Unid,China,11118.0,,,2025-09-24 10:41:56.030,7373,41.0,false
247114,247114,JG BOLAS 4PZ 10CM 130-5002102,Bolas Decorativas,Unid,Panamá,41376.0,,,2025-08-28 12:09:07.240,6253,36.0,false
194059,194059,Kit 6 posavasos Flor de Navidad,Kit 6 posavasos Flor,Unid,Paraguay,41363.6375,,,2023-11-21 08:52:32.553,6295,0.0,false
257047,257047,CARRETA NAVIDEÑA,CARRETA NAVIDEÑA,Unid,Paraguay,54545.4533,,,2025-12-03 14:18:23.933,6288,1.0,false
192369,192369,ADORNO ESTRELLA  831-XMTX306-174G,ADORNO ESTRELLA  831,Unid,Panamá,24962.0,,,2023-10-25 17:00:18.390,6257,2.0,false
247467,247467,PLACA D/PARED 202-1900011,Placa Musical Dorada,Unid,Panamá,90474.0,,,2025-08-28 16:22:41.143,7333,23.0,false
248322,248322,JG CAJAS DE REGALO C/LUZ 3PZ A/BAT2 200-2100880B,JG CAJAS DE REGALO C,Unid,Panamá,178432.0,,,2025-09-10 14:57:46.803,6273,0.0,false
217058,217058,831-XMTX532-2427H PASTILLERO DORA-BCO,PASTILLERO DORA-BCO,Unid,Panamá,20598.0,,,2024-08-23 11:52:58.110,6257,0.0,false
218597,218597,831-D011-030 VILLA NEVIDEÑA C-LUZ,VILLA NEVIDEÑA C-LUZ,Unid,Panamá,176676.0,,,2024-09-13 11:38:17.983,6257,0.0,false
254273,254273,BOLSA TRANSP 60X75 MERRY XMAS 11200855,BOLSA TRANSP 60X75 M,Unid,Brasil,3129.0,,,2025-10-22 09:43:55.233,6269,125.0,false
161669,161669,REGALO C/ LUZ 201-1800131,REGALO C/ LUZ 201-18,Unid,Panamá,327889.0,,,2022-09-19 08:22:08.523,6257,1.0,false
215520,215520,PLATO 180-5100009,PLATO 180-5100009,Unid,Panamá,7933.0,,,2024-07-23 13:22:08.863,6264,0.0,false
222455,222455,ANGEL NEGRO BEATRIZ ALLEN,ANGEL NEGRO BEATRIZ,Unid,Paraguay,156363.6363,,,2024-11-12 09:24:01.180,6255,0.0,false
215508,215508,JG BOLA DECOR  130-5001777,JG BOLA 130-5001777,Unid,Panamá,43768.0,,,2024-07-23 11:45:46.770,6253,0.0,false
216869,216869,RAMA DECOR 140-3400181,RAMA DECOR 140-34001,Unid,URUGUAY,23324.0,,,2024-08-20 12:07:21.410,7370,2.0,false
219827,219827,1021867 SERVILLETA PAPEL NAVIDAD,SERVILLETA PAPEL NAV,Unid,Brasil,14726.0,,,2024-09-26 10:52:06.693,6296,0.0,false
203486,203486,1229-122 FUENTE NUECES,1229-122 FUENTE,Unid,Brasil,69555.0,,,2024-02-21 10:10:45.870,6262,3.0,false
186956,186956,BOLA DECOR 201-3500086,BOLA DECOR 201-35000,Unid,Panamá,22655.0,,,2023-08-07 13:45:05.047,6253,21.0,false
250735,250735,TAZA D TÉ C/PLATITO MERRY CHRISTMAS 250ML 7612-104,TAZA D TÉ C/PLATITO,Unid,Brasil,17659.0,,,2025-09-25 10:25:16.717,6266,0.0,false
247050,247050,JG BOLA  4PZ 10X20X20CM 130-2502469,Bolas Decorativas,Unid,Panamá,39026.0,,,2025-08-28 11:05:25.367,6253,59.0,false
186672,186672,CINTA 130-5400299,CINTA 130-5400299,Unid,Panamá,17472.0,,,2023-08-04 08:47:21.680,6278,1.0,false
250759,250759,PLATO POSTRE CONTOY 21 CM 8125-103,PLATO POSTRE CONTOY,Unid,Brasil,14728.0,,,2025-09-25 11:05:08.037,6264,11.0,false
217424,217424,CALENDARIO DECO 201-2500366,CALENDARIO DECOR,Unid,Panamá,15670.0,,,2024-08-28 09:30:06.547,6257,0.0,false
222333,222333,ARBOL+CANASTA 126/114,ARBOL+CANASTA,Unid,Paraguay,277558.3,,,2024-11-05 14:51:18.127,6256,1.0,false
215293,215293,SANTA 150-8100966A,SANTA 150-8100966A,Unid,Panamá,17473.0,,,2024-07-23 09:30:30.403,6257,0.0,false
245846,245846,RAMA DECOR 2X20X76CM 140-2200851,Rama Decorativa,Unid,Panamá,38303.0,,,2025-08-20 15:22:30.690,7373,25.0,false
246437,246437,ALFOMBRA DE NAVIDAD DE 90 CM JSR-DEC-24-538,ALFOMBRA DE NAVIDAD,Unid,China,45782.0,,,2025-08-23 01:25:18.930,6439,0.0,false
248380,248380,RAMA DECOR GRUESA NEGRA 12X80X12CM 201-3500339,Rama Decorativa,Unid,Panamá,11371.0,,,2025-09-11 13:48:05.643,7370,87.0,false
246747,246747,JG ALAMBRE P/DECORACION 3 PZ 100CM 201-0300723,Alambre Decorativo,Unid,Panamá,6243.0,,,2025-08-26 16:10:15.340,6257,1.0,false
250290,250290,JGO 4 ESFERAS 10CM CAJA  831-239-2470CH,Juego Esferas,Unid,China,22495.0,,,2025-09-24 09:50:10.727,6253,0.0,false
219863,219863,1058469 SERVILLETA PLOMO,SERVILLETA  PLOMO,Unid,Brasil,14726.0,,,2024-09-26 13:38:26.867,6296,0.0,false
222680,222680,ATADOS DE PAJA,ATADOS DE PAJA,Unid,Paraguay,22727.2733,,,2024-11-15 14:17:58.360,7373,1.0,false
215906,215906,CASCABEL 202-1000003,CASCABEL 202-1000003,Unid,Panamá,287880.0,,,2024-07-30 11:53:34.120,6256,0.0,false
255390,255390,CANASTA ROJA CH 831-XDA33-2503,CANASTA ROJA CH 831-,Unid,Estados Unidos,27949.9125,,,2025-11-10 10:28:07.127,6275,0.0,false
219692,219692,170-3000381 COJIN 76X22CN,COJIN 170-3000381,Unid,Panamá,99880.0,,,2024-09-25 14:05:55.167,6289,0.0,false
136615,136615,ARBOL  240CM  NB24190-130,ARBOL  240CM  NB2419,Unid,Paraguay,655249.0,,,2021-09-15 15:40:43.453,6260,0.0,false
217060,217060,831-XMFE28-2408Z15 INDIVIDUAL 33X45CM CREMA,INDIVIDUAL 33X45CM,Unid,Panamá,11522.0,,,2024-08-23 13:33:56.130,6291,0.0,false
186666,186666,JGO BOLAS 4PZ 130-5001534,JGO BOLAS 4PZ 130-50,Unid,Panamá,36951.0,,,2023-08-04 08:36:33.597,6253,0.0,false
194672,194672,VELA A BATERIA 415-690006,VELA A BATERIA 415-6,Unid,Panamá,29697.5714,,,2023-11-27 11:20:22.190,6298,6.0,false
255381,255381,VELA 165G GALLETITAS NAVIDEÑAS,VELA 165G GALLETITAS,Unid,Paraguay,41363.6366,,,2025-11-07 14:39:08.287,6298,0.0,false
222359,222359,831-XMFE104-24051 SAN-HNIE 13CM,SAN-HNIE 13CM,Unid,Panamá,9015.9166,,,2024-11-06 14:59:46.850,6272,4.0,false
163482,163482,ORNAMENTO ANGEL 831-D007-017,ORNAMENTO ANGEL 831-,Unid,Panamá,9633.0,,,2022-10-04 13:33:33.483,6257,0.0,false
247009,247009,JG BOLAS DECOR 6PZ 8X8X8CM 130-1900708,Bolas Decorativas,Unid,Panamá,30130.0,,,2025-08-28 10:32:22.197,6253,8.0,false
247202,247202,BOLA DECOR 8X8X8CM 201-1300241,Esfera Decorativa,Unid,Panamá,10491.0,,,2025-08-28 13:29:17.717,6253,1.0,false
161314,161314,RAMA DECO 140-5200717,RAMA DECO 140-520071,Unid,Panamá,16319.0,,,2022-09-14 09:07:33.997,7370,2.0,false
223569,223569,VELA NAVIDAD 2024 BOHO CON FLOR GIA00622,VELA NAVIDAD 2024,Unid,Paraguay,63636.3636,,,2024-11-25 16:45:27.787,6298,0.0,false
219572,219572,130-9502632 JG BOLA DECOR,130-9502632 JG BOLA,Unid,Panamá,19130.0,,,2024-09-23 15:44:33.777,6253,0.0,false
254507,254507,RECIPIENTE NAVIDEÑO SET DE 3 NB2519-5733,RECIPIENTE NAVIDEÑO,Unid,Panamá,42813.0,,,2025-10-23 14:06:56.933,6262,0.0,false
246037,246037,JG TAZON C/BANDEJA 4PZ 28.5X10X4.6CM 180-2000051,Set Tazones,Unid,Panamá,34845.0,,,2025-08-22 09:50:00.157,7338,0.0,false
247449,247449,CAMPANA C/LUZ 201-8000012,CAMPANA C/LUZ 201-80,Unid,Panamá,32144.0,,,2025-08-28 16:08:04.517,7339,1.0,false
215890,215890,PONSETIA DECO 140-2501235,PONSETIA DECO 140-25,Unid,Panamá,10536.0,,,2024-07-30 11:34:01.500,7373,0.0,false
163469,163469,MOLDE REPOSTERIA 831-XDA03-021,MOLDE REPOSTERIA 831,Unid,Panamá,25333.0,,,2022-10-04 11:34:01.460,6268,0.0,false
222583,222583,SERVILLETA ÑAVIDEÑA,SERVILLETA ÑAVIDEÑA,Unid,Panamá,5917.0,,,2024-11-13 16:38:57.737,6296,153.0,false
256010,256010,KIT RITUAL NATURAL,KIT RITUAL NATURAL,Unid,Paraguay,59090.91,,,2025-11-18 11:12:59.687,6298,0.0,false
215883,215883,ARBOL DECOR 140-1500658,ARBOL DECOR 140-1500,Unid,Panamá,14409.0,,,2024-07-30 11:24:49.240,6257,0.0,false
218625,218625,831-239-2457G ESFERA DISPLAY 6,ESFERA DISPLAY 6,Unid,Panamá,30901.0,,,2024-09-13 14:12:33.573,6253,0.0,false
162616,162616,VINCHA 170-3100146,VINCHA 170-3100146,Unid,Panamá,11905.0,,,2022-09-28 15:25:53.157,6257,2.0,false
223571,223571,DIFUSOR 250ML EUCALIPTO+LAVANDA GIA0012,DIFUSOR 250ML 0012,Unid,Paraguay,76363.6372,,,2024-11-25 16:46:59.630,6298,5.0,false
246279,246279,DECORACIÓN NAVIDEÑA 18 X 60 CM JSR-DEC-24-412,Figurita Navideña,Unid,China,29018.0,,,2025-08-22 21:36:16.343,6257,0.0,false
186765,186765,CAMINO D/MESA 150-8100892,CAMINO D/MESA 150-81,Unid,Panamá,69638.0,,,2023-08-04 15:01:15.977,6290,0.0,false
247168,247168,FLOR DECOR 140-5201718,Flor Decorativa Roja,Unid,Panamá,13008.0,,,2025-08-28 13:08:05.200,7373,1.0,false
219895,219895,202-0100009 CASA C/LUZ A BATERIA,CASA C/LUZ A BAT,Unid,Panamá,39088.0,,,2024-09-26 14:38:11.860,6257,1.0,false
254873,254873,PICK PINO CON HOJA DE EUCALIPTO XM25206-21,PICK PINO CON HOJA D,Unid,Panamá,17403.0,,,2025-10-29 11:57:01.263,7370,6.0,false
254288,254288,CESTA CARTA CRISCART CIMA VRM ROJO 1UN 252565-AC,CESTA CARTA CRISCART,Unid,Brasil,17751.0,,,2025-10-22 10:15:04.383,6276,0.0,false
160578,160578,RAMA DECOR 140-1500294,RAMA DECOR 140-15002,Unid,Panamá,13808.0,,,2022-08-27 09:42:17.963,7370,0.0,false
247285,247285,RAMA DECOR 140-5201728,Rama Decorativa,Unid,Panamá,19303.0,,,2025-08-28 13:55:44.907,7370,1.0,false
217063,217063,831-MX2416-2457L ARBOL LED 58CM,ARBOL LED 58CM,Unid,Panamá,78106.0,,,2024-08-23 13:59:17.700,6257,0.0,false
215523,215523,CARRUAJE SANTA C/LUZ  200-1000114,CARRUAJE 200-1000114,Unid,Panamá,154983.0,,,2024-07-23 13:28:10.057,6257,0.0,false
254502,254502,CAJA IMPRESA DE NAVIDAD PARA COLGAR  NB2519-5729,CAJA IMPRESA DE NAVI,Unid,Panamá,9050.0,,,2025-10-23 14:03:43.120,6273,0.0,false
247341,247341,ARDILLA DECOR 20X14X19CM 202-2500037,Ardilla Decorativa,Unid,Panamá,61937.0,,,2025-08-28 14:29:24.557,6255,0.0,false
255002,255002,CAJA 24X24X10 VERDE,CAJA 24X24X10 VERDE,Unid,Paraguay,34772.7273,,,2025-10-31 13:40:03.027,6273,0.0,false
248508,248508,SANTA COLGANTE DORADO 8X3X16CM 150-8000600,Santa Colgante,Unid,Panamá,13628.0,,,2025-09-12 10:36:13.590,7333,6.0,false
161682,161682,ADORNO P/ COLGAR 201-8900352,Adorno Colgar 201,Unid,Panamá,8619.0,,,2022-09-19 08:54:48.813,6257,59.0,false
217171,217171,831-2788-239101375R BALL 15M FELPA,Esfera Rojo Felpa,Unid,Panamá,17412.0,,,2024-08-26 09:22:44.673,6253,0.0,false
248365,248365,CASA NAV. C/LUZ 20X13.50X20CM 201-2200224,CASA NAV. C/LUZ 20X1,Unid,Panamá,72912.0,,,2025-09-11 09:02:42.867,6257,0.0,false
254272,254272,BOLSA TRANSP 80X90 PAPÁ NOEL CH 11200840,BOLSA TRANSP 80X90 P,Unid,Brasil,4486.0,,,2025-10-22 09:42:35.127,6269,100.0,false
217428,217428,JG ARBOLES C/LUZ A/BAT 200-2100839,JG ARBOLES C/LUZ A/B,Unid,Panamá,169216.0,,,2024-08-28 09:35:06.383,6257,0.0,false
246322,246322,SERVILLETA 16.5 X 16.5 CM 20 PCS JSR-APR25-35,SERVILLETA 20 PCS,Unid,China,3137.0,,,2025-08-22 22:34:27.490,6319,23.0,false
219910,219910,202-0500004 CASCANUECES,CASCANUECES 202-0500,Unid,Panamá,42123.0,,,2024-09-26 14:56:00.740,7340,0.0,false
162301,162301,FLOR DECOR 140-2500187,FLOR DECOR 140-25001,Unid,Panamá,11649.0,,,2022-09-23 17:05:36.343,7373,6.0,false
187805,187805,LINTERNA C/LUZ 200-4300029,LINTERNA C/LUZ 200-4,Unid,Panamá,112392.0,,,2023-08-14 16:01:49.993,6285,0.0,false
247077,247077,CINTA 6CM 130-3400510,CINTA 6CM 130-340051,Unid,Panamá,12925.0,,,2025-08-28 11:52:23.627,6278,0.0,false
247310,247310,RAMA DECOR 70X30X10CM 140-5702932,Rama Decorativa 70cm,Unid,Panamá,29040.0,,,2025-08-28 14:03:34.313,7370,0.0,false
248505,248505,MAGNOLIA DECOR DORADO 140-5803044,Flor Decorativa,Unid,Panamá,13043.0,,,2025-09-12 10:32:05.930,7373,0.0,false
187010,187010,JGO DE PIÑAS 201-3500095,JGO DE PIÑAS 201-350,Unid,Panamá,61029.0,,,2023-08-07 15:20:13.397,6257,6.0,false
215746,215746,PLANTA C/POTE 140-1300909,PLANTA 140-1300909,Unid,Panamá,68095.0,,,2024-07-29 11:17:00.580,7371,0.0,false
218620,218620,831-XB043Z14 JGO 3 ESFERAS,JGO 3 ESFERAS,Unid,Panamá,42123.0,,,2024-09-13 13:59:47.780,6253,1.0,false
140279,140279,CAJA NAVIDEÑA DECO 831-XMTX194-244L-21C,CAJA NAVIDEÑA DECO 8,Unid,Panamá,22041.0,,,2021-11-11 12:23:34.300,6274,2.0,false
215281,215281,HOMBRE D/NIEVE 150-8000527B,HOMBRE 150-8000527B,Unid,Panamá,15772.0,,,2024-07-23 09:21:46.490,6257,0.0,false
248470,248470,ÁRBOL VERDE ÁRBOL DECODECOR 15X15X52CM 202-1800012,Árbol Verde 15x15x52,Unid,Panamá,42058.0,,,2025-09-12 09:45:45.977,6258,0.0,false
247389,247389,VELA 8X8X11.50CM 200-9500041,Vela Elegante 8x8 cm,Unid,Panamá,45069.0,,,2025-08-28 15:14:16.697,6298,0.0,false
222584,222584,SERVILLETA ÑAVIDEÑA,SERVILLETA ÑAVIDEÑA,Unid,Panamá,10007.0,,,2024-11-13 16:39:47.670,6296,17.0,false
257049,257049,CASITA NAVIDEÑA,CASITA NAVIDEÑA,Unid,Paraguay,45454.55,,,2025-12-03 14:19:49.947,6288,0.0,false
160811,160811,RAMA DECOR 140-5101172,RAMA DECOR 140-51011,Unid,Panamá,10294.0,,,2022-09-02 10:58:50.160,7370,3.0,false
215518,215518,JG BOLA DECOR 130-5001792,JG BOLA 130-5001792,Unid,Panamá,43768.0,,,2024-07-23 12:00:40.857,6253,29.0,false
218633,218633,130-9502524 JG BOLA DECOR,,Unid,Panamá,29429.0,,,2024-09-13 14:35:33.233,6253,0.0,false
254267,254267,CAJAS GORRO NOEL HOHO 3PCS 1020649,CAJAS GORRO NOEL HOH,Unid,Brasil,46637.0,,,2025-10-22 09:30:28.280,6273,0.0,false
224348,224348,FLOR NAVIDEÑA ROJA LY21-162,FLOR NAVIDEÑA ROJA,Unid,Paraguay,4090.909,,,2024-12-06 10:07:07.843,7373,165.0,false
160629,160629,RAMA DECOR 140-4100749,RAMA DECOR 140-41007,Unid,Panamá,16319.0,,,2022-08-30 11:08:03.653,7370,0.0,false
248376,248376,RAMA DECOR ROJO 20X76X8CM 201-3500322,Rama Decorativa Roja,Unid,Panamá,13880.0,,,2025-09-11 10:55:33.940,7370,85.0,false
254266,254266,BOLSA TRANSP 80X90 INCOLORA 52235,BOLSA TRANSP 80X90 I,Unid,Brasil,2387.0,,,2025-10-22 09:28:37.973,6270,258.0,false
254789,254789,ANILLO DE VELA DE NAVIDAD SZ2519-1531,ANILLO DE VELA DE NA,Unid,Panamá,17143.0,,,2025-10-28 10:28:08.910,6298,4.0,false
217078,217078,POINSETIA DECOR 140-4101721,POINSETIA DECOR 140-,Unid,Panamá,18641.0,,,2024-08-23 14:29:31.797,7373,15.0,false
248521,248521,MUÑECOS D/GENGIBRE DECO 2SURT 150-8000647,Muñecos Jengibre,Unid,Panamá,13628.0,,,2025-09-12 10:47:35.707,7333,0.0,false
245806,245806,ADORNO COLGANTE 6.50X28X0.50CM 140-1900300,Adorno Copo Nieve,Unid,Panamá,10209.0,,,2025-08-19 16:46:52.160,6257,1.0,false
246213,246213,BOLA DE NAVIDAD DE 15 CM JSR-DEC-24-15,Bola Navidad 15 cm,Unid,China,9705.0,,,2025-08-22 18:28:14.987,6253,3.0,false
246239,246239,ESTRELLA DE NAVIDAD DE 15 CM JSR-DEC-24-75,Estrella Roja 15 cm,Unid,China,15392.0,,,2025-08-22 19:39:15.370,6257,6.0,false
254875,254875,PINO MIXTO CON LAGRIMA XM25206-23,PINO MIXTO CON LAGRI,Unid,Panamá,64829.0,,,2025-10-29 12:12:18.460,7370,0.0,false
217289,217289,831-XR23-03 BOTA NAVIDEÑA RB,BOTA NAVIDEÑA RB,Unid,Panamá,42624.0,,,2024-08-26 16:30:29.560,6257,2.0,false
248363,248363,CASA NAV C/LUZ A/BAT2 21X11X28CM 200-9800241,CASA NAV C/LUZ A/BAT,Unid,Panamá,70737.0,,,2025-09-11 08:58:37.550,6257,0.0,false
245963,245963,ELFA DECOR RAYAS 22X9X69CM 150-8101052,ELFA DECOR 22X9X69CM,Unid,Panamá,72897.0,,,2025-08-21 14:24:01.083,6286,0.0,false
217233,217233,RAMA DECOR 140-5201408,RAMA DECOR 140-52014,Unid,Panamá,16210.0,,,2024-08-26 14:13:37.663,7370,0.0,false
246208,246208,BOLA DE NAVIDAD DE 10 CM JSR-DEC-24-8.,Bola Navidad 10 cm,Unid,China,3431.0,,,2025-08-22 18:23:54.730,6253,43.0,false
217529,217529,ESTRELLA 201-2200141,ESTRELLA 201-2200141,Unid,Panamá,23866.0,,,2024-08-28 11:51:47.873,6257,0.0,false
77706,77706,ROSA DECOR 73CM 456-512083.,ROSA DECOR 73CM 456-,Unid,Panamá,8859.0,,,2018-10-19 10:09:18.470,7373,38.0,false
114986,114986,INDIVIDUAL AL-2020-2-65,INDIVIDUAL AL-2020-2,Unid,China,10981.0,,,2020-10-07 10:30:24.870,6291,0.0,false
247308,247308,RAMA DECOR 25CM 140-5702836,Rama Decorativa 25cm,Unid,Panamá,8560.0,,,2025-08-28 14:02:59.510,7370,0.0,false
248086,248086,MINI PINO BASE MADERA VERDE/GRANATE 1075162,MINI PINO BASE MADER,Unid,Brasil,32262.0,,,2025-09-09 10:48:09.207,6256,0.0,false
254646,254646,SET 2 PAPEL DE SEDA NB2519-7494,SET 2 PAPEL DE SEDA,Unid,Panamá,5917.0,,,2025-10-24 11:44:40.660,6280,103.0,false
166446,166446,SERVILLETA NAVIDEÑA ROJA,SERVILLETA NAVIDEÑA,Unid,Paraguay,14954.545,,,2022-10-20 10:21:41.320,6296,0.0,false
160628,160628,RAMA DECOR 140-4100748,RAMA DECOR 140-41007,Unid,Panamá,16319.0,,,2022-08-30 10:59:35.340,7370,0.0,false
62900,62900,LUZ 100F MULTI VERD 10MTS 220V,Luces Multicolor 10m,Unid,Paraguay,50836.3636,,,2017-10-30 14:18:03.920,6285,17.0,false
134416,134416,CINTA 2SURT 130-5400161,Cinta,Unid,Panamá,15076.8453,,,2021-08-24 14:18:32.163,6278,8.0,false
248115,248115,BOLA TUBO FOSCA DORADA 8CM JG 1026445,BOLA TUBO FOSCA DORA,Unid,Brasil,15805.0,,,2025-09-09 11:42:49.457,6253,0.0,false
247335,247335,ESFERA DECOR 8X8X8CM 180-3301058,Esfera Decorativa,Unid,Panamá,10238.0,,,2025-08-28 14:24:00.763,6253,11.0,false
193104,193104,CINTA AMERICANA 6CMX45MTS ESCOCESA 53517,CINTA AMERICANA 6CMX,Unid,Paraguay,218181.82,,,2023-11-02 11:56:56.733,6278,0.0,false
254649,254649,INDIVIDUALES NAVIDEÑOS VERDE NB2519-7593,INDIVIDUALES NAVIDEÑ,Unid,Panamá,10703.0,,,2025-10-24 11:51:03.647,6291,0.0,false
215047,215047,ADORNO C/LUZ 130-0200117,ADORNO 130-0200117,Unid,Panamá,59888.0,,,2024-07-19 09:51:57.400,6257,3.0,false
163573,163573,"CINTA 6,3CM NB22196-7","CINTA 6,3CM NB22196-",Unid,Panamá,21677.0,,,2022-10-05 09:39:44.807,6278,2.0,false
247115,247115,CINTA 6.3CM x 9YDS 130-5400617,CINTA 6.3CM x 9YDS 1,Unid,Panamá,20309.0,,,2025-08-28 12:09:12.720,6278,2.0,false
219587,219587,150-8100951B HOMBRE DE NIEVE,150-8100951B HDNIEVE,Unid,Panamá,17015.0,,,2024-09-23 16:11:22.763,6257,0.0,false
215013,215013,BOLA DECOR 121-0100002,BOLA 121-0100002,Unid,Panamá,89879.0,,,2024-07-19 08:43:27.833,6253,25.0,false
213753,213753,PLATO PRINCIPAL SOLDADO 1255-101,PLATO 1255-101,Unid,Brasil,39509.0,,,2024-06-27 13:45:48.453,6264,0.0,false
119254,119254,MOÑO DECO CH,MOÑO DECO CH,Unid,Paraguay,0.0,,,2020-12-08 14:54:07.900,6257,0.0,false
217324,217324,POINSETIA DECOR 140-5802650,POINSETIA DECOR,Unid,Panamá,19092.0,,,2024-08-27 10:15:05.380,7373,0.0,false
257588,257588,CAJA CH,CAJA CH,Unid,Paraguay,0.0,,,2025-12-09 11:45:27.797,6272,0.0,false
250670,250670,COLLAR PARA PERROS 24X15 831-XMSM225-033,Collar Navideño,Unid,China,10257.0,,,2025-09-24 15:09:29.330,6257,0.0,false
246026,246026,JG ACCESORIOS P/VINO 3PZ 16.5X14.5X4CM 180-0300057,Set Accesorios Vino,Unid,Panamá,31386.0,,,2025-08-22 09:21:59.213,6261,3.0,false
215222,215222,ADORNO P/COLGAR 130-5001204,ADORNO 130-5001204,Unid,Panamá,25028.0,,,2024-07-22 15:44:29.290,6257,0.0,false
255134,255134,CAJA CUADRADA C/ GALLETITAS SURTIDAS OP7,CAJA CUADRADA C/ GAL,Unid,Paraguay,141272.7275,,,2025-11-03 11:28:20.973,7361,0.0,true
250659,250659,COLGANTE SAN-HNIE-SO 831-XMTX532- 2508B1,Colgante Santa,Unid,China,39391.0,,,2025-09-24 14:56:59.203,7333,0.0,false
250644,250644,JGO 8 INDIVIDUALES C-PORTAVAS 831-XK05-A,Juego Individuales,Unid,China,12756.0,,,2025-09-24 14:38:45.237,6291,0.0,false
250425,250425,RELLENO 225CM VERDE-R 831-MXMAS91- 2524,Relleno Verde 225cm,Unid,China,4740.0,,,2025-09-24 11:20:38.320,7370,0.0,false
217071,217071,831-XB09-2401CO JGO2 ORNA RENO COBRE,JGO2 ORNA RENO COBRE,Unid,Panamá,83412.0,,,2024-08-23 14:14:45.063,6255,1.0,false
254257,254257,BOLSA TRANSP 60*75  52340,BOLSA TRANSP 60*75,Unid,Brasil,1500.0,,,2025-10-21 16:19:25.937,6270,256.0,false
217147,217147,831-P006-10R PORTAPLATO,PORTAPLATO,Unid,Panamá,7749.0,,,2024-08-23 16:19:37.700,6265,0.0,false
248016,248016,ESFERA FLOCADA Y CALADA ROJA 15CM 1081917,ESFERA FLOCADA Y CAL,Unid,Brasil,12186.0,,,2025-09-09 09:30:42.923,6253,58.0,false
250349,250349,PONSETIA 41CM PLATEADO 144 831-AMX018-2530,Poinsettia Plateada,Unid,China,9826.0,,,2025-09-24 10:32:44.470,7373,51.0,false
250462,250462,KIT PINTURA 6 ORNAMENTOS 2 831-D122-2501,KIT PINTURA 6 ORNAME,Unid,China,31116.0,,,2025-09-24 11:39:23.970,6257,0.0,false
254468,254468,SET BOLAS NAVIDEÑAS 10CM ROJO NB2515-417,SET BOLAS NAVIDEÑAS,Unid,Panamá,17664.0,,,2025-10-23 11:14:59.393,6253,0.0,false
217104,217104,RAMO DECOR 140-4101861,RAMO DECOR 140-41018,Unid,Panamá,21434.0,,,2024-08-23 14:50:54.267,7373,0.0,false
224472,224472,ESFERAS NAVIDEÑAS ROJAS LR7006AB-H-3,ESFERAS ROJAS LR7006,Unid,Paraguay,14318.1816,,,2024-12-09 14:25:17.020,6253,0.0,false
254121,254121,OSO NAVIDEÑO 20X19X46CM DL2516-131,OSO NAVIDEÑO 20X19X4,Unid,Panamá,100857.0,,,2025-10-20 16:05:11.647,6257,0.0,false
250295,250295,JGO 20 ESFERAS 6CM CAJA P 831-239-2451G,Juego Esferas,Unid,China,26892.0,,,2025-09-24 09:53:09.497,6253,0.0,false
162375,162375,FLOR DECOR  140-2500740,FLOR DECOR  140-2500,Unid,Panamá,6207.0,,,2022-09-26 09:16:00.570,7373,1.0,false
217359,217359,CAMINO D/MESA 170-2800395,CAMINO D/MESA 170-28,Unid,Panamá,30079.0,,,2024-08-27 11:18:06.943,6290,0.0,false
217091,217091,831-D011-2430 JUGUETERIA LED BAT-NOIN,JUGUETERIA LED,Unid,Panamá,201082.0,,,2024-08-23 14:41:35.113,6285,0.0,false
160412,160412,JG BOLA 4PZ 130-5000656,JG BOLA 4PZ 130-5000,Unid,Panamá,60088.0,,,2022-08-25 10:57:31.860,6253,0.0,false
192764,192764,ESFERA NAV 831-XMNBC01-0111220,ESFERA NAV 831-XMNBC,Unid,Panamá,11056.0,,,2023-10-30 16:34:05.083,6253,11.0,false
254700,254700,ADORNO PIÑA NAVIDEÑA QD2506-8226|,ADORNO PIÑA NAVIDEÑA,Unid,Panamá,19492.0,,,2025-10-24 15:59:55.767,6257,0.0,false
254530,254530,SET BOLA NAVIDEÑA 8CM VERDE NB2519-6176,SET BOLA NAVIDEÑA 8C,Unid,Panamá,15054.0,,,2025-10-23 15:05:11.543,6253,79.0,false
222347,222347,BOLSA 45X59 TRANSPARENTE 50480- 20695,BOLSA 45X59 TRANSPAR,Unid,Paraguay,2000.0,,,2024-11-05 15:53:00.470,6269,0.0,false
247406,247406,ADORNO DECOR 11X11X11CM 130-7000523,Adorno Rústico 11cm,Unid,Panamá,32899.0,,,2025-08-28 15:35:11.550,6257,22.0,false
186632,186632,ADORNO P/COLGAR 130-4200537,ADORNO P/COLGAR 130-,Unid,Panamá,11285.0,,,2023-08-03 15:51:06.740,6256,0.0,false
214792,214792,NACIMIENTO 200-0900002,NACIMIENTO 200-09000,Unid,Panamá,82639.0,,,2024-07-17 10:58:24.867,6288,0.0,false
247231,247231,ADORNO COLGANTE 8X7X7CM 130-5002077,Adorno Colgante Casa,Unid,Panamá,14099.0,,,2025-08-28 13:41:39.830,7333,0.0,false
160393,160393,JGO BOLA 4PZ 130-2500749,JGO BOLA 4PZ 130-250,Unid,Panamá,39752.0,,,2022-08-25 08:35:36.340,6253,21.0,false
191872,191872,PLATO HONDO COUP NATAL Ø21CM HARMONY,PLATO HONDO COUP NAT,Unid,Paraguay,29727.2726,,,2023-10-21 10:03:16.493,6264,21.0,false
250434,250434,RELLENO 70CM VERDE 144 831-AMX018-2538,Relleno Verde 70cm,Unid,China,10171.0,,,2025-09-24 11:25:10.270,7370,0.0,false
186759,186759,FALDA DE ARBOL 150-8100730,FALDA DE ARBOL 150-8,Unid,Panamá,157671.0,,,2023-08-04 14:35:17.220,6256,0.0,false
250320,250320,ESFERA 20CM ROJO 18 831-MX2467- 24256M,ESFERA 20CM ROJO 18,Unid,China,40511.0,,,2025-09-24 10:11:26.593,6253,0.0,false
215235,215235,RENO 130-5001872,RENO 130-5001872,Unid,Panamá,122029.0,,,2024-07-22 15:58:44.450,6257,0.0,false
215279,215279,150-1500058 RENO C/MUSICA,RENO 150-1500058,Unid,Panamá,84246.0,,,2024-07-23 09:19:48.417,6257,1.0,false
215427,215427,CINTA 130-3400527,CINTA 130-3400527,Unid,Panamá,20802.0,,,2024-07-23 10:49:22.937,6278,13.0,false
245991,245991,SANTA DECOR COLGANTE 11X4X37CM 150-8101122,SANTA DECOR 11X4X37C,Unid,Panamá,29867.0,,,2025-08-21 16:30:08.280,6286,3.0,false
194407,194407,PESEBRE 200-0900039,PESEBRE,Unid,Panamá,93442.0,,,2023-11-24 13:37:11.157,6288,1.0,false
217433,217433,CASCANUECES 200-4100281,CASCANUECES 200-4100,Unid,Panamá,47189.0,,,2024-08-28 09:40:18.980,7340,0.0,false
191694,191694,ESTRELLA PUNTA DE ARBOL NB2330-2099,ESTRELLA PUNTA DE AR,Unid,Panamá,11759.0,,,2023-10-19 14:59:32.157,6256,0.0,false
248145,248145,JG ADORNO P/ARBOL 2PC TIPO GOTA/ESPIRA 130-0500187,Adornos Gota Espiral,Unid,Panamá,43897.0,,,2025-09-09 11:52:45.030,6256,7.0,false
140067,140067,ESFERAS 831-XMTX349-081B,ESFERAS 831-XMTX349,Unid,Panamá,13829.4363,,,2021-11-09 16:30:23.560,6253,0.0,false
215764,215764,REGALO 200-6900485,REGALO 200-6900485,Unid,Panamá,23045.0,,,2024-07-29 13:54:37.483,6257,1.0,false
247019,247019,JG BOLAS 6PZ 8X8X8CM 130-1900825,Bolas Decorativas,Unid,Panamá,33319.0,,,2025-08-28 10:40:37.967,6253,0.0,false
247444,247444,ÁRBOL DE NAVIDAD 12X12X20CM 201-5400047,ÁRBOL DE NAVIDAD 12X,Unid,Panamá,76457.0,,,2025-08-28 16:04:05.597,6258,1.0,false
213866,213866,SERVILLETERO NAVIDAD JUGUETES ROJO 231.5707,SERVILLETERO 231.570,Unid,Brasil,56027.0,,,2024-06-28 11:39:22.360,6268,2.0,false
166920,166920,Posavaso Flor Coco - Muestra,Posavaso Flor Coco -,Unid,Paraguay,9545.45,,,2022-10-21 15:09:05.320,6295,0.0,false
254813,254813,ADORNO NAVIDEÑO CASA COLGANTE XM25181-5,ADORNO NAVIDEÑO CASA,Unid,Panamá,9485.0,,,2025-10-28 11:27:38.427,7333,0.0,false
254742,254742,CANASTA NAVIDAD MD VER 831-XDA33-2502,CANASTA NAVIDAD MD V,Unid,China,41775.9375,,,2025-10-27 14:23:27.163,6276,3.0,false
217521,217521,ARBOL DECOR 201-1300184,ARBOL DECOR 201-1300,Unid,Panamá,26656.0,,,2024-08-28 11:43:33.920,6257,0.0,false
222648,222648,ARBOLITO DE TRAPILLO MEDIANO,ARBOLITO TRAPILLO MD,Unid,Paraguay,129454.545,,,2024-11-14 15:49:08.417,6257,0.0,false
248023,248023,BOLA GLITTER DORADA 10CM 4 PIEZAS 1075450,BOLA GLITTER DORADA,Unid,Brasil,33860.0,,,2025-09-09 09:34:16.560,6253,6.0,false
246871,246871,ADORNO COLGANTE 16.5X5X20CM 202-2200014,Adorno Colgante,Unid,Panamá,42354.0,,,2025-08-27 10:20:00.983,7333,0.0,false
215434,215434,COJIN 170-3000345,COJIN 170-3000345,Unid,Panamá,81034.0,,,2024-07-23 10:54:52.120,6257,0.0,false
250503,250503,CINTA 10CM X 10YDS MULTI 831-AMX082-2562,Cinta Decorativa,Unid,China,25168.0,,,2025-09-24 12:00:21.683,6278,0.0,false
223285,223285,KIT REVERENDA NAVIDEÑO,KIT REVERENDA NAVIDE,Unid,Paraguay,106363.6366,,,2024-11-22 09:47:37.003,6298,0.0,false
257401,257401,Taza Gracia Navidad,Taza Gracia Navidad,Unid,Paraguay,42545.455,,,2025-12-09 08:11:15.500,6268,0.0,false
192496,192496,JUEGO DE PESEBRE GR COLORES,JUEGO DE PESEBRE GR,Unid,Paraguay,2545454.55,,,2023-10-27 16:10:22.430,6288,1.0,false
163698,163698,BANDEJA PLASTICA 35x25x3CM XM21147-29,BANDEJA PLASTICA 35x,Unid,Panamá,25869.0,,,2022-10-05 13:22:05.243,6262,3.0,false
194414,194414,CASA NAVIDEÑA C/ LUZ 200-7200117,CASA NAVIDEÑA C/ LUZ,Unid,Panamá,150560.0,,,2023-11-24 14:14:17.780,6257,0.0,false
217440,217440,ARDILLA DECO 201-3400248,ARDILLA DECO 201-340,Unid,Panamá,75467.0,,,2024-08-28 09:56:09.307,6255,0.0,false
245929,245929,POINSETTIA C/POTE DOS X17CM 140-3500026,Poinsettia Festiva,Unid,Panamá,8437.0,,,2025-08-21 10:16:24.010,7373,0.0,false
254735,254735,POTE CH 202-1600004,POTE CH 202-1600004,Unid,Panamá,27931.5,,,2025-10-27 14:09:01.040,6272,1.0,false
219703,219703,200-3900101 PLACA D/PARED,PLACA D/PARED 200-39,Unid,Panamá,33017.0,,,2024-09-25 14:58:03.830,6257,0.0,false
246776,246776,ARDILLA NAV.DECOR 14X12X24CM 201-3400270,Ardilla Decorativa,Unid,Panamá,55092.0,,,2025-08-27 08:35:15.717,6255,0.0,false
250390,250390,MAGNOLIA 11P 20CM CREM 831-AMX006- 2513B,Flor Magnolia,Unid,China,7844.0,,,2025-09-24 11:01:35.537,7373,106.0,false
217329,217329,POINSETIA DECOR 140-5802736,POINSETIA DECOR,Unid,Panamá,15130.0,,,2024-08-27 10:19:54.783,7373,0.0,false
215211,215211,JG BOLAS 130-2502100,JG BOLAS 130-2502100,Unid,Panamá,103469.0,,,2024-07-22 15:22:09.500,6253,0.0,false
215031,215031,BOLA DECOR 130-0200071,BOLA 130-0200071,Unid,Panamá,38814.0,,,2024-07-19 09:15:03.223,6253,1.0,false
250367,250367,PONSETIA 32X30CM 11P BLA 831-AMX001- 25149B,Poinsettia Dorada,Unid,China,7067.0,,,2025-09-24 10:44:24.677,7373,3.0,false
247161,247161,FLOR DECOR 30X21X21CM 140-0300124,Flor Decorativa 30cm,Unid,Panamá,10323.0,,,2025-08-28 13:04:23.707,7373,7.0,false
247520,247520,ARBOL 60CM NB25190-91,ARBOL 60CM NB25190-9,Unid,Panamá,29028.0,,,2025-08-29 15:30:24.430,6258,0.0,false
186932,186932,PORTAPLATO 201-1200168,PORTAPLATO 201-12001,Unid,Panamá,10784.0,,,2023-08-07 11:19:37.897,6265,0.0,false
246512,246512,VASO DE VIDRIO DE 400 ML JSR-DEC-24-888,VASO DE VIDRIO DE 40,Unid,China,8627.0,,,2025-08-23 09:04:29.457,6267,0.0,false
219847,219847,1051270 BOLA TERCIOPELO SETX4,BOLA TERCIOPELO,Unid,Brasil,65145.0,,,2024-09-26 11:06:42.670,6253,0.0,false
164425,164425,CAJA CH 200-2100583,CAJA CH 200-2100583,Unid,Panamá,35826.0,,,2022-10-11 11:06:28.210,6258,0.0,false
215012,215012,ESTRELLA C/LUZ 120-2000240,ESTRELLA 120-2000240,Unid,Panamá,37644.0,,,2024-07-19 08:41:13.040,6257,0.0,false
248420,248420,SERVILLETEROS 4 SURT 5X5X6CM 201-850016,SERVILLETEROS 4 SURT,Unid,Panamá,51923.0,,,2025-09-11 15:27:38.863,6319,1.0,false
161342,161342,RAMA DECOR 140-5201118,RAMA DECOR 140-52011,Unid,Panamá,17156.0,,,2022-09-14 11:47:28.970,7370,1.0,false
253970,253970,BANDEJA 2NIV 27X27CM 180-3100144,BANDEJA 2NIV 27X27CM,Unid,Panamá,43769.0,,,2025-10-17 10:37:00.210,6262,8.0,false
247535,247535,CORONA 120 NB25190-676,CORONA 120 NB25190-6,Unid,Panamá,106996.0,,,2025-08-29 16:11:09.037,6257,0.0,false
186803,186803,LINTERNA C/LUZ 180-3300430,LINTERNA C/LUZ 180-3,Unid,Panamá,59106.0,,,2023-08-05 09:22:48.787,6257,0.0,false
186946,186946,CALENDARIO C/LED 201-2500274,CALENDARIO C/LED 201,Unid,Panamá,116022.0769,,,2023-08-07 11:42:59.960,6257,0.0,false
215877,215877,ARBOL DECOR 140-1500642,ARBOL DECOR 140-1500,Unid,Panamá,35302.0,,,2024-07-30 11:18:02.500,6257,0.0,false
247105,247105,CINTA 6.3CM x 9YDS 130-5400579,CINTA 6.3CM x 9YDS 1,Unid,Panamá,15526.0,,,2025-08-28 12:05:55.463,6278,0.0,false
186742,186742,PONSETIA 140-5802369,PONSETIA 140-5802369,Unid,Panamá,9279.0,,,2023-08-04 13:55:11.280,7373,1.0,false
248108,248108,BOLA DISCO 8CM JG 6 1075187,BOLA DISCO 8CM JG 6,Unid,Brasil,14081.0,,,2025-09-09 11:39:44.330,6253,84.0,false
218637,218637,831-196-2416 FALDA D-ARBOL,FALDA D-ARBOL,Unid,Panamá,27840.0,,,2024-09-13 14:38:51.817,6256,0.0,false
217429,217429,CALENDARIO DECO A BATERIA 201-2500375,CALENDARIO DECO A BA,Unid,Panamá,139857.0,,,2024-08-28 09:35:28.117,6257,0.0,false
191774,191774,FLOR NAVIDEÑA SZ2319-203,FLOR NAVIDEÑA SZ2319,Unid,Panamá,4928.0,,,2023-10-20 14:18:21.583,7373,0.0,false
163686,163686,MALLA PLASTICO P/ ENVOLTURA 10CM QD2157-874,MALLA PLASTICO P/ EN,Unid,Panamá,31043.0,,,2022-10-05 11:49:08.377,6278,5.0,false
247344,247344,ANILLO P/SERVILLETA 14CM 140-0300145,Servilletero Festivo,Unid,Panamá,5539.0,,,2025-08-28 14:33:29.070,6319,0.0,false
250564,250564,JGO4 CASCANUECES 13CM ROSA 831-D033-2521,Set Cascanueces Rosa,Unid,China,42322.0,,,2025-09-24 13:27:09.527,7340,0.0,false
162717,162717,ESFERA 412-363588,ESFERA 412-363588,Unid,Panamá,48816.0,,,2022-09-28 16:51:59.747,6253,0.0,false
215445,215445,COJIN 170-3000382,COJIN 170-3000382,Unid,Panamá,91897.0,,,2024-07-23 11:03:39.957,6257,0.0,false
248020,248020,COLGANTE MUÑECO 1075246.,COLGANTE MUÑECO 1075,Unid,Brasil,6992.0,,,2025-09-09 09:32:45.003,7333,0.0,false
217148,217148,831-MX2467-24121A RAMA 35CM ROJO/VERDE,RAMA 35CM ROJO/VERDE,Unid,Panamá,15601.0,,,2024-08-23 16:19:53.620,7370,2.0,false
191575,191575,BOLSA DE REGALO NB2319-2613,BOLSA DE REGALO NB23,Unid,Panamá,5101.0,,,2023-10-17 14:47:24.017,6270,0.0,false
217218,217218,831-XMSM224-2404 TREN CON LUZ-MUSICA,TREN CON LUZ-MUSICA,Unid,Panamá,209039.0,,,2024-08-26 10:16:56.547,6284,0.0,false
256006,256006,KIT SERENIDAD,KIT SERENIDADu,Unid,Paraguay,100000.0,,,2025-11-18 11:08:17.690,6298,0.0,false
192373,192373,ESFERA 831-XMTX349-459.,ESFERA 831-XMTX349-,Unid,Panamá,7759.0,,,2023-10-26 09:49:43.890,6253,2.0,false
222354,222354,BOLSA KRAFT NAVIDEÑA hohoho  89222,BOLSA KRAFT NAVIDEÑA,Unid,Paraguay,4727.2727,,,2024-11-05 16:04:52.147,6271,0.0,false
206357,206357,TAZA 500ML JSR- DEC-304,TAZA 500ML JSR- DEC-,Unid,China,18421.0,,,2024-04-11 17:24:21.320,6266,0.0,false
254808,254808,NACIMIENTO 11PCS XM1632-1,NACIMIENTO 11PCS XM1,Unid,Panamá,450235.0,,,2025-10-28 11:16:35.440,6288,0.0,false
187846,187846,201-9200108 ADORNO D/PARED,ADORNO D/PARED 201-9,Unid,Panamá,29001.0,,,2023-08-16 11:01:26.290,6257,0.0,false
215553,215553,PLACA D/PARED 200-3900088,PLACA 200-3900088,Unid,Panamá,15396.0,,,2024-07-23 14:25:11.990,6257,1.0,false
254750,254750,CAJA D/ REGALO GR 202-2500050,CAJA D/ REGALO CH 20,Unid,Panamá,45529.5,,,2025-10-27 15:22:30.260,6274,1.0,false
203500,203500,1230-111 BOWL DECORADO,1230-111 BOWL DECORA,Unid,Brasil,15168.2631,,,2024-02-21 10:22:31.603,6262,32.0,false
245947,245947,RAMA BEIGE DECOR 46CM 140-5702728,Rama Beige,Unid,Panamá,12908.0,,,2025-08-21 13:36:05.993,7370,0.0,false
160831,160831,RAMA DECOR 140-5101240,RAMA DECOR 140-51012,Unid,Panamá,12469.0,,,2022-09-02 12:04:37.030,7370,1.0,false
250488,250488,ORNAMENTO PLATEADO 12X15CM 831-XMTX215- 2570D,ORNAMENTO PLATEADO,Unid,China,3878.0,,,2025-09-24 11:48:47.910,6257,10.0,false
185643,185643,SAGRADA FAMILIA C/CASTILLO 100-4900094,SAGRADA FAMILIA C/CA,Unid,Panamá,160510.0,,,2023-07-14 15:23:05.600,6257,1.0,false
254674,254674,PAPEL DE REGALO DISEÑO NAVIDEÑO SURTIDO NB2525-10,PAPEL DE REGALO DISE,Unid,Panamá,40029.0,,,2025-10-24 14:13:18.713,6280,0.0,false
187753,187753,BOTA SANTA 150-8000457A,BOTA SANTA 150-80004,Unid,Panamá,42681.0,,,2023-08-14 10:55:47.180,6257,1.0,false
246784,246784,JG BALDE DECOR 3PZ 32.5X32.5X71.9CM 201-4600081,JG BALDE DECOR 3PZ 3,Unid,Panamá,331867.5,,,2025-08-27 08:49:25.333,6268,0.0,false
254740,254740,CANASTA NAVIDEÑA GR 831-XDA33-2501,CANASTA NAVIDEÑA GR,Unid,China,72103.0,,,2025-10-27 14:16:14.540,6277,1.0,false
186718,186718,POTE 140-1500619,POTE 140-1500619,Unid,Panamá,30765.0,,,2023-08-04 10:56:32.370,6268,0.0,false
187751,187751,COJIN 150-8000453A,COJIN 150-8000453A,Unid,Panamá,53203.0,,,2023-08-14 10:50:23.503,6257,0.0,false
215405,215405,JG SANTA C/TRINEO 160-4503408,SANTA 160-4503408,Unid,Panamá,232338.0,,,2024-07-23 10:40:38.383,6257,0.0,false
219809,219809,200-810021 ESTRELLA DECOR,ESTRELLA DECOR,Unid,Panamá,9564.0,,,2024-09-26 09:58:08.763,6257,5.0,false
215363,215363,BOLA 130-2502138,BOLA 130-2502138,Unid,Panamá,41607.0,,,2024-07-23 10:20:05.657,6253,0.0,false
254549,254549,CASCANUECES DE NAVIDAD NB2519-6961,CASCANUECES DE NAVID,Unid,Panamá,73963.0,,,2025-10-23 16:28:24.283,7340,0.0,false
247517,247517,ARBOL  240CM NB25190-15,ARBOL  240CM NB25190,Unid,Panamá,778844.0,,,2025-08-29 15:25:10.537,6260,1.0,false
162385,162385,FLOR DECOR 140-2500775,FLOR DECOR 140-25007,Unid,Panamá,9098.0,,,2022-09-26 09:41:17.550,7373,3.0,false
248498,248498,ROSA DECOR DETALLE DORADO 140-5802904,Rosa Decorativa,Unid,Panamá,14298.0,,,2025-09-12 10:23:19.137,7373,43.0,false
248004,248004,RAMAS VERDE/BLANCO 45CM 1091253,RAMAS VERDE/BLANCO 4,Unid,Brasil,7691.0,,,2025-09-09 09:23:27.620,7370,17.0,false
215887,215887,RAMA DECOR 140-2501184,RAMA DECOR 140-25011,Unid,Panamá,14769.0,,,2024-07-30 11:28:14.067,7370,2.0,false
248241,248241,FLOR DECOR NATURAL BEIGE 140-3000035,Flor Beige Natural,Unid,Panamá,7860.0,,,2025-09-09 16:14:27.433,7370,0.0,false
187720,187720,RAMA DECORATIVA 130-7000265,RAMA DECORATIVA 130-,Unid,Panamá,12474.0,,,2023-08-14 09:28:12.230,7370,0.0,false
162378,162378,FLOR DECOR  140-2500745,FLOR DECOR  140-2500,Unid,Panamá,7738.0,,,2022-09-26 09:23:06.273,7373,4.0,false
187841,187841,COLGADOR D/CORONA NAVIDEÑA 201-9200079,COLGADOR D/CORONA,Unid,Panamá,31650.0,,,2023-08-16 10:28:16.463,6257,1.0,false
161339,161339,PICK DECOR 140-5201111,PICK DECOR 140-52011,Unid,Panamá,7783.0,,,2022-09-14 11:41:52.037,7373,15.0,false
247333,247333,ESFERA DECOR 8X8X8CM 180-3300998,Esfera Decorativa,Unid,Panamá,10407.0,,,2025-08-28 14:22:55.483,6253,67.0,false
246502,246502,TAPÓN DE VINO 11 X 6 X 4 CM JSR-DEC-24-847,TAPÓN DE VINO 11 X 6,Unid,China,10980.0,,,2025-08-23 08:48:41.340,7337,0.0,false
254708,254708,PICK CORTO NAVIDEÑO QD2552-3225,PICK CORTO NAVIDEÑO,Unid,Panamá,7831.0,,,2025-10-24 16:26:45.227,7373,24.0,false
186617,186617,CINTA 130-3400425,CINTA 130-3400425,Unid,Panamá,11955.0,,,2023-08-03 15:16:18.103,6278,0.0,false
219844,219844,201-7500109 CASA C/LUZ A BATERIA,CASA C/LUZ A BATERIA,Unid,Panamá,33293.0,,,2024-09-26 11:05:10.543,6257,0.0,false
245914,245914,PINO D/NAVIDAD FRUTA ROJA 70X20X5CM 140-3400222,Pino Navidad Frutas,Unid,Panamá,18814.0,,,2025-08-21 09:46:46.077,7370,0.0,false
134265,134265,BOLA 130-2500409,Bola Deco,Unid,Panamá,7067.0,,,2021-08-21 10:38:16.163,6253,0.0,false
248073,248073,TOPIARIA VERDE/GRANATE 25CM 1003540,TOPIARIA VERDE/GRANA,Unid,Brasil,32361.0,,,2025-09-09 10:34:20.923,7371,1.0,false
160593,160593,RAMA 140-1500408,RAMA 140-1500408,Unid,Panamá,14394.0,,,2022-08-30 09:15:34.380,7370,3.0,false
245938,245938,RAMO POINSETTIA 30CM 140-3500046,Ramo Poinsettia 30cm,Unid,Panamá,7255.0,,,2025-08-21 11:12:23.307,7373,0.0,false
246832,246832,BASE D/ARBOL 70X50X25CM 201-8900571,Base Árbol Elegante,Unid,Panamá,41678.0,,,2025-08-27 09:22:58.800,6256,0.0,false
246285,246285,DECORACIÓN NAVIDEÑA 20 X23 JSR-DEC-24-485,DECORACIÓN NAVIDEÑA,Unid,China,11765.0,,,2025-08-22 21:40:27.467,6257,0.0,false
247173,247173,ESTRELLA DECOR 130-1400008,Estrella Decorativa,Unid,Panamá,19135.0,,,2025-08-28 13:13:48.313,6255,0.0,false
215489,215489,180-4700114 SETx4 INDIVIDUAL,SETx4 INDIVIDUAL,Unid,Panamá,11496.0,,,2024-07-23 11:33:46.310,6291,0.0,false
257045,257045,CASITA P/PESEBRE,CASITA P/PESEBRE,Unid,Paraguay,27272.725,,,2025-12-03 14:17:01.103,6288,0.0,false
248428,248428,PORTAVELA NAVIDEÑA 3 EN 1 140-4700595,PORTAVELA NAVIDEÑA 3,Unid,Panamá,128194.0,,,2025-09-11 16:10:04.613,7335,0.0,false
224345,224345,ESTRELLA NAV 20CM  DORADO KH020,ESTRELLA NAV 20CM,Unid,Paraguay,4545.4545,,,2024-12-06 10:02:14.507,6256,0.0,false
217221,217221,831-XMSM224-005 TREN NAVIDEÑO MUSICAL,TREN NAVIDEÑO MUSICA,Unid,Panamá,315090.0,,,2024-08-26 10:25:43.750,6284,4.0,false
187024,187024,ADORNO COLGANTE 201-3700072,ADORNO COLGANTE 201-,Unid,Panamá,19562.0,,,2023-08-07 15:50:30.880,6257,1.0,false
217345,217345,COJIN 170-2400026,COJIN 170-2400026,Unid,Panamá,67632.0,,,2024-08-27 10:56:47.927,6257,0.0,false
215547,215547,PLACA D/PARED 200-3900086,PLACA 200-3900086,Unid,Panamá,13695.0,,,2024-07-23 14:19:39.220,6257,0.0,false
142538,142538,CINTA YUTE 62F1-5X200CM,CINTA YUTE 62F1-5X20,Unid,Paraguay,5454.55,,,2021-12-09 14:10:48.870,6278,0.0,false
220926,220926,LATA NAVIDEÑA 05020,LATA NAVIDEÑA 05020,Unid,Paraguay,12272.727,,,2024-10-15 15:03:35.840,6257,0.0,false
192900,192900,INDIVIDUAL 831-XMFE-33016-22U,INDIVIDUAL 831-XMFE-,Unid,Panamá,15029.0,,,2023-10-31 13:32:36.370,6261,1.0,false
245945,245945,SOMBRERO RAYAS COLGANTE 16CM 140-3500067,Sombrero Rayas 16cm,Unid,Panamá,12486.0,,,2025-08-21 13:32:29.543,7333,0.0,false
251625,251625,VELA ARBOL NAVIDEÑO P 60GR,VELA ARBOL NAVIDEÑO,Unid,Paraguay,7240.0,,,2025-10-07 16:03:07.567,6298,0.0,false
219824,219824,201-2800829 SAGRADA FAMILIA A BATERIA,SAGRADA FAMILIA,Unid,Panamá,46721.0,,,2024-09-26 10:28:58.547,6288,0.0,false
248340,248340,PINO DECOR C/FRUTAS 27X12X6CM 140-3600018,Rama Decorativa,Unid,Panamá,7609.0,,,2025-09-10 16:24:28.900,7370,2.0,false
219894,219894,202-0100008 CASA C/LUZ A BATERIA,CASA C/LUZ A BAT,Unid,Panamá,48468.0,,,2024-09-26 14:37:21.640,6257,0.0,false
246416,246416,"63 MM, 50 YARDAS / ROLLO DE CINTA JSR-DEC-24-658.",Cinta Decorativa,Unid,China,40683.0,,,2025-08-23 00:47:56.663,6278,0.0,false
219614,219614,"6343,80 ESTRELLAS 5 PUNTAS ROJO 80CM",ESTRELLAS 5 PUNTAS,Unid,Brasil,509201.0,,,2024-09-24 14:41:39.407,6256,0.0,false
194680,194680,HOME SPRAY 250ML,HOME SPRAY 250ML,Unid,Paraguay,50272.728,,,2023-11-27 11:27:02.390,6280,0.0,false
250312,250312,JGO 4 ESFERAS 10CM CAJA 831-239-2477Z18,Juego Esferas Azules,Unid,China,28444.0,,,2025-09-24 10:06:41.220,6253,5.0,false
250451,250451,RELLENO 75CM CHAMPANA  831-AMX018- 2442N,Relleno Champana,Unid,China,6809.0,,,2025-09-24 11:31:58.090,7370,0.0,false
135370,135370,JGO BOLAS 4PZ 130-5000459,Jgo de bolas,Unid,Panamá,35969.0,,,2021-09-02 11:47:28.013,6253,61.0,false
187834,187834,ALFOMBRA 201-6800049,ALFOMBRA 201-6800049,Unid,Panamá,52234.3469,,,2023-08-16 10:05:05.543,6290,0.0,false
250382,250382,GUIRNALDA 3PIES 108PUNTAS  831-XMVI-095S,Guirnalda 3 Pies,Unid,China,22927.0,,,2025-09-24 10:54:42.343,6282,5.0,false
217337,217337,POINSETIA DECOR 140-5802819,POINSETIA DECOR 140-,Unid,Panamá,15219.0,,,2024-08-27 10:28:30.370,7373,0.0,false
221417,221417,ESTRELLA DE METAL,ESTRELLA DE METAL,Unid,Paraguay,42181.818,,,2024-10-23 16:12:56.313,6256,0.0,false
246423,246423,"JSR-DEC-24-682	63 MM, 5 YARDAS / ROLLO DE CINTA JS",Cinta Decorativa,Unid,China,15489.0,,,2025-08-23 00:52:49.247,6278,56.0,false
192756,192756,ORNAMENTO CAMPANA 831-XMNBBC14-108G,ORNAMENTO CAMPANA,Unid,Panamá,6823.0,,,2023-10-30 16:16:29.140,6257,0.0,false
186684,186684,ARBOL DECO 130-7000221,ARBOL DECO 130-70002,Unid,Panamá,45477.0,,,2023-08-04 09:18:29.563,6257,0.0,false
254748,254748,CAJA D/ REGALO MD 202-2500050,CAJA D/ REGALO CH 20,Unid,Panamá,30353.0,,,2025-10-27 15:20:56.330,6273,0.0,false
191353,191353,PELOTA BLANCA GR,PELOTA BLANCA GR,Unid,Paraguay,27272.7275,,,2023-10-13 15:40:51.613,6253,2.0,false
162714,162714,INDIVIDUAL 180-4700045,INDIVIDUAL 180-47000,Unid,Panamá,9251.3056,,,2022-09-28 16:49:29.657,6290,0.0,false
219279,219279,55262 PAPA NOEL ESCALANDO,PAPA NOEL ESCALANDO,Unid,Brasil,1350762.0,,,2024-09-19 14:54:39.107,6255,1.0,false
162235,162235,CINTA 130-3400372,CINTA 130-3400372,Unid,Panamá,16666.0,,,2022-09-23 13:38:57.767,6278,1.0,false
253969,253969,BANDEJA 25X40CM 180-3100136,BANDEJA 25X40CM 180-,Unid,Panamá,45424.0,,,2025-10-17 10:36:16.607,6262,0.0,false
186709,186709,POTE 140-1500524,POTE 140-1500524,Unid,Panamá,5685.0,,,2023-08-04 10:28:04.543,6268,1.0,false
254455,254455,SET BOLA NAVIDEÑA 15CM DORADO NB2515-1732,SET BOLA NAVIDEÑA 15,Unid,Panamá,40465.0,,,2025-10-23 10:41:06.340,6253,0.0,false
247327,247327,POINSETTIA DECOR 140-4102224,Flor Poinsettia Roja,Unid,Panamá,19303.0,,,2025-08-28 14:17:02.820,7373,112.0,false
247137,247137,JG BOLA DECOR 6PZ 130-5002170,Esferas Doradas 6Pz,Unid,Panamá,39110.0,,,2025-08-28 12:17:23.133,6253,13.0,false
236300,236300,210191 PLATO NAVIDEÑO,Plato Festivo,Unid,China,23067.0,,,2025-05-07 13:44:40.330,6268,2.0,false
217109,217109,RAMA DECOR 140-4101925,RAMA DECOR 140-41019,Unid,Panamá,26296.0,,,2024-08-23 14:59:05.033,7370,19.0,false
215257,215257,ADORNO 140-0500533,ADORNO 140-0500533,Unid,Panamá,20495.0,,,2024-07-22 16:36:10.287,6257,0.0,false
215059,215059,ADORNO 130-090014,ADORNO 130-090014,Unid,Panamá,32289.0,,,2024-07-19 10:37:03.500,6257,1.0,false
254473,254473,BOLA NAVIDEÑA 20CM CHAMPAGNE NB2515-799,BOLA NAVIDEÑA 20CM C,Unid,Panamá,34808.0,,,2025-10-23 11:36:10.500,6253,7.0,false
254777,254777,SANTA Y MUÑECO DE NIEVE SENTADOS ST2527-75,SANTA Y MUÑECO DE NI,Unid,Panamá,43509.0,,,2025-10-27 16:16:39.810,6255,0.0,false
246424,246424,"63 MM, 5 YARDAS / ROLLO DE CINTA JSR-DEC-24-684",Cinta Decorativa,Unid,China,16960.0,,,2025-08-23 00:53:35.020,6278,25.0,false
222657,222657,SET DE 6 ESTRELLAS DE CERAMICA OFF WHITE,SET DE 6 ESTRELLAS,Unid,Paraguay,161454.546,,,2024-11-14 15:57:42.530,6257,0.0,false
163606,163606,CINTA NAVIDEÑA NB2236-360,CINTA NAVIDEÑA NB223,Unid,Panamá,21587.0,,,2022-10-05 10:14:44.227,6278,30.0,false
187810,187810,FLORERO 200-5400441,FLORERO 200-5400441,Unid,Panamá,55748.0,,,2023-08-14 16:24:20.197,7373,3.0,false
162414,162414,RAMO 140-5701202,RAMO 140-5701202,Unid,Panamá,16412.0,,,2022-09-26 15:43:40.987,7373,1.0,false
223099,223099,VELA NAVIDEÑA CON FORMA,VELA NAVIDEÑA C/FORM,Unid,Paraguay,87181.818,,,2024-11-21 08:48:13.937,6298,0.0,false
248008,248008,RAMAS GRANDES VERDE/ROJO/GRANATE 66CM 1085861,RAMAS GRANDES VERDE/,Unid,Brasil,96186.0,,,2025-09-09 09:25:27.473,7370,0.0,false
186646,186646,PUNTA D/ARBOL 130-5000469,PUNTA D/ARBOL 130-50,Unid,Panamá,22320.0,,,2023-08-03 16:28:32.210,6256,1.0,false
222390,222390,ESTRELLA PUNTERA GR,ESTRELLA PUNTERA GR,Unid,Paraguay,18181.818,,,2024-11-07 11:41:46.670,6256,0.0,false
217554,217554,ARBOL DECOR 201-840011,ARBOL DECOR 201-8400,Unid,Panamá,59889.0,,,2024-08-28 14:41:51.120,6257,0.0,false
222656,222656,SET DE 6 SERVILLETERO ARBOLITO,SET 6 SERVILLETERO,Unid,Paraguay,100363.6375,,,2024-11-14 15:56:44.153,6268,0.0,false
222355,222355,BOLSA KRAFT NAVIDEÑA 89226,BOLSA KRAFT NAVIDEÑA,Unid,Paraguay,6363.6363,,,2024-11-05 16:05:25.243,6271,1.0,false
191764,191764,FLOR NAVIDEÑO  QD2339-95,FLOR NAVIDEÑO  QD233,Unid,Panamá,17638.0,,,2023-10-20 13:14:17.230,7373,0.0,false
254752,254752,CAJA DE REGALO C/ LUZ MD 200-2100880B,CAJA DE REGALO C/ LU,Unid,Panamá,59477.3333,,,2025-10-27 15:24:30.100,6273,0.0,false
247156,247156,JG NACIMIENTO 11PZ 025-495682,JG NACIMIENTO 11PZ 0,Unid,Panamá,306847.0,,,2025-08-28 13:00:07.220,6288,0.0,false
186621,186621,CINTA 130-3400469,CINTA 130-3400469,Unid,Panamá,14463.0,,,2023-08-03 15:23:17.890,6278,8.0,false
187017,187017,REGALO DECO 201-3700063,REGALO DECO 201-3700,Unid,Panamá,20893.0,,,2023-08-07 15:41:10.913,6257,1.0,false
215749,215749,VENADO 150-6000012,VENADO 150-6000012,Unid,Panamá,68285.0,,,2024-07-29 11:21:36.000,6257,0.0,false
215452,215452,CAMINO D/MESA 170-3000411,CAMINO 170-3000411,Unid,Panamá,92746.0,,,2024-07-23 11:07:52.420,6290,1.0,false
215761,215761,OSO POLAR 200-6900478,OSO 200-6900478,Unid,Panamá,105119.0,,,2024-07-29 13:48:17.570,6257,0.0,false
247125,247125,CINTA 6.3CM X 9YDS 130-5800410,CINTA 6.3CM X 9YDS 1,Unid,Panamá,21149.0,,,2025-08-28 12:12:45.100,6278,0.0,false
217051,217051,831-2788-239101430G-R ESFERA 30CM ROJA,ESFERA 30CM ROJA,Unid,Panamá,116146.0,,,2024-08-23 11:29:18.603,6253,0.0,false
217140,217140,831-XR09-05 ALFOMBRA NATURAL,ALFOMBRA NATURAL,Unid,Panamá,29979.0,,,2024-08-23 16:07:22.523,6257,1.0,false
187772,187772,COJIN 170-3000234,COJIN 170-3000234,Unid,Panamá,87059.0,,,2023-08-14 11:35:02.910,6257,0.0,false
253961,253961,ADORNO DECOR 53X21X24CM 200-4200199,ADORNO DECOR 53X21X2,Unid,Panamá,203867.0,,,2025-10-17 10:30:25.957,6257,1.0,false
248032,248032,BOLA GOMO VINO 12CM PIEZAS 1089778,BOLA GOMO VINO 12CM,Unid,Brasil,28973.0,,,2025-09-09 09:39:03.920,6253,1.0,false
247104,247104,JG BOLAS 4PZ 10CM 130-5002065,Bolas Decorativas,Unid,Panamá,42131.0,,,2025-08-28 12:05:48.913,6253,36.0,false
255174,255174,SAGRADA FAMILIA ESQUIVEL,SAGRADA FAMILIA ESQU,Unid,Paraguay,45454.545,,,2025-11-05 09:13:45.780,6288,0.0,false
250545,250545,FIG CASCANUECES 25CM MULTIC 831-D033-05,Cascanueces 25cm,Unid,China,39909.0,,,2025-09-24 13:10:24.953,6255,0.0,false
248046,248046,CORDÓN500 LUCES FIJAS VERDE BIVOLT 1058389.,CORDÓN500 LUCES FIJA,Unid,Brasil,83002.0,,,2025-09-09 10:02:58.833,6285,2.0,false
247140,247140,FALDA P/ARBOL 58X24X66CM 202-1100013,Falda Árbol 58cm,Unid,Panamá,67059.0,,,2025-08-28 12:18:17.790,6256,0.0,false
256635,256635,Posaplatos Navidad del Paraguay,Posaplatos Navidad d,Unid,Paraguay,25454.55,,,2025-11-28 14:13:34.957,7365,0.0,false
186950,186950,FIGURA DECO 201-2500361,FIGURA DECO 201-2500,Unid,Panamá,5183.0,,,2023-08-07 11:52:30.607,6257,7.0,false
217082,217082,831-D011-2412 TIENDA LED BAT-NO-INC,TIENDA LED BAT-NO-IN,Unid,Panamá,88509.0,,,2024-08-23 14:33:37.173,6268,4.0,false
248367,248367,CASA NAV. C/LUZ 23X15.50X26CM 201-2200226,CASA NAV. C/LUZ 23X1,Unid,Panamá,107692.0,,,2025-09-11 09:04:58.180,6257,1.0,false
219879,219879,201-9500068 PASTELERIA C/LUZ,PASTELERIA C/LUZ,Unid,Panamá,153685.0,,,2024-09-26 14:22:49.110,6257,1.0,false
163555,163555,ADORNO  CUENTAS 15CM 831-2787-711722,Adorno Cuentas 15cm,Unid,Panamá,7314.0,,,2022-10-05 09:11:17.850,6257,10.0,false
246517,246517,COPA DE VINO DE 400 ML JSR-DEC-24-893,COPA DE VINO DE 400,Unid,China,14607.0,,,2025-08-23 09:08:06.163,7337,0.0,false
217067,217067,831-MX2467-2477 CONO DECO ROJO/BLANCO,CONO DECO ROJO/BLANC,Unid,Panamá,25085.0,,,2024-08-23 14:08:26.737,6257,0.0,false
248068,248068,ARBOL 400 RAMAS VERDE 180CM1088437,ARBOL 400 RAMAS VERD,Unid,Brasil,99982.0,,,2025-09-09 10:30:38.723,6260,18.0,false
217412,217412,FLOR DE PAPEL 30X30CM 201-2200160,FLOR DE PAPEL 30X30C,Unid,Panamá,28638.0,,,2024-08-28 09:16:52.460,7373,0.0,false
217478,217478,JARRON 201-5400014,JARRON 201-5400014,Unid,Panamá,28369.0,,,2024-08-28 10:41:58.477,6257,0.0,false
217121,217121,831-XR15-04-22B JGO PORTAVASOS,JGO PORTAVASOS,Unid,Panamá,40280.0,,,2024-08-23 15:14:34.203,6265,0.0,false
245735,245735,ANILLO P/SERVILLETA 4X5X5CM 130-0400011,Servilletero,Unid,Panamá,10715.0,,,2025-08-19 16:11:46.907,6319,2.0,false
215813,215813,CIERVO DECO 130-7000481,CIERVO DECO 130-7000,Unid,Panamá,81321.0,,,2024-07-30 10:20:24.610,6255,0.0,false
247027,247027,JG BOLAS 4PZ 10X10X10CM 130-1900836,Esferas Doradas 4Pz,Unid,Panamá,33570.0,,,2025-08-28 10:47:14.547,6253,46.0,false
247070,247070,PORTAVELA 25X25X8CM 202-2600031,PORTAVELA 25X25X8CM,Unid,Panamá,59671.0,,,2025-08-28 11:40:46.890,7335,0.0,false
248172,248172,ESFERA VERDE 12.50X12.50X12.50CM 130-090028,Esfera Verde 12.5 cm,Unid,Panamá,32442.0,,,2025-09-09 14:44:26.183,6253,30.0,false
247363,247363,ARBOL DECOR X31CM 140-1500719,Árbol Decorativo,Unid,Panamá,21066.0,,,2025-08-28 14:48:32.260,6259,0.0,false
248114,248114,BOLA TUBO FOSCA GRANATE 8CM JG 1026441,BOLA TUBO FOSCA GRAN,Unid,Brasil,15805.0,,,2025-09-09 11:42:18.600,6253,10.0,false
215571,215571,LINTERNA C/LUZ 200-4300004,LINTERNA 200-4300004,Unid,Panamá,48829.0,,,2024-07-23 14:59:22.200,6285,0.0,false
215858,215858,ADORNO 140-0500461,Adorno Noel Rústico,Unid,Panamá,21973.0,,,2024-07-30 10:52:23.200,6257,9.0,false
247534,247534,CORONA 24X6 NB25190-133,CORONA 24X6 NB25190-,Unid,Panamá,53761.0,,,2025-08-29 16:03:16.093,7372,20.0,false
246250,246250,TAZA DE 350 ML JSR-DEC-24-175,TAZA DE 350 ML JSR-D,Unid,China,9215.0,,,2025-08-22 20:39:28.843,6266,7.0,false
214990,214990,CORONA 60CM 110-0400040,CORONA 110-0400040,Unid,Panamá,93931.0,,,2024-07-18 15:26:49.580,7372,1.0,false
246225,246225,"CARTEL NAVIDEÑA 12 X 8 X 30,5 CM JSR-DEC-24-28",Cartel Navidad 12x8,Unid,China,31370.0,,,2025-08-22 18:51:14.610,6257,0.0,false
250530,250530,FIG SANTA HNIE 56CM  831-XMFE104- 2505B4,Figura Santa 56 cm,Unid,China,77228.0,,,2025-09-24 13:01:54.107,6255,0.0,false
217519,217519,ARBOL DECOR 201-1300183,ARBOL DECOR 201-1300,Unid,Panamá,26656.0,,,2024-08-28 11:42:45.113,6257,0.0,false
247440,247440,LETRERO DECOR 40.2X28.5X120.6CM 201-4600045,LETRERO DECOR 40.2X2,Unid,Panamá,228365.0,,,2025-08-28 16:01:11.867,6257,0.0,false
250663,250663,PORTAVELA NAV 103X115X10 831-P002-2433,PORTAVELA NAV 103X11,Unid,China,24478.0,,,2025-09-24 15:01:26.010,7335,7.0,false
250352,250352,PONSETIA 24X20CM MULTICOLOR 831-AMX082-2563,Poinsettia,Unid,China,6981.0,,,2025-09-24 10:34:27.933,7373,0.0,false
215905,215905,PONSETIA DECOR 140-2501312,PONSETIA 140-2501312,Unid,Panamá,8555.0,,,2024-07-30 11:52:08.077,7373,0.0,false
247979,247979,"CINTA CUADROS CLARO 6,3X914CM 1069731",CINTA CUADROS CLARO,Unid,Brasil,15881.0,,,2025-09-09 09:02:25.557,6278,1.0,false
160618,160618,RAMA DECOR 140-2200363,RAMA DECOR 140-22003,Unid,Panamá,29626.0,,,2022-08-30 10:23:57.450,7370,1.0,false
247259,247259,ADORNO COLGANTE 12CM 140-5702853,Adorno Colgante 12cm,Unid,Panamá,14855.0,,,2025-08-28 13:48:19.727,7333,12.0,false
160851,160851,MAGNOLIA DECOR 140-5101320,MAGNOLIA DECOR 140-5,Unid,Panamá,21256.0,,,2022-09-02 14:34:05.983,7373,3.0,false
248107,248107,BOLA TUBO PERLADA/FOSCA VERDE MEDIO 12CM 1072419,BOLA TUBO PERLADA/FO,Unid,Brasil,46555.0,,,2025-09-09 11:39:13.533,6253,51.0,false
246241,246241,ESTRELLA DE NAVIDAD DE 20 CM JSR-DEC-24-77,Estrella Navidad 20,Unid,China,24803.0,,,2025-08-22 19:41:37.567,6257,3.0,false
250356,250356,PONSETIA 11P 30X30CM CRE 831-AMX044- 2556IB,Ponsetia Blanca,Unid,China,8964.0,,,2025-09-24 10:37:54.360,7373,69.0,false
248295,248295,CAMINO D/MESA ARBOLES 170-3000516,CAMINO D/MESA 170-30,Unid,Panamá,87208.0,,,2025-09-10 13:52:55.097,6290,0.0,false
254870,254870,CAMPANA NAVIDEÑA PARA COLGAR XM25200-94,CAMPANA NAVIDEÑA PAR,Unid,Panamá,23147.0,,,2025-10-29 11:51:14.157,7339,0.0,false
248530,248530,SANTA DECOR PEQUEÑO ROJO 19X8X35CM 150-8000651,Santa Decorativo,Unid,Panamá,45738.0,,,2025-09-12 10:53:37.170,6257,0.0,false
253973,253973,CASCANUECES 9X17CM 202-130023,CASCANUECES 9X17CM 2,Unid,Panamá,61697.0,,,2025-10-17 10:39:28.417,7340,0.0,false
245726,245726,ADORNO COLGANTE 26X9X9CM 130-0400004,Adorno Colgante 26cm,Unid,Panamá,45138.0,,,2025-08-19 16:07:54.710,6257,0.0,false
215752,215752,CENTRO D/MESA 180-1300200,CENTRO 180-1300200,Unid,Panamá,25311.0,,,2024-07-29 13:23:49.010,6261,18.0,false
207171,207171,PLATO HONDO NAVIDEÑO JSR-NOV-1012,PLATO HONDO JSR-NOV-,Unid,China,5408.0,,,2024-04-16 15:03:06.367,6264,31.0,false
247229,247229,ADORNO COLGANTE 15CM 130-5002075,Adorno Estrella 15cm,Unid,Panamá,11666.0,,,2025-08-28 13:40:43.267,7333,12.0,false
162377,162377,FLOR DECOR  140-2500744,FLOR DECOR  140-2500,Unid,Panamá,7738.0,,,2022-09-26 09:17:41.650,7373,1.0,false
248417,248417,CAJA D/REGALO ROJO VERDE 10X10X14.50CM 201-840100,CAJA D/REGALO DECOR,Unid,Panamá,89383.0,,,2025-09-11 15:26:30.863,6273,0.0,false
136613,136613,ARBOL 180CM NB24190-128,ARBOL 180CM NB24190-,Unid,Panamá,299746.3948,,,2021-09-15 15:37:30.780,6260,6.0,false
162354,162354,RAMA DECOR 140-2500508,RAMA DECOR 140-25005,Unid,Panamá,9609.0,,,2022-09-26 08:36:41.980,7370,0.0,false
218604,218604,831-XK45C INDIVIDUAL 38CM,INDIVIDUAL 38CM,Unid,Panamá,10576.0,,,2024-09-13 11:51:21.010,6291,0.0,false
187803,187803,CAMPANA DECOR 200-4200085,CAMPANA DECOR 200-42,Unid,Panamá,29933.0,,,2023-08-14 15:56:12.403,6257,0.0,false
254714,254714,PICK DE FLOR NAVIDEÑA QD2552-3887,PICK DE FLOR NAVIDEÑ,Unid,Panamá,9050.0,,,2025-10-24 16:37:39.880,7373,215.0,false
248279,248279,CAMINO D/MESA ROJO PLANTAS 170-2701170,CAMINO D/MESA 170-27,Unid,Panamá,71490.0,,,2025-09-10 11:40:13.487,6290,0.0,false
215289,215289,HOMBRE D/NIEVE 150-8000535B,HOMBRE 150-8000535B,Unid,Panamá,74518.0,,,2024-07-23 09:27:24.023,6257,0.0,false
246411,246411,"63 MM, 50 YARDAS / ROLLO DE CINTA JSR-DEC-24-650.",Cinta Decorativa,Unid,China,40683.0,,,2025-08-23 00:44:31.997,6278,0.0,false
217458,217458,SANTA DECOR 200-7400012,SANTA DECOR 200-7400,Unid,Panamá,103654.0,,,2024-08-28 10:19:46.683,6257,1.0,false
163602,163602,"CINTA NAVIDEÑA 2,5X10 NB2236-357","CINTA NAVIDEÑA 2,5X1",Unid,Panamá,19268.0,,,2022-10-05 10:07:46.030,6278,0.0,false
162194,162194,JG BOLA 6PZ 130-2500750,JG BOLA 6PZ 130-2500,Unid,Panamá,46429.0,,,2022-09-23 08:33:11.770,6253,0.0,false
247133,247133,JG BOLA DECOR 6PZ 8CM 130-5002151,Bolas Decorativas,Unid,Panamá,41126.0,,,2025-08-28 12:15:44.007,6253,0.0,false
162746,162746,RAMO DECOR 86CM 200-3200048,RAMO DECOR 86CM 200-,Unid,Panamá,27806.0,,,2022-09-29 08:34:42.650,7373,0.0,false
217212,217212,831-XB09-24163R ORNAMENTO ESFERA,ORNAMENTO ESFERA,Unid,Panamá,21617.0,,,2024-08-26 10:08:45.937,6257,0.0,false
248537,248537,MUÑECA D/GENGIBRE C/CARAMELO 150-8000656,Muñeca Jengibre,Unid,Panamá,61957.0,,,2025-09-12 11:01:37.217,6255,2.0,false
247395,247395,VELA 8.50X8.50X10CM 200-9500047,Vela Elegante 8.5cm,Unid,Panamá,45069.0,,,2025-08-28 15:16:59.837,6298,16.0,false
194054,194054,Funda Posaplatos Flor de Navidad,Funda Posaplatos Flo,Unid,Paraguay,18454.55,,,2023-11-21 08:41:14.150,6294,0.0,false
248055,248055,"CORDÓN CASCABELES ROJO 1,48M 1069423",CORDÓN CASCABELES RO,Unid,Brasil,21075.0,,,2025-09-09 10:17:51.150,7339,1.0,false
219839,219839,201-7500105 ARBOL C/LUZ A BATERIA,ARBOL C/LUZ A BATERI,Unid,Panamá,38168.0,,,2024-09-26 11:02:06.870,6257,0.0,false
215901,215901,ALFOMBRA 201-6800079,ALFOMBRA 201-6800079,Unid,Panamá,52418.0,,,2024-07-30 11:48:44.560,6257,0.0,false
254666,254666,SET SERVILLETA NAVIDEÑA NB2519-7663,SET SERVILLETA NAVID,Unid,Panamá,7657.0,,,2025-10-24 13:47:36.637,6296,0.0,false
48695,48695,CAMPANA DECOR 066-420660,CAMPANA DECOR 066-42,Unid,Paraguay,452900.0,,,2016-10-25 14:16:07.787,7339,0.0,false
247388,247388,OSO DECOR 20X25X36CM 202-2500039,OSO DECOR 20X25X36CM,Unid,Panamá,151907.0,,,2025-08-28 15:13:11.700,6255,0.0,false
247198,247198,PONSETIA DECOR 28X28X30CM 140-2501615,Poinsetia Decorativa,Unid,Panamá,8392.0,,,2025-08-28 13:28:02.963,7373,209.0,false
247475,247475,RAMO DECOR 5X50X110CM 140-0900022,Ramo Decorativo 5x50,Unid,Panamá,40202.0,,,2025-08-28 16:32:21.907,7373,0.0,false
161642,161642,GORRO 201-0300004,GORRO 201-0300004,Unid,Panamá,10626.0651,,,2022-09-17 08:33:29.390,6257,9.0,false
219813,219813,201-0500081 PLACA D/PARED,PLACA D/PARED 201-05,Unid,Panamá,42951.0,,,2024-09-26 10:02:08.870,6257,0.0,false
218617,218617,831-239-2467CH ESFERA DISPLAY 6,ESFERA DISPLAY 6,Unid,Panamá,31452.0,,,2024-09-13 13:56:05.103,6253,0.0,false
245995,245995,SANTA DECOR REGALO PARADO 25X12X79CM 150-8101137,SANTA DECOR 25X12X79,Unid,Panamá,128245.0,,,2025-08-21 16:37:18.323,6286,0.0,false
250370,250370,PONSETIA 31X30CM 8P ROJO 831-AMX001- 24214A,Poinsettia Roja 8P,Unid,China,9308.0,,,2025-09-24 10:46:08.170,7373,43.0,false
217219,217219,831-XMSM224-2405 TREN CON LUZ-MUSICA,TREN CON LUZ-MUSICA,Unid,Panamá,149692.0,,,2024-08-26 10:19:15.517,6284,1.0,false
247240,247240,RAMA DECOR 140-2501541,RAMA DECOR 140-25015,Unid,Panamá,23583.0,,,2025-08-28 13:44:05.697,7370,0.0,false
246736,246736,VINCHA D/NAVIDAD 16.50X13.50CM 201-0300719,VINCHA D/NAVIDAD,Unid,Panamá,13414.0,,,2025-08-26 16:06:03.797,6281,0.0,false
246067,246067,RAMA FRUTOS DECOR 6X30X52CM 200-3000376,Rama Frutos,Unid,Panamá,28011.0,,,2025-08-22 11:37:16.523,7370,0.0,false
247033,247033,JG BOLAS 50PZ 7X7X7CM 130-2502119,JG BOLAS 50PZ 7X7X7C,Unid,Panamá,140910.0,,,2025-08-28 10:52:11.920,6253,0.0,false
255129,255129,LATA PAPA NOEL C/ BOMBONES+GALLETITAS OP2,LATA PAPA NOEL C/ BO,Unid,Paraguay,53454.546,,,2025-11-03 11:18:15.557,7361,0.0,true
206307,206307,"CASCANUECES 1,5MTS JSR-JAN-357","CASCANUECES 1,5MTS",Unid,China,1002908.0,,,2024-04-11 14:36:10.710,7340,0.0,false
162196,162196,ARBOL C/ BASE 240CM NB24190-150,ARBOL C/ BASE 240CM,Unid,Panamá,772859.0,,,2022-09-23 09:33:32.300,6260,0.0,false
187780,187780,PORTAPLATO 180-0700442,PORTAPLATO 180-07004,Unid,Panamá,18328.0,,,2023-08-14 11:52:21.927,6265,0.0,false
256669,256669,CONO DE ARBOL NAVIDEÑO C/ LUZ LED MD SZ2537-36,CONO DE ARBOL NAVIDE,Unid,Panamá,50634.0625,,,2025-11-29 08:42:01.197,6257,0.0,false
255000,255000,CAJA 20X29X8 CASITA,CAJA 20X29X8 CASITA,Unid,Paraguay,34772.7275,,,2025-10-31 13:37:23.510,6280,0.0,false
163362,163362,CAJA D/REGALO NB2219-1766,CAJA D/REGALO NB2219,Unid,Panamá,7137.0,,,2022-09-30 15:56:12.433,6273,3.0,false
191763,191763,FLOR NAVIDEÑO  QD2339-77,FLOR NAVIDEÑO  QD233,Unid,Panamá,22826.0,,,2023-10-20 13:13:00.907,7373,0.0,false
186609,186609,BOLAS C/LUZ 130-2501286,Esferas Iluminadas,Unid,Panamá,9987.0,,,2023-08-03 13:58:19.017,6253,1.0,false
247462,247462,CONO DECOR 15X15X44.50CM 202-2600042,CONO DECOR 15X15X44.,Unid,Panamá,113718.0,,,2025-08-28 16:20:19.887,6257,0.0,false
256026,256026,Delantal navideño FI,Delantal navideño FI,Unid,Paraguay,40909.09,,,2025-11-19 09:12:44.303,6261,0.0,false
215239,215239,ADORNO COLGANTE 130-5001938,Adorno Colgante,Unid,Panamá,21439.0,,,2024-07-22 16:07:20.130,6253,49.0,false
247063,247063,PORTAVELA 13.5CM 180-3200105,Portavela Árbol Rojo,Unid,Panamá,18548.0,,,2025-08-28 11:36:28.707,7335,0.0,false
254481,254481,BOLA NAVIDEÑA 20CM BLANCO C/PULPURINA NB2515-843,BOLA NAVIDEÑA 20CM B,Unid,Panamá,34808.0,,,2025-10-23 11:57:48.650,6253,2.0,false
247346,247346,ANILLO P/SERVILLETA 14CM 140-0300148,ANILLO P/SERVILLETA,Unid,Panamá,4616.0,,,2025-08-28 14:34:43.613,6319,0.0,false
215336,215336,JG BOLAS 130-2501933,BOLAS 130-2501933,Unid,Panamá,44578.0,,,2024-07-23 09:52:32.797,6253,0.0,false
215015,215015,BOLA DECOR 121-0100005,BOLA 121-0100005,Unid,Panamá,106179.0,,,2024-07-19 08:51:01.777,6253,10.0,false
191709,191709,CINTA NB2336-468,CINTA NB2336-468,Unid,Panamá,17638.0,,,2023-10-19 16:10:31.053,6278,0.0,false
162361,162361,FLOR DECOR 140-2500559,FLOR DECOR 140-25005,Unid,Panamá,7823.0,,,2022-09-26 08:42:41.150,7373,3.0,false
224473,224473,FLOR NAVIDEÑA ROJA LY21-301,FLOR NAVIDEÑA ROJA,Unid,Paraguay,4772.7272,,,2024-12-09 14:29:48.930,7373,0.0,false
247138,247138,FALDA P/ARBOL 202-1100012,Falda Árbol Elegante,Unid,Panamá,67059.0,,,2025-08-28 12:17:43.490,6256,0.0,false
191711,191711,CINTA NB2336-478,CINTA NB2336-478,Unid,Panamá,13748.0,,,2023-10-19 16:17:43.843,6278,9.0,false
254704,254704,PICK NAVIDEÑO QD2540-1473,PICK NAVIDEÑO QD2540,Unid,Panamá,11747.0,,,2025-10-24 16:13:10.977,7373,32.0,false
246272,246272,BANDERIN NAVIDEÑA DE 3 M JSR-DEC-24-328,Banderín Navideño 3m,Unid,China,3627.0,,,2025-08-22 21:10:00.467,6257,58.0,false
248163,248163,PORTA VELA PIÑA GRANATE 21CM 1001854,PORTA VELA PIÑA GRAN,Unid,Brasil,95551.0,,,2025-09-09 12:01:21.717,7335,1.0,false
255130,255130,PAPA NOEL C/ GALLETITAS SURTIDAS OP3,PAPA NOEL C/ GALLETI,Unid,Paraguay,84000.0,,,2025-11-03 11:19:16.117,7361,0.0,true
187763,187763,INDIVIDUAL 170-2400121,INDIVIDUAL 170-24001,Unid,Panamá,18073.0,,,2023-08-14 11:14:29.313,6291,0.0,false
246750,246750,JG ADORNO NAVIDEÑO 4PZ 20CM 201-0300731,Adornos Caramelo 4Pz,Unid,Panamá,8268.0,,,2025-08-26 16:13:42.473,6280,0.0,false
191280,191280,FLOR NAVIDEÑO 140-5200460,FLOR NAVIDEÑO 140-52,Unid,Panamá,0.0,,,2023-10-13 10:48:14.070,7373,1.0,false
245956,245956,VENADO DECOR OSCURO 35X18X68CM 150-6000082,VENADO DECOR 35X18X6,Unid,Panamá,98291.0,,,2025-08-21 13:59:26.390,6286,0.0,false
247216,247216,ADORNO COLGANTE 4.5X4.5X11CM 130-2502256,Adorno Colgante,Unid,Panamá,2601.0,,,2025-08-28 13:36:30.647,7333,103.0,false
186628,186628,ADORNO P/COLGAR 130-4200513,ADORNO P/COLGAR 130-,Unid,Panamá,4765.0,,,2023-08-03 15:42:12.650,6256,2.0,false
256124,256124,BOLA NARANJA/BEIGE C/ DORADO 10CM 4 PC 1072683,BOLA NARANJA/BEIGE C,Unid,Brasil,0.0,,,2025-11-19 12:05:20.917,6253,3.0,false
217045,217045,831-AMX006-2419A MAGNOLIA 20CM ROJA,MAGNOLIA 20CM ROJA,Unid,Panamá,7240.0,,,2024-08-23 11:15:02.853,7373,0.0,false
254664,254664,SET SERVILLETA NAVIDEÑA NB2519-7658,SET SERVILLETA NAVID,Unid,Panamá,4264.0,,,2025-10-24 13:42:53.000,6296,98.0,false
217502,217502,CASA C/LUZ A/BAT 200-9800224,CASA C/LUZ A/BAT 200,Unid,Panamá,47460.0,,,2024-08-28 11:05:17.253,6257,0.0,false
219570,219570,130-9502627 JG BOLA DECOR,130-9502627 JG BOLA,Unid,Panamá,29429.0,,,2024-09-23 15:43:19.813,6253,0.0,false
246290,246290,DECORACIÓN NAVIDEÑA 17 X 8 CM JSR-APR-6500,Campana Festiva,Unid,China,10294.0,,,2025-08-22 21:45:33.047,6257,1.0,false
247222,247222,RAMA DECOR 140-0300064,Rama Decorativa,Unid,Panamá,15778.0,,,2025-08-28 13:38:32.413,7370,2.0,false
191216,191216,JGO DE PESEBRE 30851,JGO DE PESEBRE 30851,Unid,Paraguay,220654.5458,,,2023-10-12 14:06:50.067,6288,0.0,false
187679,187679,JGO NACIMIENTO 100-4900479,JGO NACIMIENTO 100-4,Unid,Panamá,615617.0,,,2023-08-12 11:34:47.993,6288,0.0,false
217348,217348,CAMINO D/MESA 170-2400166,CAMINO D/MESA 170-24,Unid,Panamá,44309.0,,,2024-08-27 10:59:21.680,6290,0.0,false
254733,254733,ARBOL C/ LUZ MD 200-2100939,ARBOL C/ LUZ MD,Unid,Panamá,47033.4375,,,2025-10-27 14:06:14.360,6259,0.0,false
245730,245730,BOLA DECOR 15X9X9CM 130-0400007,Bola Decorativa 15cm,Unid,Panamá,26660.0,,,2025-08-19 16:09:47.963,6253,26.0,false
250593,250593,FALDA D-ARBOL 124CM  831-XMTX254- 255412,FALDA D-ARBOL 124CM,Unid,China,112743.0,,,2025-09-24 13:50:49.707,6256,0.0,false
250282,250282,JGO 12 ESFERAS 8CM BRILL 831-XB022-25B1,Set 12 Esferas 8cm,Unid,China,33961.0,,,2025-09-24 09:45:24.843,6253,0.0,false
217271,217271,831-XB023-24B JGO 12 ESFERAS TUBO,JGO 12 ESFERAS TUBO,Unid,Panamá,29978.0,,,2024-08-26 15:20:40.193,6253,0.0,false
254545,254545,TAZA NAVIDEÑA NB2519-6889,TAZA NAVIDEÑA NB2519,Unid,Panamá,27672.0,,,2025-10-23 16:05:09.673,6266,0.0,false
194410,194410,200-72000528 RUEDA NAVIDAD C/LUZ,RUEDA NAVIDAD,Unid,Panamá,607278.0,,,2023-11-24 13:55:07.363,6257,0.0,false
162745,162745,RAMO DECOR 200-3200046,RAMO DECOR 200-32000,Unid,Panamá,26360.0,,,2022-09-29 08:33:22.707,7373,1.0,false
247387,247387,VELA 8.50X8.50X10CM 200-9500035,Vela Elegante 8.5cm,Unid,Panamá,45069.0,,,2025-08-28 15:12:53.110,6298,7.0,false
254801,254801,ESTRELLA TOPE DE ARBOL CON PURPURINA SZ2550-101,ESTRELLA TOPE DE ARB,Unid,Panamá,32196.0,,,2025-10-28 11:00:23.173,6256,0.0,false
215916,215916,GUIRNALDA 201-840053,GUIRNALDA 201-840053,Unid,Panamá,59217.0,,,2024-07-30 13:27:49.513,6282,1.0,false
245709,245709,BANDEJA DECOR 25.5X23X4CM 086-656757,BANDEJA DECOR,Unid,Panamá,32566.0,,,2025-08-19 15:57:09.460,6262,0.0,false
247512,247512,ARBOL 210CM NB25190-4,ARBOL 210CM NB25190-,Unid,Panamá,612742.0,,,2025-08-29 14:49:22.437,6260,1.0,false
191645,191645,CINTA JSR-AUG546,CINTA JSR-AUG546,Unid,China,39442.0,,,2023-10-19 09:57:24.433,6278,0.0,false
219618,219618,6340.100 ESTRELLA 5 PUNTAS ORO 100CM,ESTRELLA 5 PUNTAS,Unid,Brasil,661562.0,,,2024-09-24 14:49:19.757,6256,0.0,false
217367,217367,TAZA 12ML 180-1000115,TAZA 12ML 180-100011,Unid,Panamá,13598.0,,,2024-08-27 11:45:29.573,6266,0.0,false
217119,217119,831-K002-2415 JARRA,JARRA,Unid,Panamá,71583.0,,,2024-08-23 15:06:55.583,6261,0.0,false
248512,248512,SANTA DECOR DORADO 42CM 150-8000611,Adorno Santa Dorado,Unid,Panamá,57442.0,,,2025-09-12 10:40:21.103,6257,0.0,false
254787,254787,PICK DE BAYAS NAVIDEÑAS SZ2519-1502,PICK DE BAYAS NAVIDE,Unid,Panamá,14880.0,,,2025-10-28 10:23:48.913,7370,17.0,false
254483,254483,BOLA NAVIDEÑA 30CM ROJO NB2515-893,BOLA NAVIDEÑA 30CM R,Unid,Panamá,117388.0,,,2025-10-23 12:02:25.330,6253,8.0,false
192364,192364,831-XMSM223-086 ADORNO REGALOS,ADORNO REGALOS,Unid,Panamá,20372.4827,,,2023-10-25 16:47:52.410,6257,1.0,false
107966,107966,PLATO DECORATIVO 704-04326,PLATO DECORATIVO 704,Unid,Paraguay,10748.3946,,,2020-07-30 13:54:16.737,6265,1.0,false
248051,248051,ARBOL DE NAVIDAD C/FRUTAS VERDE/ROJO 80CM 1085450,ARBOL DE NAVIDAD C/F,Unid,Brasil,152624.0,,,2025-09-09 10:09:30.087,6258,0.0,false
187716,187716,ESTRELLA DECOR 140-4700359,ESTRELLA DECOR 140-4,Unid,Panamá,48367.0,,,2023-08-14 09:15:56.170,6256,1.0,false
162530,162530,RAMA 140-5701851,RAMA 140-5701851,Unid,Panamá,13861.0,,,2022-09-28 09:49:40.733,7370,54.0,false
254688,254688,VELA METÁLICA IVORY QD2505-141,VELA METÁLICA IVORY,Unid,Panamá,4699.0,,,2025-10-24 14:58:24.833,6298,0.0,false
78360,78360,JUEGO DE PESEBRE CERAMICA,JUEGO DE PESEBRE CER,Unid,Paraguay,909090.91,,,2018-11-09 14:44:26.507,6288,0.0,false
215911,215911,ESCENA C/LUZ/MUSIC 201-9400072,ESCENA 201-9400072,Unid,Panamá,194172.0,,,2024-07-30 12:01:08.067,6257,0.0,false
254280,254280,CAJA RECT GLAM GOLD G 46X33X14 1UN 13006058,CAJA RECT GLAM GOLD,Unid,Brasil,26679.0,,,2025-10-22 10:00:55.057,6273,26.0,false
247185,247185,PONSETIA DECOR 140-2501427,Poinsetia Festiva,Unid,Panamá,15946.0,,,2025-08-28 13:22:26.277,7373,2.0,false
247176,247176,ESTRELLA DECOR 45X45X4CM 130-1900858,Estrella Decorativa,Unid,Panamá,49854.0,,,2025-08-28 13:15:28.687,6255,18.0,false
218585,218585,831-D033-11 FIGURA CASCANUECES MULTICOLOR,FIGURA CASCANUECES,Unid,Panamá,74680.0,,,2024-09-13 11:09:43.910,6255,0.0,false
215081,215081,ESFERA 130-090019,ESFERA 130-090019,Unid,Panamá,19183.0,,,2024-07-19 11:55:29.143,6253,5.0,false
248168,248168,JG ADORNO P/ARBOL 2PC ROJO C/ DORADO 130-0500212,Adornos Espiral Rojo,Unid,Panamá,21405.0,,,2025-09-09 12:04:36.267,6256,100.0,false
163472,163472,ESFERA 20CM 831-XMNBBC14-080G-20,ESFERA 20CM 831-XMNB,Unid,Panamá,50666.0,,,2022-10-04 11:40:21.567,6253,0.0,false
247020,247020,JG BOLAS 4PZ 10X10X10CM 130-1900826,Bolas Navideñas 4Pz,Unid,Panamá,34493.0,,,2025-08-28 10:41:27.533,6253,23.0,false
163499,163499,CANASTA 831-AMX027-332,CANASTA 831-AMX027-3,Unid,Panamá,52420.1818,,,2022-10-04 14:37:04.137,6277,4.0,false
186852,186852,PLATO C/BASE 200-5200067,PLATO C/BASE 200-520,Unid,Panamá,88198.0,,,2023-08-05 11:25:50.503,6257,4.0,false
160710,160710,PICK DECOR 140-4101166,PICK DECOR 140-41011,Unid,Panamá,33008.0,,,2022-08-31 16:40:48.080,7373,0.0,false
247981,247981,"CINTA C/PET CRUDO/ROJO 6,3X914CM 1069795",CINTA C/PET CRUDO/RO,Unid,Brasil,15381.0,,,2025-09-09 09:03:36.050,6278,41.0,false
254529,254529,SET BOLA NAVIDEÑA 8CM ROJO NB2519-6133,SET BOLA NAVIDEÑA 8C,Unid,Panamá,14532.0,,,2025-10-23 14:53:48.437,6253,23.0,false
248411,248411,ARBOL HILOS GRIS 10X10X26CM 201-840081,Árbol Hilos Gris,Unid,Panamá,56189.0,,,2025-09-11 15:20:14.540,6258,0.0,false
191733,191733,TALLO CORTO QD2306-1910,TALLO CORTO QD2306-1,Unid,Panamá,11586.0,,,2023-10-20 11:36:54.467,6278,1.0,false
256047,256047,ARBOL ESTRELLA DE BELEN VERDE MUSGO SMALL,ARBOL ESTRELLA DE BE,Unid,Paraguay,50909.09,,,2025-11-19 09:52:31.307,6257,0.0,false
217274,217274,831-XB023G JGO 12 ESFERAS RBN TUBO,JGO 12 ESFERAS RBN,Unid,Panamá,29978.0,,,2024-08-26 15:29:59.360,6253,0.0,false
248338,248338,ESCENA CARRUSEL NAV C/LUZ 200-7200167/1,ESCENA NAV C/LUZ 200,Unid,Panamá,426429.0,,,2025-09-10 16:22:21.690,6257,0.0,false
217545,217545,TREN NAVIDEÑO C/LUZ 201-7800021,TREN NAVIDEÑO C/LUZ,Unid,Panamá,114012.0,,,2024-08-28 14:26:25.557,6284,0.0,false
247328,247328,POINSETTIA DECOR 35X31X6CM 140-4102261,Poinsettia,Unid,Panamá,21569.0,,,2025-08-28 14:17:38.683,7373,27.0,false
250411,250411,RELLENO BAYAS-PINA S4-PD 831-MX2467-2530,Relleno Bayas y Piña,Unid,China,6723.0,,,2025-09-24 11:11:36.990,7370,5.0,false
246070,246070,CASCANUECES DOS 8.5X7.6X30CM 200-4100353,CASCANUECES 8.5X7.6X,Unid,Panamá,47248.0,,,2025-08-22 11:45:34.710,7340,0.0,false
220921,220921,LATA NAVIDEÑA 03213,LATA NAVIDEÑA 03213-,Unid,Paraguay,12954.5455,,,2024-10-15 14:48:46.720,6257,0.0,false
136617,136617,GUIRNALDA NAVIDEÑA NB24190-134,GUIRNALDA NAVIDEÑA,Unid,Panamá,67205.0,,,2021-09-15 15:49:32.450,6282,0.0,false
247455,247455,AVE DECOR 12X20X26CM 202-2500044,Pajarito Navideño,Unid,Panamá,57238.0,,,2025-08-28 16:14:10.930,6255,0.0,false
250504,250504,CINTA 10CM X 10YDS AZUL- 831-AMX082-2548,CINTA 10CM X 10YDS A,Unid,China,25168.0,,,2025-09-24 12:00:58.157,6278,46.0,false
160431,160431,BOLA DECOR 130-9500368,BOLA DECOR 130-95003,Unid,Panamá,6285.845,,,2022-08-25 12:23:01.150,6253,0.0,false
220930,220930,LATA TORRE PAPA NOEL 03266-3,LATA TORRE PAPA NOEL,Unid,Paraguay,27272.7275,,,2024-10-15 15:06:18.007,6273,0.0,false
134610,134610,ARBOL DECOR 140-0500135,Albol deco,Unid,Panamá,92998.0,,,2021-08-26 09:19:26.150,6259,4.0,false
246055,246055,CAMPANAS ESTRELLAS 3 SURT 14X9X4CM 200-2000428,CAPANAS 3 SURT 14X9X,Unid,Panamá,7677.0,,,2025-08-22 11:03:50.600,7339,1.0,false
248077,248077,MINI ARBOL NAVIDADMACETA VERDE 40CM 1053603,MINI ARBOL NAVIDADMA,Unid,Brasil,38054.0,,,2025-09-09 10:36:32.140,7371,0.0,false
192208,192208,"ARBOL DE YSYPO 1,80","ARBOL DE YSYPO 1,80",Unid,Paraguay,363636.3616,,,2023-10-24 09:37:53.563,6260,0.0,false
217281,217281,PICK DECOR  140-5702455,PICK DECOR  140-5702,Unid,Panamá,10086.0,,,2024-08-26 16:03:54.200,7373,0.0,false
218622,218622,831-239-2463R ESFERA DISPLAY 6,ESFERA DISPLAY 6,Unid,Panamá,31452.0,,,2024-09-13 14:04:02.493,6253,1.0,false
215083,215083,JG BOLAS DECOR 130-1900655,JG BOLAS 130-1900655,Unid,Panamá,34222.0,,,2024-07-19 11:58:03.183,6253,5.0,false
215379,215379,JG BOLAS 3PZ 130-2502198,BOLAS 130-2502198,Unid,Panamá,38366.0,,,2024-07-23 10:28:30.017,6253,11.0,false
250351,250351,PONSETIA 33CM NATURAL 144 831-AMX018-2501,PONSETIA 33CM NATURA,Unid,China,8791.0,,,2025-09-24 10:33:53.450,7373,1.0,false
258977,258977,PORTA VELA 9.5X9.5X20.5CM 437-5020137,PORTA VELA,Unid,Panamá,33582.0,,,2025-12-23 08:05:05.180,6257,34.0,false
191570,191570,BOLSA DE REGALO NB2319-2611,BOLSA DE REGALO NB23,Unid,Panamá,3026.0,,,2023-10-17 14:40:42.323,6270,0.0,false
217486,217486,COLLAR D/ARBOL 201-6100046,COLLAR D/ARBOL 201-6,Unid,Panamá,131933.0,,,2024-08-28 10:47:24.600,6256,0.0,false
191725,191725,CINTA NB2336-544,CINTA NB2336-544,Unid,Panamá,17552.0,,,2023-10-20 11:18:31.857,6278,7.0,false
250573,250573,JGO TREN LED 14PZAS 90CM B 831-D065-2509,Tren LED Mágico,Unid,China,141443.0,,,2025-09-24 13:35:00.997,6284,1.0,false
206455,206455,CASITA NAVIDEÑA JSR-JAN-R61,CASITA NAVIDEÑA JSR-,Unid,China,37383.0,,,2024-04-12 12:50:06.330,6257,0.0,false
187048,187048,ESCENA NAVIDAD C/LUZ 201-9700128/1,ESCENA NAVIDAD C/LUZ,Unid,Panamá,645308.0,,,2023-08-07 16:25:25.550,6288,2.0,false
223443,223443,SETx6 ESFERAS ROJAS 5CM LRH5006A,SETx6 ESFERAS ROJAS,Unid,Paraguay,4545.4545,,,2024-11-23 09:41:32.860,6253,0.0,false
222674,222674,ESTRELLAS,ESTRELLAS,Unid,Paraguay,22727.2725,,,2024-11-15 13:54:56.657,6257,1.0,false
250671,250671,JGO3 CANASTA NAV 25CM VER 831-XDA33-2502,JGO3 CANASTA NAV 25C,Unid,China,133683.0,,,2025-09-24 15:10:49.580,6276,0.0,false
246779,246779,ARDILLA NAV.DECOR 17X12X26CM 201-3400283,Ardilla Navidad 17cm,Unid,Panamá,64711.0,,,2025-08-27 08:43:26.057,6255,0.0,false
246232,246232,"CAMION JOY 42,5 X 16 X 20 CMJSR-DEC-24-65","CAMION JOY 42,5 X 16",Unid,China,216466.0,,,2025-08-22 19:17:32.540,6257,0.0,false
118332,118332,PICK HOJAS/FRUTAS BCO,Pick hojas,Unid,Paraguay,5818.1818,,,2020-11-24 16:33:42.973,7373,1.0,false
247432,247432,BUZON DECOR 25X22X40CM 201-0500120,BUZON DECOR 25X22X40,Unid,Panamá,152829.0,,,2025-08-28 15:55:30.410,6257,0.0,false
248234,248234,MAGNOLIA DECOR AMARILLO 140-1301056,MAGNOLIA DECOR AMARI,Unid,Panamá,24666.0,,,2025-09-09 16:06:12.283,7373,22.0,false
217081,217081,RAMA DECOR 140-4101740,RAMA DECOR 140-41017,Unid,Panamá,20083.0,,,2024-08-23 14:32:57.220,7370,9.0,false
248069,248069,ARBOL NAVIDAD IPANEMA 720 RAMAS VERDE 210CM1088438,ARBOL NAVIDAD IPANEM,Unid,Brasil,169201.0,,,2025-09-09 10:31:49.023,6260,3.0,false
226032,226032,Taza + pan dulce,Taza + pan dulce,Unid,Paraguay,44318.18,,,2024-12-20 15:46:42.697,6257,0.0,false
215231,215231,JG BOLAS DECOR 130-1900722,Bolas Decorativas,Unid,Panamá,28367.0,,,2024-07-22 15:55:42.430,6253,0.0,false
250440,250440,RELLENO 83CM NATURAL 144 831-AMX018-2504,Relleno Natural 83cm,Unid,China,10688.0,,,2025-09-24 11:28:00.250,7370,20.0,false
247008,247008,BOLA DECOR 3 SURT 10X10X10CM 130-1200089,Esferas Navideñas 3S,Unid,Panamá,7637.0,,,2025-08-28 10:31:32.660,6253,80.0,false
186744,186744,PONSETIA 140-5802573,PONSETIA 140-5802573,Unid,Panamá,11704.0,,,2023-08-04 13:57:37.063,7373,0.0,false
246865,246865,ESCENA C/LUZ A/BAT 201-9500014,ESCENA C/LUZ A/BAT 2,Unid,Panamá,153723.0,,,2025-08-27 10:13:49.917,6257,2.0,false
219876,219876,1641863 CINTA A CUADROS NAVIDAD,CINTA A CUADROS NAV,Unid,Brasil,27063.0,,,2024-09-26 14:19:27.717,6278,0.0,false
246289,246289,DECORACIÓN NAVIDEÑA JSR-APR-5145,Adorno Navideño JSR,Unid,China,3432.0,,,2025-08-22 21:44:47.670,6257,61.0,false
215859,215859,RENO 201-3500288,RENO 201-3500288,Unid,Panamá,88779.0,,,2024-07-30 10:53:02.270,6257,0.0,false
254809,254809,NACIMIENTO FIG. GRANDES 11PCS XM2009-30,NACIMIENTO FIG. GRAN,Unid,Panamá,447463.0,,,2025-10-28 11:18:58.130,6288,0.0,false
218653,218653,831-2788-239101378R JGO2 ORNAMENTOS RENO,JGO2 ORNAMENTOS RENO,Unid,Panamá,9289.0,,,2024-09-13 14:52:44.270,6256,0.0,false
247206,247206,BOLA DECOR 8X8X8CM 201-1300263,Bola Decorativa 8cm,Unid,Panamá,10743.0,,,2025-08-28 13:31:46.567,6253,0.0,false
246493,246493,CINTA DE 6 CM X 8 METROS JSR-DEC-24-609,Cinta Roja 6x8,Unid,China,11765.0,,,2025-08-23 08:23:23.263,6278,0.0,false
217498,217498,CASA C/LUZ A/BAT 200-9800222,CASA C/LUZ A/BAT 200,Unid,Panamá,92667.0,,,2024-08-28 11:02:24.513,6257,0.0,false
160750,160750,FLOR DECO 140-5100909,FLOR DECO 140-510090,Unid,Panamá,26781.0,,,2022-09-01 11:11:10.363,7373,2.0,false
224347,224347,FLOR NAVIDEÑA ROJA LY21-360,FLOR NAVIDEÑA ROJA,Unid,Paraguay,4772.7272,,,2024-12-06 10:06:01.150,7373,2.0,false
140370,140370,ESFERAS NAVIDEÑAS,ESFERAS NAVIDEÑAS,Unid,Paraguay,11818.1817,,,2021-11-12 12:13:56.940,6253,8.0,false
246321,246321,SERVILLETA 16.5 X 16.5 CM 20 PCS JSR-APR25-34. .,SERVILLETA 16.5 X 16,Unid,China,3137.0,,,2025-08-22 22:33:41.473,7365,140.0,false
217163,217163,831-MX2467-2440A MAGNOLIA 25CM ROJO,MAGNOLIA 25CM ROJO,Unid,Panamá,8565.0,,,2024-08-24 08:29:19.650,7373,0.0,false
254471,254471,BOLA NAVIDEÑA 15CM BLANCO NB2515-778,BOLA NAVIDEÑA 15CM B,Unid,Panamá,13138.0,,,2025-10-23 11:24:02.210,6253,0.0,false
250675,250675,PONSETIA 26CM ROJO 720 831-MX2467-726- 23B,PONSETIA 26CM ROJO,Unid,China,5689.0,,,2025-09-24 15:16:23.783,7373,282.0,false
217040,217040,831-AMX006-2419N MAGNOLIA 20CM CHAMPAGNE,MAGNOLIA 20CM CHAMP,Unid,Panamá,7240.0,,,2024-08-23 11:01:16.260,7373,8.0,false
160426,160426,FLOR DECOR 130-7000125,FLOR DECOR 130-70001,Unid,Panamá,25608.0,,,2022-08-25 11:46:50.730,7373,8.0,false
250582,250582,ADORNO RENO 163X16 831-XMDEC017- 2532B,Reno Navidad,Unid,China,30339.0,,,2025-09-24 13:40:51.777,6255,0.0,false
250526,250526,FIG SANTA HNIE 64CM  831-XMFE104- 2503B4,Figura Santa 64 cm,Unid,China,112052.0,,,2025-09-24 12:59:28.907,6255,0.0,false
246775,246775,BOLA COLGANTE 10X10X10CM 201-3400268,Bola Colgante Roja,Unid,Panamá,20670.0,,,2025-08-27 08:34:02.517,6253,43.0,false
220253,220253,TAZA NAVIDEÑA JSR-NOV-1014,Taza Navidad Árbol,Unid,Paraguay,48916.6315,,,2024-10-07 08:46:28.153,6266,0.0,false
163511,163511,831-XMSM223-107 ADORNO REGALOS,ADORNO REGALOS 831-X,Unid,Panamá,18906.7959,,,2022-10-04 15:05:07.560,6257,4.0,false
224471,224471,ESFERAS ROJAS LRE8006A-61,ESFERAS ROJAS LRE800,Unid,Paraguay,19772.7273,,,2024-12-09 14:23:56.973,6253,0.0,false
215045,215045,ADORNO C/LUZ 130-0200112,Adorno Luminoso 130,Unid,Panamá,58628.0,,,2024-07-19 09:48:52.787,6257,26.0,false
256052,256052,ARBOL LAZO DE CROCHET VERDE MUSGO MEDIUM,ARBOL LAZO DE CROCHE,Unid,Paraguay,71272.725,,,2025-11-19 09:57:05.253,6257,0.0,false
163568,163568,"CINTA 6,3 CM NB22196-12","CINTA 6,3 CM NB22196",Unid,Panamá,23015.0,,,2022-10-05 09:34:23.583,6278,0.0,false
254695,254695,PICK DE PINO NAVIDEÑO QD2506-5709,PICK DE PINO NAVIDEÑ,Unid,Panamá,10703.0,,,2025-10-24 15:37:22.927,7370,46.0,false
217143,217143,831-MX2467-24129A RAMA 54CM ROJO,RAMA 54CM ROJO,Unid,Panamá,7036.0,,,2024-08-23 16:12:26.660,7370,5.0,false
248167,248167,SETA DECORATIVA RESINA MARFIL 12CM 1042458,SETA DECORATIVA RESI,Unid,Brasil,61929.0,,,2025-09-09 12:02:54.170,6257,19.0,false
247066,247066,PORTAVELA 9X9X10CM 180-3300989,PORTAVELA 9X9X10CM 1,Unid,Panamá,17457.0,,,2025-08-28 11:38:22.407,7335,0.0,false
219830,219830,201-6700033 BASE DECORATIVA P/ARBOL,BASE DECOR P/ARBOL,Unid,Panamá,118641.0,,,2024-09-26 10:54:38.703,6256,1.0,false
246440,246440,ALFOMBRA DE NAVIDAD DE 120 CM JSR-DEC-24-541,ALFOMBRA DE NAVIDAD,Unid,China,67448.0,,,2025-08-23 01:31:28.380,6439,0.0,false
217493,217493,CASA C/LUZ A/BAT 200-9800194,CASA C/LUZ A/BAT 200,Unid,Panamá,81233.0,,,2024-08-28 10:55:08.827,6257,0.0,false
246294,246294,DECORACIÓN NAVIDEÑA 14 X 6 CM JSR-APR-6505,Adorno Navideño Azul,Unid,China,4510.0,,,2025-08-22 21:48:09.310,6257,2.0,false
185617,185617,JG 3 CAMPANAS 048-956493,JG 3 CAMPANAS 048-95,Unid,Panamá,6019.0,,,2023-07-14 14:34:23.933,6257,11.0,false
192363,192363,FALDA ARBOL SANTA 831-2788-321014B,FALDA ARBOL SANTA 83,Unid,Panamá,87498.0,,,2023-10-25 16:14:07.827,6257,0.0,false
192842,192842,COLGANTE 831-D032-21,COLGANTE 831-D032-21,Unid,Panamá,39474.0,,,2023-10-31 10:54:55.883,7333,0.0,false
222440,222440,PACK VELITAS NAVIDEÑA,PACK VELITAS NAVIDEÑ,Unid,Paraguay,15909.0902,,,2024-11-11 11:34:33.750,6298,0.0,false
125128,125128,Caminero ocasión especial - navideño,Caminero ocasión esp,Unid,Paraguay,59000.0,,,2021-03-08 11:57:28.507,6290,0.0,false
215538,215538,ADORNO COLGANTE 200-3200127,ADORNO 200-3200127,Unid,Panamá,37966.0,,,2024-07-23 13:57:48.170,7333,0.0,false
117083,117083,Pesebre de color negro de 10cm,Pesebre de color neg,Unid,Paraguay,268636.3625,,,2020-11-03 10:30:41.783,6288,0.0,false
248065,248065,ARBOL NAVIDAD IPANEMA 150 RAMAS VERDE 120CM1088435,ARBOL NAVIDAD IPANEM,Unid,Brasil,38854.0,,,2025-09-09 10:28:09.650,6259,3.0,false
134475,134475,CINTA 130-5800117,Cinta navideña,Unid,Panamá,18830.0,,,2021-08-24 17:01:04.453,6278,0.0,false
245677,245677,JGO NACIMIENTO 11PZ 15CM 024-494296,JGO NACIMIENTO 11PZ,Unid,Panamá,250068.0,,,2025-08-19 15:37:41.587,6288,0.0,false
246401,246401,"63 MM, CINTA DE 10 YARDAS / ROLLO JSR-DEC-24-637",Cinta Festiva Verde,Unid,China,23234.0,,,2025-08-23 00:36:38.750,6278,47.0,false
245907,245907,RAMA DECOR DORADO 5X20X76CM 140-2200942,Rama Decorativa,Unid,Panamá,29613.0,,,2025-08-21 09:30:08.590,7370,0.0,false
217202,217202,831-XB09-24184R ORNAMENTO CEBOLLA,ORNAMENTO CEBOLLA,Unid,Panamá,54961.0,,,2024-08-26 10:03:01.197,6257,1.0,false
247141,247141,FALDA P/ARBOL 58X24X66CM 202-1100019,Falda Árbol Navidad,Unid,Panamá,75366.0,,,2025-08-28 12:18:56.233,6256,0.0,false
248425,248425,RAMA DECO HOJAS VERDES FRUTOS ROJO 140-4700587,RAMA DECO HOJAS VERD,Unid,Panamá,38964.0,,,2025-09-11 15:43:51.010,7370,0.0,false
163676,163676,"CINTA NAVIDEÑA 2,5x10 NB2236-57","CINTA NAVIDEÑA 2,5x1",Unid,Panamá,8007.8535,,,2022-10-05 11:39:45.903,6278,4.0,false
134625,134625,RAMA DECOR 140-1500143,Rama deco,Unid,Panamá,5007.3241,,,2021-08-26 11:45:12.797,7370,1.0,false
254676,254676,SET DE CINTA NAVIDEÑA NB2536-735,SET DE CINTA NAVIDEÑ,Unid,Panamá,28368.0,,,2025-10-24 14:31:16.640,6278,1.0,false
206292,206292,CASCANUECES 30CM JSR-JAN-352,Cascanueces Dorado,Unid,China,46754.0,,,2024-04-11 12:22:09.490,7340,0.0,false
217426,217426,CALENDARIO DECO A BATERIA 201-2500369,CALENDARIO DECO A/BA,Unid,Panamá,102216.0,,,2024-08-28 09:32:49.580,6257,0.0,false
217260,217260,831-239-2433B JGO 4 ESFERAS CAJA,JGO 4 ESFERAS CAJA,Unid,Panamá,21514.0,,,2024-08-26 15:09:16.930,6253,0.0,false
138733,138733,LUCES LED 20M TIRA-20M-CVLC,LUCES LED 20M TIRA-2,Unid,Paraguay,25454.5454,,,2021-10-20 13:39:22.957,6285,12.0,false
248355,248355,FLOR DECOR ROJO DE 5 PETALOS 140-4700557,Flor Roja 5 Pétalos,Unid,Panamá,16471.0,,,2025-09-10 16:56:29.303,7373,11.0,false
247399,247399,CAJA D/REGALO 10X10X11CM 130-1900773,CAJA D/REGALO 10X10X,Unid,Panamá,9903.0,,,2025-08-28 15:28:46.703,6272,0.0,false
217079,217079,831-24824027B FIG SANTA HNIE RENO,FIG SANTA HNIE RENO,Unid,Panamá,58939.0,,,2024-08-23 14:31:01.843,6255,0.0,false
217277,217277,831-239-2466R ESFERA BRILL/ESCAR,ESFERA BRILL/ESCAR,Unid,Panamá,16315.0,,,2024-08-26 15:36:25.547,6253,0.0,false
247167,247167,FLOR DECOR 140-5201674,Flor Decorativa,Unid,Panamá,18967.0,,,2025-08-28 13:07:33.520,7373,1.0,false
248369,248369,CASCABEL DECOR 8X7.50X10CM 201-2200243,CASCABEL DECOR 8X7.5,Unid,Panamá,11790.0,,,2025-09-11 09:07:17.677,7339,1.0,false
246210,246210,BOLA DE NAVIDAD DE 10 CM JSR-DEC-24-10,Bola Navidad 10 cm,Unid,China,3431.0,,,2025-08-22 18:26:00.003,6253,2.0,false
186796,186796,PORTAPLATO 180-0700411,PORTAPLATO 180-07004,Unid,Panamá,9948.0,,,2023-08-05 09:13:00.657,6265,2.0,false
218595,218595,831-XDA13-29 CARRUSEL ROJO,CARRUSEL ROJO,Unid,Panamá,159656.0,,,2024-09-13 11:33:37.540,6257,0.0,false
219905,219905,202-0200011 CASA C/LUZ A BAT,CASA C/LUZ A BAT,Unid,Panamá,21428.0,,,2024-09-26 14:54:18.567,6257,2.0,false
134301,134301,JGO DE BOLAS 6PZ 130-5000456,Jgo de bolas,Unid,Panamá,30758.0,,,2021-08-23 12:30:20.747,6253,7.0,false
248318,248318,JG CAJAS DE REGALO C/LUZ 3PZ A/BAT2 200-2100848B,JG CAJAS DE REGALO C,Unid,Panamá,196576.0,,,2025-09-10 14:51:38.007,6272,0.0,false
186650,186650,BOLAS 130-5001072,BOLAS 130-5001072,Unid,Panamá,22906.0,,,2023-08-03 16:48:32.330,6253,0.0,false
218676,218676,130-9502599 JG BOLA DECOR,130-9502599 JG BOLA,Unid,Panamá,29615.0,,,2024-09-13 15:44:58.513,6253,0.0,false
217463,217463,VELA C/TAPA 200ML 200-9500008,VELA C/TAPA 200ML 20,Unid,Panamá,44751.4909,,,2024-08-28 10:25:56.543,6298,1.0,false
217098,217098,POINSETIA DECOR 140-4101836,POINSETIA DECOR 140-,Unid,Panamá,23055.0,,,2024-08-23 14:46:27.513,7373,0.0,false
246420,246420,"63 MM, CINTA DE 10 YARDAS / ROLLO JSR-DEC-24-665",Cinta Verde 63 mm 10,Unid,China,22646.0,,,2025-08-23 00:50:38.230,6278,0.0,false
256046,256046,ARBOL ESTRELLA DE BELEN VERDE MUSGO MEDIUM,ARBOL ESTRELLA DE BE,Unid,Paraguay,65454.545,,,2025-11-19 09:50:38.160,6257,0.0,false
246033,246033,TAPON P/BOTELLA SURTIDO 5X5X12.5CM 180-0400215,Tapones Navideños,Unid,Panamá,28938.0,,,2025-08-22 09:36:22.260,7337,2.0,false
247093,247093,CINTA 6CM 130-3400648,CINTA 6CM 130-340064,Unid,Panamá,16869.0,,,2025-08-28 12:01:02.197,6278,38.0,false
254489,254489,ALMOHADON ARBOLITO ROJO,ALMOHADON ARBOLITO R,Unid,Paraguay,22272.7275,,,2025-10-23 13:54:31.893,6289,1.0,false
250419,250419,RELLENO BAYAS-PINA 80CM  831-MX2467-2518,RELLENO BAYAS-PINA 8,Unid,China,20169.0,,,2025-09-24 11:17:14.557,7370,1.0,false
219872,219872,201-9500067 TIENDA D/REGALOS C/LUZ,TIENDA D/REGALOS C/L,Unid,Panamá,153867.0,,,2024-09-26 14:11:35.843,6257,0.0,false
248035,248035,COLGANTE PAPÁ NOEL SURTIDO COLORES 12CM 1007361,COLGANTE PAPÁ NOEL S,Unid,Brasil,7291.0,,,2025-09-09 09:42:34.517,7333,2.0,false
93922,93922,ARBOL / ESTRELLA  XMFE104-142 BERRY,ARBOL / ESTRELLA  XM,Unid,China,12914.0,,,2019-10-19 10:31:07.450,6259,88.0,false
215192,215192,ARBOL 180CM 110-1400120,ARBOL 180CM 110-1400,Unid,Panamá,406047.0,,,2024-07-22 13:35:09.633,6259,2.0,false
246526,246526,HILO 2MM ESPESOR 100 METROS 80JSR-FEB-1101,HILO ESPESOR 2MM,Unid,China,4412.0,,,2025-08-23 09:34:48.713,6280,50.0,false
245943,245943,PONSETTIA DECOR INDIVIDUAL 50CM 140-3500062,Poinsettia Roja 50cm,Unid,Panamá,9534.0,,,2025-08-21 13:29:49.877,7373,0.0,false
217151,217151,831-XMFE-28038-22Z6 CAMINO DE MESA,CAMINO DE MESA,Unid,Panamá,58428.0,,,2024-08-23 16:25:58.823,6290,0.0,false
162395,162395,RAMA DECOR 140-4101107,RAMA DECOR 140-41011,Unid,Panamá,14935.0,,,2022-09-26 10:51:56.267,7370,0.0,false
248153,248153,JG ADORNO P/ARBOL 3PC TIPO GOTA SURTID 130-0500189,Adornos Gota 3Pcs,Unid,Panamá,23662.0,,,2025-09-09 11:56:34.960,6256,28.0,false
250620,250620,ESTRELLA DECO 60CM DORADO 831-D105-2525G,Estrella Deco Dorada,Unid,China,54302.0,,,2025-09-24 14:05:24.380,6256,17.0,false
254544,254544,BOLSA DE NAVIDAD NO TEJIDA NB2519-6832,BOLSA DE NAVIDAD,Unid,Panamá,2872.0,,,2025-10-23 15:59:42.610,6271,22.0,false
215196,215196,LUCES 120-7000039,LUCES 120-7000039,Unid,Panamá,41571.0,,,2024-07-22 14:33:06.653,6285,0.0,false
134601,134601,JGO DE BOLA DECOR 80MM 130-9501530,Jgo de bola navideña,Unid,Panamá,27706.0,,,2021-08-26 08:55:30.237,6253,1.0,false
191576,191576,SERVILLETA NB2319-2632,SERVILLETA NB2319-26,Unid,Panamá,4150.0,,,2023-10-17 14:49:23.543,6296,0.0,false
192470,192470,JUEGO DE PESEBRE BA,JUEGO DE PESEBRE BA,Unid,Paraguay,509090.91,,,2023-10-27 13:55:19.707,6288,0.0,false
247318,247318,POINSETTIA DECOR 140-4102042,Flor Nochebuena Roja,Unid,Panamá,19471.0,,,2025-08-28 14:12:51.220,7373,24.0,false
247264,247264,RAMA DECOR 140-4102192,RAMA DECOR 140-41021,Unid,Panamá,17037.0,,,2025-08-28 13:51:04.767,7370,0.0,false
246326,246326,SERVILLETERO DE BAMBÚ JSR-APR25-291,Bamboo Napkin Holder,Unid,China,13332.0,,,2025-08-22 22:38:43.127,6319,17.0,false
256707,256707,Individuales x2 Grinch,Individuales x2 Grin,Unid,Paraguay,27272.7255,,,2025-12-01 08:22:41.533,7365,0.0,false
217441,217441,ARDILLA DECO 201-3400249,ARDILLA DECO 201-340,Unid,Panamá,75467.0,,,2024-08-28 09:56:55.750,6255,0.0,false
246884,246884,SAGRADA FAMILIA 9.8X5.8X9.8CM 202-5400003,Pesebre Sagrada,Unid,Panamá,28686.0,,,2025-08-27 10:43:56.897,6288,0.0,false
254283,254283,CIERRE PRATICO KRAFT 100UN 19000713,CIERRE PRATICO KRAFT,Unid,Brasil,15646.0,,,2025-10-22 10:05:59.963,6273,0.0,false
192757,192757,ORNAMENTO CAMPANA 831-XMNBBC14-108R,ORNAMENTO CAMPANA 83,Unid,Panamá,6823.0,,,2023-10-30 16:19:03.177,6257,13.0,false
160425,160425,FLOR DECOR 130-7000119,FLOR DECOR 130-70001,Unid,Panamá,25608.0,,,2022-08-25 11:44:17.780,7373,8.0,false
254289,254289,KIT CESTA CRISTALINO DOUR ROJO 1PC 262358-AC,KIT CESTA CRISTALINO,Unid,Brasil,23367.0,,,2025-10-22 10:16:30.313,6276,0.0,false
248542,248542,SANTA DECOR JARDINERO 160-4503798,Santa Jardiner,Unid,Panamá,88295.0,,,2025-09-12 11:08:38.487,6255,0.0,false
195124,195124,SAGRADA FLIA GRANDE B. ALLEN,SAGRADA FLIA GRANDE,Unid,Paraguay,189090.9086,,,2023-11-28 11:59:30.153,6288,0.0,false
250656,250656,ARBOL 50CM ROJO 12 831-D047-2409-2,ARBOL 50CM ROJO 12 8,Unid,Panamá,117743.0,,,2025-09-24 14:54:16.553,6258,0.0,false
191343,191343,ESTRELLA BLANCA CH,ESTRELLA BLANCA CH,Unid,Paraguay,10909.0908,,,2023-10-13 15:06:43.570,6257,13.0,false
248388,248388,FLOR AMARILLA BOLAS DECOR 15X23X15CM 201-3500367,Flor Amarilla,Unid,Panamá,8445.0,,,2025-09-11 14:00:44.333,7373,121.0,false
254547,254547,CASCANUECES DE NAVIDAD NB2519-6953,CASCANUECES DE NAVID,Unid,Panamá,155331.0,,,2025-10-23 16:20:43.940,7340,0.0,false
186649,186649,BOLAS 130-5001070,BOLAS 130-5001070,Unid,Panamá,17472.0,,,2023-08-03 16:44:52.113,6253,0.0,false
192468,192468,SAGRADA FAMILIA BA,SAGRADA FAMILIA BA,Unid,Paraguay,122727.2725,,,2023-10-27 13:54:41.827,6288,2.0,false
247380,247380,VELA C/TAPA 390ML 10X10X12CM 200-9500023,VELA C/TAPA 390ML 10,Unid,Panamá,56652.0,,,2025-08-28 15:07:43.673,6298,12.0,false
219686,219686,150-8100961A BOTA SANTA 20X4X50CM,BOTA SANTA 20X4X50CM,Unid,Panamá,54813.0,,,2024-09-25 13:53:22.760,6257,0.0,false
246588,246588,ALAMBRE VERDE 1 MM X 60 CM JSR-APR25-77,ALAMBRE VERDE 1 MM X,Unid,China,294.0,,,2025-08-25 10:44:00.263,6269,2000.0,false
250316,250316,JGO 6PZAS ESFERA 8CM R 831-MX2467- 2592A,Juego Esferas 8cm,Unid,China,15946.0,,,2025-09-24 10:09:04.007,6253,0.0,false
246733,246733,LUCES LED MULTICOLOR C/LUZ A/BAT2 85CM 201-0300655,Luces LED Festivas,Unid,Panamá,14090.0,,,2025-08-26 16:01:03.400,6285,5.0,false
217530,217530,ESTRELLA 201-2200144,ESTRELLA 201-2200144,Unid,Panamá,16120.0,,,2024-08-28 11:52:45.410,6257,0.0,false
247545,247545,GUIRNALDA NAVIDEÑA 9FTX12 NB25190-224,Guirnalda Festiva,Unid,Panamá,51455.0,,,2025-08-29 16:31:14.590,6282,0.0,false
187774,187774,FALDA P/ARBOL 170-3000311,FALDA P/ARBOL 170-30,Unid,Panamá,112771.0,,,2023-08-14 11:41:57.367,6256,0.0,false
160647,160647,POINSETTIA DECOR 140-4101083,POINSETTIA DECOR 140,Unid,Panamá,13808.0,,,2022-08-31 09:06:53.443,7373,0.0,false
206442,206442,CASITA NAVIDEÑA JSR-JAN-R47,Casita Navideña JSR,Unid,China,32541.0,,,2024-04-12 12:35:38.363,6257,0.0,false
160490,160490,RAMA DECOR  140-1300409,RAMA DECOR  140-1300,Unid,Panamá,21340.0,,,2022-08-26 08:49:29.707,7370,4.0,false
213769,213769,PLATO DE PASTEL P SOLDADOS 1255-116P,PLATO 1255-116P,Unid,Brasil,75134.0,,,2024-06-27 13:56:04.600,6264,0.0,false
190322,190322,CESTA 201-6100013 GD,CESTA 201-6100013 GD,Unid,Panamá,35863.8,,,2023-10-01 10:50:15.300,6277,0.0,false
248280,248280,COJIN ARBOLES 170-3000344,COJIN 170-3000344,Unid,Panamá,91138.0,,,2025-09-10 11:49:14.757,6289,0.0,false
215420,215420,CINTA 130-3400514,CINTA 130-3400514,Unid,Panamá,24765.0,,,2024-07-23 10:47:02.440,6278,0.0,false
218621,218621,831-XB023R JGO 12 ESFERAS,JGO 12 ESFERAS,Unid,Panamá,27039.0,,,2024-09-13 14:01:53.500,6253,0.0,false
254880,254880,BOLA DE AGUA 45MM XM2563-64,BOLA DE AGUA 45MM XM,Unid,Panamá,15663.0,,,2025-10-29 12:28:53.377,6253,5.0,false
162226,162226,CINTA 130-3400325,CINTA 130-3400325,Unid,Panamá,18538.0,,,2022-09-23 11:47:54.793,6278,1.0,false
219851,219851,1057149 BOLA TERCIOPELO SETX6,BOLA TERCIOPELO,Unid,Brasil,79277.0,,,2024-09-26 11:10:40.047,6253,0.0,false
219616,219616,6.343.120 ESTRELLA 5 PUNTAS ROJO 120 CM,ESTRELLA 5 PUNTAS,Unid,Brasil,905028.0,,,2024-09-24 14:46:21.520,6256,0.0,false
246403,246403,"63 MM, CINTA DE 10 YARDAS / ROLLO JSR-DEC-24-639.",Cinta Navideña 63mm,Unid,China,21568.0,,,2025-08-23 00:38:58.970,6278,69.0,false
217137,217137,831-XK39 INDIVIDUAL REDONDO,INDIVIDUAL REDONDO,Unid,Panamá,15295.0,,,2024-08-23 15:57:27.127,6291,0.0,false
187844,187844,CAMPANA 01-9200098,CAMPANA 01-9200098,Unid,Panamá,40918.0,,,2023-08-16 10:59:21.633,6257,0.0,false
217523,217523,ARBOL DECOR 201-1300185,ARBOL DECOR 201-130,Unid,Panamá,26656.0,,,2024-08-28 11:44:33.380,6257,0.0,false
246585,246585,BOLSA 32 Z 25 X 17 CM JSR-APR-6689,Bolsa Navideña 32x25,Unid,China,2451.0,,,2025-08-25 10:39:46.597,6271,0.0,false
246510,246510,2 PCS JUEGO DE CUCHARA Y TENEDOR JSR-DEC-24-865,2 PCS JUEGO DE CUCHA,Unid,China,7844.0,,,2025-08-23 08:57:45.650,6263,0.0,false
171291,171291,BOLSA ESTRELLA PLATA 30X44,BOLSA ESTRELLA PLATA,Unid,Paraguay,509.0909,,,2022-12-15 11:15:12.643,6269,0.0,false
255382,255382,SPRAY 125ML FLOR DE COCO,SPRAY 125ML FLOR DE,Unid,Paraguay,25454.5465,,,2025-11-07 14:39:58.883,6298,1.0,false
217251,217251,831-AMX044-1825A POINSETIA 30CM ROJO,POINSETIA 30CM ROJO,Unid,Panamá,10197.0,,,2024-08-26 14:44:15.033,7373,0.0,false
246724,246724,RENO DECOR 14.50X5.50X22.50CM 201-0100312,Reno Decorativo,Unid,Panamá,82347.0,,,2025-08-26 15:50:39.213,6255,3.0,false
79824,79824,JUEGO DE PESEBRE,JUEGO DE PESEBRE,Unid,Paraguay,276363.635,,,2018-12-15 09:31:58.713,6288,2.0,false
215439,215439,COJIN 170-3000358,COJIN 170-3000358,Unid,Panamá,91233.0,,,2024-07-23 10:57:39.007,6257,0.0,false
245770,245770,RAMA DECOR 12X12X22CM 130-2502048,Rama Decorativa,Unid,Panamá,16790.0,,,2025-08-19 16:31:15.043,7370,1.0,false
186734,186734,RAMA DECO 140-5101398,RAMA DECO 140-510139,Unid,Panamá,14379.0,,,2023-08-04 11:46:05.650,7370,0.0,false
187794,187794,PORTAPLATO 180-7600208,PORTAPLATO 180-76002,Unid,Panamá,11710.0,,,2023-08-14 14:57:55.030,6265,3.0,false
246882,246882,CASA DECOR C/LUZ A/BAT3 9.8X7X16.3CM 202-5100017,CASA DECOR C/LUZ A/B,Unid,Panamá,31386.0,,,2025-08-27 10:41:27.990,6257,1.0,false
217228,217228,831-2771-239316Z14 JGO 12 ESFERAS,JGO 12 ESFERAS,Unid,Panamá,34772.0,,,2024-08-26 10:43:42.917,6253,0.0,false
250368,250368,PONSETIA 30X30CM 10P DOR 831-AMX001- 25124B,Poinsettia Dorada,Unid,China,7930.0,,,2025-09-24 10:44:59.123,7373,1.0,false
160495,160495,RAMA DECOR  140-1300467,RAMA DECOR  140-1300,Unid,Panamá,23265.0,,,2022-08-26 09:54:35.700,7370,10.0,false
220257,220257,ARBOL MD DECOR 200-2100489,ARBOL MD DECOR,Unid,Panamá,28711.3333,,,2024-10-07 14:15:40.820,6259,0.0,false
254478,254478,BOLA NAVIDEÑA 20CM DORADO NB2515-828,BOLA NAVIDEÑA 20CM D,Unid,Panamá,34808.0,,,2025-10-23 11:53:37.010,6253,6.0,false
195195,195195,VELA BF-IH579,VELA BF-IH579,Unid,Estados Unidos,121962.0,,,2023-11-28 14:41:01.813,6298,0.0,false
218678,218678,130-9502600 JG BOLA DECOR,130-9502600 JG BOLA,Unid,Panamá,36882.0,,,2024-09-13 15:46:40.400,6253,0.0,false
247126,247126,JG BOLAS 4PZ 10CM 130-5002138,Bolas Decorativas,Unid,Panamá,40200.0,,,2025-08-28 12:13:15.247,6253,47.0,false
254754,254754,SANTA CLAUS CH 831-XMTX254- 2556,SANTA CLAUS CH,Unid,Panamá,15166.6135,,,2025-10-27 15:29:37.757,6257,0.0,false
247548,247548,"CORONA NAVIDEÑA 24X6,5 NB25190-270",CORONA NAVIDEÑA 24X6,Unid,Panamá,31963.0,,,2025-08-29 16:36:09.517,6257,0.0,false
254721,254721,BOMBON OBLITA,BOMBON OBLITA,Unid,Paraguay,7200.0,,,2025-10-27 11:31:22.200,7362,2.0,true
254488,254488,CASCANUECES DE NAVIDAD NB2519-4896,CASCANUECES DE NAVID,Unid,Panamá,100155.0,,,2025-10-23 13:48:56.497,7340,0.0,false
218581,218581,831-XMTX534-2403 ORNAMENTO CASCANUECES,ORNAMENTO CASCANUECE,Unid,Panamá,3720394.0,,,2024-09-13 11:03:26.203,6256,0.0,false
217322,217322,POINSETIA DECOR 140-5802641,POINSETIA DECOR,Unid,Panamá,14679.0,,,2024-08-27 09:59:51.890,7373,0.0,false
247149,247149,GUIRNALDA 150X23X12CM 130-7000539,Guirnalda Navideña,Unid,Panamá,134366.0,,,2025-08-28 12:54:15.390,6282,0.0,false
215517,215517,JG BOLA DECOR 130-5001791,JG BOLA 130-5001791,Unid,Panamá,51242.0,,,2024-07-23 11:58:52.333,6253,2.0,false
254638,254638,Combo navideño Flor de coco,Combo navideño Flor,Pqte,Paraguay,141818.18,,,2025-10-24 10:48:43.313,6298,0.0,false
162579,162579,RENO C/ MUSI. 150-2000032,Reno Adorno Navideño,Unid,Panamá,98531.0,,,2022-09-28 13:43:52.097,6257,0.0,false
250294,250294,JGO15CMX2 ESFERAS EMPPVC 831-239-2553G,Esferas Brillantes,Unid,China,37063.0,,,2025-09-24 09:52:33.687,6253,11.0,false
257365,257365,Neceser Lucia Rose Gold - Navidad,Neceser Lucia Rose G,Unid,Paraguay,117000.0,,,2025-12-05 12:03:57.503,6268,0.0,false
250415,250415,RELLENO 7P 56CM DORADA 831-AMX044- 25142,Relleno Dorado 56cm,Unid,China,8964.0,,,2025-09-24 11:13:19.027,7370,2.0,false
248321,248321,ESTRELLA ORO DECOR 20X5X25CM 200-2100874,Estrella Oro,Unid,Panamá,23746.0,,,2025-09-10 14:56:27.600,6256,0.0,false
254868,254868,CAMPANA NAVIDEÑA PARA COLGAR XM25200-88,CAMPANA NAVIDEÑA PAR,Unid,Panamá,108426.0,,,2025-10-29 11:46:34.480,7339,0.0,false
254821,254821,CAMPANA DE METAL PARA COLGAR XM25200-23,CAMPANA DE METAL PAR,Unid,Panamá,25409.0,,,2025-10-28 11:43:44.623,7339,1.0,false
254270,254270,BOLSA TRANSP 80X90 METAL DORADA 11200665,BOLSA TRANSP 80X90 M,Unid,Brasil,3129.0,,,2025-10-22 09:36:32.410,6270,51.0,false
167017,167017,JUEGO DE PESEBRE DE RAÍZ DE 20.CM,JUEGO DE PESEBRE DE,Unid,Paraguay,363636.365,,,2022-10-25 09:29:21.047,6288,0.0,false
250485,250485,ORNAMENTO 7X16CM BLAN 831-XMTX215- 2535W,Ornamento Blanco,Unid,China,6723.0,,,2025-09-24 11:47:08.643,7333,0.0,false
246874,246874,CASA DECOR C/LUZ A/BAT3 6.8X6.3X9.4CM 202-5100007,CASA DECOR C/LUZ A/B,Unid,Panamá,15101.0,,,2025-08-27 10:25:15.673,6257,5.0,false
255385,255385,VELA BOHO 200G FLOR DE COCO,VELA BOHO 200G FLOR,Unid,Paraguay,63636.3635,,,2025-11-07 14:44:35.223,6298,0.0,false
254853,254853,ADORNO NAVIDEÑO PARA COLGAR XM25200-85,ADORNO NAVIDEÑO PARA,Unid,Panamá,93458.0,,,2025-10-28 16:41:27.950,7333,0.0,false
215467,215467,JG PORTAVASOS 180-2200326,PORTAVASOS 180-22003,Unid,Panamá,26824.0,,,2024-07-23 11:20:33.563,6265,0.0,false
219691,219691,FALDA P/ARBOL 121X121CM 170-3000371,FALDA P/ARBOL,Unid,Panamá,132864.0,,,2024-09-25 14:03:24.747,6256,0.0,false
257098,257098,Vela 140gr Noche de Paz,Vela 140gr Noche de,Unid,Paraguay,41363.636,,,2025-12-04 08:35:31.513,6298,0.0,false
250755,250755,PLATO POSTRE AZEVINHO 21 CM 1275-303,PLATO POSTRE AZEVINH,Unid,Brasil,14728.0,,,2025-09-25 11:03:13.803,6264,0.0,false
245965,245965,SANTA DECOR PEQUEÑO 10X4X22CM 150-8101062,Santa Decor Pequeño,Unid,Panamá,15777.0,,,2025-08-21 14:27:22.960,6286,8.0,false
217346,217346,INDIVIDUAL 170-2400132,INDIVIDUAL 170-24001,Unid,Panamá,18192.0,,,2024-08-27 10:57:36.857,6292,0.0,false
248475,248475,CASCANUECES C/LANZA 30CM 202-5300004,CASCANUECES 30CM,Unid,Panamá,52759.0,,,2025-09-12 09:57:12.610,7340,0.0,false
141477,141477,"BOLAS VRM/BRA 6,3CM","BOLAS VRM/BRA 6,3CM",Unid,Paraguay,41454.5454,,,2021-11-29 08:41:21.580,6253,3.0,false
246885,246885,SAGRADA FAMILIA 202-5400007,Pesebre Sagrada,Unid,Panamá,17126.0,,,2025-08-27 10:45:10.627,6288,0.0,false
246217,246217,BOLA DE NAVIDAD DE 30 CM JSR-DEC-24-22.,Bola Navidad 30 cm,Unid,China,78428.0,,,2025-08-22 18:32:03.760,6253,62.0,false
248062,248062,"PINO DORADA C/7 PIEZAS 1071048,",PINO DORADA C/7 PIEZ,Unid,Brasil,15382.0,,,2025-09-09 10:25:16.990,6257,199.0,false
161873,161873,JG NACIMIENTO 025-495683,JG NACIMIENTO 025-49,Unid,Panamá,464196.0,,,2022-09-21 09:10:13.927,6257,0.0,false
160316,160316,CASCANUECES 040-415711,CASCANUECES 040-4157,Unid,Panamá,90980.0,,,2022-08-24 13:35:57.153,7340,0.0,false
250430,250430,RELLENO 65CM PLATEADO  831-AMX018- 2543C,Relleno Plateado,Unid,China,5085.0,,,2025-09-24 11:22:54.260,7370,24.0,false
254760,254760,COJIN NAVIDEÑO QD2563-30,COJIN NAVIDEÑO QD256,Unid,Panamá,87541.0,,,2025-10-27 15:54:41.167,6289,0.0,false
248156,248156,ÁRBOL NAVIDAD MILÃO 1200H C/400LED 8F VERDE 240CM,ÁRBOL NAVIDAD1072955,Unid,Brasil,1201075.0,,,2025-09-09 11:58:04.940,6260,3.0,false
217537,217537,COLLAR D/ARBOL 201-6100072,COLLAR D/ARBOL 201-6,Unid,Panamá,97622.0,,,2024-08-28 14:00:38.177,6256,0.0,false
186747,186747,PONSETIA DECO 140-5802599,PONSETIA DECO 140-58,Unid,Panamá,14797.0,,,2023-08-04 14:06:05.583,7373,3.0,false
141058,141058,FITA ESTAMPADA LANTE JOULAS AZE,FITA ESTAMPADA LANTE,Unid,Paraguay,14909.0909,,,2021-11-23 15:47:22.330,6257,0.0,false
206254,206254,CASCANUECES 50CM JSR-JAN-,Cascanueces Festivo,Unid,China,100302.0,,,2024-04-10 18:00:23.990,6255,0.0,false
248027,248027,BOLA TERCIOPELO VERDE 10CM 4 PIEZAS 1057383,BOLA TERCIOPELO VERD,Unid,Brasil,33360.0,,,2025-09-09 09:36:31.103,6253,0.0,false
248342,248342,FIGURA NAVIDEÑA DECOR ROJO 140-3600035,Figura Navideña Roja,Unid,Panamá,7023.0,,,2025-09-10 16:27:12.740,7370,1.0,false
187733,187733,ANILLO P/VELA 140-2200484,ANILLO P/VELA 140-22,Unid,Panamá,31905.0,,,2023-08-14 10:03:15.943,6257,0.0,false
92410,92410,CASCANUECES 38 CM 040-415710,CASCANUECES 38 CM 04,Unid,Panamá,60879.0,,,2019-09-27 13:43:43.407,7340,0.0,false
217288,217288,831-T002-2415 BOLSA ARBOL NAVIDAD,Bolsa Árbol Navidad,Unid,Panamá,45943.0,,,2024-08-26 16:27:09.213,6271,1.0,false
254739,254739,CANASTA NAVIDEÑA MD 831-XDA33-2501,CANASTA NAVIDEÑA CH,Unid,China,45064.375,,,2025-10-27 14:15:17.053,6276,1.0,false
246251,246251,TAZA DE 350 ML JSR-DEC-24-176,TAZA DE 350 ML,Unid,China,13920.0,,,2025-08-22 20:40:38.567,6266,1.0,false
162523,162523,RAMA 140-5701653,RAMA 140-5701653,Unid,Panamá,11310.0,,,2022-09-28 09:38:01.783,7370,0.0,false
117082,117082,Pesebre de color natural de 7cm,Pesebre de color nat,Unid,Paraguay,136363.636,,,2020-11-03 10:30:03.730,6288,1.0,false
217354,217354,CAMINO D/MESA 170-2800318,CAMINO D/MESA 170-28,Unid,Panamá,33320.0,,,2024-08-27 11:08:08.310,6290,0.0,false
220933,220933,SET PAPEL NAVIDEÑO JSR-AUG616,SET PAPEL NAVIDEÑO,Unid,China,5256.0,,,2024-10-15 15:11:34.320,6270,0.0,false
253986,253986,JG BOLA DECOR 100MM 6PZ 130-9502677,JG BOLA DECOR 100MM,Unid,Panamá,41247.0,,,2025-10-17 10:49:07.337,6253,19.0,false
217114,217114,RAMA DECOR 140-4700490,RAMA DECOR 140-47004,Unid,Panamá,25756.0,,,2024-08-23 15:02:34.243,7370,5.0,false
160407,160407,JG BOLA 4PZ 130-5000519,JG BOLA 4PZ 130-5000,Unid,Panamá,43350.0,,,2022-08-25 10:25:26.473,6253,9.0,false
247014,247014,JG BOLAS 4PZ 10X10X10CM 130-1900810,Bolas Decorativas,Unid,Panamá,28871.0,,,2025-08-28 10:36:30.170,6253,38.0,false
162529,162529,RAMA 140-5701850,RAMA 140-5701850,Unid,Panamá,12074.0,,,2022-09-28 09:46:52.707,7370,1.0,false
161548,161548,JG AMULETO P/ BOTELLA 180-0400087,JG AMULETO P/ BOTELL,Unid,Panamá,38830.0,,,2022-09-15 15:09:22.830,6257,0.0,false
217379,217379,ARBOL DECO 200-2100789,ARBOL DECO 200-21007,Unid,Panamá,52234.0,,,2024-08-27 14:21:37.597,6257,2.0,false
163562,163562,MOLDE REPOSTERIA 831-XDA03-019,MOLDE REPOSTERIA 831,Unid,Panamá,41745.0,,,2022-10-05 09:26:41.117,6268,5.0,false
254810,254810,TAMBOR NAVIDEÑO SET/3PZ XM25144-38,TAMBOR NAVIDEÑO SET/,Unid,Panamá,273935.0,,,2025-10-28 11:21:20.587,6257,0.0,false
247153,247153,GUIRNALDA 180X28X10CM 140-5702933,GUIRNALDA 180X28X10C,Unid,Panamá,96768.0,,,2025-08-28 12:56:42.970,6282,0.0,false
191792,191792,FLOR NAVIDEÑO SZ2319-335,FLOR NAVIDEÑO SZ2319,Unid,Panamá,4323.0,,,2023-10-20 15:43:57.083,7373,0.0,false
187779,187779,PORTAPLATO 180-0700380,PORTAPLATO 180-07003,Unid,Panamá,18379.1952,,,2023-08-14 11:51:36.497,6265,13.0,false
160404,160404,JG BOLA 6PZ 130-5000512,JG BOLA 6PZ 130-5000,Unid,Panamá,39082.0,,,2022-08-25 10:09:27.133,6253,0.0,false
247053,247053,JG BOLA  6PZ 8X16X24CM 130-2502480,Esferas Navideñas,Unid,Panamá,34158.0,,,2025-08-28 11:07:53.970,6253,43.0,false
221596,221596,CAJA D/REGALO CH 200-2100799,CAJA D/REGALO CH,Unid,Panamá,33051.0,,,2024-10-28 11:00:19.390,6272,2.0,false
248052,248052,ARBOL NAVIDAD VERDE/ROJO/GRANATE 150CM 1085453,ARBOL NAVIDAD VERDE/,Unid,Brasil,427599.0,,,2025-09-09 10:11:16.967,6285,3.0,false
217089,217089,POINSETIA DECOR 140-4101785,POINSETIA DECOR 140-,Unid,Panamá,21073.0,,,2024-08-23 14:39:42.687,7373,0.0,false
217287,217287,831-T002-2416 BOLSA ARBOL NAVIDAD,Bolsa Árbol Navidad,Unid,Panamá,85499.1724,,,2024-08-26 16:25:12.000,7373,1.0,false
218598,218598,831-CS001-2429 M-JENGIBRE ORNAMENTO,M-JENGIBRE ORNAMENTO,Unid,Panamá,13796.0,,,2024-09-13 11:39:58.457,6255,0.0,false
248238,248238,FLOR DECOR NAVIDEÑA ROJO 140-3000005,Flor Roja Navideña,Unid,Panamá,3595.0,,,2025-09-09 16:12:06.703,7370,253.0,false
215799,215799,ADORNO 201-0900135,ADORNO 201-0900135,Unid,Panamá,10663.6,,,2024-07-30 10:08:58.390,6257,2.0,false
254656,254656,SET SERVILLETA NAVIDEÑA NB2519-7648,SET SERVILLETA NAVID,Unid,Panamá,4264.0,,,2025-10-24 12:17:04.870,6296,18.0,false
187777,187777,PORTAPLATO 180-0700118,PORTAPLATO 180-07001,Unid,Panamá,9843.0,,,2023-08-14 11:44:55.060,6265,0.0,false
215504,215504,JG BOLA DECOR 130-5001709,JG BOLA 130-5001709,Unid,Panamá,35212.0,,,2024-07-23 11:44:13.370,6253,0.0,false
136618,136618,ARBOL 120CM NB24190-146,ARBOL 120CM NB24190,Unid,Panamá,164835.9922,,,2021-09-15 15:52:41.523,6260,3.0,false
223570,223570,VELA NAVIDAD PLATEADA 125G FLOR DE COCO GIA1251,VELA NAVIDAD 125G,Unid,Paraguay,38181.818,,,2024-11-25 16:46:20.093,6298,2.0,false
213743,213743,PLATO POSTRE CLASSIC CHRISTMAS 1254-103,PLATO 1254-103,Unid,Brasil,34467.0,,,2024-06-27 13:35:47.780,6264,0.0,false
215226,215226,JG BOLA 130-5001775,JG BOLA 130-5001775,Unid,Panamá,49867.0,,,2024-07-22 15:51:55.237,6253,3.0,false
247300,247300,RAMA DECOR 69CM 140-5702710,Rama Decorativa 69cm,Unid,Panamá,14435.0,,,2025-08-28 14:00:05.740,7370,64.0,false
246218,246218,BOLA DE NAVIDAD DE 10 CM JSR-DEC-24-23.,Bola Navidad 10 cm,Unid,China,5490.0,,,2025-08-22 18:33:01.530,6253,6.0,false
217240,217240,FLOR NAV DECOR 140-5201416,FLOR NAV DECOR 140-5,Unid,Panamá,16390.0,,,2024-08-26 14:24:15.280,7373,1.0,false
254702,254702,PICK NAVIDEÑO ARTIFICIAL QD2539-2457,PICK NAVIDEÑO ARTIFI,Unid,Panamá,18796.0,,,2025-10-24 16:09:15.617,7373,28.0,false
248339,248339,ADORNO NAVIDAD C/MUSICA  C/MUS 10X10X14.5CM 200-74,ADORNO NAVIDAD C/MUS,Unid,Panamá,98246.0,,,2025-09-10 16:23:52.750,6257,0.0,false
219690,219690,150-8101004 GUIRNALDA,GUIRNALDA 150-810100,Unid,Panamá,58953.0,,,2024-09-25 14:02:28.397,6282,5.0,false
217167,217167,831-XMSM223-2438 PICK BAYAS ROJO,PICK BAYAS ROJO,Unid,Panamá,7342.0,,,2024-08-24 11:35:51.803,7373,1.0,false
254783,254783,SOLDADO NAVIDEÑO SZ25133-10,SOLDADO NAVIDEÑO SZ2,Unid,Panamá,47597.0,,,2025-10-27 16:43:32.323,6257,0.0,false
245917,245917,PINO D/NAVIDAD C/BASE FLOR 30X12X12CM 140-3400228,Pino Decorativo 30cm,Unid,Panamá,18391.0,,,2025-08-21 09:52:32.737,7370,0.0,false
247282,247282,RAMA DECOR 54X20X20CM 140-5201727,Rama Decorativa,Unid,Panamá,14855.0,,,2025-08-28 13:55:10.213,7370,0.0,false
206252,206252,CASCANUECES 50CM JSR-JAN-320,Cascanueces 50cm,Unid,China,100265.24,,,2024-04-10 17:57:29.400,7340,0.0,false
250634,250634,SOMBRERO 457CM 96 831-2780-196714,SOMBRERO 457CM 96 83,Unid,China,9395.0,,,2025-09-24 14:24:42.770,6257,0.0,false
248192,248192,LAZOS DECOR ROJO A CUADROS 130-5800481,LAZOS DECOR ROJO A C,Unid,Panamá,66392.0,,,2025-09-09 15:37:46.510,6257,0.0,false
191766,191766,FLOR NAVIDEÑO QD2340-405,FLOR NAVIDEÑO QD2340,Unid,Panamá,1297.0,,,2023-10-20 13:21:26.350,7373,0.0,false
160638,160638,POINSETTIA DECOR 140-4101043,POINSETTIA DECOR 140,Unid,Panamá,9875.0,,,2022-08-30 12:07:52.633,7373,0.0,false
163347,163347,CAJA DE REGALO NB2219-1666,CAJA DE REGALO NB221,Unid,Panamá,2141.0,,,2022-09-30 15:20:25.520,6272,4.0,false
218610,218610,831-AMX027-2410 CANASTA NAVIDAD NATURAL,CANASTA NAVIDAD,Unid,Panamá,24004.0,,,2024-09-13 13:40:56.687,6275,0.0,false
247541,247541,ARBOL 240CM NB25190-150,ARBOL 240CM NB25190-,Unid,Panamá,656130.0,,,2025-08-29 16:18:35.650,6260,0.0,false
195196,195196,VELA COH-DS399,VELA  COH-DS399,Unid,Estados Unidos,121960.0,,,2023-11-28 14:42:05.507,6298,3.0,false
250568,250568,CAMINO D-MESA 33X176 831-XMFE28- 2502Z24,CAMINO D-MESA 33X176,Unid,China,42580.0,,,2025-09-24 13:31:07.300,6290,0.0,false
254863,254863,IDENTIFICADORES DE COPAS NAVIDEÑA,IDENTIFICADORES DE C,Unid,Paraguay,35000.0,,,2025-10-29 08:36:13.493,6261,0.0,false
215856,215856,RAMA 201-3500262,RAMA 201-3500262,Unid,Panamá,19644.0,,,2024-07-30 10:49:32.787,7370,1.0,false
250334,250334,PONSETIA 8P 30X30CM CREM 831-AMX044- 24230B,PONSETIA 8P 30X30CM,Unid,China,12153.0,,,2025-09-24 10:23:00.140,7373,55.0,false
218680,218680,130-9502607 JG BOLA DECOR,130-9502607 JG BOLA,Unid,Panamá,33476.0,,,2024-09-13 15:48:17.707,6253,0.0,false
215535,215535,CAJA D/REGALO 200-2100808,CAJA 200-2100808,Unid,Panamá,285200.0,,,2024-07-23 13:45:25.543,6273,0.0,false
215484,215484,180-4700079 JG INDIVIDUALES C/PORTAVASOS,INDIVIDUALES 180-470,Unid,Panamá,9933.0,,,2024-07-23 11:31:48.187,6265,1.0,false
256043,256043,ARBOL ESTRELLA DE BELEN ROJO MAXI,ARBOL ESTRELLA DE BE,Unid,Paraguay,94545.455,,,2025-11-19 09:40:39.277,6257,0.0,false
163614,163614,COJIN CUADRADO 796-ASRM015-005D,COJIN CUADRADO 796-A,Unid,Panamá,95711.0,,,2022-10-05 10:24:06.390,6257,0.0,false
258994,258994,ARBOL NAV DECOR 18.5X5.5X31CM 439-7810221,ARBOL NAV DECOR,Unid,Panamá,89550.0,,,2025-12-23 08:49:47.863,6257,21.0,false
250660,250660,FAROL NAV 14X14X62CM ROJO 831-D083-2507R,FAROL NAV 14X14X62CM,Unid,China,73097.0,,,2025-09-24 14:57:46.860,6285,0.0,false
195202,195202,VELA TP-IH787,VELA  TP-IH787,Unid,Estados Unidos,121960.0,,,2023-11-28 14:47:41.543,6298,1.0,false
217142,217142,831-MX2467-24130A RAMA 70CM ROJO/NATURAL,RAMA 70CM ROJO/NAT,Unid,Panamá,10299.0,,,2024-08-23 16:10:47.940,7370,1.0,false
246056,246056,CASCABEL DORADO 8X8X8CM 200-2000429,CAPANAS 8X8X8CM 200-,Unid,Panamá,8184.0,,,2025-08-22 11:06:06.313,7339,1.0,false
246432,246432,MOCHILA 135 X 34 X 68 CM JSR-DEC-24-525,MOCHILA,Unid,China,76859.0,,,2025-08-23 01:13:06.453,7366,4.0,false
192388,192388,ESFERA 831-XB044SDG,ESFERA 831-XB044SDG,Unid,Panamá,41633.0,,,2023-10-26 10:41:48.517,6253,1.0,false
162297,162297,FLOR DECOR 140-1500450,FLOR DECOR 140-15004,Unid,Panamá,13521.0,,,2022-09-23 16:51:09.200,7373,1.0,false
256039,256039,ARBOL ENSUEÑO DE CROCHET VERDE CON ROJO MAXI,ARBOL ENSUEÑO DE CRO,Unid,Paraguay,94545.455,,,2025-11-19 09:29:30.120,6257,0.0,false
215791,215791,201-0300613 SET 3PCS ADORNO P/AUTO,ADORNO P/AUTO 3PCS,Unid,Panamá,30126.8461,,,2024-07-30 09:57:29.300,6257,0.0,false
248281,248281,COJIN 3 PERRITOS 170-3000489,COJIN 170-3000489,Unid,Panamá,114804.0,,,2025-09-10 12:00:47.720,6289,0.0,false
215389,215389,JG SANTA 160-4503401,SANTA 160-4503401,Unid,Panamá,207779.0,,,2024-07-23 10:33:18.213,6257,0.0,false
222652,222652,ARBOLITO DE CROCHET G VERDE CON ROJO,ARBOLITO CROCHET G,Unid,Paraguay,79271.9548,,,2024-11-14 15:51:48.317,6257,1.0,false
215017,215017,BOLA DECOR 121-0100008,BOLA 121-0100008,Unid,Paraguay,106179.0,,,2024-07-19 08:53:59.130,6253,14.0,false
217300,217300,831-XDA19-06 JGO 4 VELAS ADVIENTO,JGO 4 VELAS ADVIENTO,Unid,Panamá,52618.0,,,2024-08-26 16:55:26.130,6298,0.0,false
187905,187905,ADORNO DECO 428-1401485,ADORNO DECO 428-1401,Unid,Panamá,396686.0,,,2023-08-16 14:30:44.480,6257,0.0,false
250308,250308,JGO 8CMX4 ESFERAS - EMP P 831-239-2570V,Esferas Verdes 8cm,Unid,China,14048.0,,,2025-09-24 10:04:18.487,6253,0.0,false
194058,194058,Kit 6 individuales Flor de Navidad,Kit 6 individuales F,Unid,Paraguay,149545.455,,,2023-11-21 08:51:00.140,6291,0.0,false
247255,247255,RAMA MARIPO. DECOR 20X21X2CM 140-4102051,Rama Mariposa Decor,Unid,Panamá,16365.0,,,2025-08-28 13:47:34.260,7370,0.0,false
247355,247355,RENO DECOR 12X24X17CM 202-2500043,Reno Decorativo 12cm,Unid,Panamá,58161.0,,,2025-08-28 14:40:42.960,6255,0.0,false
215243,215243,ADORNO METAL 130-5001942,ADORNO METAL 130-500,Unid,Panamá,25216.0,,,2024-07-22 16:13:21.630,6253,9.0,false
193108,193108,CINTA DE PAPEL 10CMX9MTS BEIGE 70213,CINTA DE PAPEL 10CMX,Unid,Paraguay,65363.6366,,,2023-11-02 12:06:55.680,6278,5.0,false
247024,247024,JG BOLAS 4PZ 10X10X10CM 130-1900832,Bolas Navideñas,Unid,Panamá,27109.0,,,2025-08-28 10:44:45.790,6253,55.0,false
245952,245952,VENADO DECOR 45X30X115CM 27X17X86CM 150-6000052,VENADO DECOR,Unid,Panamá,67917.0,,,2025-08-21 13:54:41.427,6286,0.0,false
247439,247439,JG D/TOALLAS 2PZ 36X14X5CM 200-8900118,JG D/TOALLAS 2PZ 36X,Unid,Panamá,63029.0,,,2025-08-28 16:01:07.787,6293,0.0,false
258743,258743,PAN DULCE 400GR,PAN DULCE 400GR,Unid,Paraguay,9090.909,,,2025-12-20 11:14:38.553,7358,68.0,true
246581,246581,BOLSA DE PAPEL 21 X 15 X 8 CM JSR-APR-6631,BOLSA DE PAPEL 21 X,Unid,China,980.0,,,2025-08-25 10:31:06.067,6269,0.0,false
219858,219858,201-900078 LETRERO DECOR,LETRERO DECOR,Unid,Panamá,48377.0,,,2024-09-26 11:23:40.550,6257,0.0,false
254465,254465,SET BOLA NAVIDEÑA 10CM DORADO NB2515-274,SET BOLA NAVIDEÑA 10,Unid,Panamá,17664.0,,,2025-10-23 11:05:34.017,6253,6.0,false
246074,246074,CASCANUECES INDIVIDUAL 10X7.9X38CM 200-4100357,CASCANUECES 10X7.9X3,Unid,Panamá,76357.0,,,2025-08-22 11:49:46.193,7340,1.0,false
218639,218639,130-9502530 JG BOLA DECOR,130-9502530 JG BOLA,Unid,Panamá,29246.0,,,2024-09-13 14:40:40.553,6253,0.0,false
217414,217414,HANGER DECO 34CM 201-2200183,HANGER DECO 34CM,Unid,Panamá,11977.0,,,2024-08-28 09:21:03.577,6257,0.0,false
257366,257366,Tarjeta Feliz Navidad 2025,Tarjeta Feliz Navida,Unid,Paraguay,8272.727,,,2025-12-05 12:04:18.887,6280,0.0,false
250639,250639,COJIN NAV 45X45CM NATURAL 12 831-XR30-30,COJIN NAV 45X45CM NA,Unid,China,90764.0,,,2025-09-24 14:33:04.887,6289,0.0,false
218640,218640,831-XMTX534-2401 ORNAMENTO CASCANUECES,ORNAMENTO CASCANUECE,Unid,Panamá,18117.0,,,2024-09-13 14:40:57.233,6256,0.0,false
254282,254282,CAJA RECT PINHEIRO VERDE G 46X33X14 1UN 13006028,CAJA RECT PINHEIRO V,Unid,Brasil,26679.0,,,2025-10-22 10:03:52.370,6273,12.0,false
254261,254261,BOLAS NAVIDEÑAS 8CM AZUL MITAD MATE NB2515-1175,BOLAS NAVIDEÑAS 8CM,Unid,Panamá,14357.0,,,2025-10-21 16:43:40.283,6253,19.0,false
254654,254654,SET SERVILLETA NAVIDEÑA NB2519-7645,SET SERVILLETA NAVID,Unid,Panamá,4264.0,,,2025-10-24 12:08:28.240,6296,22.0,false
247080,247080,CINTA 6CM 130-3400590,CINTA 6CM 130-340059,Unid,Panamá,17121.0,,,2025-08-28 11:54:34.727,6278,28.0,false
247527,247527,ARBOL  210CM NB25190-119,ARBOL  210CM NB25190,Unid,Panamá,268803.0,,,2025-08-29 15:45:05.017,6260,7.0,false
254717,254717,PAN DULCE TRADICIONAL,PAN DULCE TRADICIONA,Unid,Paraguay,8363.635,,,2025-10-27 11:17:28.287,7358,2.0,true
217047,217047,831-XMFE104-24051 JGO12 SAN-HNIE 13CM CAJ,JGO12 SAN-HNIE 13CM,Unid,Panamá,108191.0,,,2024-08-23 11:21:25.090,6273,0.0,false
219854,219854,1057154 BOLA TERCIOPELO SETX4,BOLA TERCIOPELO,Unid,Brasil,79277.0,,,2024-09-26 11:16:44.497,6253,0.0,false
187802,187802,PORTA VELA 200-4200057,PORTA VELA 200-42000,Unid,Panamá,78151.0,,,2023-08-14 15:55:08.620,6257,0.0,false
170641,170641,LUCES 100F 9.3MTS-  LUZ CALIDA GA821-4K1668,LUCES 100F 9.3MTS-,Unid,Paraguay,12741.1021,,,2022-12-06 09:54:57.090,6285,2.0,false
250531,250531,FIG RENO 23X66X15CM NAT-V 831-CS001-2509,FIG RENO 23X66X15CM,Unid,China,112740.0,,,2025-09-24 13:02:28.203,6255,2.0,false
214786,214786,JG SAGRADA FAMILIA 100-4900518,JG 100-4900518,Unid,Panamá,118058.0,,,2024-07-17 10:48:28.580,6288,1.0,false
219897,219897,202-0100017 ARBOL DECOR 17X17X35CM,ARBOL DECOR 17X17X35,Unid,Panamá,99690.0,,,2024-09-26 14:39:44.533,6257,0.0,false
247275,247275,RAMA DECOR 65X15X4CM 140-4700518,Rama Decorativa,Unid,Panamá,35249.0,,,2025-08-28 13:53:25.427,7370,0.0,false
194149,194149,PANERITA P,PANERITA P,Unid,Paraguay,4545.4541,,,2023-11-21 13:28:55.157,6257,1.0,false
250427,250427,RELLENO 65CM DORADO 14 831-AMX018- 2543B,Relleno Dorado 65cm,Unid,China,5085.0,,,2025-09-24 11:21:46.437,7370,0.0,false
250436,250436,RELLENO 7P 64CM DORADO 831-AMX044- 25150,Relleno Dorado 64cm,Unid,China,8964.0,,,2025-09-24 11:26:18.153,7370,187.0,false
215271,215271,GUIRNALDA 140-2200789,GUIRNALDA 140-220078,Unid,Panamá,33056.0,,,2024-07-23 09:11:33.497,6282,7.0,false
248109,248109,BOLA DISCO PLATEADA 15CM 1072504,BOLA DISCO PLATEADA,Unid,Brasil,15230.0,,,2025-09-09 11:40:15.050,6253,55.0,false
140254,140254,ESFERA NAVIDEÑA 831-XMTX349-087A,ESFERA NAVIDEÑA 831-,Unid,Panamá,14921.0,,,2021-11-11 10:39:55.560,6253,15.0,false
246204,246204,BOLA DE NAVIDAD DE 15 CM JSR-DEC-24-2.,Bola Navidad 15 cm,Unid,China,7843.0,,,2025-08-22 18:18:01.277,6253,64.0,false
220927,220927,SET PAPEL NAVIDEÑO JSR-AUG615,SET PAPEL NAVIDEÑO,Unid,China,4208.0,,,2024-10-15 15:04:33.787,6273,0.0,false
43208,43208,GUIRNALDA PY 08312,GUIRNALDA PY 08312,Unid,Paraguay,2483.6362,,,2016-04-27 16:22:30.263,7333,156.0,false
162540,162540,POINSETTIA 140-5801748,POINSETTIA 140-58017,Unid,Panamá,14456.0,,,2022-09-28 10:39:32.810,7373,0.0,false
250540,250540,FIG RENO SURT2 18X32X8CM 1 831-P008-2589,FIG RENO SURT2 18X32,Unid,China,68868.0,,,2025-09-24 13:07:35.033,6255,0.0,false
162292,162292,RAMA DECOR 140-1500144,RAMA DECOR 140-15001,Unid,Panamá,23724.0,,,2022-09-23 16:37:28.873,7370,1.0,false
134413,134413,CINTA 3SURT 130-5400110,Cinta,Unid,Panamá,20250.0849,,,2021-08-24 14:14:39.047,6278,0.0,false
217372,217372,JG COPAS 4PCS 560ML 180-2900527,JG COPAS 4PCS 560ML,Unid,Panamá,89336.0,,,2024-08-27 12:05:58.660,6267,0.0,false
187856,187856,VELA 200-9100067B,VELA 200-9100067B,Unid,Panamá,26256.0,,,2023-08-16 11:34:40.213,6298,0.0,false
186642,186642,JGO BOLAS 4PZ 130-5000273,JGO BOLAS 4PZ 130-50,Unid,Panamá,32353.0,,,2023-08-03 16:08:32.047,6253,0.0,false
219883,219883,201-9500071 PASTELERIA C/LUZ A BATERIA,PASTELERIA C/LUZ A B,Unid,Panamá,151386.0,,,2024-09-26 14:26:26.207,6257,0.0,false
163615,163615,"CINTA NAVIDEÑA 2,5x10 NB2236-374","CINTA NAVIDEÑA 2,5x1",Unid,Panamá,17841.0,,,2022-10-05 10:24:22.560,6278,1.0,false
219855,219855,1057805 BOLA TERCIOPELO SETX6,BOLA TERCIOPELO,Unid,Brasil,45739.0,,,2024-09-26 11:18:41.567,6253,0.0,false
160722,160722,POINSETTIA DECOR 140-4101265,POINSETTIA DECOR 140,Unid,Panamá,15314.0,,,2022-08-31 17:07:17.777,7373,0.0,false
246248,246248,TAZA DE 350 ML JSR-DEC-24-172,TAZA DE 350 ML,Unid,China,9215.0,,,2025-08-22 20:35:14.363,6266,0.0,false
253965,253965,ADORNO PUNTA P/ARBOL 22X34CM 130-9502696,ADORNO PUNTA P/ARBOL,Unid,Panamá,34112.0,,,2025-10-17 10:33:21.183,6257,0.0,false
248263,248263,PINO DECOR S/FRUTA NAV 140-3600017,PINO DECOR S/FRUTA N,Unid,Panamá,6856.0,,,2025-09-09 16:44:57.010,7370,29.0,false
254669,254669,VELA BOLA DORADO CON RELIEVE NB25195-149,VELA BOLA DORADO CON,Unid,Panamá,23496.0,,,2025-10-24 14:00:57.580,6298,0.0,false
256631,256631,Kit 4 individuales Navidad del Paraguay,Kit 4 individuales N,Unid,Paraguay,101818.18,,,2025-11-28 14:06:34.760,7365,0.0,false
256035,256035,ARBOL CON ESFERAS DE CROCHET VERDE MUSGO SMALL,ARBOL CON ESFERAS DE,Unid,Paraguay,88727.27,,,2025-11-19 09:25:29.637,6257,0.0,false
236301,236301,210729  PLATO NAVIDEÑO,Plato Festivo,Unid,China,26052.0,,,2025-05-07 14:02:51.020,6268,0.0,false
217184,217184,831-BC298-2405 ORNAMENTO RENO,ORNAMENTO RENO,Unid,Panamá,8259.0,,,2024-08-26 09:51:37.277,6257,1.0,false
215757,215757,BUZON DECOR 200-4500020,BUZON DECOR 200-4500,Unid,Panamá,116266.0,,,2024-07-29 13:39:53.767,6257,0.0,false
217509,217509,VILLA  C/LUZ C/MUS C/MOV 200-9900003/1,VILLA  C/LUZ C/MUS C,Unid,Panamá,427781.0,,,2024-08-28 11:10:13.660,6257,0.0,false
206454,206454,CASITA NAVIDEÑA JSR-JAN-R58,Casita Navidad JSR,Unid,China,24303.0,,,2024-04-12 12:49:04.263,6257,0.0,false
247510,247510,ARBOL 120CM  NB25190-1,ARBOL 120CM  NB25190,Unid,Panamá,171655.0,,,2025-08-29 14:45:57.507,6259,0.0,false
247379,247379,VELA 7.5X3.9X9.5CM 200-6400656,Vela Muñeco Jengibre,Unid,Panamá,18295.0,,,2025-08-28 15:06:37.563,6298,0.0,false
219870,219870,1058491 SERVILLETA HOMBRE DE JENGIBRE,SERVILLETA H/DE JENG,Unid,Brasil,14729.0,,,2024-09-26 13:59:26.090,6296,1.0,false
248359,248359,VELA SANTINI ROJA 200-9600401,VELA 200-9600401,Unid,Panamá,95563.0,,,2025-09-10 17:00:52.710,6298,0.0,false
257046,257046,ESTABLO DOS CASITAS,ESTABLO DOS CASITAS,Unid,Paraguay,36363.64,,,2025-12-03 14:17:56.633,6288,0.0,false
221229,221229,PANTALLA,PANTALLA,Unid,Paraguay,3636.3637,,,2024-10-17 14:40:53.850,6257,7.0,false
217227,217227,831-239-2472CH JGO 4 ESFERAS,JGO 4 ESFERAS,Unid,Panamá,23860.0,,,2024-08-26 10:36:08.020,6253,0.0,false
250459,250459,ORNAMENTO 14CM SURT3 144 831-325-2505B4,Adornos Festivos,Unid,China,12325.0,,,2025-09-24 11:37:24.567,6257,1.0,false
250380,250380,SOPORTE P-GUIRNALDA 5X72C 831-D124-2403G,Soporte Guirnalda,Unid,China,14826.0,,,2025-09-24 10:53:38.410,6282,61.0,false
222649,222649,ARBOLITO DE TRAPILLO PEQUEÑO,ARBOLITO TRAPILLO PQ,Unid,Paraguay,124363.6375,,,2024-11-14 15:49:39.677,6257,0.0,false
215833,215833,FLOR 201-3500242,FLOR 201-3500242,Unid,Panamá,19266.0,,,2024-07-30 10:38:41.983,7373,0.0,false
217284,217284,831-T002-2417 BOLSA CORONA NAV ROJA,Bolsa Festiva Roja,Unid,Panamá,44656.3333,,,2024-08-26 16:06:28.567,6269,1.0,false
247248,247248,RAMA DECOR X29CM 140-2501631,Rama Decorativa Roja,Unid,Panamá,5455.0,,,2025-08-28 13:45:50.067,7370,4.0,false
246506,246506,JUEGO DE 4 CUCHARAS 16 X 19 CM JSR-DEC-24-861,Juego de Cucharas,Unid,China,19607.0,,,2025-08-23 08:54:46.473,6263,1.0,false
245944,245944,ESFERA RAYAS COLGANTE 15CM 140-3500066.,Esfera Rayas 15cm,Unid,Panamá,15440.0,,,2025-08-21 13:31:16.900,6253,0.0,false
247018,247018,JG BOLAS 4PZ 10X10X10CM 130-1900824,Bolas Decorativas,Unid,Panamá,29794.0,,,2025-08-28 10:39:48.423,6253,40.0,false
162532,162532,POINSETIA 140-5701996,POINSETIA 140-570199,Unid,Panamá,12159.0,,,2022-09-28 09:54:00.913,7373,0.0,false
217216,217216,831-XB09-24184G ORNAMENTO CEBOLLA,ORNAMENTO CEBOLLA,Unid,Panamá,54961.0,,,2024-08-26 10:12:47.883,6253,3.0,false
190315,190315,CESTA 201-6100015 GD,CESTA 201-6100015 G,Unid,Panamá,32688.0,,,2023-10-01 10:29:37.000,6277,0.0,false
247447,247447,JG TREN DECOR  C/LUZ 201-7800125B,JG TREN DECOR  C/LUZ,Unid,Panamá,77212.0,,,2025-08-28 16:06:19.330,6284,1.0,false
186766,186766,SANTA COLGANTE 150-8200316A,SANTA COLGANTE 150-8,Unid,Panamá,16135.0,,,2023-08-04 15:02:00.310,6255,0.0,false
250291,250291,JGO 8CMX6 ESFERAS -TUBO  831-239-2531CH,Juego Esferas,Unid,China,18876.0,,,2025-09-24 09:50:46.523,6253,0.0,false
248036,248036,VELERO NAVIDEÑO 1085873,VELERO NAVIDEÑO 1085,Unid,Brasil,127051.0,,,2025-09-09 09:43:06.790,7333,0.0,false
186732,186732,BELLOTA DECO 140-4700312,BELLOTA DECO 140-470,Unid,Panamá,33022.0,,,2023-08-04 11:44:59.940,6257,0.0,false
134302,134302,JGO DE BOLAS 6PZ 130-5000458,Jgo de Bolas,Unid,Panamá,30758.0,,,2021-08-23 12:39:59.730,6253,0.0,false
161365,161365,GNOMO 150-8000324F,GNOMO 150-8000324F,Unid,Panamá,27032.0,,,2022-09-14 14:08:08.550,6257,0.0,false
79448,79448,JGO DE PESEBRE,JGO DE PESEBRE,Unid,Paraguay,109090.91,,,2018-12-05 09:33:31.210,6288,0.0,false
247241,247241,ADORNO COLGANTE 15CM 130-5002162,Copo Colgante Rojo,Unid,Panamá,11414.0,,,2025-08-28 13:44:26.283,7333,2.0,false
247425,247425,CASCANUECES 45X15.2X58CM 200-4100369,CASCANUECES 45X15.2X,Unid,Panamá,279405.0,,,2025-08-28 15:50:18.910,7340,0.0,false
206451,206451,CASITA NAVIDEÑA JSR-JAN-R51,Casita Navideña,Unid,China,22656.0,,,2024-04-12 12:43:50.890,6257,0.0,false
250341,250341,PONSETIA 30X30CM 9P PLAT 831-AMX001- 25262C,PONSETIA 30X30CM 9P,Unid,China,5947.0,,,2025-09-24 10:27:01.753,7373,131.0,false
254785,254785,RENO NAVIDEÑO ACRILICO SZ25133-15,RENO NAVIDEÑO ACRILI,Unid,Panamá,126787.0,,,2025-10-28 10:18:58.533,6255,0.0,false
254457,254457,SET BOLA NAVIDEÑA COLORES SURTIDOS NB2515-2037,SET BOLA NAVIDEÑA CO,Unid,Panamá,20362.0,,,2025-10-23 10:49:03.780,6253,0.0,false
217422,217422,ARBOL DECO 16X60CM 201-2200217,ARBOL DECO 16X60CM,Unid,Panamá,25937.0,,,2024-08-28 09:28:41.620,6257,0.0,false
187028,187028,ADORNO COLGANTE 201-3700105,ADORNO COLGANTE 201-,Unid,Panamá,13291.0,,,2023-08-07 15:53:27.570,7333,6.0,false
135476,135476,VELA 200-9100079B,Vela a bateria,Unid,Panamá,19301.0,,,2021-09-02 16:05:07.433,6298,3.0,false
219901,219901,202-0100024 PORTAVELAS,PORTAVELAS 202-01000,Unid,Panamá,112016.0,,,2024-09-26 14:50:54.360,6257,0.0,false
250310,250310,JGO 6 ESFERAS 8CM CAJA PV 831-239-2476V,Juego Esferas Verdes,Unid,China,22582.0,,,2025-09-24 10:05:29.900,6253,0.0,false
254274,254274,BOLSA TRANSP 80X90 MERRY XMAS 11200858,BOLSA TRANSP 80X90 M,Unid,Brasil,4485.0,,,2025-10-22 09:44:55.957,6269,226.0,false
160408,160408,JG BOLA 4PZ 130-5000539,JG BOLA 4PZ 130-5000,Unid,Paraguay,43350.0,,,2022-08-25 10:27:14.937,6253,39.0,false
218641,218641,130-9502536 JG BOLA DECOR,130-9502536 JG BOLA,Unid,Panamá,28235.0,,,2024-09-13 14:41:39.620,6253,0.0,false
250304,250304,JGO 8CMX4 ESFERAS EMP PVC 831-239-2570R,Esferas Navideñas,Unid,China,14049.0,,,2025-09-24 10:01:56.340,6253,0.0,false
246079,246079,ARBOL C/LUZ 15X15X37CM 200-5800590,ARBOL C/LUZ 15X15X37,Unid,Panamá,116180.0,,,2025-08-22 11:57:30.757,6258,0.0,false
167896,167896,LINDT OSO TEDDY CHOCOLATE 100GR,LINDT OSO TEDDY 100G,Unid,Paraguay,47421.965,,,2022-11-10 12:14:07.693,7362,5.0,true
163672,163672,MANTEL MAGICA 160X0,MANTEL MAGICA 160X0,Unid,Paraguay,65454.55,,,2022-10-05 11:35:50.600,6292,0.0,false
245987,245987,SANTA DECOR PARADO ROJO VERD21X10X59CM 150-8101105,Santa Peluche Rojo,Unid,Panamá,86226.0,,,2025-08-21 15:57:02.920,6286,0.0,false
93952,93952,MICRODOT 60LED-BLANCO CALIDO 6MTS. F:PLATA,Luz Microdot 6mts,Unid,Paraguay,48631.9198,,,2019-10-21 08:51:27.317,6285,14.0,false
247074,247074,JG  BOLAS DECOR 4PZ 130-2800059,Bolas Decorativas,Unid,Panamá,26353.0,,,2025-08-28 11:46:50.537,6253,54.0,false
135733,135733,JARRON 200-5400245,JARRON 200-5400245,Unid,Panamá,157561.0,,,2021-09-07 10:44:59.243,6257,1.0,false
191577,191577,SERVILLETA NB2319-2639,SERVILLETA NB2319-26,Unid,Panamá,4150.0,,,2023-10-17 14:51:36.907,6296,0.0,false
246413,246413,"63 MM, CINTA DE 10 YARDAS / ROLLO JSR-DEC-24-655",Cinta Cuadros Rojos,Unid,China,10588.0,,,2025-08-23 00:45:59.180,6278,55.0,false
247263,247263,ADORNO COLGANTE 5.50X5.50X21.30CM 180-3301070,Adorno Colgante,Unid,Panamá,19890.0,,,2025-08-28 13:50:49.217,7333,0.0,false
246258,246258,TAZA DE 350 ML JSR-DEC-24-202,TAZA DE 350 ML,Unid,China,8627.0,,,2025-08-22 20:49:13.747,6266,0.0,false
248371,248371,OSO POLAR SENTADO 20X20.50X32.50CM 201-2200261,OSO POLAR 20X20.50X3,Unid,Panamá,114633.0,,,2025-09-11 09:18:29.447,6286,0.0,false
217430,217430,CASCANUECES 200-4100176,CASCANUECES 200-4100,Unid,Panamá,79252.0,,,2024-08-28 09:37:09.490,7340,1.0,false
247375,247375,ADORNO VELA DE VIDRIO C/LUZ 19.5CM 180-3300674,ADORNO VELA DE VIDRI,Unid,Panamá,39110.0,,,2025-08-28 15:00:56.700,6298,0.0,false
215254,215254,ARBOL 140-0500527,ARBOL 140-0500527,Unid,Panamá,35700.0,,,2024-07-22 16:31:49.037,6258,0.0,false
247307,247307,INDIVIDUAL 38X38X0.3CM 180-0600015,INDIVIDUAL 38X38X0.3,Unid,Panamá,10491.0,,,2025-08-28 14:02:44.740,6291,1.0,false
247469,247469,LAMPARA D/MESA  C/LUZ A/BAT3 9.5X9.5X21.5CM 202-31,LAMPARA D/MESA  C/LU,Unid,Panamá,56566.0,,,2025-08-28 16:23:59.277,6285,0.0,false
247999,247999,GUIRNALDA HOJAS VERDE 60CM 1053616,GUIRNALDA HOJAS VERD,Unid,Brasil,72016.0,,,2025-09-09 09:19:31.913,6282,0.0,false
160634,160634,POINSETTIA DECOR 140-4101035,POINSETTIA DECOR 140,Unid,Panamá,18913.0,,,2022-08-30 11:13:43.580,7373,1.0,false
245941,245941,POINSETTIA DECOR INDIVIDUAL 68CM 140-3500056,Poinsettia,Unid,Panamá,9871.0,,,2025-08-21 13:28:29.980,7373,10.0,false
217365,217365,TAZA 350ML 180-1000109,TAZA 350ML 180-10001,Unid,Panamá,13598.0,,,2024-08-27 11:36:54.710,6266,0.0,false
134712,134712,RAMA DECOR 140-2500233,Rama deco,Unid,Panamá,8928.0,,,2021-08-27 11:57:34.810,7370,1.0,false
218615,218615,831-AMX027-2401R  CANASTA NAVIDAD ROJO,CANASTA NAVIDAD,Unid,Panamá,23544.0,,,2024-09-13 13:51:45.003,6275,0.0,false
192840,192840,ORNA ARBOL 831-XMNBC01-0111218,ORNA ARBOL 831-XMNBC,Unid,Panamá,9933.0,,,2023-10-31 10:51:15.850,6256,0.0,false
248136,248136,BOLA SURTIDA MATE/PLATA 12CM JG C/2 1069667,BOLA SURTIDA MATE/FO,Unid,Brasil,27731.0,,,2025-09-09 11:51:02.660,6253,86.0,false
250567,250567,JGO CAMINO D-MESA 176C 831-XMFE28- 2512H,JGO CAMINO D-MESA 17,Unid,China,111793.0,,,2025-09-24 13:30:33.540,6290,1.0,false
256629,256629,Caminero Navidad del Paraguay,Caminero Navidad del,Unid,Paraguay,56636.3637,,,2025-11-28 13:47:19.323,6319,1.0,false
218645,218645,130-9502539 JG BOLA DECOR,130-9502539 JG BOLA,Unid,Panamá,35040.0,,,2024-09-13 14:46:05.763,6253,1.0,false
222351,222351,BOLSA 60X75 MERRY CHRISTMAS 12102,BOLSA 60X75 MERRY,Unid,Paraguay,3454.5454,,,2024-11-05 16:01:36.603,6271,25.0,false
170643,170643,LUCES 300F 17MTS-   LUZ CALIDA GA821-4K1672,LUCES 300F 17MTS-,Unid,Paraguay,31288.1406,,,2022-12-06 09:57:13.207,6285,5.0,false
245950,245950,RENO NAV C/MOV C/MUS C/MOV 25X11X21CM 150-1500053,Reno Navideño Plush,Unid,Panamá,89771.0,,,2025-08-21 13:43:38.330,6286,0.0,false
191721,191721,CINTA NB2336-508,CINTA NB2336-508,Unid,Panamá,16774.0,,,2023-10-20 11:14:10.263,6278,0.0,false
217224,217224,831-239-2466CH ESFERA BRILL/ESCAR,ESFERA BRILL/ESCAR,Unid,Panamá,16315.0,,,2024-08-26 10:30:17.163,6253,0.0,false
135426,135426,JGO DE BOLA DECOR 130-9501527,Jgo de bola,Unid,Panamá,32811.0,,,2021-09-02 14:50:37.690,6253,3.0,false
250636,250636,DISFRAZ P-MASCOTA 26X38CM 831-TN011-2506,Disfraz Navidad,Unid,China,9654.0,,,2025-09-24 14:25:53.590,6257,0.0,false
248330,248330,ARDILLA FLACO COLGANTE 9X12X9CM 200-2400393,Ardilla Colgante,Unid,Panamá,26171.0,,,2025-09-10 15:40:22.290,7333,0.0,false
163657,163657,Tallo Navideño 61cm QD2206-899..,Tallo Navideño 61cm,Unid,Panamá,12710.0,,,2022-10-05 11:18:49.800,7370,0.0,false
186802,186802,LINTERNA C/LUZ 180-3300428,LINTERNA C/LUZ 180-3,Unid,Panamá,85273.0,,,2023-08-05 09:22:07.493,6257,0.0,false
245913,245913,TALLO NAVIDAD CON FLOR ROJA 75X16X3CM 140-3400220,Tallo Navidad Rojo,Unid,Panamá,14005.0,,,2025-08-21 09:44:55.473,7370,0.0,false
160709,160709,RAMA DECOR 140-4101158,RAMA DECOR 140-41011,Unid,Panamá,22345.0,,,2022-08-31 16:39:27.023,7370,0.0,false
217310,217310,831-2788-239101377R BALL FELPA CAJA ROJO,BALL FELPA CAJA ROJO,Unid,Panamá,80504.0,,,2024-08-27 08:52:36.300,6253,2.0,false
218599,218599,831-CS001-2426 FIGURA M-JENGIBRE,FIGURA M-JENGIBRE,Unid,Panamá,97118.0,,,2024-09-13 11:41:41.707,6255,0.0,false
219823,219823,201-2800823 CASA DECOR C/LUZ,CASA DECOR C/LUZ,Unid,Panamá,60609.0,,,2024-09-26 10:28:10.880,6257,0.0,false
187848,187848,ESCENA C/LUZ 201-9500040,ESCENA C/LUZ 201-950,Unid,Panamá,112942.0,,,2023-08-16 11:05:08.100,6288,1.0,false
217048,217048,831-AMX066-2416A PONSETIA 27CM ROJA,PONSETIA 27CM ROJA,Unid,Panamá,7342.0,,,2024-08-23 11:24:42.437,7373,4.0,false
191706,191706,CINTA NB2336-462,CINTA NB2336-462,Unid,Panamá,12105.0,,,2023-10-19 16:05:30.217,6278,43.0,false
213737,213737,PLATO PRINCIPAL CLASSIC CHRISTMAS 1254-101,PLATO 1254-101,Unid,Brasil,39509.0,,,2024-06-27 11:55:14.733,6264,0.0,false
248333,248333,ARBOL DECOR 15X15X50CM 200-2900199,Árbol Decorativo,Unid,Panamá,55018.0,,,2025-09-10 15:45:13.080,6259,0.0,false
248024,248024,COLGANTE CUADRO DORADO 14X12CM 1075494,COLGANTE CUADRO DORA,Unid,Brasil,11087.0,,,2025-09-09 09:34:47.110,7333,0.0,false
247306,247306,RAMA DECOR 29CM 140-5702835,Rama Decorativa 29cm,Unid,Panamá,6798.0,,,2025-08-28 14:02:24.810,7370,0.0,false
215466,215466,180-2000053 JG PLATO C/BANDEJA,JG PLATO C/BANDEJA,Unid,Panamá,60882.0,,,2024-07-23 11:19:01.020,6267,0.0,false
248358,248358,VELA SANTINI BEIGE 200-9600400,VELA 200-9600400,Unid,Panamá,95563.0,,,2025-09-10 16:59:55.980,6298,0.0,false
215540,215540,CASA C/LUZ  200-3300036,CASA 200-3300036,Unid,Panamá,115418.0,,,2024-07-23 14:04:04.280,6257,0.0,false
186821,186821,BOLA C/LUZ 200-2000283,BOLA C/LUZ 200-20002,Unid,Panamá,8945.0,,,2023-08-05 10:13:26.780,6253,0.0,false
247174,247174,ESTRELLA A/BAT  C/LUZ A/BAT2 130-1400010,Estrella Roja Luz,Unid,Panamá,46578.0,,,2025-08-28 13:14:21.807,6255,0.0,false
217242,217242,FLOR NAV DECOR 140-5201467,FLOR NAV DECOR 140-5,Unid,Panamá,14499.0,,,2024-08-26 14:25:43.627,7373,23.0,false
186789,186789,CORBATA NAVIDEÑA 170-3100173,CORBATA NAVIDEÑA 170,Unid,Panamá,14045.0,,,2023-08-05 08:48:45.083,6280,0.0,false
163665,163665,Tallo de Flor Navideña 28cm QD2239-24,Tallo de Flor Navide,Unid,Panamá,12812.4117,,,2022-10-05 11:24:53.870,7370,0.0,false
217556,217556,CONO DECOR 201-840017,CONO DECOR 201-84001,Unid,Panamá,82766.0,,,2024-08-28 14:43:13.450,6257,0.0,false
247046,247046,JG BOLAS 3PZ 12X12X36CM 130-2502417,Esferas Doradas 3Pz,Unid,Panamá,38018.0,,,2025-08-28 11:02:07.020,6253,21.0,false
250646,250646,INDIVIDUAL D-MESA 33X4 831-XMFE33- 2508R,INDIVIDUAL D-MESA 33,Unid,China,15343.0,,,2025-09-24 14:39:55.923,6291,27.0,false
194415,194415,CASA NAVIDAD CON LUZ 200-7200126/1,CASA NAVIDAD CON LUZ,Unid,Panamá,424590.0,,,2023-11-24 14:28:29.360,6257,0.0,false
217176,217176,831-2788-239101371R JGO 4 ORNAMENTOS 13CM,JGO 4 ORNAMENTOS,Unid,Panamá,14888.0,,,2024-08-26 09:34:05.633,7333,0.0,false
221012,221012,831-325008-24B ORNAMENTO NAV,ORNAMENTO NAV,Unid,Panamá,13655.6666,,,2024-10-16 09:49:30.330,6257,0.0,false
246269,246269,DECORACIÓN NAVIDEÑA DE 25 CM JSR-DEC-24-324,DECORACIÓN NAVIDEÑA,Unid,China,3823.0,,,2025-08-22 21:06:34.420,6257,1.0,false
186930,186930,JGO MOLDE P/GALLETAS 201-0300588,JGO MOLDE P/GALLETAS,Unid,Panamá,9530.0,,,2023-08-07 11:15:06.043,6261,0.0,false
246046,246046,JG ANILLOS DORADO P/SERVILLETAS 6PZ 180-3300148,Anillos Dorados 6Pz,Unid,Panamá,38893.0,,,2025-08-22 10:21:08.170,6319,0.0,false
163348,163348,BOLSA P/REGALO NB2219-1720,BOLSA P/REGALO NB221,Unid,Panamá,3389.0,,,2022-09-30 15:25:28.703,6269,0.0,false
162313,162313,FLOR DECOR 140-2500365,FLOR DECOR 140-25003,Unid,Panamá,9183.0,,,2022-09-24 11:37:01.670,7373,0.0,false
254876,254876,MOÑO NAVIDEÑO XM25212-61,MOÑO NAVIDEÑO XM2521,Unid,Panamá,7484.0,,,2025-10-29 12:14:41.883,6257,3.0,false
254758,254758,MALLA PLASTICA QD2557-881,MALLA PLASTICA QD255,Unid,Panamá,26715.0,,,2025-10-27 15:48:38.650,6257,0.0,false
215450,215450,COJIN 170-3000398,COJIN 170-3000398,Unid,Panamá,72538.0,,,2024-07-23 11:06:38.777,6257,0.0,false
161633,161633,BUZON DECOR 200-4500011,BUZON DECOR 200-4500,Unid,Panamá,487823.0,,,2022-09-16 16:40:16.207,6257,0.0,false
222376,222376,VELA ARBOL NAVIDEÑO HAWAII,VELA ARBOL NAVIDEÑO,Unid,Paraguay,54545.4533,,,2024-11-07 09:08:09.163,6298,1.0,false
248463,248463,ESCENA NAV RENO A/BAT2 22.5X7X14CM 201-9700175B,Escena Navideña Luz,Unid,Panamá,117896.0,,,2025-09-12 09:17:19.987,6257,3.0,false
247411,247411,CORONA 45X45X10CM 140-5702931,CORONA 45X45X10CM 14,Unid,Panamá,71590.0,,,2025-08-28 15:39:16.600,6257,0.0,false
215392,215392,BOLA 130-2502216,BOLA 130-2502216,Unid,Panamá,114822.0,,,2024-07-23 10:35:03.280,6253,4.0,false
191737,191737,BOLA DE NAVIDAD QD2339-133,BOLA DE NAVIDAD QD23,Unid,Panamá,15563.0,,,2023-10-20 12:03:41.263,6253,0.0,false
250454,250454,RELLENO 23CM DORADO-  831-AMX001- 25233G,RELLENO 23CM DORADO-,Unid,China,2930.0,,,2025-09-24 11:33:06.047,7370,4.0,false
217352,217352,CAMINO D/MESA 170-2701124,CAMINO D/MESA 170-27,Unid,Panamá,45210.0,,,2024-08-27 11:02:50.993,6290,0.0,false
245918,245918,PINO D/NAVIDAD C/BASE PIÑA 35X15X15CM 140-3400229,Pino Navidad Con,Unid,Panamá,16874.0,,,2025-08-21 09:54:24.950,7370,1.0,false
214984,214984,CORONA 60CM 110-0400037,CORONA 110-0400037,Unid,Panamá,87265.0,,,2024-07-18 15:21:24.090,7372,0.0,false
220545,220545,VELA ARBOLITO,VELA ARBOLITO,Unid,Paraguay,13636.3633,,,2024-10-10 14:59:02.910,6298,0.0,false
236304,236304,231524 CAFETERA NAVIDEÑO,Cafetera Festiva,Unid,China,37898.0,,,2025-05-07 14:10:03.940,6268,13.0,false
191796,191796,POSAPLATO XM23147-104,POSAPLATO XM23147-10,Unid,Panamá,12624.0,,,2023-10-20 16:07:21.753,6265,0.0,false
250662,250662,HORTENSIA 22X58CM CHAM 831-AMX044- 25157,HORTENSIA 22X58CM CH,Unid,China,35512.0,,,2025-09-24 15:00:31.430,7373,111.0,false
255563,255563,SERVILLETERO CERAMICA PAZ,SERVILLETERO CERAMIC,Unid,Paraguay,26727.2725,,,2025-11-12 10:45:53.407,6319,0.0,false
253982,253982,ESTANTE P/POTES 202-2100002,ESTANTE P/POTES 202-,Unid,Panamá,1701902.0,,,2025-10-17 10:46:12.370,6268,0.0,false
217335,217335,RAMA DECOR 140-5802783,RAMA DECOR 140-58027,Unid,Panamá,23055.0,,,2024-08-27 10:27:01.680,7370,0.0,false
215461,215461,PLATO 180-1100182,PLATO 180-1100182,Unid,Panamá,62336.0,,,2024-07-23 11:12:55.037,6264,1.0,false
215197,215197,LUCES 120-7000041,LUCES 120-7000041,Unid,Panamá,21152.0,,,2024-07-22 14:34:39.370,6285,0.0,false
221602,221602,ARBOL CH C/LUZ A/BAT 200-2100839,ARBOL CH C/LUZ A/BAT,Unid,Panamá,42304.0,,,2024-10-28 11:16:00.477,6258,1.0,false
217124,217124,831-XR16-02-22B TAZON BLANCO-ROJO-VERDE,TAZON BCO-ROJO-VERDE,Unid,Panamá,80150.0,,,2024-08-23 15:34:27.503,6266,1.0,false
161469,161469,CAMINO DE MESA 170-2800243,CAMINO DE MESA 170-2,Unid,Panamá,30632.0,,,2022-09-14 16:42:19.830,6290,0.0,false
215465,215465,JG TAZON C/BANDEJA 5PZ 180-2000052,Set Tazones,Unid,Panamá,43872.0,,,2024-07-23 11:17:22.863,6266,0.0,false
215313,215313,150-8101010C RENO DECOR,RENO 150-8101010C,Unid,Panamá,53251.0,,,2024-07-23 09:40:41.240,6257,0.0,false
247359,247359,JG ARBOLES DECOR  3PZ 10X10X18CM 130-2501989,Set Árboles Decor 3P,Unid,Panamá,18296.0,,,2025-08-28 14:45:20.810,6259,0.0,false
256448,256448,IMAGENES 6CM,IMAGENES 6CM,Unid,Paraguay,63636.3633,,,2025-11-25 16:04:27.350,6288,6.0,false
217041,217041,831-325033-241 PUNTA ARB SANTA-HNIE,PUNTA ARB SANTA-HNIE,Unid,Panamá,94115.0,,,2024-08-23 11:07:34.380,6256,0.0,false
255144,255144,KIT NAVIDAD ARBOLITO,KIT NAVIDAD ARBOLITO,Unid,Paraguay,89090.91,,,2025-11-04 16:15:53.833,6257,0.0,false
253993,253993,PLATO DECOR 24X39CM 202-320009,PLATO DECOR 24X39CM,Unid,Panamá,75794.0,,,2025-10-17 10:54:13.047,6264,0.0,false
219831,219831,1028805 CINTA CUADROS NAVIDAD,CINTA CUADROS NAV,Unid,Brasil,43826.0,,,2024-09-26 10:55:29.017,6278,0.0,false
163521,163521,MAGNOLIA 30CM CHAMPANA 831-AMX044-1822N,MAGNOLIA 30CM CHAMPA,Unid,Panamá,11685.0,,,2022-10-04 15:38:21.230,7373,11.0,false
215435,215435,ADORNO P/ COLGAR 130-4200114,Adorno Colgante 130,Unid,Panamá,6484.0,,,2024-07-23 10:55:10.370,6257,16.0,false
187023,187023,ADORNO COLGANTE 201-3700071,ADORNO COLGANTE 201-,Unid,Panamá,23324.0,,,2023-08-07 15:49:46.213,7333,9.0,false
215560,215560,JG BOLA DECOR 130-5001911,JG BOLA 130-5001911,Unid,Panamá,35122.0,,,2024-07-23 14:40:07.750,6253,0.0,false
206250,206250,"CASCANUECES 1,8MTS JSR-JAN-318","CASCANUECES 1,8MTS",Unid,China,1504438.0,,,2024-04-10 17:44:56.647,7340,0.0,false
254816,254816,GANCHO DE METAL XM25191-44,GANCHO DE METAL XM25,Unid,Panamá,33414.0,,,2025-10-28 11:31:20.500,6257,9.0,false
136622,136622,ARBOL   210CM NB24190-149,ARBOL   210CM NB2419,Unid,Panamá,634380.5003,,,2021-09-15 16:22:43.580,6259,4.0,false
218659,218659,130-9502579 JG BOLA DECOR,130-9502579 JG BOLA,Unid,Panamá,34031.0,,,2024-09-13 14:58:15.240,6253,0.0,false
217291,217291,831-XMTX349-2465P HELADO ROSADO,HELADO ROSADO,Unid,Panamá,17437.0,,,2024-08-26 16:34:36.577,6257,30.0,false
255131,255131,LATA CASITA C/ GALLETITAS GLASEADAS OP4,LATA CASITA C/ GALLE,Unid,Paraguay,99272.7266,,,2025-11-03 11:23:01.033,7361,0.0,true
191719,191719,CINTA NB2336-503,CINTA NB2336-503,Unid,Panamá,16515.0,,,2023-10-20 11:07:42.230,6278,65.0,false
162400,162400,RAMA DECOR 140-4101115,RAMA DECOR 140-41011,Unid,Panamá,14991.0,,,2022-09-26 10:56:06.633,7370,0.0,false
215820,215820,ANGEL 201-2300269,ANGEL 201-2300269,Unid,Panamá,135721.0,,,2024-07-30 10:28:15.910,6257,0.0,false
162239,162239,ORGAMENTO 130-4200354,ORGAMENTO 130-420035,Unid,Panamá,7142.0,,,2022-09-23 13:53:30.443,6257,0.0,false
163635,163635,Tallo Navideño chico 39cm QD2206-1124,Tallo Navideño chico,Unid,Panamá,27475.3005,,,2022-10-05 10:57:13.370,7370,1.0,false
246418,246418,"63 MM, CINTA DE 10 YARDAS / ROLLO JSR-DEC-24-661.",Cinta Decorativa,Unid,China,8823.0,,,2025-08-23 00:49:19.307,6278,1.0,false
257353,257353,Bolsa Arpillera Celebra - P - Navidad,Bolsa Arpillera Cele,Unid,Paraguay,34863.6366,,,2025-12-05 11:26:21.040,6269,0.0,false
215776,215776,VELA  200-9100071B,VELA  200-9100071B,Unid,Panamá,40234.0,,,2024-07-29 15:32:31.000,6298,0.0,false
247410,247410,CORONA 45X45X10CM 140-5702899,CORONA 45X45X10CM 14,Unid,Panamá,50525.0,,,2025-08-28 15:38:11.167,6257,0.0,false
248082,248082,MINI PINO BASE MADERA NEVADO VERDE 1075157,MINI PINO BASE MADER,Unid,Brasil,16080.0,,,2025-09-09 10:41:13.243,6256,125.0,false
248316,248316,TAZA ROJA HOHOHO 12OZ 12ML 9.6X9.6X9CM 180-1000123,Taza Roja Hohoho,Unid,Panamá,14298.0,,,2025-09-10 14:47:14.053,6266,0.0,false
217152,217152,831-XMFE33-2412Z39 CAMINO D-MESA-INDIVIDUAL,CAMINO D-MESA,Unid,Panamá,122874.0,,,2024-08-23 16:28:10.820,6290,0.0,false
245981,245981,SANTA DECOR PARADO CARMESI 14X4X37CM 150-8101093,Santa Decor Carmesí,Unid,Panamá,29867.0,,,2025-08-21 15:49:02.747,6286,0.0,false
247391,247391,VELA 8X8X11.50CM 200-9500042,Vela Decorativa 8x8,Unid,Panamá,45069.0,,,2025-08-28 15:15:08.750,6298,5.0,false
219843,219843,201-7500108 CASA C/LUZ A BATERIA,CASA C/LUZ A BATERIA,Unid,Panamá,33293.0,,,2024-09-26 11:04:36.623,6257,0.0,false
186826,186826,JGO ARBOLES DECO 200-2100638,JGO ARBOLES DECO 200,Unid,Panamá,175952.0,,,2023-08-05 10:25:31.327,6257,0.0,false
250534,250534,FIG OSO 12X22CM SUR2 7 831-XMSM220- 2479,Figura Oso Navidad,Unid,China,57147.0,,,2025-09-24 13:04:10.383,6255,5.0,false
254634,254634,Combo navidad Cookies navideñas,Combo navidad Cookie,Pqte,Paraguay,141818.18,,,2025-10-24 10:46:36.433,6298,0.0,false
135606,135606,POINSETIA 140-4100904,Guirnalda Poinsetia,Unid,Panamá,16057.4807,,,2021-09-03 14:54:56.613,6282,89.0,false
247442,247442,JG D/TOALLAS 2PZ 36X14X5CM 200-8900119,Paños Navidad 2Pz,Unid,Panamá,63029.0,,,2025-08-28 16:02:36.267,6293,0.0,false
247235,247235,ADORNO COLGANTE 12X12X3CM 130-5002080,Adorno Estrella 12cm,Unid,Panamá,10994.0,,,2025-08-28 13:42:46.427,7333,0.0,false
248346,248346,RAMA DECOR DORADA 70X20X1CM 140-4102304,Rama Decorativa,Unid,Panamá,25503.0,,,2025-09-10 16:30:49.300,7370,0.0,false
247516,247516,ARBOL 210CM NB25190-14,ARBOL 210CM NB25190-,Unid,Panamá,531420.0,,,2025-08-29 15:00:12.140,6260,0.0,false
248081,248081,MINI PINO BASE MADERA NEVADO VERDE 1075156,MINI PINO BASE MADER,Unid,Brasil,12685.0,,,2025-09-09 10:40:31.453,6256,1.0,false
215797,215797,CINTA 130-5400557,CINTA 130-5400557,Unid,Panamá,19093.0,,,2024-07-30 10:07:42.630,6278,28.0,false
162535,162535,FLOR 140-5702040,FLOR 140-5702040,Unid,Panamá,48809.0,,,2022-09-28 10:19:18.787,7373,15.0,false
247339,247339,ARDILLA DECOR 18X7X23CM 201-1300228,Ardilla Decorativa,Unid,Panamá,31724.0,,,2025-08-28 14:28:07.670,6255,1.0,false
161316,161316,RAMA DECO 140-5200781,RAMA DECO 140-520078,Unid,Panamá,12720.0,,,2022-09-14 09:14:18.983,7370,0.0,false
248516,248516,CARA DE OSO DECOR 10X8X41CM 150-8000628,CARA DE OSO DECOR 10,Unid,Panamá,19984.0,,,2025-09-12 10:43:10.630,6257,34.0,false
250393,250393,RELLENO BAYAS-PINA S4-PD 831-MX2467-2532,RELLENO BAYAS-PINA S,Unid,China,8791.0,,,2025-09-24 11:04:12.037,7370,1.0,false
250323,250323,ESFERA 50CM ROJO 16 831-D105-2502R,ESFERA 50CM ROJO 16,Unid,China,139978.0,,,2025-09-24 10:13:13.617,6253,5.0,false
217068,217068,831-MX2467-496 RAMA 70CM ROJO,RAMA 70CM ROJO,Unid,Panamá,7138.0,,,2024-08-23 14:10:47.480,7370,0.0,false
246022,246022,ALFOMBRA WELCOME 170-4400002,ALFOMBRA 170-4400002,Unid,Panamá,36193.0,,,2025-08-22 09:18:17.190,6439,0.0,false
248480,248480,FLOR NAV DECO C/ DET DORADO 30X18X18CM 140-5201689,Flor Navideña Roja,Unid,Panamá,7357.0,,,2025-09-12 10:07:54.337,7373,115.0,false
160574,160574,RAMA DECOR 140-1500271,RAMA DECOR 140-15002,Unid,Panamá,18579.0,,,2022-08-27 09:16:45.910,7370,3.0,false
215909,215909,ESCENA C/LUZ/MUSIC 201-9400077,ESCENA 201-9400077,Unid,Panamá,315641.0,,,2024-07-30 11:57:03.143,6257,0.0,false
186679,186679,CINTA 130-5400447,CINTA 130-5400447,Unid,Panamá,17472.0,,,2023-08-04 09:08:00.923,6278,2.0,false
247316,247316,LAZO DECOR 60CM 130-5800486,LAZO DECOR 60CM 130-,Unid,Panamá,62440.0,,,2025-08-28 14:11:53.183,6278,0.0,false
215008,215008,ESTRELLA D/MESA C/LUZ 120-0100123,ESTRELLA 120-0100123,Unid,Panamá,41513.0,,,2024-07-18 16:08:47.500,6257,0.0,false
245975,245975,RENO DECOR PARADO 13X10X38CM 150-8101075,Reno Decorativo 38cm,Unid,Panamá,49440.0,,,2025-08-21 15:39:32.317,6286,0.0,false
248012,248012,ESFERA DETALLES DORADOS Y LÍNEAS 10CM 1081892,ESFERA DETALLES DORA,Unid,Brasil,25569.0,,,2025-09-09 09:28:40.607,6253,94.0,false
220132,220132,784-7823421 PAPEL DE REGALO NAVIDEÑO,PAPEL REGALO NAVIDAD,Unid,Panamá,4598.0,,,2024-09-27 15:21:59.443,6269,0.0,false
215919,215919,RENO 201-8800014,RENO 201-8800014,Unid,Panamá,112515.0,,,2024-07-30 13:48:17.403,6255,0.0,false
213756,213756,PLATO POSTRE SOLDADOS 1255-103,PLATO 1255-103,Unid,Brasil,34467.0,,,2024-06-27 13:47:33.610,6264,0.0,false
217206,217206,831-XB09-24163R ORNAMENTO ESFERA,ORNAMENTO ESFERA,Unid,Panamá,23961.0,,,2024-08-26 10:05:16.017,6253,3.0,false
248005,248005,RAMAS HOJA/FRUTA/PIÑA/PICK VERDE/ROJO 34CM 1091286,RAMAS SHOJA/FRUTA/PI,Unid,Brasil,5693.0,,,2025-09-09 09:23:57.533,7370,7.0,false
206075,206075,JGO DE CUCHARA 4PCS NAVIDEÑA JSR-NOV-1032,Juego Cucharas,Unid,China,8543.88,,,2024-04-08 15:59:32.383,6268,3.0,false
218669,218669,831-2788-239101431G-G ESFERA ESCARCHA,ESFERA ESCARCHA,Unid,Panamá,214291.0,,,2024-09-13 15:15:01.650,6253,15.0,false
247054,247054,BOLAS 10CM EN CAJA PVC 4PZS 130-2502505,Esferas Doradas 10cm,Unid,Panamá,35670.0,,,2025-08-28 11:08:43.563,6253,28.0,false
162811,162811,TREN NAV. C/LUZ 201-7800036,TREN NAV. C/LUZ 201-,Unid,Panamá,150966.5555,,,2022-09-29 10:49:53.600,6257,2.0,false
219615,219615,6.343.100 ESTRELLA 5 PUNTAS ROJO 100CM,ESTRELLA 5 PUNTAS,Unid,Brasil,661562.0,,,2024-09-24 14:43:36.803,6256,0.0,false
213744,213744,TAZA DE TE CON PLATILLO CLASSIC CHRISTMAS 1254-104,TAZA TE C/PLATILLO,Unid,Brasil,39592.0,,,2024-06-27 13:37:22.063,6266,3.0,false
246214,246214,BOLA DE NAVIDAD DE 15 CM JSR-DEC-24-19.,Bola Navidad 15 cm,Unid,China,10196.0,,,2025-08-22 18:29:15.990,6253,9.0,false
219685,219685,150-8100957A SANTA DECO 21X12X58CM,SANTA DECO 21X12X58C,Unid,Panamá,89026.0,,,2024-09-25 13:51:59.560,6257,0.0,false
191700,191700,BOLA NAVIDEÑO NB2330-894,BOLA NAVIDEÑO NB2330,Unid,Panamá,32510.0,,,2023-10-19 15:54:14.653,6253,0.0,false
217539,217539,JGO BANDEJA DE CRISTAL 201-7600026,JGO BANDEJA DE CRIST,Unid,Panamá,163817.0,,,2024-08-28 14:01:26.103,6262,0.0,false
219893,219893,202-0100005 CASA C/LUZ A BATERIA,CASA C/LUZ A BATERIA,Unid,Panamá,42306.0,,,2024-09-26 14:36:38.023,6257,1.0,false
189724,189724,ARBOL 180CM NB24190-218,ARBOL 180CM NB23190,Unid,Panamá,252018.0,,,2023-09-15 13:57:30.403,6259,0.0,false
254753,254753,CAJA DE REGALO C/ LUZ GR 200-2100880B,CAJA DE REGALO C/ LU,Unid,Panamá,69588.48,,,2025-10-27 15:25:16.367,6274,1.0,false
163507,163507,RELLENO 29CM 831-XMTX255-340-22I,RELLENO 29CM 831-XMT,Unid,Panamá,9633.0,,,2022-10-04 14:53:31.380,7370,0.0,false
250422,250422,RELLENO 68CM DORADO 2 831-MXMAS91- 2538B,Relleno Dorado 68cm,Unid,China,10688.0,,,2025-09-24 11:18:56.320,7370,0.0,false
247413,247413,MUÑECA DECOR 18X12X41CM 150-5000016,MUÑECA DECOR 18X12X4,Unid,Panamá,53547.0,,,2025-08-28 15:41:31.653,6255,0.0,false
247451,247451,JG POTES 3PZ 202-1600004,JG POTES 3PZ 202-160,Unid,Panamá,148968.0,,,2025-08-28 16:10:40.500,6261,0.0,false
215260,215260,COLGANTE 140-2200759,COLGANTE 140-2200759,Unid,Panamá,27011.0,,,2024-07-22 16:46:26.540,7333,1.0,false
246511,246511,VASO DE VIDRIO DE 400 ML JSR-DEC-24-887,VASO DE VIDRIO 400,Unid,China,8627.0,,,2025-08-23 09:03:47.153,6267,1.0,false
187045,187045,JGO LINTERNA 201-7800064,JGO LINTERNA 201-780,Unid,Panamá,11035.0,,,2023-08-07 16:18:47.560,6285,1.0,false
217111,217111,PONSETIA DECOR 140-4101933,PONSETIA DECOR 140-4,Unid,Panamá,22874.0,,,2024-08-23 15:00:13.577,7373,8.0,false
254881,254881,BOLA DE AGUA 45MM XM2563-72,BOLA DE AGUA 45MM XM,Unid,Panamá,11486.0,,,2025-10-29 13:41:13.593,6253,18.0,false
247358,247358,ESTRELLA DE ARBOL 28X26X5CM 130-0701024,Estrella de Árbol 28,Unid,Panamá,15358.0,,,2025-08-28 14:44:51.460,6257,2.0,false
248042,248042,COLGANTE BASTONES 12CM 1044125,COLGANTE BASTONES,Unid,Brasil,9389.0,,,2025-09-09 09:46:20.287,7333,0.0,false
190317,190317,CESTA 201-6100015 CH,CESTA 201-6100015 C,Unid,Panamá,13075.2,,,2023-10-01 10:31:47.553,6275,0.0,false
246870,246870,JG CASCABEL 6PZ 4X4X4CM 202-2200008,Campanas Navideñas,Unid,Panamá,22780.0,,,2025-08-27 10:18:10.620,7339,1.0,false
247208,247208,BOLA DECOR 202-2500049,Bola Decorativa,Unid,Panamá,28955.0,,,2025-08-28 13:32:36.210,6253,25.0,false
250658,250658,ARBOL CONO 40CM ROJO-VER 831-MX2416-080A,Árbol Cono Rojo 40cm,Unid,China,32840.0,,,2025-09-24 14:56:12.040,6258,0.0,false
217237,217237,RAMA DECOR 140-5201411,RAMA DECOR 140-52014,Unid,Panamá,18101.0,,,2024-08-26 14:20:47.833,7370,0.0,false
248040,248040,ESFERA CON GLITTER DORADA 10CM 1075452,ESFERA CON GLITTER D,Unid,Brasil,33860.0,,,2025-09-09 09:45:15.753,7333,12.0,false
162307,162307,FLOR DECO 140-2500324,FLOR DECO 140-250032,Unid,Panamá,11820.0,,,2022-09-24 09:39:51.550,7373,0.0,false
254690,254690,FLOR NAVIDEÑA BLANCO QD2506-4269,FLOR NAVIDEÑA BLANCO,Unid,Panamá,3828.0,,,2025-10-24 15:03:15.837,7373,21.0,false
217146,217146,831-MX2467-24122A RAMA 70CM ROJO/VERDE,RAMA 70CM ROJO/VERDE,Unid,Paraguay,7953.0,,,2024-08-23 16:18:43.980,7370,8.0,false
255132,255132,CAJA VINTAGE C/ GALLETITAS SURTIDAS OP5,CAJA VINTAGE C/ GALL,Unid,Paraguay,118363.6366,,,2025-11-03 11:25:03.520,7361,0.0,true
192763,192763,ESFERA NAV 831-XMNBC01-0111221,ESFERA NAV 831-XMNBC,Unid,Panamá,11056.0,,,2023-10-30 16:31:54.690,6253,5.0,false
215029,215029,BOLA DECOR 130-0200069,BOLA 130-0200069,Unid,Panamá,38814.0,,,2024-07-19 09:13:43.870,6253,7.0,false
215227,215227,JG BOLAS DECOR 130-1900695,BOLAS 130-1900695,Unid,Panamá,31520.0,,,2024-07-22 15:52:10.747,6253,0.0,false
213749,213749,PLATO DE PASTEL M CLASSIC CHRISTMAS 1254-116M,PLATO 1254-116M,Unid,Brasil,85797.0,,,2024-06-27 13:42:48.037,6264,0.0,false
221248,221248,LENTE PLASTICO NAVIDEÑO HHSD,LENTE PLASTICO NAVID,Unid,Paraguay,3409.0908,,,2024-10-17 15:27:14.997,6257,1.0,false
218646,218646,831-XMSM016-113R PORTA PLATO ROJO,PORTA PLATO ROJO,Unid,Panamá,10393.0,,,2024-09-13 14:46:44.503,6265,1.0,false
215246,215246,ADORNO COLGANTE 130-1900746,ADORNO 130-1900746,Unid,Panamá,5763.0,,,2024-07-22 16:17:42.467,7333,0.0,false
215821,215821,BOLA COLGANTE 201-2300272,BOLA 201-2300272,Unid,Panamá,28334.0,,,2024-07-30 10:30:00.457,6253,0.0,false
220417,220417,SERVILLETERO HOJA MARRON,SERVILLETERO HOJA MA,Unid,Paraguay,1448.1287,,,2024-10-09 15:39:46.337,6319,0.0,false
221230,221230,CANASTITAS ÑANDUTI,CANASTITAS ÑANDUTI,Unid,Paraguay,3636.3638,,,2024-10-17 14:41:32.830,6257,1.0,false
247029,247029,BOLAS 8CM EN CAJA PVC 6PZS 130-2501931,Bolas Decorativas,Unid,Panamá,40369.0,,,2025-08-28 10:48:53.587,6253,0.0,false
254541,254541,SET BOLA NAVIDEÑA 10CM CHAMPAGNE NB2519-6322,SET BOLA NAVIDEÑA 10,Unid,Panamá,15402.0,,,2025-10-23 15:50:51.160,6253,89.0,false
247383,247383,VELA 10X10X11CM 200-9500031,Vela Verde Festiva,Unid,Panamá,44733.0,,,2025-08-28 15:09:43.423,6298,0.0,false
248171,248171,ESFERA ROJO 12.50X12.50X12.50CM130-090027,Esfera Roja,Unid,Panamá,32442.0,,,2025-09-09 14:41:58.003,6253,0.0,false
248128,248128,BOLA BRILLANTE DORADA Y VERDE 15CM 1072767,BOLA BRILLANTE DORAD,Unid,Brasil,17529.0,,,2025-09-09 11:48:59.350,6253,85.0,false
247342,247342,ARDILLA DECOR 12X18X22CM 202-2500038,Ardilla Decorativa,Unid,Panamá,61351.0,,,2025-08-28 14:29:56.950,6255,1.0,false
194675,194675,DIFUSOR 150ML,DIFUSOR 150ML,Unid,Paraguay,54727.2722,,,2023-11-27 11:22:04.887,6280,0.0,false
215577,215577,CINTA 130-5400533,CINTA 130-5400533,Unid,Panamá,16211.0,,,2024-07-23 15:04:26.743,6278,0.0,false
247163,247163,FLOR DECOR 140-4102052,Flor Mariposa Dorada,Unid,Panamá,16365.0,,,2025-08-28 13:05:26.853,7373,17.0,false
248426,248426,RAMA DECOR C/HOJAS DORADAS 2X10X78CM 140-4700589,Rama Decorativa,Unid,Panamá,24582.0,,,2025-09-11 15:49:15.353,7370,39.0,false
248496,248496,MARIPOSA DECOR DORADO  X26X35CM 140-5802900,Mariposa Dorada,Unid,Panamá,8612.0,,,2025-09-12 10:21:21.970,6257,98.0,false
246495,246495,45 METROS/ROLLO DE CINTA JSR-DEC-24-621,Cinta Festiva 45m,Unid,China,10980.0,,,2025-08-23 08:40:55.520,6278,0.0,false
254869,254869,CAMPANA NAVIDEÑA PARA COLGAR XM25200-93,CAMPANA NAVIDEÑA PAR,Unid,Panamá,24974.0,,,2025-10-29 11:49:21.057,7339,0.0,false
163611,163611,"CINTA NAVIDEÑA 2,5x10 NB2236-367","CINTA NAVIDEÑA 2,5x1",Unid,Panamá,16592.0,,,2022-10-05 10:22:03.137,6278,0.0,false
222350,222350,BOLSA 52X70 MERRY CHRISTMAS 12101,BOLSA 52X70 MERRY,Unid,Paraguay,2872.7272,,,2024-11-05 15:59:27.263,6270,0.0,false
247471,247471,CASA P/AVES 18.5X14X23CM 202-5000002,CASA P/AVES 18.5X14X,Unid,Panamá,55895.0,,,2025-08-28 16:24:46.730,6257,0.0,false
248271,248271,JG MANTEL C/SERVILLETA 7PZ FLOR REDONDA170-2701126,JG MANTEL C/SERVILLE,Unid,Panamá,178766.0,,,2025-09-10 11:12:00.980,6292,0.0,false
248079,248079,MINI PINO BASE MADERA NEVADO VERDE/GRANATE 1075148,MINI PINO BASE MADER,Unid,Brasil,47443.0,,,2025-09-09 10:38:47.303,6256,0.0,false
217364,217364,TAZA 325ML 180-1000107,TAZA 325ML 180-10001,Unid,Panamá,8194.0,,,2024-08-27 11:31:36.100,6266,3.0,false
220932,220932,SET PAPEL NAVIDEÑO JSR-AUG613,SET PAPEL NAVIDEÑO,Unid,China,4208.0,,,2024-10-15 15:08:18.520,6273,111.0,false
247378,247378,VELA 7.3X7.6X10.8CM 200-6400597,Vela Santa Claus,Unid,Panamá,26606.0,,,2025-08-28 15:05:40.663,6298,0.0,false
215867,215867,ARDILLA 140-0500471,ARDILLA 140-0500471,Unid,Panamá,86632.0,,,2024-07-30 11:09:04.480,6255,0.0,false
236309,236309,22109-2 PLATO NAVIDEÑO,Plato Festivo,Unid,China,18948.0,,,2025-05-07 14:40:43.130,6268,0.0,false
163649,163649,MANTEL FLORES 160X0,MANTEL FLORES 160X0,Unid,Paraguay,65454.545,,,2022-10-05 11:13:32.177,6292,0.0,false
162203,162203,ARBOL 210CM NB20190-24,ARBOL 210CM NB20190-,Unid,Panamá,918723.0,,,2022-09-23 10:04:51.113,6260,1.0,false
247218,247218,ADORNO COLGANTE 1X6X11CM 130-2502258,Adorno Musical,Unid,Panamá,2601.0,,,2025-08-28 13:37:03.907,7333,123.0,false
248249,248249,FLOR DECOR PEONIA ROJA NAV 140-3100046,Peonía Roja,Unid,Panamá,17057.0,,,2025-09-09 16:25:04.610,7370,2.0,false
250565,250565,CAMINO D-MESA 33X176CM 831-XMFE28- 2402U,CAMINO D-MESA 33X176,Unid,China,65852.0,,,2025-09-24 13:29:23.483,6290,57.0,false
214790,214790,ARBOL 180CM 110-0100067,ARBOL 180CM 110-0100,Unid,Panamá,257542.0,,,2024-07-17 10:54:42.897,6259,0.0,false
220259,220259,ARBOL GR DECOR 200-2100489,ARBOL GR DECOR,Unid,Panamá,32300.25,,,2024-10-07 14:16:52.070,6260,2.0,false
247528,247528,ARBOL 120CM NB25190-126,ARBOL 120CM NB25190-,Unid,Panamá,117685.0,,,2025-08-29 15:49:09.623,6259,22.0,false
248119,248119,BOLA LISA MATE VINO 8CM JG 6 1058844,BOLA LISA MATE VINO,Unid,Brasil,14943.0,,,2025-09-09 11:44:21.790,6253,0.0,false
250602,250602,BASE ARBOL 635X2286CM NA 831-T002-2418,BASE ARBOL 635X2286C,Unid,China,142220.0,,,2025-09-24 13:55:43.277,6256,0.0,false
246404,246404,"63 MM, 50 YARDAS / ROLLO DE CINTA JSR-DEC-24-640.",Cinta Decorativa,Unid,China,92642.0,,,2025-08-23 00:39:45.037,6278,15.0,false
248166,248166,PORTA JOYA NUEZ VERDE 14X14CM 1001864,PORTA JOYAS NUEZ VER,Unid,Brasil,115238.0,,,2025-09-09 12:02:23.253,6257,4.0,false
248149,248149,BOLA FOSCA VERDE MEDIO 15CM 1072417,BOLA FOSCA VERDE MED,Unid,Brasil,12932.0,,,2025-09-09 11:54:07.690,6253,25.0,false
163673,163673,"CINTA NAVIDEÑA 2,5x10 NB2236-552","CINTA NAVIDEÑA 2,5x1",Unid,Panamá,20339.0,,,2022-10-05 11:36:34.223,6278,0.0,false
167148,167148,ARBOL NAV 3.40 MTS,ARBOL NAV 3.40 MTS,Unid,Paraguay,2590909.09,,,2022-10-25 15:07:48.820,6260,0.0,false
140285,140285,PLATO 831-K002-032,PLATO 831-K002-032,Unid,Panamá,42127.0,,,2021-11-11 12:40:04.570,6264,4.0,false
215562,215562,JG BOLA DECOR 130-5001913,JG BOLA 130-5001913,Unid,Panamá,35122.0,,,2024-07-23 14:45:21.733,6253,0.0,false
135415,135415,JG IDENTIFICADORES D/ COPAS 6PZ 180-0400009,Identificadores,Unid,Panamá,24973.0,,,2021-09-02 14:25:51.013,7337,0.0,false
246732,246732,COLGADOR DE CORONA NAVIDEOA 201-0300561,COLGADOR DE CORONA N,Unid,BOLIVIA,5568.0,,,2025-08-26 15:58:48.043,6257,1.0,false
217090,217090,RAMA DECOR 140-4101797,RAMA DECOR 140-41017,Unid,Panamá,35842.0,,,2024-08-23 14:41:18.940,7370,19.0,false
217092,217092,RAMA DECOR 140-4101800,RAMA DECOR 140-41018,Unid,Panamá,20983.0,,,2024-08-23 14:42:18.943,7370,1.0,false
218667,218667,831-2788-239101429G-R ESFERA ESCARCHA,ESFERA ESCARCHA,Unid,Panamá,51228.0,,,2024-09-13 15:10:21.173,6253,0.0,false
248354,248354,VELA CAJA REGALO 200-9600383,VELA 200-9600383,Unid,Panamá,16805.0,,,2025-09-10 16:55:43.197,6298,0.0,false
134295,134295,JGO DE BOLAS  4PZ  130-5000395,Jgo de bolas,Unid,Panamá,30166.3824,,,2021-08-23 11:31:22.017,6253,0.0,false
215524,215524,ESCENA  C/LUZ 200-1000132,ESCENA  200-1000132,Unid,Panamá,142137.0,,,2024-07-23 13:29:33.383,6257,0.0,false
213723,213723,TAZA DE TÉ CON PLATILLO GUIRNALDA 1196-104F,TAZA 1196-104F,Unid,Brasil,39592.0,,,2024-06-27 11:49:47.130,6266,23.0,false
221185,221185,LINDT LINDOR GIFTBOX CHOCO CON LECHE 137GR,GIFTBOX 137G MILK,Unid,Paraguay,80923.5796,,,2024-10-17 09:50:35.597,7362,3.0,true
217309,217309,831-2788-239101425Z-R ESFERA FELPA ROJO,ESFERA FELPA ROJO,Unid,Panamá,134722.0,,,2024-08-27 08:49:14.533,6253,0.0,false
245949,245949,OSO C/MUS C/MOV 25X20X17CM 150-1500040,Oso Navideño Plush,Unid,Panamá,93315.0,,,2025-08-21 13:42:05.297,6286,1.0,false
191714,191714,CAJA 25X25X10 NAVIDEÑA ROJA/VERDE CON CINTA,CAJA 25X25X10 NAV.,Unid,Paraguay,64772.7272,,,2023-10-19 16:44:42.557,6273,48.0,false
250486,250486,ORNAMENTO DORADO 12X15CM 831-XMTX215- 2570B,Copo Dorado 12x15 cm,Unid,China,3878.0,,,2025-09-24 11:47:41.750,6257,0.0,false
250635,250635,SOMBRERO NAV 32X45CM ROJO 831-TN010-2516,SOMBRERO NAV 32X45CM,Unid,China,9912.0,,,2025-09-24 14:25:18.140,6257,0.0,false
162711,162711,ESFERA 412-363484,ESFERA 412-363484,Unid,Panamá,35550.0,,,2022-09-28 16:44:58.123,6253,0.0,false
220934,220934,SET PAPEL NAVIDEÑO JSR-AUG617,SET PAPEL NAVIDEÑO,Unid,China,5256.0,,,2024-10-15 15:14:46.650,6270,2.0,false
250610,250610,MACETA BAYAS-PINA 35CM V 831-MX2467-2557,Maceta Bayas Piña 35,Unid,China,21376.0,,,2025-09-24 14:00:01.760,6256,1.0,false
191804,191804,PLATO PLASTICO XM23171-7,PLATO PLASTICO XM231,Unid,Panamá,8300.0,,,2023-10-20 16:26:30.607,6264,0.0,false
254833,254833,COLLAR PARA ARBOL NAVIDEÑO XM25200-77,COLLAR PARA ARBOL NA,Unid,Panamá,148628.0,,,2025-10-28 12:24:42.140,6257,0.0,false
250364,250364,PONSETIA 30X46CM 9P VERDE 831-AMX001- 2599G,Poinsettia Verde,Unid,China,8274.0,,,2025-09-24 10:42:30.370,7373,163.0,false
187849,187849,ESCENA C/LUZ 201-9500042,ESCENA C/LUZ 201-950,Unid,Panamá,128213.0,,,2023-08-16 11:05:51.950,6288,1.0,false
215852,215852,FLOR 201-3500251,FLOR 201-3500251,Unid,Panamá,13789.0,,,2024-07-30 10:46:05.487,7373,0.0,false
248155,248155,ÁRBOL NAVIDAD MILÃO 800H C/330LED 8F VERDE 210CM 1,ÁRBOL NAVIDAD MILÃO,Unid,Brasil,858960.0,,,2025-09-09 11:57:34.023,6260,0.0,false
247457,247457,JG CAJAS D/REGALO 3PZ 16X16X19CM 202-2500050,JG CAJAS D/REGALO 3P,Unid,Panamá,91059.0,,,2025-08-28 16:17:16.970,6274,0.0,false
162225,162225,CINTA 130-3400324,CINTA 130-3400324,Unid,Panamá,17772.0,,,2022-09-23 11:45:11.147,6278,0.0,false
254819,254819,COLLAR DE ARBOL NAVIDEÑO XM25200-114,COLLAR DE ARBOL NAVI,Unid,Panamá,172554.0,,,2025-10-28 11:40:20.317,6257,0.0,false
186931,186931,201-0300630 BOLSO NAVIDAD,BOLSO NAVIDAD 201-03,Unid,Panamá,21062.0,,,2023-08-07 11:18:40.360,6269,0.0,false
246774,246774,CIERVO DECOR 19.5X7.7X18.8CM 201-2801084,CIERVO DECOR 19.5X7.,Unid,Panamá,100650.0,,,2025-08-27 08:32:40.293,6255,1.0,false
162399,162399,RAMA DECOR 140-4101111,RAMA DECOR 140-41011,Unid,Panamá,15044.0526,,,2022-09-26 10:55:15.510,7370,1.0,false
215291,215291,SANTA 150-8000536A,SANTA 150-8000536A,Unid,Panamá,66490.0,,,2024-07-23 09:29:11.410,6257,1.0,false
161650,161650,VINCHA 201-0300247,VINCHA 201-0300247,Unid,Panamá,13474.0,,,2022-09-17 08:59:35.523,6257,1.0,false
222357,222357,CHRISTMAS TAGS AUG554-566-569-548,CHRISTMAS TAGS,Unid,China,0.0,,,2024-11-06 14:06:28.230,6257,4.0,false
215297,215297,SANTA 150-8100972A,SANTA 150-8100972A,Unid,Panamá,96805.0,,,2024-07-23 09:32:50.960,6257,0.0,false
217278,217278,831-XMVI-012 CORONA ADVIENTO VERDE,Corona Adviento,Unid,Panamá,27456.4754,,,2024-08-26 15:38:23.243,7372,3.0,false
248103,248103,BOLA TUBO PERLADA/FOSCA/TRANSPARENTE  JG 1072329,BOLA TUBO PERLADA/FO,Unid,Brasil,35347.0,,,2025-09-09 11:32:04.340,6253,0.0,false
247239,247239,JG ADORNO COLGANTE 6PZ 8CM 130-5002083,Adornos Colgantes,Unid,Panamá,40619.0,,,2025-08-28 13:43:53.043,7333,8.0,false
160360,160360,JGO BOLA 6PZ 130-2500652,JGO BOLA 6PZ 130-250,Unid,Panamá,25625.0,,,2022-08-24 16:08:30.283,6253,0.0,false
160430,160430,BOLA TRANSPARENTE  130-9500161,BOLA 130-9500161,Unid,Panamá,5076.4599,,,2022-08-25 12:21:27.523,6253,17.0,false
134931,134931,PORTA PLATO 180-0700036,Porta plato,Unid,Panamá,9958.0,,,2021-08-30 14:57:59.110,6265,1.0,false
217548,217548,JGO TREN C/HUMO 207-7800058,JGO TREN C/HUMO 207-,Unid,Panamá,157782.0,,,2024-08-28 14:33:22.377,6284,0.0,false
247155,247155,JG NACIMIENTO 11PZ 025-495680,Pesebre Navidad 11Pz,Unid,Panamá,120605.0,,,2025-08-28 12:59:31.083,6288,0.0,false
215762,215762,OSO POLAR 200-6900479,OSO 200-6900479,Unid,Panamá,105119.0,,,2024-07-29 13:51:04.697,6257,0.0,false
217434,217434,CASCANUECES 200-4100282,CASCANUECES 200-4100,Unid,Panamá,75921.0,,,2024-08-28 09:41:18.950,7340,0.0,false
194056,194056,Kit 4 posavasos Flor de Navidad,Kit 4 posavasos Flor,Unid,Paraguay,28636.3633,,,2023-11-21 08:49:50.893,6295,0.0,false
250581,250581,ADORNO CIERVO 38CM TRANSPA 831-D030-2513,ADORNO CIERVO 38CM T,Unid,China,145498.0,,,2025-09-24 13:40:17.040,6255,0.0,false
250332,250332,PONSETIA 9P 30X30CM ROJO 831-AMX044- 25305A,Ponsetia Roja 30x30,Unid,China,7067.0,,,2025-09-24 10:21:50.977,7373,18.0,false
215878,215878,ARBOL DECOR 140-1500643,ARBOL DECOR 140-1500,Unid,Panamá,22424.0,,,2024-07-30 11:18:48.290,6257,0.0,false
186670,186670,CINTA 130-5400286,CINTA 130-5400286,Unid,Panamá,20649.0,,,2023-08-04 08:45:04.857,6278,2.0,false
217099,217099,MAGNOLIA DECOR 140-4101851,MAGNOLIA DECOR 140-4,Unid,Panamá,17831.0,,,2024-08-23 14:47:32.033,7373,75.0,false
217297,217297,831-XASRM006-05-MZL COJIN MULTICOLOR,COJIN MULTICOLOR,Unid,Panamá,79538.0,,,2024-08-26 16:49:01.097,6289,0.0,false
191726,191726,CINTA NB2336-555,CINTA NB2336-555,Unid,Panamá,28706.0,,,2023-10-20 11:20:09.087,6278,0.0,false
218605,218605,831-XSC-10B-23B JGO 2 TOALLAS SET,JGO 2 TOALLAS SET,Unid,Panamá,20417.0,,,2024-09-13 11:54:15.703,6268,1.0,false
219806,219806,200-810011 ESTRELLA DECOR,ESTRELLA DECOR,Unid,Panamá,60976.0,,,2024-09-26 09:52:40.820,6257,0.0,false
246255,246255,TAZA DE 350 ML JSR-DEC-24-182,TAZA DE 350 ML,Unid,China,13920.0,,,2025-08-22 20:45:59.343,6266,0.0,false
247127,247127,CINTA 6.3CM X 9YDS 130-5800420,CINTA 6.3CM X 9YDS 1,Unid,Panamá,18547.0,,,2025-08-28 12:13:18.000,6278,0.0,false
254659,254659,SET SERVILLETA NAVIDEÑA NB2519-7651,SET SERVILLETA NAVID,Unid,Panamá,4264.0,,,2025-10-24 12:24:40.157,6296,0.0,false
247523,247523,ARBOL 180CM NB25190-95,ARBOL 180CM NB25190-,Unid,Panamá,312082.0,,,2025-08-29 15:35:48.450,6260,0.0,false
160415,160415,JG BOLA 4PZ 130-5000668,JG BOLA 4PZ 130-5000,Unid,Panamá,50380.0,,,2022-08-25 11:06:55.693,6253,1.0,false
245922,245922,TALLO D/NAVIDAD SECO 60X15X5CM 140-3400256,Tallo Decorativo,Unid,Panamá,12150.0,,,2025-08-21 10:01:45.420,7370,0.0,false
217313,217313,PICK DECOR 30CM 140-5702477,PICK DECOR 30CM,Unid,Panamá,9546.0,,,2024-08-27 09:18:44.630,7373,1.0,false
215537,215537,ARBOL DECOR  20X20X55CM 200-2900182,Árbol Decorativo,Unid,Panamá,63196.0,,,2024-07-23 13:47:48.770,6257,0.0,false
247345,247345,ANILLO P/SERVILLETA 12CM 140-0300147,Servilletero Festivo,Unid,Panamá,3693.0,,,2025-08-28 14:34:06.340,6319,1.0,false
246271,246271,ARBOLITO NAVIDEÑA DE 40 CM JSR-DEC-24-327,Arbolito Navidad 40,Unid,China,7549.0,,,2025-08-22 21:09:01.250,6257,0.0,false
186680,186680,CINTA 130-5400467,CINTA 130-5400467,Unid,Panamá,17472.0,,,2023-08-04 09:09:34.657,6278,0.0,false
248164,248164,PORTA JOYAS NUEZ VERDE/GRANATE 27CM 1001863,PORTA JOYAS NUEZ VER,Unid,Brasil,133916.0,,,2025-09-09 12:01:52.493,6257,11.0,false
246276,246276,SERVILLETERO NAVIDEÑO 6*8 CM JSR-DEC-24-354,Servilletero Yute,Unid,China,1274.0,,,2025-08-22 21:34:11.507,6257,69.0,false
254780,254780,TREN DE NAVIDAD CON SONIDO Y LUZ 6PCS X 1.5V SZ251,TREN DE NAVIDAD CON,Unid,Panamá,368358.0,,,2025-10-27 16:26:47.403,6284,0.0,false
215397,215397,SANTA 160-4503403,SANTA 160-4503403,Unid,Panamá,72910.0,,,2024-07-23 10:36:40.513,6257,1.0,false
250285,250285,JGO 3 ESFERAS 15 831-2784- 2391099-25B1,Conjunto Esferas,Unid,China,48095.0,,,2025-09-24 09:47:11.963,6253,2.0,false
192375,192375,ADORNO 831-XMTX349-452,ADORNO 831-XM,Unid,Panamá,8026.0,,,2023-10-26 09:54:25.183,6253,1.0,false
160640,160640,POINSETTIA DECOR 140-4101045,POINSETTIA DECOR 140,Unid,Panamá,9875.0,,,2022-08-30 14:04:40.770,7373,16.0,false
254811,254811,PORTAVELAS NAVIDEÑO DE CIERVO XM25180-129,PORTAVELAS NAVIDEÑO,Unid,Panamá,66830.0,,,2025-10-28 11:23:04.643,7335,0.0,false
248254,248254,FIGURA NAVIDEÑA DECOR ROJO 140-3600003,Figura Navideña Roja,Unid,Panamá,23328.0,,,2025-09-09 16:30:13.493,6257,0.0,false
247221,247221,ADORNO COLGANTE 11X11X22CM 130-4900172,Adorno Colgante Rojo,Unid,Panamá,32565.0,,,2025-08-28 13:38:10.417,7333,22.0,false
222749,222749,SAGRADA FAMILIA,SAGRADA FAMILIA,Unid,Paraguay,45454.545,,,2024-11-18 10:48:30.717,6288,0.0,false
162211,162211,ARBOL 210CM NB24190-96,ARBOL 210CM,Unid,Panamá,516054.4812,,,2022-09-23 11:07:29.010,6259,0.0,false
217254,217254,FLOR NAV DECOR 140-5201490,FLOR NAV DECOR 140-,Unid,Panamá,13959.0,,,2024-08-26 15:02:17.013,7373,31.0,false
246753,246753,ADORNO P/COLGAR 3 SURT 8X26CM 201-0300743,Adorno Colgante 3 Su,Unid,Panamá,5568.0,,,2025-08-26 16:17:11.853,7333,2.0,false
254718,254718,TURRON MANI ARCOR,TURRON MANI ARCOR,Unid,Paraguay,4190.2055,,,2025-10-27 11:18:23.897,7359,181.0,true
162749,162749,PIÑA DECOR 200-3200063,PIÑA DECOR 200-32000,Unid,Panamá,14862.2191,,,2022-09-29 08:37:21.590,6257,0.0,false
162797,162797,PUNTA DE ARBOL 201-7200062,PUNTA DE ARBOL 201-7,Unid,Panamá,62308.387,,,2022-09-29 10:36:03.437,6256,0.0,false
250664,250664,VASO C-TAPA 125CM VER-BCO 831-K006-2513,Vaso Navidad,Unid,China,24479.0,,,2025-09-24 15:03:01.970,6267,0.0,false
215446,215446,FLOR DECOR 130-4200848,FLOR 130-4200848,Unid,Panamá,13328.0,,,2024-07-23 11:03:47.590,7373,3.0,false
246229,246229,DECORACIÓN NAVIDEÑA 50 X 14 CM JSR-DEC-24-46,DECORACIÓN NAVIDEÑA,Unid,China,211758.0,,,2025-08-22 19:09:04.467,6257,0.0,false
217070,217070,831-AMX001-1604B POINSETIA 31X20CM DORADA,POINSETIA DORADA,Unid,Panamá,7545.0,,,2024-08-23 14:14:37.007,7373,1.0,false
163623,163623,"CINTA NAVIDEÑA 2,5x10 NB2236-466","CINTA NAVIDEÑA 2,5x1",Unid,Panamá,17120.9142,,,2022-10-05 10:33:57.117,6278,42.0,false
250433,250433,RELLENO 67CM DORADO 14 831-AMX018- 2564B,Relleno Dorado 67cm,Unid,China,5517.0,,,2025-09-24 11:24:36.267,7370,0.0,false
250737,250737,PLATO DE SITIO MERRY CHRISTMAS 7612-119,PLATO DE SITIO MERRY,Unid,Brasil,41086.0,,,2025-09-25 10:28:17.897,6264,0.0,false
246405,246405,"63 MM, CINTA DE 10 YARDAS / ROLLO JSR-DEC-24-643.",Cinta Decorativa,Unid,China,19607.0,,,2025-08-23 00:40:30.050,6278,26.0,false
246847,246847,BASE D/ARBOL 70X50X25CM 201-8900580,Base Árbol Navidad,Unid,Panamá,41678.0,,,2025-08-27 09:40:15.040,6256,0.0,false
253977,253977,ESCENA C/LUZ A/BAT3 13X10CM 201-9500082B,ESCENA C/LUZ A/BAT3,Unid,Panamá,31065.0,,,2025-10-17 10:42:23.223,6257,12.0,false
247032,247032,JG BOLAS 50PZ 6X6X6CM 130-2502107,JG BOLAS 50PZ 6X6X6C,Unid,Panamá,109189.0,,,2025-08-28 10:51:22.213,6253,0.0,false
245909,245909,PORTAVELA VERDE 30X71X13CM 140-2200988,PORTAVELA VERDE,Unid,Panamá,182826.0,,,2025-08-21 09:34:01.513,7335,0.0,false
186827,186827,JGO CAJAS D/REGALO 200-2100653,JGO CAJAS D/REGALO,Unid,Panamá,132129.0,,,2023-08-05 10:27:09.997,6274,0.0,false
217316,217316,BOLA DECOR 140-5702507,BOLA DECOR 140-57025,Unid,Panamá,46108.0,,,2024-08-27 09:23:25.573,6253,0.0,false
250449,250449,RELLENO 64CM DORADO 14 831-AMX018- 2491B,Relleno Dorado 64cm,Unid,China,6981.0,,,2025-09-24 11:31:24.163,7370,2.0,false
215048,215048,BOMBILLO DECOR 130-0200121,Bombillo Decor Azul,Unid,Panamá,48900.0,,,2024-07-19 09:56:07.457,6257,24.0,false
217258,217258,831-2784-2391099-23L JGO 3 ESFERAS TUBO,JGO 3 ESFERAS TUBO,Unid,Panamá,41807.0,,,2024-08-26 15:05:04.057,6253,0.0,false
250629,250629,FIGURA RENO 32CM ROJO-VER 831-D100-2521A,Figura Reno Rojo,Unid,China,50767.0,,,2025-09-24 14:18:56.887,6257,1.0,false
247367,247367,ARBOL DECOR 22X9X1.50CM 180-2500062,Árbol Decorativo,Unid,Panamá,12002.0,,,2025-08-28 14:50:29.567,6259,29.0,false
250739,250739,PLATO PARA PASTEL MERRY CHRISTMAS 34 CM 7612-116,PLATO PARA PASTEL ME,Unid,Brasil,54477.0,,,2025-09-25 10:37:06.077,6264,1.0,false
250299,250299,JGO4X10CM ESFERAS BRILL/ES 831-239-2507,Juego Esferas,Unid,China,26376.0,,,2025-09-24 09:55:32.070,6253,9.0,false
160588,160588,RAMA 140-1500361,RAMA 140-1500361,Unid,Panamá,6862.0,,,2022-08-30 08:59:16.710,7370,0.0,false
247448,247448,JG D/TOALLAS 2PZ 36X14X5CM 200-8900125,Paño Cocina Merry,Unid,Panamá,63029.0,,,2025-08-28 16:06:31.530,6293,1.0,false
217074,217074,831-CS005-2417K SANTA FAMILIA COLG,SANTA FAMILIA COLG,Unid,Panamá,39055.0,,,2024-08-23 14:23:16.393,6255,0.0,false
217525,217525,ESTRELLA DECOR 201-1300188,ESTRELLA DECOR 201-1,Unid,Panamá,11257.0,,,2024-08-28 11:46:09.010,6257,3.0,false
248003,248003,RAMAS SHOJAS/FRUTAS ROJO/VERDE 25CM 1090064,RAMAS SHOJAS/FRUTAS,Unid,Brasil,32362.0,,,2025-09-09 09:22:57.553,7370,80.0,false
194047,194047,Posaplatos  Flor de Navidad,Posaplatos  Flor de,Unid,Paraguay,25454.545,,,2023-11-21 08:22:15.483,6294,0.0,false
215559,215559,LAMPARA  C/LUZ 200-4200129,LAMPARA  200-4200129,Unid,Panamá,167451.0,,,2024-07-23 14:37:42.260,6257,0.0,false
248504,248504,MAGNOLIA DECOR DURANZO 140-5803034,Flor Magnolia,Unid,Panamá,7860.0,,,2025-09-12 10:30:22.113,7373,0.0,false
250439,250439,RELLENO 65CM BLANCO-VERD 831-AMX044-2589,RELLENO 65CM BLANCO-,Unid,China,8705.0,,,2025-09-24 11:27:26.343,7370,46.0,false
217283,217283,PICK DECOR 140-5702459,PICK DECOR 140-57024,Unid,Panamá,5763.0,,,2024-08-26 16:05:45.900,7373,3.0,false
246223,246223,BOLA DE NAVIDAD DE 25 CM JSR-DEC-24-26.,Bola Navidad 25 cm,Unid,China,47057.0,,,2025-08-22 18:44:58.347,6253,82.0,false
195198,195198,VELA HB-DS579,VELA  HB-DS579,Unid,Estados Unidos,121960.0,,,2023-11-28 14:45:21.033,6298,19.0,false
250597,250597,FALDA ARBOL 107CM 16 831-XMFE-17031- 23B,FALDA ARBOL 107CM 16,Unid,China,45508.0,,,2025-09-24 13:52:34.220,6256,0.0,false
206287,206287,CASCANUECES JSR-JAN-343,CASCANUECES JSR-JAN-,Unid,Estados Unidos,46324.0,,,2024-04-11 11:47:12.473,7340,1.0,false
206076,206076,JGO DE CUCHARA 4PCS NAVIDEÑA JSR-NOV-1033,Juego Cucharas,Unid,China,7415.0,,,2024-04-08 16:00:45.927,6268,0.0,false
222645,222645,ARBOLITO DE YUTE MEDIANO,ARBOLITO DE YUTE M,Unid,Paraguay,138909.0914,,,2024-11-14 15:46:48.113,6257,0.0,false
254665,254665,SET SERVILLETA NAVIDEÑA NB2519-7660,SET SERVILLETA NAVID,Unid,Panamá,4264.0,,,2025-10-24 13:45:13.173,6296,47.0,false
247991,247991,CINTA AMARADA VINO 40X457CM 1069921,CINTA AMARADA VINO 4,Unid,Brasil,12785.0,,,2025-09-09 09:09:28.790,6278,2.0,false
215320,215320,FALDA D/ARBOL 160-4503373,FALDA 160-4503373,Unid,Panamá,114942.0,,,2024-07-23 09:43:20.320,6256,0.0,false
217439,217439,CAMPANA DECOR 200-4200084,CAMPANA DECOR 200-42,Unid,Panamá,45298.0,,,2024-08-28 09:48:37.810,7339,0.0,false
254818,254818,GANCHO DE METAL XM25191-47,GANCHO DE METAL XM25,Unid,Panamá,35939.0,,,2025-10-28 11:35:32.470,6257,0.0,false
219867,219867,201-9500066 TIENDA D/REGALOS C/LUZ,TIENDA REGALO C/LUZ,Unid,Panamá,180624.0,,,2024-09-26 13:48:43.473,6257,0.0,false
214648,214648,JG NACIMIENTO 030-492728,JG NACIMIENTO,Unid,Panamá,794959.0,,,2024-07-12 14:00:22.830,6257,0.0,false
255415,255415,PELOTA  YSYPO NEGRO P,PELOTA  YSYPO NEGRO,Unid,Paraguay,9090.9091,,,2025-11-10 16:31:11.600,6257,0.0,false
115696,115696,BOLSA NAVI.831-XMFE106-10930,BOLSA NAVIDEÑA,Unid,Panamá,6611.0,,,2020-10-15 10:45:35.180,6271,11.0,false
215565,215565,LAMPARA  C/LUZ 200-4200132,LAMPARA  200-4200132,Unid,Panamá,122784.0,,,2024-07-23 14:53:22.227,6257,1.0,false
213759,213759,PLATO POSTRE SOLDADOS 1255-103B,Plato Postre Soldado,Unid,Brasil,34467.0,,,2024-06-27 13:49:15.520,6264,10.0,false
247418,247418,SALERO Y PIMENTERO JGO/2 180-1100176,Salero Pimentero,Unid,Panamá,27780.0,,,2025-08-28 15:45:12.377,6261,1.0,false
219836,219836,1051262 BOLA TERCIOPELO SETX6,BOLA TERCIOPELO,Unid,Brasil,45746.0,,,2024-09-26 11:00:22.073,6253,0.0,false
247553,247553,GUIRNALDA NAVIDEÑA 9FT X 14 NB25190-294,Guirnalda Festiva,Unid,Panamá,65392.0,,,2025-08-29 16:51:52.487,6282,0.0,false
194735,194735,SET 3 SOBRE VEGETAL.,SET 3 SOBRE VEGETAL,Unid,Paraguay,109090.91,,,2023-11-27 11:59:51.647,6280,0.0,false
160642,160642,POINSETTIA DECO 140-4101046,POINSETTIA DECO 140-,Unid,Panamá,9875.0,,,2022-08-31 08:37:54.020,7373,0.0,false
215401,215401,BOLA 130-2502219,BOLA 130-2502219,Unid,Panamá,223616.0,,,2024-07-23 10:38:00.250,6253,12.0,false
247530,247530,ARBOL 180CM NB25190-128,Árbol Navidad 180 cm,Unid,Panamá,250148.0,,,2025-08-29 15:52:04.250,6260,30.0,false
114283,114283,CARAMELO DECOR  28CM 140-4100317,Caramelo Deco 28cm,Unid,Panamá,22147.0,,,2020-10-03 11:01:51.267,6257,0.0,false
162521,162521,RAMA 140-5701557,RAMA 140-5701557,Unid,Panamá,14456.0,,,2022-09-28 09:29:41.223,7370,3.0,false
187034,187034,ARBOL 240CM NB24190-109,ARBOL 240CM NB24190-,Unid,Panamá,772862.0,,,2023-08-07 16:01:54.550,6260,0.0,false
253990,253990,JG ESTALACTITA COLGANTE 6PZ 180-3301093,JG ESTALACTITA COLGA,Unid,Panamá,42816.0,,,2025-10-17 10:52:01.980,6257,10.0,false
250616,250616,ESTRELLA DECO 72CM DORADO 831-D105-2526G,Estrella Dorada 72cm,Unid,China,62835.0,,,2025-09-24 14:03:39.900,6256,10.0,false
219562,219562,130-9502625 JG BOLA DECOR,130-9502625 JG BOLA,Unid,Panamá,19129.0,,,2024-09-23 15:35:40.470,6253,2.0,false
248532,248532,MUÑECO D/GENGIBRE C/MOÑO ROJO 150-8000652,Muñeco Jengibre Rojo,Unid,Panamá,50001.0,,,2025-09-12 10:55:30.327,6257,0.0,false
248469,248469,ÁRBOL ROJO DECOR 19X19X62CM 202-1800011,Árbol Rojo,Unid,Panamá,57862.0,,,2025-09-12 09:43:32.260,6258,0.0,false
214789,214789,ARBOL 180CM 110-0100056,ARBOL 180CM 110-0100,Unid,Panamá,177551.0,,,2024-07-17 10:52:44.077,6259,0.0,false
247522,247522,ARBOL 120CM NB25190-93,ARBOL 120CM NB25190-,Unid,Panamá,156461.0,,,2025-08-29 15:34:01.403,6259,2.0,false
191707,191707,CINTA NB2336-465,CINTA NB2336-465,Unid,Panamá,13229.0,,,2023-10-19 16:06:30.780,6278,0.0,false
186937,186937,ESTRELLA 201-2200075,ESTRELLA 201-2200075,Unid,Panamá,17723.0,,,2023-08-07 11:27:16.600,6257,9.0,false
250544,250544,FIG CASCANUECES 25CM ROJO-  831-D033-04,Cascanueces Rojo,Unid,China,39909.0,,,2025-09-24 13:09:51.090,6255,0.0,false
253976,253976,ESCENA C/LUZ A/BAT3 11X9CM 201-9500084B,ESCENA C/LUZ A/BAT3,Unid,Panamá,31065.0,,,2025-10-17 10:41:39.563,6257,11.0,false
191866,191866,"PLATO DE POSTRE COUP NATAL Ø20,5CM SANTA CLAUS",PLATO DE POSTRE COUP,Unid,Paraguay,26454.5453,,,2023-10-21 09:59:26.517,6264,0.0,false
245908,245908,ADORNO COLGANTE MARIPOSA 5X15X33CM 140-2200972,Adorno Colgante,Unid,Panamá,32650.0,,,2025-08-21 09:31:38.053,7333,2.0,false
222416,222416,831-XMTX534-2403-28 CASCANUECES,CASCANUECES,Unid,VIETNAM,40304.2683,,,2024-11-08 14:35:07.070,7340,1.0,false
245838,245838,ARBOL DECOR 140-1900322,ARBOL DECOR 140-1900,Unid,Panamá,110860.0,,,2025-08-20 15:14:41.603,6258,0.0,false
135726,135726,BUHO DECOR 200-2400131,Buho deco,Unid,Panamá,123877.0,,,2021-09-07 10:21:49.723,6257,1.0,false
247084,247084,CINTA 6CM 130-3400603,CINTA 6CM 130-340060,Unid,Panamá,12925.0,,,2025-08-28 11:56:55.490,6278,0.0,false
217319,217319,CAMPANA P/COLGAR 15CM 140-5702579,CAMPANA P/COLGAR 15C,Unid,Panamá,6214.0,,,2024-08-27 09:29:10.500,6255,0.0,false
247320,247320,POINSETTIA DECOR 55X29X6CM 140-4102092,Flor Poinsettia,Unid,Panamá,20730.0,,,2025-08-28 14:14:03.090,7373,0.0,false
254778,254778,MUÑECO SANTA DE PIE SZ2512-480,MUÑECO SANTA DE PIE,Unid,Panamá,58913.0,,,2025-10-27 16:21:48.623,6287,1.0,false
215463,215463,180-2000050 JG TAZON C/BANDEJA,TAZON 180-2000050,Unid,Panamá,29524.0,,,2024-07-23 11:15:21.970,6266,0.0,false
255172,255172,SAGRADA FAMILIA EN TRONCO ESQUIVEL,SAGRADA FAMILIA EN T,Unid,Paraguay,81818.1816,,,2025-11-05 09:12:53.800,6288,0.0,false
247400,247400,COPO D/NIEVE DECOR 11X10X3CM 130-0701005,COPO D/NIEVE DECOR 1,Unid,Panamá,5203.0,,,2025-08-28 15:29:20.870,6257,11.0,false
247210,247210,ADORNO COLGANTE P/ARBOL 130-1700002,Adorno Colgante,Unid,Panamá,14268.0,,,2025-08-28 13:33:24.363,7333,1.0,false
257360,257360,Joyero Ginebra Aura Beige - Navidad,Joyero Ginebra Aura,Unid,Paraguay,57909.0916,,,2025-12-05 11:58:51.670,6268,0.0,false
222647,222647,ARBOLITO DE TRAPILLO GRANDE,ARBOLITO TRAPILLO GR,Unid,Paraguay,152727.27,,,2024-11-14 15:48:22.597,6257,0.0,false
215795,215795,CALENDARIO 201-0900130,CALENDARIO 201-09001,Unid,Panamá,64788.0,,,2024-07-30 10:06:04.570,6257,0.0,false
167888,167888,LINDT OSO TEDDY CALENDARIO DE CHOCOLATE 170GR,TEDDY CALENDAR 170G,Unid,Paraguay,161863.6364,,,2022-11-10 10:58:39.120,7362,0.0,true
191799,191799,POSAPLATO XM23171-136,POSAPLATO XM23171-13,Unid,Panamá,8300.0,,,2023-10-20 16:16:13.393,6265,0.0,false
215228,215228,JG BOLA 130-5001776,JG BOLA 130-5001776,Unid,Panamá,51001.0,,,2024-07-22 15:53:20.360,6253,1.0,false
190690,190690,ARBOL 60CM NB24190-79,ARBOL 60CM NB24190-7,Unid,Panamá,16701.5151,,,2023-10-05 14:00:24.993,6258,0.0,false
217531,217531,ESTRELLA 201-2200146,ESTRELLA 201-220014,Unid,Panamá,16120.0,,,2024-08-28 11:53:41.107,6257,0.0,false
248361,248361,CASA NAV C/LUZ A/BAT2 22X14X25CM 200-9800239,CASA NAV C/LUZ A/BAT,Unid,Panamá,88463.0,,,2025-09-11 08:52:31.133,6257,0.0,false
162389,162389,FLOR DECOR 140-2500829,FLOR DECOR 140-25008,Unid,Panamá,7228.0,,,2022-09-26 10:20:58.863,7373,0.0,false
191704,191704,CINTA NB2336-400,CINTA NB2336-400,Unid,Panamá,7175.0,,,2023-10-19 16:03:14.960,6278,0.0,false
247539,247539,ARBOL NB25190-149,Árbol Navideño,Unid,Panamá,533937.0,,,2025-08-29 16:17:11.197,6260,3.0,false
248178,248178,JG BOLAS 4PC ROJAS 130-1900791,Bolas Rojas 4Pcs,Unid,Panamá,28763.0,,,2025-09-09 15:18:10.823,6253,5.0,false
220261,220261,CAJA MD 200-2100807,CAJA MD 200-2100807,Unid,Panamá,59279.0,,,2024-10-07 14:19:38.120,6273,0.0,false
250348,250348,PONSETIA 19X32CM 5P ROJO 831-AMX001- 25165C,Poinsettia Roja,Unid,China,4654.0,,,2025-09-24 10:31:02.437,7373,235.0,false
7450067093454,7450067093454,COJIN 8X13 PLG AREL231-002A,COJIN 8X13 PLG AREL2,Unid,China,24634.6362,,,2014-11-10 11:46:33.703,6289,0.0,false
248464,248464,GENTE ARBO C/LUZ A/BAT2 12.5X12.5X21CM 201-9700177,Escena Familiar Luz,Unid,Panamá,109703.0,,,2025-09-12 09:20:14.910,6257,5.0,false
248337,248337,GLOBO D/AGUA C/BAT  C/LUZ C/MUS A/BAT3 200-4300087,GLOBO D/AGUA C/BAT,Unid,Panamá,64551.0,,,2025-09-10 16:20:09.120,6257,0.0,false
221604,221604,ARBOL 200-2100839,ARBOL 200-2100839,Unid,Panamá,74032.0,,,2024-10-28 11:19:41.753,6260,0.0,false
160659,160659,RAMA DECOR 140-4101089,RAMA DECOR 140-41010,Unid,Panamá,16152.0,,,2022-08-31 15:15:48.960,7370,17.0,false
250373,250373,PONSETIA 18X32CM 8P ROJO 831-AMX001- 25159A,PONSETIA 18X32CM 8P,Unid,China,6378.0,,,2025-09-24 10:47:51.863,7373,65.0,false
161331,161331,RAMA DECOR 140-5201058,RAMA DECOR 140-52010,Unid,Panamá,7281.0,,,2022-09-14 10:36:20.943,7370,1.0,false
215018,215018,BOLA DECOR 121-0100010,BOLA 121-0100010,Unid,Panamá,89879.0,,,2024-07-19 08:55:04.853,6253,27.0,false
247175,247175,ESTRELLA DECOR 24X24X3CM 130-1900855,Estrella Decorativa,Unid,Panamá,11666.0,,,2025-08-28 13:14:55.210,6255,22.0,false
219860,219860,201-9200111 ADORNO DECORATIVO,ADORNO DECORATIVO,Unid,Panamá,36788.0,,,2024-09-26 11:41:25.017,6257,0.0,false
164288,164288,LIBRO DECOR CH  201-4800005,LIBRO DECOR CH  201-,Unid,Panamá,39795.6,,,2022-10-10 15:47:39.997,6257,0.0,false
163670,163670,"CINTA NAVIDEÑA 2,5x10 NB2236-549","CINTA NAVIDEÑA 2,5x1",Unid,Panamá,18465.0,,,2022-10-05 11:34:14.370,6278,6.0,false
215880,215880,ARBOL DECOR 140-1500646,Árbol Decorativo 140,Unid,Panamá,37934.0,,,2024-07-30 11:23:40.567,6257,0.0,false
193107,193107,CINTA DE PAPEL 6CMX9MTS BEIGE 70109,CINTA DE PAPEL 6CMX9,Unid,Paraguay,59000.0,,,2023-11-02 12:06:01.100,6278,1.0,false
162394,162394,POINSETIA DECOR 140-4100907,POINSETIA DECOR 140-,Unid,Panamá,11224.0,,,2022-09-26 10:51:07.363,7373,1.0,false
254766,254766,MUÑECOS NAVIDEÑOS DE PIE ST2526-244,MUÑECOS NAVIDEÑOS DE,Unid,Panamá,55518.0,,,2025-10-27 16:01:38.947,6287,0.0,false
247227,247227,BASTON COLGANTE 130-5001923,Bastón Colgante Rojo,Unid,Panamá,15442.0,,,2025-08-28 13:39:50.310,7333,0.0,false
246102,246102,CASCANUECES DORADO DECOR 7X5X22CM 200-7500082,CASCANUECES DECOR 7X,Unid,Panamá,33578.0,,,2025-08-22 14:15:43.617,6255,0.0,false
206320,206320,CINTA JSR-JAN-451,CINTA JSR-JAN-451,Unid,China,52141.0,,,2024-04-11 16:30:22.160,6278,0.0,false
215184,215184,CORONA 60CM 110-0400034,CORONA 110-0400034,Unid,Panamá,64223.0,,,2024-07-22 11:59:58.910,7372,0.0,false
218668,218668,831-2788-239101429G-G ESFERA ESCARCHA,ESFERA ESCARCHA,Unid,Panamá,51228.0,,,2024-09-13 15:12:48.403,6253,0.0,false
161585,161585,CASA DECOR 200-2400234,CASA DECOR 200-24002,Unid,Panamá,36153.0,,,2022-09-16 10:03:43.270,6257,1.0,false
247079,247079,CINTA 6CM 130-3400589,CINTA 6CM 130-340058,Unid,Panamá,16030.0,,,2025-08-28 11:53:59.640,6278,3.0,false
222653,222653,SET DE 6 PELOTAS,SET DE 6 PELOTAS,Unid,Paraguay,161454.545,,,2024-11-14 15:52:23.643,6253,0.0,false
245926,245926,RAMA DECOR PUNTAS 60CM 140-3500005,Rama Decorativa 60cm,Unid,Panamá,10039.0,,,2025-08-21 10:12:09.197,7370,3.0,false
257097,257097,Vela 140gr Jazmin en Flor,Vela 140gr Jazmin en,Unid,Paraguay,41363.6345,,,2025-12-04 08:34:55.057,6298,2.0,false
247037,247037,JG BOLAS 6PZ 8X16X24CM 130-2502287,Esferas Doradas 6Pz,Unid,Panamá,31809.0,,,2025-08-28 10:55:30.400,6253,35.0,false
247971,247971,"CINTA C/GLITTER BLANCO/PLATA 6,3X914CM 1009301",CINTA C/GLITTER BLAN,Unid,Brasil,16880.0,,,2025-09-09 08:57:07.327,6278,0.0,false
215774,215774,VELA A/BAT 200-9100068B,VELA 200-9100068B,Unid,Panamá,28239.0,,,2024-07-29 15:07:48.190,6298,3.0,false
246205,246205,BOLA DE NAVIDAD DE 20 CM JSR-DEC-24-3.,Bola Navidad 20 cm,Unid,China,15686.0,,,2025-08-22 18:19:19.663,6253,38.0,false
160849,160849,MAGNOLIA DECOR 140-5101306,MAGNOLIA DECOR 140-5,Unid,Panamá,21675.0,,,2022-09-02 14:28:28.900,7373,0.0,false
257552,257552,Vela Aromatica - Dulces Fiestas - Cookies Navideña,Vela Aromatica - Dul,Unid,Paraguay,47272.725,,,2025-12-09 10:55:49.900,6298,0.0,false
248461,248461,MALL FF C/LUZ C/MUS C/MOV A/BAT3 201-9400088U,Adorno Festivo Luz,Unid,Panamá,127931.0,,,2025-09-12 09:13:11.827,6257,8.0,false
142552,142552,ESFERA ROJA LR5006AB-H-3,ESFERA ROJA LR5006AB,Unid,Paraguay,6136.3637,,,2021-12-09 14:28:43.130,6253,0.0,false
245774,245774,BOLA 30X30X30CM 130-2502561,Bola Decorativa Roja,Unid,Panamá,139039.0,,,2025-08-19 16:32:52.023,6253,1.0,false
162263,162263,CINTA 130-5400204,CINTA 130-5400204,Unid,Panamá,23639.0,,,2022-09-23 14:59:22.960,6278,0.0,false
246332,246332,SET X 3 CAJA DE NAVIDAD 10/15/20 CM JSR-DEC-24-422,SET X 3 CAJA DE NAVI,Unid,China,14900.0,,,2025-08-22 22:48:24.630,6273,0.0,false
246579,246579,BOLSA DE PAPEL 27 X 21 X 11 CM JSR-APR-6626,BOLSA DE PAPEL 27 X,Unid,China,1274.0,,,2025-08-25 10:27:11.960,6270,4.0,false
254075,254075,RENO NAVIDEÑO 20X11X39CM DL2501-281,RENO NAVIDEÑO 20X11X,Unid,Panamá,73708.0,,,2025-10-17 16:03:15.353,6257,0.0,false
217308,217308,831-XMTX347-2412 CINTA NAVIDAD MULTICOLOR,CINTA NAVIDAD MULTIC,Unid,Panamá,5913.0,,,2024-08-27 08:47:16.127,6278,0.0,false
254871,254871,GUIRNALDA DE PINO XM25206-10,GUIRNALDA DE PINO XM,Unid,Panamá,65699.0,,,2025-10-29 11:52:51.420,7339,0.0,false
246277,246277,"SERVILLETERO NAVIDEÑO 7,5 CM JSR-DEC-24-356",Servilletero Floral,Unid,China,2549.0,,,2025-08-22 21:34:51.417,6257,7.0,false
213751,213751,FUENTE CLASSIC CHRISTMAS 1254-122,FUENTE 1254-122,Unid,Brasil,65711.0,,,2024-06-27 13:44:09.707,6268,1.0,false
247187,247187,PONSETIA DECOR 24X24X40CM 140-2501439,Flor Decorativa,Unid,Panamá,8728.0,,,2025-08-28 13:23:39.333,7373,1.0,false
254696,254696,PICK NAVIDEÑO W/ BERRY QD2506-6209,PICK NAVIDEÑO W/ BER,Unid,Panamá,20275.0,,,2025-10-24 15:41:52.530,7370,4.0,false
218630,218630,130-350017 CINTA,130-350017 CINTA,Unid,Panamá,78911.0,,,2024-09-13 14:31:48.897,6278,1.0,false
254637,254637,Combo navidad Manzana canela,Combo navidad Manzan,Pqte,Paraguay,141818.1812,,,2025-10-24 10:48:14.780,6298,0.0,false
162266,162266,CINTA 130-5400252,CINTA 130-5400252,Unid,Panamá,16751.0,,,2022-09-23 15:09:55.180,6278,0.0,false
250587,250587,ADORNO ARBOL 15X57CM PLAT 831-D125-2504L,ADORNO ARBOL 15X57CM,Unid,China,112399.0,,,2025-09-24 13:42:30.890,6255,0.0,false
217061,217061,831-XMFE33-2408Z47 INDIVIDUAL 33X45CM,INDIVIDUAL 33X45CM,Unid,Panamá,14072.0,,,2024-08-23 13:53:55.653,6291,1.0,false
256625,256625,DIFUSOR DE 385ML XL,DIFUSOR DE 385ML XL,Unid,Paraguay,140000.0,,,2025-11-28 09:32:33.713,6298,2.0,false
140281,140281,CAJA NAVIDEÑA DECO 831-XMTX194-244L-21D,CAJA NAVIDEÑA DECO 8,Unid,Panamá,22041.0,,,2021-11-11 12:26:37.013,6274,2.0,false
246807,246807,ALFOMBRA 60X40X1.50CM 201-6800109,Alfombra Navideña,Unid,Panamá,37883.0,,,2025-08-27 09:01:46.913,6439,0.0,false
135550,135550,JGO DE BOLA DECOR 130-9501825,Bola deco,Unid,Panamá,33863.0,,,2021-09-03 11:19:59.030,6253,0.0,false
247987,247987,CINTA LISTRADA VINO 1069889,CINTA LISTRADA VINO,Unid,Brasil,17479.0,,,2025-09-09 09:07:07.680,6278,15.0,false
219871,219871,1141379 CINTA LISA NAVIDAD,CINTA LISA NAVIDAD,Unid,Brasil,39520.0,,,2024-09-26 14:01:02.393,6278,1.0,false
254699,254699,GUIRNALDA QD2506-8224,GUIRNALDA QD2506-822,Unid,Panamá,88237.0,,,2025-10-24 15:52:14.730,6282,1.0,false
254458,254458,SET BOLA NAVIDEÑA 8CM COLORES SURTIDOS NB2515-2056,SET BOLA NAVIDEÑA 8C,Unid,Panamá,16272.0,,,2025-10-23 10:58:30.570,6253,0.0,false
254486,254486,FALDA DE ARBOL ROJO NB2519-3667,FALDA DE ARBOL ROJO,Unid,Panamá,47425.0,,,2025-10-23 13:43:18.857,6257,6.0,false
250431,250431,RELLENO 72CM DORADO 14 831-AMX018- 2550B,Relleno Dorado 72cm,Unid,China,6981.0,,,2025-09-24 11:23:28.260,7370,3.0,false
170642,170642,LUCES 200F 15MTS-   LUZ CALIDA GA821-4K1670,LUCES 200F 15MTS-,Unid,Paraguay,21283.6363,,,2022-12-06 09:56:16.450,6285,3.0,false
162767,162767,DISPENSADOR 200-8700007,DISPENSADOR 200-8700,Unid,Panamá,17176.0,,,2022-09-29 09:19:45.033,6268,11.0,false
246408,246408,"63 MM, CINTA DE 10 YARDAS / ROLLO JSR-DEC-24-647",Cinta Decorativa,Unid,China,10686.0,,,2025-08-23 00:42:27.547,6278,0.0,false
247377,247377,VELA 9.9X8.2X11.5CM 200-6400596,Vela Ángel Navideña,Unid,Panamá,25346.0,,,2025-08-28 15:03:20.830,6298,0.0,false
250607,250607,MACETA BAYAS-PINA S6 20C 831-MX2467-2549,Maceta Bayas-Piña,Unid,China,9395.0,,,2025-09-24 13:58:47.857,6256,3.0,false
256031,256031,ARBOL C/ ESFERAS DE CROCHET VERDE BRILLANTE MEDIUN,ARBOL CON ESFERAS DE,Unid,Paraguay,107636.365,,,2025-11-19 09:20:18.227,6257,0.0,false
215912,215912,FALDA D/ARBOL 201-8900480,FALDA 201-8900480,Unid,Panamá,56951.0,,,2024-07-30 13:21:15.550,6291,0.0,false
215822,215822,FLOR 201-2300274,FLOR 201-2300274,Unid,Panamá,60351.0,,,2024-07-30 10:31:36.160,7373,0.0,false
236302,236302,231521  TAZON NAVIDEÑO,Tazón Festivo,Unid,China,16476.0,,,2025-05-07 14:05:25.757,6268,0.0,false
247977,247977,"CINTA CUADRÍCULA CRUDO/ROJO 6,3X914CM 1069719",CINTA CUADRÍCULA CRU,Unid,Brasil,14583.0,,,2025-09-09 09:01:14.820,6278,45.0,false
217050,217050,831-MX2416-2421S ARBOL 60CM VERDE,ARBOL 60 CM VERDE,Unid,Panamá,103802.0,,,2024-08-23 11:27:09.430,6257,0.0,false
254687,254687,SET VELAS METÁLICAS ROJO QD2505-140,SET VELAS METÁLICAS,Unid,Panamá,4699.0,,,2025-10-24 14:55:22.620,6298,13.0,false
247067,247067,PORTAVELAS DECOR 3PZ 3 SURT 200-4200116,Portavelas Festivos,Unid,Panamá,55981.0,,,2025-08-28 11:38:58.507,7335,0.0,false
246020,246020,CAMINO D/MESA PUNTA TRIANGULO 180X33CM 170-2800462,CAMINO D/MESA 180X33,Unid,Panamá,31049.0,,,2025-08-22 09:16:32.713,6290,0.0,false
247337,247337,ESFERA DECOR 8X8X16.30CM 180-3301086,Esfera Decorativa,Unid,Panamá,12925.0,,,2025-08-28 14:25:05.803,6253,7.0,false
215261,215261,ORNAMENTO 140-2200788,ORNAMENTO 140-220078,Unid,Panamá,59218.0,,,2024-07-22 16:50:05.233,6257,22.0,false
248011,248011,CORDÓN 200 LUCES FIJAS CÁLIDAS  1059307,CORDÓN 200 LUCES FIJ,Unid,Brasil,33061.0,,,2025-09-09 09:28:10.057,6285,145.0,false
245933,245933,POINSETTIA C/POTE X40CM 140-3500044,Poinsettia Roja X4,Unid,Panamá,57287.0,,,2025-08-21 10:25:19.600,7373,2.0,false
248010,248010,BOLA RATÁN CHOCOLATE 8CM 6 PIEZAS 1071074,BOLA RATÁN CHOCOLATE,Unid,Brasil,17878.0,,,2025-09-09 09:27:39.550,6253,108.0,false
246761,246761,CASA DECOR CON LUZ C/LU 11.2X6.7X 201-2800766,CASA DECOR CON LUZ C,Unid,Panamá,51380.0,,,2025-08-26 16:31:31.097,6257,1.0,false
163658,163658,Tallo Navideño 54cm QD2206-900,Tallo Navideño 54cm,Unid,Panamá,20339.0,,,2022-10-05 11:19:53.027,7370,0.0,false
254651,254651,INDIVIDUALES NAVIDEÑOS AZUL NB2519-7597,INDIVIDUALES NAVIDEÑ,Unid,Panamá,10355.0,,,2025-10-24 11:57:06.353,6291,138.0,false
254658,254658,SET SERVILLETA NAVIDEÑA NB2519-7650,SET SERVILLETA NAVID,Unid,Panamá,4264.0,,,2025-10-24 12:22:26.710,6296,9.0,false
250359,250359,PONSETIA 11P 31X30CM DORA 831-AMX044- 2495B,Ponsetia Dorada,Unid,China,9998.0,,,2025-09-24 10:39:37.823,7373,183.0,false
245715,245715,CUADRO 120X180X5CM 088-830009,CUADRO 120X180X5CM,Unid,Panamá,1217103.0,,,2025-08-19 16:00:53.317,6257,0.0,false
218616,218616,831-XMTX215-1309W ORNAMENTO COPO,ORNAMENTO COPO,Unid,Panamá,5794.0,,,2024-09-13 13:54:08.343,6256,0.0,false
248041,248041,ESFERA C/HOJAS ROJA/BLANCA 10CM 1075537,ESFERA C/HOJAS ROJA,Unid,Brasil,34360.0,,,2025-09-09 09:45:47.973,6253,16.0,false
160855,160855,POINSETIA 140-5200457,POINSETIA 140-520045,Unid,Panamá,14980.0,,,2022-09-02 15:35:05.817,7373,1.0,false
217318,217318,ESTRELLA P/COLGAR 140-5702566,Estrella Colgante 14,Unid,Panamá,8728.0,,,2024-08-27 09:28:16.147,6255,4.0,false
217320,217320,PICK DECOR 140-5702617,PICK DECOR 140-57026,Unid,Panamá,15940.0,,,2024-08-27 09:52:54.770,7373,0.0,false
141030,141030,CINTA NAV C/GLITTER 6.5CM,CINTA NAV C/GLITTER,Unid,Paraguay,17086.957,,,2021-11-23 14:33:10.550,6278,0.0,false
256038,256038,ARBOL DE BUENA NOCHE SMALL,ARBOL DE BUENA NOCHE,Unid,Paraguay,61818.1833,,,2025-11-19 09:28:21.590,6257,0.0,false
162267,162267,CINTA 130-5400261,CINTA 130-5400261,Unid,Panamá,16751.0,,,2022-09-23 15:10:44.403,6278,32.0,false
160489,160489,HOJA DECOR  140-1300388,HOJA DECOR  140-1300,Unid,Panamá,4603.0,,,2022-08-26 08:42:07.690,6257,1.0,false
246231,246231,"RENO  NAVIDEÑA 27 X 6,5 X 49 CM JSR-DEC-24-56",RENO NAVIDEÑA,Unid,China,169406.0,,,2025-08-22 19:10:56.340,6257,1.0,false
254788,254788,ANILLO DE VELA DE NAVIDAD SZ2519-1530,ANILLO DE VELA DE NA,Unid,Panamá,8353.0,,,2025-10-28 10:25:56.513,7335,12.0,false
161360,161360,PERRO C/MUSC 150-1500009,PERRO C/MUSC 150-150,Unid,Panamá,93557.1212,,,2022-09-14 14:03:37.980,6255,1.0,false
254878,254878,MOÑO NAVIDEÑO XM25212-73,MOÑO NAVIDEÑO XM2521,Unid,Panamá,7484.0,,,2025-10-29 12:21:59.277,6257,1.0,false
217536,217536,COLLAR D/ARBOL 201-6100071,COLLAR D/ARBOL 201-6,Unid,Panamá,113051.0,,,2024-08-28 13:59:52.173,6256,0.0,false
192841,192841,COLGANTE 831-DO32-29,COLGANTE 831-DO32-29,Unid,Panamá,40338.0,,,2023-10-31 10:53:07.693,7333,0.0,false
254452,254452,SET BOLA NAVIDEÑA 8CM ROJO PEARL NB2515-1567,SET BOLA NAVIDEÑA 8C,Unid,Panamá,14706.0,,,2025-10-23 10:31:11.687,6253,13.0,false
245919,245919,FLOR ROJA D/NAVIDAD 37X10X4CM 140-3400232,Arreglo Floral Rojo,Unid,Panamá,9112.0,,,2025-08-21 09:56:01.720,7373,0.0,false
247350,247350,RENO DECOR 7.5X5X14.2CM 130-4200993,Reno Decorativo 14cm,Unid,Panamá,5371.0,,,2025-08-28 14:38:04.477,6255,8.0,false
216872,216872,RAMO DECOR 140-4101680,RAMO DECOR 140-41016,Unid,Panamá,13058.0,,,2024-08-20 12:11:53.310,7373,1.0,false
254538,254538,SET BOLA NAVIDEÑA 8CM ROJO NB2519-6314,SET BOLA NAVIDEÑA 8C,Unid,Panamá,15402.0,,,2025-10-23 15:39:45.690,6253,46.0,false
254879,254879,MOÑO NAVIDEÑO XM25212-75,MOÑO NAVIDEÑO XM2521,Unid,Panamá,7484.0,,,2025-10-29 12:23:36.457,6257,0.0,false
213764,213764,PLATO DE PASTEL SOLDADOS 1255-116,PLATO 1255-116,Unid,Brasil,96624.0,,,2024-06-27 13:52:22.277,6264,2.0,false
250292,250292,JGO 30 ESFERAS 6CM  831-2784- 2391095CH,JGO 30 ESFERAS 6CM,Unid,China,42322.0,,,2025-09-24 09:51:22.250,6253,0.0,false
218575,218575,831-24824081 FIGURA REYES VERDE MENTA,FIGURA REYES,Unid,Panamá,57846.0,,,2024-09-13 10:50:26.177,6255,0.0,false
206440,206440,CASITA NAVIDEÑA JSR-JAN-R46,Casita Navideña JSR,Unid,China,27588.84,,,2024-04-12 12:34:44.410,6257,1.0,false
248199,248199,LAZO DECOR 34CM DORADO 130-5800488,LAZO DECOR 34CM DORA,Unid,Panamá,32023.0,,,2025-09-09 15:39:56.767,7333,0.0,false
247135,247135,JG BOLAS 4PZ 130-5002169,Esferas Doradas 4Pz,Unid,Panamá,41208.0,,,2025-08-28 12:16:33.520,6253,2.0,false
246236,246236,ESTRELLA DE NAVIDAD DE 15 CM JSR-DEC-24-70,Estrella Dorada 15,Unid,China,15391.0,,,2025-08-22 19:32:39.903,7333,1.0,false
213357,213357,ALFOMBRA NAVIDEÑA 831-XCM02-001- 21H,ALFOMBRA NAVIDEÑA,Unid,Panamá,41162.0,,,2024-06-25 14:36:57.283,6257,0.0,false
217457,217457,ADORNO NAVIDAD 200-7400011,ADORNO NAVIDAD 200-7,Unid,Panamá,129860.0,,,2024-08-28 10:18:49.690,6257,0.0,false
247200,247200,PONSETIA DECOR 140-2501647,Poinsettia,Unid,Panamá,11750.0,,,2025-08-28 13:28:35.883,7373,193.0,false
186813,186813,PORTAPLATO 180-7600188,PORTAPLATO 180-76001,Unid,Panamá,11035.0,,,2023-08-05 09:49:14.287,6265,0.0,false
247190,247190,PONSETIA DECOR 24X24X30CM 140-2501443,Poinsettia,Unid,Panamá,10238.0,,,2025-08-28 13:25:18.173,7373,55.0,false
247060,247060,BOLAS 10CM EN CAJA PVC 4PZS 130-2502553,BOLAS 10CM EN CAJA P,Unid,Panamá,36172.0,,,2025-08-28 11:15:47.097,6253,1.0,false
248056,248056,"CORDÓN CASCABELES DORADO 1,48M 1069425",CORDÓN CASCABELES DO,Unid,Brasil,21075.0,,,2025-09-09 10:18:55.020,7339,2.0,false
248541,248541,CABEZA D/SANTA GORRO A CUADR 11X5X20CM 160-4503792,CABEZA D/SANTA GORRO,Unid,Panamá,15970.0,,,2025-09-12 11:06:19.123,7333,0.0,false
187771,187771,COJIN 170-3000232,COJIN 170-3000232,Unid,Panamá,81714.0,,,2023-08-14 11:34:29.963,6257,0.0,false
250592,250592,FALDA D-ARBOL 122CM 12 831-CS009-2504L,FALDA D-ARBOL 122CM,Unid,China,122651.0,,,2025-09-24 13:50:14.920,6256,0.0,false
254287,254287,CAJA DOBR BEBIDA CIMA DOUR ROJO 1UN 19000886,CAJA DOBR BEBIDA CIM,Unid,Brasil,61079.0,,,2025-10-22 10:13:56.160,6273,9.0,false
219701,219701,180-0700652 PORTAPLATO,PORTAPLATO 180-07006,Unid,Panamá,10117.0,,,2024-09-25 14:56:27.177,6265,2.0,false
237338,237338,PORTAVELA 12X16 049-180616,PORTAVELA 12X16,Unid,Panamá,41532.0,,,2025-05-20 13:22:51.500,7335,0.0,false
250408,250408,RELLENO 72CM CHAMPANA  831-AMX007- 2528N,Relleno Estrellas,Unid,China,8533.0,,,2025-09-24 11:10:29.163,7370,213.0,false
215234,215234,JG BOLAS DECOR 130-1900723,Esferas Decorativas,Unid,Panamá,29794.0,,,2024-07-22 15:57:47.733,6253,0.0,false
162207,162207,ARBOL 210CM NB20190-54,ARBOL 210CM NB20190-,Unid,Panamá,510447.0,,,2022-09-23 11:00:30.173,6259,0.0,false
247088,247088,CINTA 6CM 130-3400619,CINTA 6CM 130-340061,Unid,Panamá,19890.0,,,2025-08-28 11:58:41.333,6278,10.0,false
247062,247062,PORTAVELA 13.5CM 180-3200104,Portavela Árbol,Unid,Panamá,17288.0,,,2025-08-28 11:31:44.017,7335,0.0,false
250377,250377,PONSETIA 20CM ROJO-DORA 831-MXMAS67- 25155P,Ponsetia Roja,Unid,China,4654.0,,,2025-09-24 10:50:09.640,7373,0.0,false
247005,247005,BOLA DECOR 4 SURT 10X10X10CM 130-1200086,Esferas Decorativas,Unid,Panamá,7637.0,,,2025-08-28 10:28:48.463,6253,109.0,false
248221,248221,ADORNO COLGANTE CIRCULAR 140-0500641,Adorno Colgante,Unid,Panamá,41472.0,,,2025-09-09 15:50:57.630,6257,24.0,false
218579,218579,831-D046-2423W LINTERNA P-VELA BLANCO,LINTERNA P-VELA,Unid,Panamá,33109.0,,,2024-09-13 10:59:01.523,6285,0.0,false
256033,256033,ARBOL C/ ESFERAS DE CROCHET VERDE MUSGO MAXI,ARBOL C/ ESFERAS DE,Unid,Paraguay,142545.455,,,2025-11-19 09:23:11.427,6257,0.0,false
256025,256025,Almohada Grinch F,Almohada Grinch F,Unid,Paraguay,40909.0916,,,2025-11-19 09:12:10.303,6268,0.0,false
256355,256355,MP GORRO PAPA NOEL,MP GORRO PAPA NOEL,Unid,Paraguay,13545.4545,,,2025-11-24 11:43:38.560,6280,0.0,false
163479,163479,ADORNO 831-XMTX349-169,ADORNO 831-XMTX349-,Unid,Panamá,4816.0,,,2022-10-04 11:57:20.297,6256,0.0,false
219874,219874,1642021 CINTA CENTRO NAVIDAD,CINTA CENTRO NAVIDAD,Unid,Brasil,45385.0,,,2024-09-26 14:16:15.850,6278,0.0,false
192758,192758,ESFERA 831-XMNBBC14-107R-10,ESFERA 831-XMNBBC14-,Unid,Panamá,10624.0,,,2023-10-30 16:21:24.177,6253,0.0,false
215327,215327,JG BOLAS 130-2501913,BOLAS 130-2501913,Unid,Paraguay,36203.0,,,2024-07-23 09:47:16.750,6253,0.0,false
248182,248182,LAZOS DECOR JGO 6PC ROJO 130-5800474,Lazos Rojo 6 Piezas,Unid,Panamá,9951.0,,,2025-09-09 15:30:25.030,6257,2.0,false
254784,254784,BOX RUSTICO NAVIDADEÑO,BOX RUSTICO NAVIDADE,Unid,Paraguay,127272.73,,,2025-10-28 10:05:36.147,6298,0.0,false
254822,254822,CAMPANA DE METAL PARA COLGAR XM25200-24,CAMPANA DE METAL PAR,Unid,Panamá,25409.0,,,2025-10-28 11:45:08.410,7339,25.0,false
250556,250556,ORNA SANTA HNIE 53CM 831-XMFE104- 2517B4,Figura Navideña 53cm,Unid,China,23186.0,,,2025-09-24 13:18:00.593,6255,0.0,false
258166,258166,BOLSA ESTANDAR,BOLSA ESTANDAR,Unid,Paraguay,9917.13,,,2025-12-15 14:21:06.710,6270,1.0,false
246334,246334,SET X 3 CAJA DE NAVIDAD 10/15/20 CM JSR-DEC-24-424,SET X 3 CAJA DE NAVI,Unid,China,14900.0,,,2025-08-22 22:50:59.890,6273,0.0,false
163378,163378,3PCS/SET LATA ROJO NB2319-2397,3PCS/SET LATA ROJO N,Unid,Panamá,38390.0,,,2022-09-30 16:30:11.413,6268,9.0,false
215515,215515,JG BOLA DECOR 130-5001789,JG BOLA 130-5001789,Unid,Panamá,44309.0,,,2024-07-23 11:56:17.370,6253,0.0,false
256413,256413,Home Spray 230 ml,Home Spray 230 ml,Unid,Paraguay,94818.1815,,,2025-11-24 14:28:09.717,6298,0.0,false
215395,215395,BOLA 130-2502218,BOLA 130-2502218,Unid,Panamá,223616.0,,,2024-07-23 10:36:23.730,6253,0.0,false
247041,247041,JG BOLAS 50PZ 6CM 130-2502351,JG BOLAS 50PZ 6CM 13,Unid,Panamá,100794.0,,,2025-08-28 10:58:48.640,6253,0.0,false
247357,247357,ARBOL NAV 6 FT 100X100X180CM 110-0400065,ARBOL NAV 6 FT 100X1,Unid,Panamá,350482.0,,,2025-08-28 14:44:22.000,6259,1.0,false
248472,248472,CIERVO PARADO DECOR 22X65X98CM 202-2400027,CIERVO DECOR 22X65X9,Unid,Panamá,1055547.0,,,2025-09-12 09:53:54.933,6255,0.0,false
247537,247537,ARBOL 180CM NB25190-584,ARBOL 180CM NB25190-,Unid,Panamá,232124.0,,,2025-08-29 16:15:43.557,6260,5.0,false
245974,245974,SANTA DECOR PARADO 14X10X42CM 150-8101074,Muñeco Santa Decor,Unid,Panamá,49440.0,,,2025-08-21 15:37:45.720,6286,0.0,false
160625,160625,POISENTTIA DECOR 140-4100464,POISENTTIA DECOR 140,Unid,Panamá,14478.0,,,2022-08-30 10:54:57.153,7373,2.0,false
163891,163891,VELA CUADRADA 5X20 GUIRNALDA,VELA CUADRADA 5X20 G,Unid,Brasil,47761.0,,,2022-10-06 14:29:40.373,6298,0.0,false
219828,219828,201-6700013 BASE DECORATIVA P/ARBOL,Base Decorativa,Unid,Panamá,67410.0,,,2024-09-26 10:52:50.203,6257,0.0,false
162682,162682,TAZA 180-1000061,TAZA 180-1000061,Unid,Panamá,16241.0,,,2022-09-28 16:19:05.353,6266,3.0,false
248431,248431,ESTRELLA DECOR ROJO C/BRILLITOS 140-4700609,Estrella Roja,Unid,Panamá,26505.0,,,2025-09-11 16:20:07.240,7333,0.0,false
206286,206286,CASCANUECES 30CM JSR-JAN-339,Cascanueces 30cm,Unid,China,38397.8,,,2024-04-11 11:44:44.170,7340,1.0,false
140009,140009,OSO 831-XMSM220-063M,OSO 831-XMSM220-063M,Unid,Panamá,97497.0,,,2021-11-09 12:43:30.730,6257,0.0,false
140628,140628,JUEGO DE PESEBRE GRANDE,JUEGO DE PESEBRE GRA,Unid,Paraguay,1314090.9091,,,2021-11-18 11:59:16.283,6288,1.0,false
220925,220925,SET PAPEL NAVIDEÑO JSR-AUG609,SET PAPEL NAVIDEÑO,Unid,China,4208.0,,,2024-10-15 15:02:25.923,6270,20.0,false
246439,246439,ALFOMBRA DE NAVIDAD DE 90 CM JSR-DEC-24-540,ALFOMBRA DE NAVIDAD,Unid,China,45782.0,,,2025-08-23 01:29:39.523,6439,0.0,false
253968,253968,ARBOL DECOR C/LUZ 15X31CM 202-3000014,ARBOL DECOR C/LUZ 15,Unid,Panamá,159507.0,,,2025-10-17 10:35:32.727,6259,0.0,false
245920,245920,JG CAJA D/BOLAS NAVIDEÑAS 20PZ 31X25X6CM 140-34002,Caja Esferas,Unid,Panamá,55261.0,,,2025-08-21 09:57:24.563,6253,0.0,false
250552,250552,FIG CASCANUECES 25CM MULTI 831-D033-2526,Cascanueces 25cm,Unid,China,39909.0,,,2025-09-24 13:14:23.383,6255,0.0,false
187676,187676,SAGRADA FAMILIA 100-4900447,SAGRADA FAMILIA 100-,Unid,Panamá,29444.0,,,2023-08-12 11:15:43.490,6288,0.0,false
221600,221600,ARBOL DECOR MD 200-2100712,ARBOL DECOR MD,Unid,Panamá,27978.3333,,,2024-10-28 11:09:36.643,6259,0.0,false
245959,245959,SANTA DECOR ESCALERA 22X8X56CM 150-8101043,SANTA DECOR ESCALERA,Unid,Panamá,88251.0,,,2025-08-21 14:11:06.207,6286,0.0,false
191358,191358,ESTRELLA CH,ESTRELLA CH,Unid,Paraguay,9090.9092,,,2023-10-13 15:56:05.860,6257,2.0,false
191701,191701,CINTA NB2336-102,CINTA NB2336-351,Unid,Panamá,12191.0,,,2023-10-19 15:57:20.913,6278,0.0,false
253994,253994,PORTAVELA 10X11CM 201-3900150,PORTAVELA 10X11CM 20,Unid,Panamá,41681.0,,,2025-10-17 10:54:56.793,7335,0.0,false
255412,255412,SERVILLETERO CERAMICA ALEGRIA,SERVILLETERO CERAMIC,Unid,Paraguay,26727.2725,,,2025-11-10 15:14:49.017,6319,0.0,false
215578,215578,CINTA 130-5400548,CINTA 130-5400548,Unid,Panamá,19091.0,,,2024-07-23 15:05:32.147,6278,0.0,false
248303,248303,PORTAPLATO FLORES ROJAS 33X33X1.70CM 180-0700682,PORTAPLATO 33X33X1.7,Unid,Panamá,12793.0,,,2025-09-10 14:20:10.990,6265,0.0,false
134249,134249,BOLA 130-2500144,Bola Deco,Unid,Panamá,10189.7797,,,2021-08-20 16:38:58.617,6253,1.0,false
248061,248061,MINI BOX NOEL ROJO/BLANCO 1049743,MINI BOX NOEL ROJO/B,Unid,Brasil,10887.0,,,2025-09-09 10:24:21.320,6257,15.0,false
160615,160615,RAMA DECOR 140-2200352,RAMA DECOR 140-22003,Unid,Panamá,47954.0,,,2022-08-30 10:18:02.450,7370,1.0,false
245911,245911,FLOR D/PASCUA ROJO 35X30X30CM 140-3400209,Flor Pascua Roja,Unid,Panamá,10209.0,,,2025-08-21 09:37:57.093,7373,0.0,false
254475,254475,BOLA NAVIDEÑA 20CM DORADO MATE NB2515-812,BOLA NAVIDEÑA 20CM D,Unid,Panamá,34808.0,,,2025-10-23 11:44:01.147,6253,0.0,false
217553,217553,ARBOL DECOR 201-840010,ARBOL DECOR 201-8400,Unid,Panamá,79970.0,,,2024-08-28 14:41:09.867,6257,0.0,false
135422,135422,JGO DE BOLA DECOR 100MM 130-9501517,Jgo de bola deco,Unid,Panamá,32811.0,,,2021-09-02 14:47:48.417,6253,0.0,false
217059,217059,831-XMTX532-2428H PASTILLERO DORA-BLANS2,PASTILLERO DORA-BLAN,Unid,Panamá,28756.0,,,2024-08-23 13:24:11.530,6257,0.0,false
217257,217257,RAMA DECOR 140-5201525,Rama Decorativa Roja,Unid,Panamá,7114.0,,,2024-08-26 15:04:37.400,7370,11.0,false
247426,247426,CAMPANA DECOR 200-4200076,CAMPANA DECOR 200-42,Unid,Panamá,54975.0,,,2025-08-28 15:51:40.680,7339,0.0,false
250331,250331,PONSETIA 9P 30X30CM ROJO  831-AMX044- 2545A,Poinsetia Roja 30cm,Unid,China,10688.0,,,2025-09-24 10:21:16.610,7373,5.0,false
215794,215794,CINTA 130-5400554,CINTA 130-5400554,Unid,Panamá,19091.0,,,2024-07-30 10:05:59.470,6278,0.0,false
250770,250770,TAZA DE TÉ C/PLATILLO AZEVINHO 250ML 1275-304,TAZA DE TÉ C/PLATILL,Unid,Brasil,16988.0,,,2025-09-25 11:18:39.067,6266,18.0,false
160733,160733,RAMA DECOR  140-4101317,RAMA DECOR  140-4101,Unid,Panamá,16570.0,,,2022-09-01 09:20:49.267,7370,0.0,false
162350,162350,FLOR DECOR 140-2500478,FLOR DECOR 140-25004,Unid,Panamá,6037.0,,,2022-09-26 08:29:58.790,7373,5.0,false
217263,217263,831-2771-239316-24A JGO 12 ESFERAS TUBO,JGO 12 ESFERAS TUBO,Unid,Panamá,29978.0,,,2024-08-26 15:11:29.683,6253,0.0,false
160320,160320,VELA C/ AROMA 046-966820,Vela Aromática Roja,Unid,Paraguay,17964.5,,,2022-08-24 13:47:39.450,6298,1.0,false
196069,196069,BOLSA CANASTA 80X90 NAVIDAD,BOLSA CANASTA 80X90,Unid,Paraguay,4909.091,,,2023-11-30 15:47:19.120,6271,0.0,false
221872,221872,SAGRADA FAMILIA CON ANGEL,SAGRADA FAMILIA C/AN,Unid,Paraguay,181818.18,,,2024-10-30 08:45:03.867,6288,0.0,false
247097,247097,JG BOLAS 4PZ 10CM 130-5002006,Bolas Navideñas 4Pz,Unid,Panamá,44398.0,,,2025-08-28 12:02:30.527,6253,48.0,false
190377,190377,ARBOL 210CM NB24190-365,NB24190-365 ARBOL,Unid,Panamá,201616.0,,,2023-10-02 10:48:20.163,6258,1.0,false
246333,246333,SET 3 X CAJA  NAVIDAD  10/15/20 CM JSR-DEC-24-423,SET 3 X CAJA  NAVIDA,Unid,China,14900.0,,,2025-08-22 22:49:44.387,6273,1.0,false
217156,217156,831-MX2467-24115 ARREGLO PINOS-BAYAS,ARREGLO PINOS-BAYAS,Unid,Panamá,29571.0,,,2024-08-23 16:48:02.800,7373,2.0,false
62927,62927,LUZ 200LED C:VERD/F:BLANCO CALIDO 20MTS 220V,Luz LED 200,Unid,Paraguay,125745.4545,,,2017-10-30 14:43:36.420,6285,0.0,false
257400,257400,Taza Azul Rutina Navidad,Taza Azul Rutina Nav,Unid,Paraguay,42545.455,,,2025-12-09 08:10:42.197,6268,1.0,false
213332,213332,ALFOMBRA NAVIDEÑA 831-XCM02-001- 21C,Alfombra Festiva,Unid,Panamá,25858.0,,,2024-06-25 13:59:57.190,6257,0.0,false
248122,248122,BOLA DISCO GRANATE 15CM 1075184,BOLA DISCO GRANATE 1,Unid,Brasil,19685.0,,,2025-09-09 11:45:54.413,6253,0.0,false
217512,217512,MINI CAJA D/CORREO DECOR 200-9900004/1,MINI CAJA D/CORREO D,Unid,Panamá,500535.0,,,2024-08-28 11:20:58.710,6257,0.0,false
248170,248170,JG ADORNOS P/ARBOL 3PC ABEJA DORADA 130-0500216,Adornos Abeja Dorada,Unid,Panamá,12793.0,,,2025-09-09 12:24:06.290,6256,83.0,false
223249,223249,TARJETAS NAVIDEÑAS X5,TARJETAS NAVIDEÑAS 5,Unid,Paraguay,22727.2726,,,2024-11-21 16:34:50.267,6280,0.0,false
217046,217046,831-XMFE104-24481 FIG SAN-HNIE 60-100 CM,FIG SAN-HNIE 60-100,Unid,Panamá,151427.0,,,2024-08-23 11:15:33.283,6255,0.0,false
218654,218654,130-9502552 JG BOLA DECOR,130-9502552 JG BOLA,Unid,Panamá,43133.0,,,2024-09-13 14:53:21.697,6253,0.0,false
134455,134455,CINTA SURT 130-5400164,Cinta,Unid,Panamá,23301.8823,,,2021-08-24 15:36:02.580,6278,0.0,false
250527,250527,FIG SANTA HNIE 23CM  831-XMFE104- 2507B4,Figura Santa 23 cm,Unid,China,43269.0,,,2025-09-24 13:00:06.263,6255,0.0,false
255417,255417,ESTRELLA BLANCO C/ PALO CH,ESTRELLA BLANCO C/ P,Unid,Paraguay,0.0,,,2025-11-11 10:45:00.893,6257,0.0,false
248511,248511,12PCS OSOS DORADOS 150-8000602,Osos Dorados 12PCS,Unid,Panamá,13628.0,,,2025-09-12 10:37:49.250,7333,0.0,false
246830,246830,JG SALERO/PIMENTERO 3PZ 11X5.5X8.8CM 201-8000055,Salero Pimentero,Unid,Panamá,55177.0,,,2025-08-27 09:21:31.743,6261,1.0,false
160406,160406,JG BOLA 6PZ 130-5000516,JG BOLA 6PZ 130-5000,Unid,Panamá,39082.0,,,2022-08-25 10:19:26.230,6253,1.0,false
205740,205740,ESTRELLA NEGRA G,ESTRELLA NEGRA G,Unid,Paraguay,10909.0908,,,2024-04-04 15:25:54.857,6256,0.0,false
236314,236314,JSR-35611-41 BOWL GRANDE CON FLORES,BOWL GRANDE CON FLOR,Unid,China,9576.0,,,2025-05-07 15:12:00.057,6268,6.0,false
245983,245983,RENO DECOR CARMESI 22X16X47CM 150-8101100,Reno Decor Carmesí,Unid,Panamá,74667.0,,,2025-08-21 15:52:01.430,6286,0.0,false
186794,186794,PORTAPLATO 180-0700281,PORTAPLATO 180-07002,Unid,Panamá,9530.0,,,2023-08-05 09:11:42.430,6265,0.0,false
162732,162732,BOLA 200-2100471,BOLA 200-2100471,Unid,Panamá,29761.0,,,2022-09-29 08:02:25.453,6253,2.0,false
203498,203498,1230-103B  PLATO POSTRE,1230-103B  PLATO POS,Unid,Brasil,14728.0,,,2024-02-21 10:21:07.397,6264,2.0,false
247403,247403,CAJA D/REGALO 10X10X11CM 130-1900777,CAJA D/REGALO 10X10X,Unid,Panamá,9315.0,,,2025-08-28 15:31:21.160,6273,0.0,false
217101,217101,RAMA DECOR 140-4101854,RAMA DECOR 140-41018,Unid,Panamá,22964.0,,,2024-08-23 14:48:26.450,7370,0.0,false
247511,247511,ARBOL 180CM NB25190-3,ARBOL 180CM NB25190-,Unid,Panamá,392356.0,,,2025-08-29 14:47:53.710,6260,0.0,false
254824,254824,CAMPANA NAVIDEÑA PARA COLGAR XM25200-26,CAMPANA NAVIDEÑA PAR,Unid,Panamá,25409.0,,,2025-10-28 12:00:16.340,7339,1.0,false
248427,248427,PORTAVELA NAVIDEÑA 30X30X11CM 140-4700592,PORTAVELA NAVIDEÑA 3,Unid,Panamá,102842.0,,,2025-09-11 15:57:10.450,7335,0.0,false
247061,247061,PORTAVELA 60X28X19CM 140-5702919,PORTAVELA 60X28X19CM,Unid,Panamá,108766.0,,,2025-08-28 11:29:09.637,7335,0.0,false
215206,215206,GUIRNALDA 130-2501950,GUIRNALDA 130-250195,Unid,Panamá,35041.0,,,2024-07-22 15:03:15.877,6282,0.0,false
188533,188533,CORONA NB24190-18,CORONA NB24190-18,Unid,Panamá,50404.0,,,2023-08-25 16:47:55.877,7372,1.0,false
247195,247195,PONSETIA DECOR 45X45X40CM 140-2501473,Poinsetia Decorativa,Unid,Panamá,12169.0,,,2025-08-28 13:26:56.873,7373,0.0,false
186644,186644,JGO BOLAS 4PZ 130-5000403,JGO BOLAS 4PZ 130-50,Unid,Panamá,33690.0,,,2023-08-03 16:10:44.993,6253,0.0,false
119052,119052,PLATO D/FORCE GA820-6A718,Plato Navideño,Unid,Paraguay,25463.4468,,,2020-12-04 10:48:51.130,6264,1.0,false
253972,253972,CARRUSEL C/LUZ C/MOV 10X12CM 201-9500086B,CARRUSEL C/LUZ C/MOV,Unid,Panamá,56648.0,,,2025-10-17 10:38:44.563,6257,21.0,false
250327,250327,PONSETIA 9P 32X30CM CHAMP 831-AMX044- 25159,Ponsetia Champán,Unid,China,8361.0,,,2025-09-24 10:18:58.513,7373,4.0,false
218602,218602,831-D015-2406 VASO ESFERA ROJO VERDE,VASO ESFERA,Unid,Panamá,12232.0,,,2024-09-13 11:47:19.357,6267,0.0,false
215438,215438,COPO D/NIEVE DECOR 130-4200798,COPO D/NIEVE,Unid,Panamá,7384.0,,,2024-07-23 10:57:04.450,6257,6.0,false
246767,246767,CASA DECOR C/LUZ A/BAT2 8.5X5.7X13.2CM 201-2801020,CASA DECOR C/LUZ A/B,Unid,Panamá,36447.0,,,2025-08-27 08:19:51.030,6257,1.0,false
191716,191716,CINTA NB2336-492,CINTA NB2336-492,Unid,Panamá,14958.0,,,2023-10-19 16:48:29.520,6278,35.0,false
254800,254800,ESTRELLA TOPE DE ARBOL SZ2537-44,ESTRELLA TOPE DE ARB,Unid,Panamá,24974.0,,,2025-10-28 10:56:39.747,6256,0.0,false
246295,246295,DECORACIÓN NAVIDEÑA 14 X 6 CM JSR-APR-6506,Esfera Navideña,Unid,China,4510.0,,,2025-08-22 21:48:48.403,6257,1.0,false
254466,254466,CAJA GORRO NOEL HOHO G 1020649,CAJA GORRO NOEL G,Unid,Brasil,20986.65,,,2025-10-23 11:05:40.423,6274,7.0,false
191769,191769,FLOR NAVIDEÑO QD2340-983,FLOR NAVIDEÑO QD2340,Unid,Panamá,8560.0,,,2023-10-20 13:25:48.113,7373,5.0,false
217370,217370,JG COPAS 4PCS 570ML 180-2900522,JG COPAS 4PCS 570ML,Unid,Panamá,124911.0,,,2024-08-27 11:49:47.937,6267,8.0,false
254713,254713,PICK DE FLOR NAVIDEÑA QD2552-3882,PICK DE FLOR NAVIDEÑ,Unid,Panamá,9050.0,,,2025-10-24 16:35:56.780,7373,287.0,false
254262,254262,BOLAS NAVIDEÑAS 10 CM ROJO MITAD MATE NB2515-129,BOLAS NAVIDEÑAS 10 C,Unid,Panamá,17664.0,,,2025-10-21 16:55:18.217,6253,0.0,false
186731,186731,CAJA D/REGALO 140-4700271,CAJA D/REGALO 140-47,Unid,Panamá,48153.0,,,2023-08-04 11:44:16.173,6274,0.0,false
248028,248028,BOLA VERDE 8CM 6 PIEZAS 1106754,BOLA VERDE 8CM 6 PIE,Unid,Brasil,32761.0,,,2025-09-09 09:37:01.693,6253,9.0,false
62913,62913,LUZ 200F F:BLANCO/ C:BLANCO 20MTS 220V,Luz Blanca 20M 220V,Unid,Paraguay,101745.4545,,,2017-10-30 14:27:30.107,6285,0.0,false
186689,186689,BOLA DECO 130-7000236,BOLA DECO 130-700023,Unid,Panamá,96974.0,,,2023-08-04 09:32:35.537,6253,8.0,false
250569,250569,JGO CAMINO D-MESA 17 831-XMFE28- 2512Z24,JGO CAMINO D-MESA 17,Unid,China,110328.0,,,2025-09-24 13:31:41.247,6290,0.0,false
246051,246051,CAMPANAS MEDIANAS 3 SURT 22X12X6.50CM 200-2000424,CAPANAS 3 SURT 22X12,Unid,Panamá,14765.0,,,2025-08-22 10:55:50.930,7339,1.0,false
160720,160720,POINSETTIA DECOR 140-4101260,POINSETTIA DECOR 140,Unid,Panamá,21759.0,,,2022-08-31 17:03:40.560,7373,1.0,false
160587,160587,RAMA 140-1500355,RAMA 140-1500355,Unid,Panamá,15733.0,,,2022-08-30 08:58:17.460,7370,0.0,false
161671,161671,RAMA DECOR 201-3600106,RAMA DECOR 201-36001,Unid,Panamá,38496.0,,,2022-09-19 08:26:44.293,7370,0.0,false
248368,248368,ESTRELLA AMARILLA C/LUZ A/BAT3 20CM 201-2200231,Estrella Dorada Luz,Unid,Panamá,11873.0,,,2025-09-11 09:06:15.903,6256,2.0,false
217129,217129,831-D015-2405G VASO ESFERA 392 ML,VASO ESFERA 392 ML,Unid,Panamá,13154.0,,,2024-08-23 15:43:51.610,6267,0.0,false
247557,247557,ARBOL  180CM  NB25190-408,ARBOL  180CM  NB2519,Unid,Panamá,323820.0,,,2025-09-01 09:39:43.100,6260,0.0,false
116947,116947,Pesebre Paraguayo 5cm,Pesebre Paraguayo 5c,Unid,Paraguay,163636.3624,,,2020-10-30 11:12:28.127,6288,0.0,false
248465,248465,PAREJA NAV C/LUZ 10X6.5X7.5CM 201-9700196,Escena Navidad Luz,Unid,Panamá,43813.0,,,2025-09-12 09:21:15.650,6257,29.0,false
162379,162379,FLOR DECOR  140-2500755,FLOR DECOR  140-2500,Unid,Panamá,11734.0,,,2022-09-26 09:24:16.647,7373,23.0,false
250338,250338,PONSETIA 11P 30X30CM BLA 831-AMX044- 24105I,Ponsetia Blanca 30cm,Unid,China,8791.0,,,2025-09-24 10:25:18.240,7373,142.0,false
193106,193106,CINTA AMERICANA 4CMX45MTS ROJO C/CUADROS 6377,CINTA AMERICANA 4CMX,Unid,Paraguay,190909.09,,,2023-11-02 12:01:17.467,6278,0.0,false
186633,186633,ADORNO P/COLGAR 130-4200546,ADORNO P/COLGAR 130-,Unid,Panamá,6019.0,,,2023-08-03 15:54:13.647,6256,1.0,false
187828,187828,PORTAPLATO 201-1200169,PORTAPLATO 201-12001,Unid,Panamá,10946.0,,,2023-08-16 09:30:43.083,6265,0.0,false
135153,135153,DISPENSADOR 200-8700012,Dispensador,Unid,Panamá,13170.0,,,2021-09-01 10:36:12.170,6268,1.0,false
218564,218564,831-24824082 ORNAMENTO REYES VERDE MENTA,ORNAMENTO REYES,Unid,Panamá,15266.0,,,2024-09-13 10:43:53.137,6256,2.0,false
194148,194148,ESTRELLA BLANCA GR,ESTRELLA BLANCA GR,Unid,Paraguay,18181.8183,,,2023-11-21 13:27:12.027,6256,0.0,false
136789,136789,CORONA NB24190-315,CORONA NB24190-315,Unid,Panamá,33602.0,,,2021-09-17 11:23:59.217,6282,3.0,false
142952,142952,BORLA VERDE CON TUERCA CHICA,BORLA VERDE CON TUER,Unid,Paraguay,136363.6365,,,2021-12-11 08:26:54.810,6253,0.0,false
256034,256034,ARBOL CON ESFERAS DE CROCHET VERDE MUSGO MEDIUM,ARBOL CON ESFERAS DE,Unid,Paraguay,107636.3625,,,2025-11-19 09:24:54.773,6257,0.0,false
247526,247526,ARBOL DE NAVIDAD MARANELO 90CM NB25190-104,ARBOL DE NAVIDAD MAR,Unid,Panamá,44329.0,,,2025-08-29 15:40:38.470,6258,1.0,false
245761,245761,CAJA D/REGALO 14X14X16CM 130-1900778,CAJA D/REGALO,Unid,Panamá,21345.0,,,2025-08-19 16:28:03.770,6273,0.0,false
245915,245915,PINO D/NAVIDAD CON PIÑA 32X12X4CM 140-3400224,Pino Decorativo Piña,Unid,Panamá,7593.0,,,2025-08-21 09:48:35.503,7370,0.0,false
218650,218650,831-XMFE46-2433 CINTA NAVIDEÑA,CINTA NAVIDEÑA,Unid,Panamá,20141.0,,,2024-09-13 14:50:35.447,6278,8.0,false
215854,215854,RAMA 201-3500261,RAMA 201-3500261,Unid,Panamá,19644.0,,,2024-07-30 10:48:02.820,7370,4.0,false
215807,215807,PINO C/LUZ 201-1800255,PINO 201-1800255,Unid,Panamá,117214.0,,,2024-07-30 10:15:15.800,6256,1.0,false
247550,247550,"CORONA DE NAVIDAD 24X6,5 NB25190-285",CORONA DE NAVIDAD 24,Unid,Panamá,37726.0,,,2025-08-29 16:39:26.800,7372,33.0,false
250342,250342,PONSETIA 28X40CM 8P PLAT 831-AMX001- 25199C,Poinsettia Brillante,Unid,China,7844.0,,,2025-09-24 10:27:36.153,7373,105.0,false
255003,255003,CAJA 24X24X10 ROJO,CAJA 24X24X10 ROJO,Unid,Paraguay,34772.7273,,,2025-10-31 13:40:46.430,6273,0.0,false
215223,215223,CASCANUECES 130-5001707,CASCANUECES 130-5001,Unid,Panamá,10672.0,,,2024-07-22 15:46:21.063,7340,5.0,false
219832,219832,201-6700037 ADORNO D/MAGNESIO,ADORNO D/MAGNESIO,Unid,Panamá,204173.0,,,2024-09-26 10:55:40.097,6257,0.0,false
162206,162206,ARBOL 360CM NB20190-323,ARBOL 360CM NB20190-,Unid,Panamá,1419117.0,,,2022-09-23 10:46:26.660,6260,0.0,false
161616,161616,CASCANUECE 200-4100099,CASCANUECE 200-41000,Unid,Panamá,83604.0,,,2022-09-16 16:04:58.883,6257,0.0,false
191727,191727,CINTA NB2336-79,CINTA NB2336-79,Unid,Panamá,7782.0,,,2023-10-20 11:25:25.927,6278,28.0,false
250336,250336,PONSETIA 9P 32X30CM ROJ 831-AMX044- 25234AB,Ponsetia Roja 32x30,Unid,China,8705.0,,,2025-09-24 10:24:09.423,7373,172.0,false
220285,220285,BOWL NAVIDEÑO JSR-NOV-1008,BOWL NAVIDEÑO JSR-NO,Unid,China,13775.0,,,2024-10-08 10:09:08.563,6262,0.0,false
247160,247160,FLOR DECOR 30X21X21CM 140-0300123,Flor Decorativa Roja,Unid,Panamá,10323.0,,,2025-08-28 13:03:49.793,7373,75.0,false
163552,163552,JGO 2 PARES ZARCILLOS NAVIDEÑOS 831-D023-002,JGO 2 PARES ZARCILLO,Unid,Panamá,12666.0,,,2022-10-05 09:06:02.933,6257,33.0,false
247349,247349,RENO DÉCOR 100-0400461,RENO DÉCOR 100-04004,Unid,Panamá,122368.0,,,2025-08-28 14:37:32.720,6255,0.0,false
219835,219835,201-7500064 ARBOL 10.7X10.3X15.7CM,ARBOL 10.7X10.3X15.7,Unid,Panamá,47916.0,,,2024-09-26 10:59:53.837,6257,0.0,false
246855,246855,BICICLETA DECOR 57X13X34.5CM 201-9000037,BICICLETA DECOR 57X1,Unid,Panamá,168397.0,,,2025-08-27 09:59:20.253,6257,0.0,false
247390,247390,JG 4PZ 38CM 3REYES/ PASTORFIG: 025-495686-1/2,JG 4PZ 38CM 3REYES/,Unid,Panamá,721447.0,,,2025-08-28 15:14:37.483,6288,0.0,false
217166,217166,831-XMSM223-2416 CANDELABRO 15X15CM,CANDELABRO 15X15CM,Unid,Panamá,26003.0,,,2024-08-24 11:32:41.193,6257,0.0,false
250667,250667,JGO 3 CORTADOR D-GALLETA  831-D096-2509A,Set Cortadores,Unid,China,11550.0,,,2025-09-24 15:06:12.143,6261,0.0,false
246881,246881,CASA DECOR C/LUZ A/BAT3 8X6.8X10.5CM 202-5100016,CASA DECOR C/LUZ A/B,Unid,Panamá,17295.0,,,2025-08-27 10:39:52.673,6257,0.0,false
248276,248276,COJIN 500G BLNACO DECO FLOR ORO 170-2701145,COJIN 500G 170-27011,Unid,Panamá,94816.0,,,2025-09-10 11:26:55.347,6289,0.0,false
163553,163553,JGO 4 PARES ZARCILLOS NAVIDEÑOS 831-D023-007,JGO 4 PARES ZARCILLO,Unid,Panamá,13647.0,,,2022-10-05 09:07:04.150,6257,2.0,false
254746,254746,CAJA DE REGALO C/LUZ GR 200-2100848B,CAJA DE REGALO C/LUZ,Unid,Panamá,76664.64,,,2025-10-27 15:13:52.203,6274,0.0,false
193913,193913,4PACK CHRISTMAS CANDLE,4PACK CHRISTMAS CAND,Unid,Paraguay,30000.0,,,2023-11-18 09:25:50.593,6298,0.0,false
214993,214993,GUIRNALDA 270CM 110-0400042,GUIRNALDA 110-040004,Unid,Panamá,56737.0,,,2024-07-18 15:29:41.700,6282,0.0,false
163642,163642,"CINTA NAVIDEÑA 2,5x10 NB2236-491","CINTA NAVIDEÑA 2,5x1",Unid,Panamá,15330.4073,,,2022-10-05 11:09:07.083,6278,0.0,false
215790,215790,JG VELAS C/LUZ 200-9100288,Velas Elegantes 200,Unid,Panamá,52701.0,,,2024-07-30 09:53:49.693,6298,2.0,false
236307,236307,HR11B TAZA NAVIDEÑA,Taza Festiva Navidad,Unid,China,13181.0,,,2025-05-07 14:26:42.537,6268,10.0,false
246097,246097,RENO SENTADO 27X15X22CM 200-7500078,RENO DECOR 27X15X22C,Unid,Panamá,119379.0,,,2025-08-22 14:09:54.277,6255,0.0,false
246410,246410,"63 MM, CINTA DE 10 YARDAS / ROLLO JSR-DEC-24-649",Cinta Cuadros Verde,Unid,China,10686.0,,,2025-08-23 00:43:48.610,6278,0.0,false
190325,190325,CESTA 201-6100017 MD,CESTA 201-6100017 MD,Unid,Panamá,28566.6,,,2023-10-01 10:54:53.220,6276,0.0,false
250645,250645,INDIVIDUAL D-MESA 33X4 831-XMFE33- 2508P,INDIVIDUAL D-MESA 33,Unid,China,16636.0,,,2025-09-24 14:39:20.457,6291,1.0,false
217294,217294,831-K006-2405 TAZA 355 ML,TAZA 355 ML,Unid,Panamá,13561.0,,,2024-08-26 16:43:45.333,6266,0.0,false
247028,247028,BOLA  C/LUZ 8X8X8CM 130-2501277,Esfera Navideña Luz,Unid,Panamá,9987.0,,,2025-08-28 10:48:04.110,6253,0.0,false
247119,247119,JG BOLAS 4PZ 10CM 130-5002107,Bolas Decorativas,Unid,Panamá,42383.0,,,2025-08-28 12:10:46.330,6253,55.0,false
254640,254640,CASCANUECES DE NAVIDAD NB2519-6969,CASCANUECES DE NAVID,Unid,Panamá,155331.0,,,2025-10-24 11:20:25.917,7340,0.0,false
247370,247370,COLLAR D/ARBOL 201-6100079,COLLAR D/ARBOL 201-6,Unid,Panamá,226345.0,,,2025-08-28 14:51:57.993,6256,0.0,false
256009,256009,KIT DUO HERBAL,KIT DUO HERBALU,Unid,Paraguay,36363.6375,,,2025-11-18 11:11:43.003,6298,0.0,false
250286,250286,ESFERA 15CM ROJO 48 831-MX2467- 24256S,Esfera Roja 15cm,Unid,China,18790.0,,,2025-09-24 09:47:47.653,6253,0.0,false
246078,246078,FAROL DECOR C/LUZ A/BAT2 25.50X9X51CM 200-4500076,FAROL DECOR C/LUZ A/,Unid,Panamá,175238.0,,,2025-08-22 11:56:13.893,6285,0.0,false
215170,215170,JG SAGRADA FAMILIA 100-4900666,PESEBRE 100-4900666,Unid,Panamá,370509.0,,,2024-07-22 10:45:05.027,6288,0.0,false
254734,254734,ARBOL C/ LUZ GR 200-2100939,ARBOL C/ LUZ GR 200-,Unid,Panamá,75253.5,,,2025-10-27 14:07:45.660,6260,0.0,false
191579,191579,SERVILLETA NB2319-2641,SERVILLETA NB2319-26,Unid,Panamá,7263.0,,,2023-10-17 14:57:18.030,6296,0.0,false
187795,187795,JGO ADORNO COLGANTE 200-2500126,JGO ADORNO COLGANTE,Unid,Panamá,50065.0,,,2023-08-14 14:59:27.860,7333,0.0,false
248350,248350,GUIRNALDA NAVIDEÑA  5X10X150CM 140-4700530,GUIRNALDA NAVIDEÑA,Unid,Panamá,77844.0,,,2025-09-10 16:50:20.097,6282,0.0,false
255892,255892,PAÑO DE COCINA NAVIDEÑO 46X65 FIORI,PAÑO DE COCINA NAVID,Unid,Paraguay,10500.0,,,2025-11-17 10:24:12.780,6293,1.0,false
217179,217179,831-T002-2422 BASE CUADRADA NATURAL,BASE CUADRADA NATURA,Unid,Panamá,140821.0,,,2024-08-26 09:37:43.407,6257,0.0,false
191724,191724,CINTA NB2336-524,CINTA NB2336-524,Unid,Panamá,12364.0,,,2023-10-20 11:17:29.473,6278,0.0,false
248160,248160,SETA DECORATIVA GRANATE/BLANCO 20CM 1072633,SETA DECORATIVA GRAN,Unid,Brasil,14081.0,,,2025-09-09 11:59:37.540,6257,86.0,false
215258,215258,HOJA 140-0500542,HOJA 140-0500542,Unid,Panamá,15489.0,,,2024-07-22 16:37:22.913,6268,0.0,false
254456,254456,SET BOLA NAVIDEÑA 7CM ROJO Y BLANCO NB2515-2033,SET BOLA NAVIDEÑA 7C,Unid,Panamá,20362.0,,,2025-10-23 10:43:15.323,6253,4.0,false
217299,217299,831-XASRM006-91-MZL COJIN MULTICOLOR,COJIN MULTICOLOR,Unid,Panamá,88099.0,,,2024-08-26 16:52:44.740,6289,0.0,false
246245,246245,TAZA DE 400ML JSR-DEC-24-109,TAZA DE 400ML JSR-DE,Unid,China,16568.0,,,2025-08-22 19:46:10.770,6266,0.0,false
217172,217172,ESPERA 20CM FELPA 831-2788-239101376R,Esfera Felpa Roja,Unid,Panamá,41374.0,,,2024-08-26 09:24:05.710,6253,1.0,false
217443,217443,ARDILLA DECO 201-3700135,ARDILLA DECO 201-370,Unid,Panamá,65650.0,,,2024-08-28 10:02:27.040,6255,0.0,false
163668,163668,CINTA NAVIDEÑA NB2236-510,CINTA NAVIDEÑA NB223,Unid,Panamá,16056.0,,,2022-10-05 11:29:50.023,6278,1.0,false
170538,170538,MOÑO DECO GR,MOÑO DECO GR,Unid,Paraguay,0.0,,,2022-12-03 09:38:28.293,6257,0.0,false
248260,248260,ESTRELLA DECOR ROJA 140-3600009,Estrella Roja,Unid,Panamá,6103.0,,,2025-09-09 16:37:53.217,7370,0.0,false
246734,246734,LUCES LED MULTICOLOR C/LUZ A/BAT 201-0300660,Luces LED Festivas,Unid,Panamá,12992.0,,,2025-08-26 16:02:41.463,6285,0.0,false
247369,247369,BANDEJA TIPO ARBOL 201-1200228,BANDEJA TIPO ARBOL 2,Unid,Panamá,10156.0,,,2025-08-28 14:51:28.467,6262,0.0,false
254678,254678,MUÑECO DE OSO NAVIDEÑO QD2504-788,MUÑECO DE OSO NAVIDE,Unid,Panamá,38897.0,,,2025-10-24 14:38:37.043,6287,1.0,false
217043,217043,831-AMX006-2428N PONSETIA 30CM CHAMPAGNE,PONSETIA 30CM CHAMPA,Unid,Panamá,6730.0,,,2024-08-23 11:12:48.360,7373,7.0,false
203511,203511,1196-103  PLATO POSTRE,1196-103  PLATO POST,Unid,Brasil,35383.8181,,,2024-02-21 10:32:01.383,6264,11.0,false
250638,250638,COJIN NAV 45CM 450G NATURA 831-TQ01-2517,COJIN NAV 45CM 450G,Unid,China,90760.0,,,2025-09-24 14:32:31.553,6289,1.0,false
246293,246293,DECORACIÓN NAVIDEÑA 14 X 6 CM JSR-APR-6503,Adorno Navideño,Unid,China,4510.0,,,2025-08-22 21:47:30.120,6257,1.0,false
136788,136788,CORONA NAVIDEÑA NB24190-309,CORONA NAVIDEÑA,Unid,Panamá,33602.0,,,2021-09-17 11:22:34.530,7372,6.0,false
248353,248353,FLOR DECOR ROJO C/9 PETALOS 140-4700554,Flor Roja Decorativa,Unid,Panamá,24750.0,,,2025-09-10 16:54:38.970,7373,9.0,false
248478,248478,RAMA DECOR PINO C/ FRUTA 5X20X70CM 140-4700627,RAMA DECOR PINO C/ F,Unid,Panamá,33696.0,,,2025-09-12 10:06:14.143,7370,4.0,false
247338,247338,ARDILLA DECOR 22X13X24CM 201-1300218,ARDILLA DECOR 22X13X,Unid,Panamá,69998.0,,,2025-08-28 14:27:29.970,6255,0.0,false
220416,220416,SERVILLETERO HOJA AMARILLA,SERVILLETERO HOJA AM,Unid,Paraguay,1448.1287,,,2024-10-09 15:39:10.300,6319,16.0,false
135327,135327,CINTA 130-3400084,CINTA 130-340008,Unid,Panamá,11468.2309,,,2021-09-02 10:18:45.150,6278,10.0,false
254737,254737,POTE GR 202-1600004,POTE GR 202-1600004,Unid,Panamá,74484.0,,,2025-10-27 14:10:47.317,6274,1.0,false
247226,247226,RAMA DECOR 82CM 140-0300089,Rama Decorativa,Unid,Panamá,12169.0,,,2025-08-28 13:39:48.353,7370,17.0,false
203504,203504,1230-105  TAZA DE CAFÉ CON PLATILLO,1230-105  TAZA DE CA,Unid,Brasil,15314.0,,,2024-02-21 10:28:00.427,6264,5.0,false
247083,247083,CINTA 6CM 130-3400599,CINTA 6CM 130-340059,Unid,Panamá,19974.0,,,2025-08-28 11:56:20.250,6278,0.0,false
254124,254124,ADORNO NAVIDEÑO COLGANTE 6X0.6X11CM NB25134-113,ADORNO NAVIDEÑO COLG,Unid,Panamá,10268.0,,,2025-10-20 16:16:53.310,7333,33.0,false
217072,217072,831-XMTX532-2445 BOTA NAVIDEÑA 34.29CM,BOTA NAVIDEÑA 34.29C,Unid,Panamá,20394.0,,,2024-08-23 14:16:52.297,6257,1.0,false
248546,248546,COJIN 500G DISEÑO NAV 45X45X16CM 170-2400222,COJIN 500G DISEÑO NA,Unid,Panamá,83532.0,,,2025-09-12 11:13:10.507,6289,0.0,false
247130,247130,CINTA 6.3CM X 9YDS 130-5800444,CINTA 6.3CM X 9YDS 1,Unid,Panamá,15946.0,,,2025-08-28 12:14:23.853,6278,0.0,false
191345,191345,AJAKA M,AJAKA M,Unid,Paraguay,5454.5458,,,2023-10-13 15:18:06.063,6275,3.0,false
217334,217334,POINSETIA DECOR 140-5802771,POINSETIA DECOR 140-,Unid,Panamá,9816.0,,,2024-08-27 10:26:23.433,7373,8.0,false
245966,245966,SANTA DECOR BLANCO 11X4X38CM 150-8101064,Santa Decor Blanco,Unid,Panamá,29867.0,,,2025-08-21 14:29:27.727,6286,1.0,false
221199,221199,831-CS004-2401B SANTA MD,831-CS004-2401B SANT,Unid,Panamá,42641.935,,,2024-10-17 10:24:24.130,6257,0.0,false
250492,250492,PICK 45CM ROJO-BLANC 831-MXMAS67- 25171P,PICK 45CM ROJO-BLANC,Unid,China,14826.0,,,2025-09-24 11:52:29.427,7370,1.0,false
248326,248326,CASA NAV. DECOR B 200-2400383,CASA NAV. DECOR 200-,Unid,Panamá,101007.0,,,2025-09-10 15:03:18.420,6257,0.0,false
253964,253964,ADORNO PUNTA P/ARBOL 21X33CM 130-9502697,ADORNO PUNTA P/ARBOL,Unid,Panamá,36113.0,,,2025-10-17 10:32:37.400,6257,0.0,false
186835,186835,RENO 200-3000304,RENO 200-3000304,Unid,Panamá,88198.0,,,2023-08-05 10:46:06.507,6255,0.0,false
246002,246002,FALDA D/ARBOL CIRCULO BORDE116X116X1CM 160-4503837,Falda Árbol Rojo,Unid,Panamá,111452.0,,,2025-08-21 16:46:21.973,6256,1.0,false
247143,247143,FALDA P/ARBOL 58X24X66CM 202-1100023,Falda Árbol Rojo,Unid,Panamá,73770.0,,,2025-08-28 12:19:30.757,6256,0.0,false
247538,247538,ARBOL 180CM NB25190-148,ARBOL 180CM NB25190-,Unid,Panamá,323821.0,,,2025-08-29 16:15:46.487,6260,2.0,false
247414,247414,MUÑECA DECOR 18X11X37CM 150-5000018,MUÑECA DECOR 18X11X3,Unid,Panamá,63953.0,,,2025-08-28 15:42:25.533,6255,0.0,false
160477,160477,RAMA DECOR 140-1300108,RAMA DECOR 140-13001,Unid,Panamá,41844.0,,,2022-08-25 16:11:05.650,7370,0.0,false
162238,162238,MUSICA DECOR 130-4200342,MUSICA DECOR 130-420,Unid,Panamá,3656.0,,,2022-09-23 13:50:22.777,6257,0.0,false
245992,245992,SANTA DECOR SENTADO 22X11X50CM 150-8101125,Santa Decorativo,Unid,Panamá,74667.0,,,2025-08-21 16:31:56.603,6286,0.0,false
256045,256045,ARBOL ESTRELLA DE BELEN VERDE MUSGO MAXI,ARBOL ESTRELLA DE BE,Unid,Paraguay,94545.455,,,2025-11-19 09:49:08.040,6257,0.0,false
206285,206285,CASCANUECES 30 CM JSR-JAN-337,Cascanueces 30 cm,Unid,China,38412.0,,,2024-04-11 11:42:33.330,7340,0.0,false
162661,162661,PORTAPLATO 180-0700311,PORTAPLATO 180-07003,Unid,Panamá,11480.0,,,2022-09-28 16:03:53.070,6265,0.0,false
248372,248372,OSO POLAR PARADO 16X22X42CM 201-2200262,Oso Polar Navideño,Unid,Panamá,117978.0,,,2025-09-11 09:24:52.817,6286,0.0,false
246001,246001,FALDA D/ARBOL CIRCULO BEIGE120X120X1CM 160-4503835,Falda Árbol Beige,Unid,Panamá,112127.0,,,2025-08-21 16:45:14.867,6256,0.0,false
222316,222316,SAGRADA FAMILIA,SAGRADA FAMILIA,Unid,Paraguay,796363.64,,,2024-11-05 09:43:47.203,6288,0.0,false
246243,246243,TAZA DE 400ML JSR-DEC-24-105,TAZA DE 400ML JSR-DE,Unid,China,16568.0,,,2025-08-22 19:43:41.460,6266,0.0,false
162369,162369,RAMA DECOR  140-2500679,RAMA DECOR  140-2500,Unid,Panamá,6973.0,,,2022-09-26 08:51:35.637,7370,0.0,false
254731,254731,BALDE DECORATIVO GR 201-4600081,BALDE DECORATIVO GR,Unid,Panamá,331867.5,,,2025-10-27 14:03:50.800,6274,1.0,false
143189,143189,CAMINERO ARPILLERA,CAMINERO ARPILLERA,Unid,Paraguay,66818.18,,,2021-12-13 14:22:55.463,6290,0.0,false
248525,248525,MUÑECO D/GENGIBRE 10X6X31CM 150-8000649,Muñeco Jengibre 31cm,Unid,Panamá,29431.0,,,2025-09-12 10:50:15.960,6287,0.0,false
247549,247549,GUIRNALDA NAVIDEÑA 9FTX12 NB25190-283,Guirnalda Festiva,Unid,Panamá,62563.0,,,2025-08-29 16:37:40.597,6282,0.0,false
215522,215522,TRACTOR SANTA 200-1000106,TRACTOR 200-1000106,Unid,Panamá,159799.0,,,2024-07-23 13:26:48.660,6257,1.0,false
214654,214654,JG PIÑA DECOR 049-571987,Piña Decorativa,Unid,Panamá,28031.0,,,2024-07-12 14:55:40.650,6256,1.0,false
250303,250303,JGO4X10CM ESFERAS PINTADA 831-239-2571R,Esferas Navideñas,Unid,China,26376.0,,,2025-09-24 10:01:20.810,6253,0.0,false
217229,217229,831-XMTX219-2487B ORNAMENTO OSO 24CM,ORNAMENTO OSO 24CM,Unid,Panamá,19578.0,,,2024-08-26 11:41:52.770,6255,1.0,false
162534,162534,PICK 140-5702031,PICK 140-5702031,Unid,Panamá,10119.0,,,2022-09-28 10:17:04.990,7373,5.0,false
247323,247323,POINSETTIA DECOR 35X32X5CM 140-4102138,Poinsettia Festiva,Unid,Panamá,18547.0,,,2025-08-28 14:15:14.897,7373,29.0,false
247157,247157,JG NACIMIENTO 11PZ 100-4900028,JG NACIMIENTO 11PZ 1,Unid,Panamá,371551.0,,,2025-08-28 13:00:45.790,6288,0.0,false
248157,248157,ÁRBOL NAVIDAD MILÃO 2300H C/600LED 8F VERDE 300CM,ÁRBOLNAVIDAD,Unid,Brasil,2136768.0,,,2025-09-09 11:58:35.817,6260,4.0,false
247090,247090,CINTA 7CM 130-3400643,CINTA 7CM 130-340064,Unid,Panamá,14435.0,,,2025-08-28 11:59:51.930,6278,33.0,false
215817,215817,ADORNO P/ARBOL 130-7000497,ADORNO P/ARBOL 130-7,Unid,Panamá,16480.0,,,2024-07-30 10:24:53.950,6256,0.0,false
255128,255128,CAJA C/BOMBONES Y GALLETITAS SURTIDAS OP1,CAJA C/ BOMBONES Y G,Unid,Paraguay,34363.6366,,,2025-11-03 11:16:33.587,7361,0.0,true
255562,255562,SERVILLETERO CERAMICA FAMILIA,SERVILLETERO CERAMIC,Unid,Paraguay,26727.2725,,,2025-11-12 10:40:15.360,6319,1.0,false
250560,250560,BOTA NAV 50CM ROJO-VER 831-XMTX532- 2514,BOTA NAV 50CM ROJO-V,Unid,China,27237.0,,,2025-09-24 13:21:42.920,6255,11.0,false
247047,247047,JG BOLAS 3PZ 12X12X36CM 130-2502441,Esferas Navideñas,Unid,Panamá,41629.0,,,2025-08-28 11:02:56.740,6253,22.0,false
160480,160480,HOJA DECOR 140-1300321,HOJA DECOR 140-13003,Unid,Panamá,10377.0,,,2022-08-25 16:13:19.310,6258,0.0,false
250350,250350,PONSETIA 30X30CM 11P NATURA 831-AMX001-2583,Poinsettia Dorada,Unid,China,7067.0,,,2025-09-24 10:33:18.840,7373,2.0,false
217273,217273,831-2771-239316G JGO 12 ESFERAS DORADO,JGO 12 ESFERAS DORAD,Unid,Panamá,29978.0,,,2024-08-26 15:27:45.417,6253,0.0,false
246589,246589,ALAMBRE VERDE 0.4 MM X 60 CM JSR-APR25-78,ALAMBRE VERDE 0.4 MM,Unid,China,196.0,,,2025-08-25 10:45:24.010,6269,2000.0,false
192745,192745,JUEGO 6 PZAS PINAS 831-XMSM223-148,JUEGO 6 PZAS PINAS 8,Unid,Panamá,22890.0,,,2023-10-30 15:42:35.703,6268,0.0,false
186707,186707,RAMA DECO 140-1300619,RAMA DECO 140-130061,Unid,Panamá,20315.0,,,2023-08-04 10:20:14.793,7370,0.0,false
215575,215575,CINTA 130-5400530,CINTA 130-5400530,Unid,Panamá,16211.0,,,2024-07-23 15:03:24.140,6278,1.0,false
217482,217482,VELA C/AROMA 200-9600253,VELA C/AROMA 200-960,Unid,Panamá,18551.0,,,2024-08-28 10:44:36.577,6298,0.0,false
140110,140110,NACIMIENTO 831-XMTX512-023,NACIMIENTO 831-XMTX5,Unid,Panamá,69502.0,,,2021-11-10 08:52:35.817,6257,2.0,false
248312,248312,PORTAPLATO ROJO BORDO 33X33X2CM 180-0700719,PORTAPLATO 33X33X2CM,Unid,Panamá,9532.0,,,2025-09-10 14:31:20.487,6265,0.0,false
222313,222313,PINO X12 UNID.,PINO X12 UNID.,Unid,Paraguay,0.0,,,2024-11-04 11:49:33.433,6256,0.0,false
246254,246254,TAZA DE 350 ML JSR-DEC-24-181,TAZA DE 350 ML,Unid,China,13920.0,,,2025-08-22 20:44:11.710,6266,1.0,false
246735,246735,VINCHA D/NAVIDAD 15.50X27.50CM 201-0300704,Vincha Festiva,Unid,Panamá,7677.0,,,2025-08-26 16:04:09.853,6281,0.0,false
247147,247147,JG BOLA DECOR 6PZ 8CM 130-5002225,Bolas Decorativas,Unid,Panamá,36089.0,,,2025-08-28 12:21:30.903,6253,2.0,false
160832,160832,RAMA DECOR 140-5101243,RAMA DECOR 140-51012,Unid,Paraguay,12469.0,,,2022-09-02 12:05:46.293,7370,3.0,false
187740,187740,FLOR DECOR 140-5201156,FLOR DECOR 140-52011,Unid,Panamá,9249.0,,,2023-08-14 10:17:09.827,7373,3.0,false
254268,254268,BOLSA TRANSP 70X75 METAL ROJA 11200138,BOLSA TRANSP 70X75 M,Unid,Brasil,3129.0,,,2025-10-22 09:32:10.050,6270,177.0,false
250854,250854,SAGRADA FAMILIA CH,SAGRADA FAMILIA CH,Unid,Paraguay,245454.5466,,,2025-09-25 13:39:44.597,6288,3.0,false
191794,191794,POSAPLATO XM23147-101,POSAPLATO XM23147-10,Unid,China,12624.0,,,2023-10-20 15:56:39.570,6265,0.0,false
250344,250344,PONSETIA 30X30CM 8P CREM 831-AMX001- 25162B,PONSETIA 30X30CM 8P,Unid,China,7671.0,,,2025-09-24 10:28:45.300,7373,1.0,false
246063,246063,GUIRNALDA DORADA 25X153X15CM 200-3000370,Guirnalda Dorada,Unid,Panamá,105968.0,,,2025-08-22 11:14:52.410,6282,0.0,false
250541,250541,FIG SANTA 27CM ROJO 12 831-XMTX254- 2540,Figura Santa 27cm,Unid,China,88522.0,,,2025-09-24 13:08:09.043,6255,0.0,false
192807,192807,TRONCOS MADERA 831-XMSM220-116,TRONCOS MADERA 831-X,Unid,Paraguay,18398.0,,,2023-10-31 08:59:41.317,6256,0.0,false
254668,254668,FALDA DE ARBOL C/COPOS D/NIEVE NB2519-7789,FALDA DE ARBOL C/COP,Unid,Panamá,70745.0,,,2025-10-24 13:57:59.707,6257,0.0,false
219859,219859,201-9200085 ESTRELLA COLGANTE,ESTRELLA COLGANTE,Unid,Panamá,18670.0,,,2024-09-26 11:24:47.240,6257,0.0,false
254546,254546,CASCANUECES DE NAVIDAD NB2519-6952,CASCANUECES DE NAVID,Unid,Panamá,73963.0,,,2025-10-23 16:08:28.720,7340,0.0,false
247089,247089,CINTA 6CM 130-3400637,CINTA 6CM 130-340063,Unid,Panamá,19890.0,,,2025-08-28 11:59:16.490,6278,12.0,false
160848,160848,MAGNOLIA DECOR 140-5101293,MAGNOLIA DECOR 140-5,Unid,Panamá,27450.0,,,2022-09-02 14:27:20.060,7373,35.0,false
191720,191720,CINTA NB2336-504,CINTA NB2336-504,Unid,Panamá,10116.0,,,2023-10-20 11:11:41.753,6278,0.0,false
166452,166452,SERVILLETERO FAMILIA,SERVILLETERO FAMILIA,Unid,Paraguay,11454.5444,,,2022-10-20 10:24:44.187,6319,5.0,false
217054,217054,831-24824020I ORNAM SANTA HNIE CREMA,ORNAM SANTA HNIE,Unid,Panamá,42930.0,,,2024-08-23 11:32:50.413,6255,0.0,false
206284,206284,CASCANUECES 30 CM JSR-JAN-335,Cascanueces Mágico,Unid,China,38350.7931,,,2024-04-11 11:40:11.240,7340,5.0,false
246525,246525,HILO 2MM ESPESOR 100 METROS 80JSR-FEB-1096,HILO ESPESOR 2MM,Unid,China,4411.0,,,2025-08-23 09:34:04.733,6280,103.0,false
216870,216870,POINSETIA DECOR 140-4101484,POINSETIA DECOR 140-,Unid,Panamá,15850.0,,,2024-08-20 12:10:30.127,7373,0.0,false
247331,247331,ESFERA DECOR 12X12X12CM 180-3300982,Esfera Decorativa,Unid,Panamá,25849.0,,,2025-08-28 14:21:50.240,6253,1.0,false
248154,248154,ÁRBOL NAVIDAD MILÃO 630H C/240LED 8F VERDE 180CM 1,ÁRBOL NAVIDAD MILÃO,Unid,Brasil,586523.0,,,2025-09-09 11:57:03.270,6260,0.0,false
248243,248243,FLOR DECOR ROJO ATERCIOPELADO 140-3000037,Flor Decorativa Roja,Unid,Panamá,7943.0,,,2025-09-09 16:16:55.423,7370,0.0,false
254661,254661,SET SERVILLETA NAVIDEÑA NB2519-7653,SET SERVILLETA NAVID,Unid,Panamá,4264.0,,,2025-10-24 12:29:25.853,6296,5.0,false
247362,247362,ARBOL DECOR X37CM 140-1500718,Árbol Decorativo,Unid,Panamá,34073.0,,,2025-08-28 14:48:02.800,6259,1.0,false
203493,203493,1230-101 PLATO PRINCIPAL,1230-101 PLATO PRINC,Unid,Brasil,17239.0,,,2024-02-21 10:17:10.070,6264,24.0,false
196929,196929,FLOR NAVIDEÑA LY21-353,FLOR NAVIDEÑA LY21-3,Unid,Paraguay,4090.9091,,,2023-12-09 09:38:28.800,6258,3.0,false
215216,215216,JG BOLAS 130-2502194,JG BOLAS 130-2502194,Unid,Panamá,39178.0,,,2024-07-22 15:33:52.010,6253,0.0,false
162518,162518,RAMA 140-5701485,RAMA 140-5701485,Unid,Panamá,16412.0,,,2022-09-28 09:27:00.110,7370,1.0,false
218643,218643,831-XMSM016-113G PORTA PLATO DORADO,PORTA PLATO DORADO,Unid,Panamá,10393.0,,,2024-09-13 14:43:32.390,6265,0.0,false
219888,219888,201-9800019 VILLA C/LUZ A BATERIA,VILLA C/LUZ A BAT,Unid,Panamá,31730.0,,,2024-09-26 14:33:23.540,6257,8.0,false
215411,215411,CINTA 130-3400396,CINTA 130-3400396,Unid,Panamá,29088.0,,,2024-07-23 10:43:36.940,6278,0.0,false
160401,160401,JG BOLAS 6PZ 130-5000448,JG BOLAS 6PZ 130-500,Unid,Panamá,47451.0,,,2022-08-25 09:52:43.203,6253,0.0,false
215390,215390,BOLA 130-2502215,BOLA 130-2502215,Unid,Panamá,114822.0,,,2024-07-23 10:33:57.770,6253,1.0,false
219862,219862,201-9200140 CASA DECOR,CASA DECOR 201-92001,Unid,Panamá,37628.0,,,2024-09-26 11:55:05.560,6257,0.0,false
162509,162509,RAMA 79CM 140-5701248,RAMA 79CM 140-570124,Unid,Panamá,13946.0,,,2022-09-28 09:09:56.890,7370,13.0,false
186947,186947,ADORNO COLGANTE 201-2500283,ADORNO COLGANTE 201-,Unid,Panamá,5266.0,,,2023-08-07 11:44:49.293,7333,0.0,false
217223,217223,831-XMSM224-003 TREN NAVIDEÑO MUSICAL,TREN NAVIDEÑO MUSICA,Unid,Panamá,360108.4,,,2024-08-26 10:28:50.557,6284,3.0,false
255414,255414,PELOTAS DE YSYPO BLANCO P,PELOTAS DE YSYPO BLA,Unid,Paraguay,10909.0911,,,2025-11-10 16:29:19.163,6257,0.0,false
160835,160835,RAMA DECOR 140-5101267,RAMA DECOR 140-51012,Unid,Panamá,19415.0,,,2022-09-02 12:28:46.637,7370,15.0,false
215760,215760,BASTON 200-4500039,BASTON 200-4500039,Unid,Panamá,510476.0,,,2024-07-29 13:46:46.810,6257,0.0,false
246578,246578,BOLSA DE PAPEL 21 X 15 X 8 CM JSR-APR-6625,BOLSA DE PAPEL 21 X,Unid,China,980.0,,,2025-08-25 10:25:18.067,6269,2.0,false
187714,187714,POINSETIA DECOR 140-4101579,POINSETIA DECOR 140-,Unid,Panamá,14510.0,,,2023-08-14 09:12:15.107,7373,0.0,false
247015,247015,JG BOLAS 6PZ 8X8X8CM 130-1900815,Bolas Doradas 6Pz,Unid,Panamá,28703.0,,,2025-08-28 10:37:19.713,6253,0.0,false
247078,247078,CINTA 6CM 130-3400575,CINTA 6CM 130-340057,Unid,Panamá,10743.0,,,2025-08-28 11:53:24.277,6278,0.0,false
222348,222348,BOLSA 60x90 TRANSPARENTE 52335 - 20692,BOLSA 60x90 TRANSPAR,Unid,Paraguay,1636.3636,,,2024-11-05 15:54:27.670,6269,130.0,false
139417,139417,ETERNITY 100 LED C:VERDE CALIDO 10MTS 11122.,ETERNITY 100 LED C:V,Unid,Paraguay,48773.3333,,,2021-10-30 12:01:04.977,6285,1.0,false
250505,250505,CINTA NAV 30MMX4M SURT 831-XMTX347- 2505,Cinta Nav 30mm 4m,Unid,China,5257.0,,,2025-09-24 12:01:31.413,6278,3.0,false
247136,247136,FALDA D/ARBOL 160-7001181,FALDA D/ARBOL 160-70,Unid,Panamá,150064.0,,,2025-08-28 12:17:09.323,6256,7.0,false
246501,246501,TAPÓN DE VINO 11 X 6 X 4 CM JSR-DEC-24-844,TAPÓN DE VINO 11 X 6,Unid,China,8627.0,,,2025-08-23 08:48:06.787,7337,14.0,false
257048,257048,BUEY NAVIDEÑO,BUEY NAVIDEÑO,Unid,Paraguay,90909.09,,,2025-12-03 14:19:19.723,6288,0.0,false
215825,215825,COPO D/NIEVE 201-2300275,COPO 201-2300275,Unid,Panamá,42028.0,,,2024-07-30 10:33:10.830,6257,1.0,false
236305,236305,231525 SERVILLETERO,SERVILLETERO,Unid,China,13181.0,,,2025-05-07 14:13:45.843,6268,71.0,false
222439,222439,VELA RENO NAVIDEÑO,VELA RENO NAVIDEÑO,Unid,Paraguay,11363.6366,,,2024-11-11 11:34:08.657,6298,0.0,false
162557,162557,POINSETTIA 140-5801952,POINSETTIA 140-58019,Unid,Panamá,13180.0,,,2022-09-28 11:22:28.303,7373,1.0,false
192385,192385,ESFERA 831-XB044SR,ESFERA 831-XB044SR,Unid,Panamá,41633.0,,,2023-10-26 10:37:52.970,6253,0.0,false
162566,162566,POINSETTIA 140-5802000,POINSETTIA 140-58020,Unid,Panamá,16837.0,,,2022-09-28 11:39:50.113,7373,2.0,false
247334,247334,ESFERA DECOR 10X10X10CM 180-3301035,Esfera Decorativa,Unid,Panamá,13597.0,,,2025-08-28 14:23:28.007,6253,0.0,false
215892,215892,JG TAMBORES 201-4600052,TAMBORES 201-4600052,Unid,Panamá,1430575.0,,,2024-07-30 11:38:40.280,6257,0.0,false
250335,250335,PONSETIA 8P 30X30CM CREM 831-AMX044- 24230A,PONSETIA 8P 30X30CM,Unid,China,12153.0,,,2025-09-24 10:23:34.803,7373,235.0,false
248459,248459,ADORNO ANGEL DECO 15X5X30CM 201-850030,Adorno Ángel Deco,Unid,Panamá,51002.0,,,2025-09-12 09:08:44.073,6255,0.0,false
192207,192207,"ARBOL DE YSYPO 1,50","ARBOL DE YSYPO 1,50",Unid,Paraguay,272727.27,,,2023-10-24 09:35:04.223,6260,0.0,false
247405,247405,MARIPOSA DECOR 8.5X10.5X9CM 130-4200984,Mariposa Decorativa,Unid,Panamá,6546.0,,,2025-08-28 15:34:14.323,6257,54.0,false
254291,254291,CIERRE PRATICO VERDE 100UN 501,CIERRE PRATICO ORO V,Unid,Brasil,15646.0,,,2025-10-22 10:19:05.103,6273,0.0,false
215896,215896,ALFOMBRA 201-6800021,ALFOMBRA 201-6800021,Unid,Panamá,50150.0,,,2024-07-30 11:43:52.077,6291,0.0,false
247404,247404,ADORNO DECOR 13.5X13X7CM 130-4200969,Adorno Flor Pascua,Unid,Panamá,13931.0,,,2025-08-28 15:32:41.683,6257,4.0,false
186627,186627,ADORNO P/COLGAR 130-4200512,ADORNO P/COLGAR 130-,Unid,Panamá,4765.0,,,2023-08-03 15:41:38.650,6257,4.0,false
254079,254079,ARDILLA COLGANTE DE PAJA 10X7X13 DL2512-141,ARDILLA COLGANTE DE,Unid,Panamá,19579.0,,,2025-10-17 16:33:56.447,7333,0.0,false
187840,187840,POTES 2 SURT201-9200074,POTES 2 SURT201-9200,Unid,Panamá,41155.0,,,2023-08-16 10:24:25.167,6261,0.0,false
222679,222679,FLOR DE KARANDAY,FLOR DE KARANDAY,Unid,Paraguay,2727.2728,,,2024-11-15 14:09:49.227,7373,40.0,false
187796,187796,ADORNO COLGANTE200-3900081,ADORNO COLGANTE200-3,Unid,Panamá,22317.0,,,2023-08-14 15:01:11.027,6257,0.0,false
217238,217238,831-XMTX532-2435 BOTA NAV 50CM,BOTA NAV 50CM,Unid,Panamá,29673.0,,,2024-08-26 14:20:58.720,6257,1.0,false
246047,246047,JG INDIVIDUALES C/PORTAVASOS 8PZ 42X27.5X0.04CM 18,JG INDIVIDUALES C/PO,Unid,Panamá,9618.0,,,2025-08-22 10:28:54.557,6291,0.0,false
246339,246339,"CINTA DE 6,3 CM X 10 YARDAS JSR-DEC-24-498","Cinta Roja 6,3 cm x",Unid,China,15686.0,,,2025-08-22 23:20:29.957,6278,5.0,false
217514,217514,ADORNO COLGANTE 201-1300171,ADORNO COLGANTE 201,Unid,Panamá,26116.0,,,2024-08-28 11:23:03.053,7333,18.0,false
217136,217136,831-D032-17 COLGANTE P-BOTAS,COLGANTE P-BOTAS,Unid,Panamá,68216.0,,,2024-08-23 15:54:49.817,6255,0.0,false
217293,217293,831-XMTX349-2454 ARREGLO MULTICOLOR,ARREGLO MULTICOLOR,Unid,Panamá,21822.0,,,2024-08-26 16:40:20.390,6257,29.0,false
186736,186736,FLOR DECO 140-5201347,FLOR DECO 140-520134,Unid,Panamá,9948.0,,,2023-08-04 11:55:30.243,7373,0.0,false
214733,214733,PORTAVELA 088-110056|,PORTAVELA 088-110056,Unid,Panamá,467214.0,,,2024-07-16 14:02:14.140,6298,2.0,false
140287,140287,JARRA P/ AGUA 831-K002-047,JARRA P/ AGUA 831-K0,Unid,Panamá,67190.0,,,2021-11-11 12:46:37.500,6263,1.0,false
187776,187776,FALDA P/ARBOL 170-3000334,FALDA P/ARBOL 170-30,Unid,Panamá,116080.0,,,2023-08-14 11:43:34.650,6256,0.0,false
192368,192368,ADORNO ESTRELLA  831-XMTX306-174B,ADORNO ESTRELLA  831,Unid,Panamá,24962.0,,,2023-10-25 16:58:37.137,6257,0.0,false
186733,186733,RAMA DECO 140-5101396,RAMA DECO 140-510139,Unid,Panamá,18977.0,,,2023-08-04 11:45:36.360,7370,1.0,false
256049,256049,ARBOL LAZO DE CROCHET BEIGE MEDIUM,ARBOL LAZO DE CROCHE,Unid,Paraguay,71272.725,,,2025-11-19 09:55:29.480,6257,0.0,false
254641,254641,ESTRELLA PARA COLGAR DORADO NB2519-7409,ESTRELLA PARA COLGAR,Unid,Panamá,33849.0,,,2025-10-24 11:23:33.450,7333,15.0,false
215210,215210,JG BOLAS DECOR 130-1900682,BOLAS 130-1900682,Unid,Panamá,31520.0,,,2024-07-22 15:21:23.263,6253,0.0,false
247052,247052,JG BOLAS 3PZ 12X12X36CM 130-2502478,Esferas Navideñas,Unid,Panamá,43223.0,,,2025-08-28 11:07:04.387,6253,24.0,false
215792,215792,CAMPANA 201-0900110,CAMPANA 201-0900110,Unid,Panamá,171044.0,,,2024-07-30 09:59:25.717,6257,0.0,false
248134,248134,BOLA SURTIDA MATE/FOSCA 10CM JG 1069666,BOLA SURTIDA MATE/FO,Unid,Brasil,31755.0,,,2025-09-09 11:50:31.710,6253,31.0,false
250672,250672,JGO3 CANASTA NAV 26CM ROJ 831-XDA33-2503,JGO3 CANASTA NAV 26C,Unid,China,131529.0,,,2025-09-24 15:13:49.833,6276,0.0,false
215201,215201,BOLAS 130-1200077,BOLAS 130-1200077,Unid,Panamá,17189.0,,,2024-07-22 14:42:51.790,6253,0.0,false
246584,246584,BOLSA 32 Z 25 X 17 CM JSR-APR-6686,Bolsa Navideña 32x25,Unid,China,2451.0,,,2025-08-25 10:37:51.297,6271,4.0,false
223446,223446,SETx6 ESFERAS ROJAS 10CM LRH1006ABC,SETx6 ESFERAS ROJAS,Unid,Paraguay,29090.9091,,,2024-11-23 09:44:26.547,6253,0.0,false
250655,250655,ARBOL 70CM ROJO 4 831-D047-2409-3,ARBOL 70CM ROJO 4 83,Unid,China,266767.0,,,2025-09-24 14:53:27.330,6258,0.0,false
247177,247177,ESTRELLA DECOR 130-4200909,Estrella Decorativa,Unid,Panamá,6798.0,,,2025-08-28 13:16:02.093,6255,0.0,false
247212,247212,ADORNO COLGANTE P/ARBOL 8.90X7X12.20CM 130-1700004,Adorno Santa Claus,Unid,Panamá,11917.0,,,2025-08-28 13:34:50.857,7333,16.0,false
190541,190541,ARBOL NAV. 200-2100638 GD.,ARBOL NAV. 200-21006,Unid,Panamá,65982.0,,,2023-10-04 08:41:08.747,6257,0.0,false
217437,217437,ARDILLA DECO 201-3400246,ARDILLA DECO 201-340,Unid,Panamá,43767.0,,,2024-08-28 09:46:44.133,6255,0.0,false
215902,215902,PONSETIA DECOR 140-2501311,PONSETIA 140-2501311,Unid,Panamá,8555.0,,,2024-07-30 11:50:09.477,7373,1.0,false
163474,163474,JGO 4 ESFERAS 831-XMTX194-250,JGO 4 ESFERAS 831-XM,Unid,Panamá,49239.0,,,2022-10-04 11:44:19.913,6253,1.0,false
215453,215453,PORTA RETRATO DECOR 130-5001445,PORTA RETRATO DECOR,Unid,Panamá,9906.0,,,2024-07-23 11:09:21.297,6257,0.0,false
217332,217332,POINSETIA DECOR 140-5802769,POINSETIA DECOR 140-,Unid,Panamá,9816.0,,,2024-08-27 10:21:57.130,7373,0.0,false
248360,248360,VELA SANTINI VERDE 15X15X15CM 200-9600402,VELA 15X15X15CM 200-,Unid,Panamá,95563.0,,,2025-09-10 17:02:01.627,6298,0.0,false
247023,247023,JG BOLAS 6PZ 8X8X8CM 130-1900831,Bolas Rojo 6 Piezas,Unid,Panamá,26017.0,,,2025-08-28 10:43:56.270,6253,4.0,false
167889,167889,LINDT OSO TEDDY CHOCOLATE DISPLAY 50G/10G,LINDT OSO TEDDY MINI,Unid,Paraguay,29416.6783,,,2022-11-10 11:00:00.357,7362,14.0,true
254065,254065,BOLAS NAVIDEÑAS 8CM BLANCO C/PULPURINA NB2515-1169,BOLAS NAVIDEÑAS,Unid,Panamá,14357.0,,,2025-10-17 15:15:39.643,6253,0.0,false
215462,215462,TAZA 180-1100185,TAZA 180-1100185,Unid,Panamá,44389.0,,,2024-07-23 11:14:02.867,6266,0.0,false
248301,248301,COJIN HOMBRE GENGI BASTON 170-3000529,COJIN 170-3000529,Unid,Panamá,80689.0,,,2025-09-10 14:11:36.957,6289,0.0,false
250595,250595,FALDA D-ARBOL 122CM 12 831-CS009-2510L,FALDA D-ARBOL 122CM,Unid,China,131791.0,,,2025-09-24 13:51:59.470,6256,1.0,false
220928,220928,"POTE 11,5X15CM 03250-M3","POTE 11,5X15CM 03250",Unid,Paraguay,18409.0912,,,2024-10-15 15:04:49.003,6261,0.0,false
186696,186696,JGO BOLA DECO 130-9501553,JGO BOLA DECO 130-95,Unid,Panamá,18559.0,,,2023-08-04 10:03:39.440,6253,0.0,false
186626,186626,ADORNO P/COLGAR 130-4200502,ADORNO P/COLGAR 130-,Unid,Panamá,4765.0,,,2023-08-03 15:41:01.023,6257,0.0,false
217052,217052,831-2788-239101430G-R ESFERA 30CM DORADA,ESFERA 30CM DORADA,Unid,Panamá,116146.0,,,2024-08-23 11:30:01.843,6253,0.0,false
217264,217264,RAMA DECOR 140-5201548,RAMA DECOR 140-52015,Unid,Panamá,12787.0,,,2024-08-26 15:11:34.520,7370,5.0,false
186603,186603,BOLAS 3 SURT 130-1200073,BOLAS 3 SURT 130-120,Unid,Panamá,15968.0,,,2023-08-03 13:39:49.013,6253,1.0,false
256016,256016,ESTABLO REDONDO GR,ESTABLO REDONDO GR,Unid,Paraguay,50000.0,,,2025-11-18 15:41:40.053,6288,0.0,false
250405,250405,RELLENO 72CM ROJO 240 831-AMX007- 2528R,Relleno Rojo 72 cm,Unid,China,8533.0,,,2025-09-24 11:09:21.173,7370,197.0,false
217415,217415,HANGER DECO 36CM 201-2200190,HANGER DECO 36CM,Unid,Panamá,22154.0,,,2024-08-28 09:22:13.557,6257,0.0,false
186911,186911,ARBOL C/LUZ 200-5800600,ARBOL C/LUZ 200-5800,Unid,Panamá,72063.0,,,2023-08-07 09:54:27.050,6260,1.0,false
257383,257383,ADORNO 831-XMFE104-2518B4,ADORNO 831-XMFE104-2,Unid,Panamá,8059.0,,,2025-12-06 10:04:55.497,7333,2.0,false
247533,247533,CORONA  20X6 NB25190-132,CORONA  20X6 NB25190,Unid,Panamá,30600.0,,,2025-08-29 16:01:21.880,7372,36.0,false
166045,166045,TREN C/LUZ A PILA MZ310410,TREN C/ LUZ MZ310410,Unid,Paraguay,52007.6363,,,2022-10-19 10:22:38.643,6257,1.0,false
254722,254722,BOCADITOS DE MAIZ,BOCADITOS DE MAIZ,Unid,Paraguay,3340.8579,,,2025-10-27 11:34:59.393,7359,71.0,true
246880,246880,CASA DECOR C/LUZ A/BAT3 10.8X8.3X16.8CM 202-510001,CASA DECOR C/LUZ A/B,Unid,Panamá,33411.0,,,2025-08-27 10:38:39.393,6257,1.0,false
247437,247437,PORTAPLATO 33X33X2CM 201-1200234,PORTAPLATO 33X33X2CM,Unid,Panamá,11078.0,,,2025-08-28 15:58:05.343,6265,3.0,false
250648,250648,PLATO 23X23X25CM ROJO-VER 831-D045-2535,PLATO 23X23X25CM ROJ,Unid,China,49473.0,,,2025-09-24 14:45:47.210,6264,0.0,false
163595,163595,CINTA NAVIDEÑA NB2236-108,CINTA NAVIDEÑA NB223,Unid,Panamá,25334.0,,,2022-10-05 09:58:28.817,6278,0.0,false
248364,248364,CASA NAV C/LUZ A/BAT2 15X7X24CM 200-9800244,CASA NAV C/LUZ A/BAT,Unid,Panamá,44650.0,,,2025-09-11 08:59:51.447,6257,0.0,false
250467,250467,ORNAMENTO 141CM MULTIC S3 831-D113-2514,ORNAMENTO 141CM MULT,Unid,China,6724.0,,,2025-09-24 11:41:36.530,6257,0.0,false
215183,215183,ARBOL 60CM 110-0400029,ARBOL 110-0400029,Unid,Panamá,36171.0,,,2024-07-22 11:58:35.033,6260,0.0,false
247094,247094,CINTA 823X6.3CM 130-5400514,CINTA 823X6.3CM 130-,Unid,Panamá,18295.0,,,2025-08-28 12:01:37.517,6278,0.0,false
215810,215810,ADORNO P/COLGAR ARBOL 130-7000382,Adorno Colgar Árbol,Unid,Panamá,11887.0,,,2024-07-30 10:16:58.900,6256,10.0,false
246494,246494,"CINTA DE 2,5 CM JSR-DEC-24-617",Cinta Navidad Verde,Unid,China,29803.0,,,2025-08-23 08:24:18.960,6278,0.0,false
250776,250776,FUENTE AZEVINHO 34.4 CM 1275-122,FUENTE AZEVINHO 34.4,Unid,Brasil,48285.0,,,2025-09-25 11:24:19.797,7338,0.0,false
163344,163344,CAJA DE REGALO NB2219-1664,CAJA DE REGALO NB221,Unid,Panamá,15432.0,,,2022-09-30 15:14:37.200,6273,0.0,false
256042,256042,ARBOL ESTRELLA DE BELEN ROJO  MEDIUM,ARBOL ESTRELLA DE BE,Unid,Paraguay,65454.545,,,2025-11-19 09:38:04.353,6257,1.0,false
248121,248121,BOLA TUBO LISA/MATE/GLITTER DORADA 12CM JG 1923906,BOLA TUBO LISA/MATE/,Unid,Brasil,43105.0,,,2025-09-09 11:45:23.533,6253,0.0,false
254064,254064,BOLAS NAVIDEÑAS 8CM DORADO C/PULPURINA NB2515-1154,BOLAS NAVIDEÑAS SET/,Unid,Panamá,14357.0,,,2025-10-17 15:11:00.557,6253,4.0,false
215440,215440,ESTRELLA DECOR 130-4200803,ESTRELLA 130-4200803,Unid,Panamá,12608.0,,,2024-07-23 10:58:09.493,6257,2.0,false
247330,247330,ESFERA DECOR 10X10X10CM 180-3300969,Esfera Decorativa,Unid,Panamá,14687.0,,,2025-08-28 14:21:17.747,6253,1.0,false
187833,187833,ALFOMBRA 201-6800035,ALFOMBRA 201-6800035,Unid,Panamá,49301.0,,,2023-08-16 09:59:34.320,6257,0.0,false
186640,186640,ADORNO COLGANTE 130-4900096,ADORNO COLGANTE 130-,Unid,Panamá,10784.0,,,2023-08-03 16:03:27.357,7333,1.0,false
163655,163655,Tallo Navideño 67cm QD2206-831,Tallo Navideño 67cm,Unid,Panamá,16324.0,,,2022-10-05 11:17:35.527,7370,1.0,false
246857,246857,CAMPANA DECOR 19.5X11.7X13.5CM 201-9200167,CAMPANA DECOR 19.5X1,Unid,Panamá,45393.0,,,2025-08-27 10:07:42.283,7339,0.0,false
246052,246052,CAMPANAS ROJAS 3 SURT 8X8X8CM 200-2000425,CAPANAS 3 SURT 8X8X8,Unid,Panamá,8184.0,,,2025-08-22 10:57:13.497,7339,10.0,false
254127,254127,BOLAS NAVIDEÑAS ROJO 8CM MITAD MATE NB2515-1170,BOLAS NAVIDEÑAS ROJO,Unid,Panamá,14357.0,,,2025-10-20 16:30:51.787,6253,7.0,false
206273,206273,"CASCANUECES 1,2MTS JSR-JAN-330","CASCANUECES 1,2MTS",Unid,China,426230.0,,,2024-04-11 10:49:53.160,7340,0.0,false
254851,254851,ADORNO NAVIDEÑO PARA COLGAR XM25200-82,ADORNO NAVIDEÑO PARA,Unid,Panamá,93458.0,,,2025-10-28 16:36:23.293,7333,0.0,false
215767,215767,PAJARO DECOR 200-6900488,PAJARO DECOR 200-690,Unid,Panamá,22195.0,,,2024-07-29 14:21:27.880,6257,0.0,false
254122,254122,RENO NAVIDEÑO 35X15X47CM DL2516-132,RENO NAVIDEÑO 35X15X,Unid,Panamá,104767.0,,,2025-10-20 16:13:00.253,6257,0.0,false
224924,224924,ARBOLITO MACRAME FESTIVO,ARBOLITO MACRAME FES,Unid,Paraguay,225454.5457,,,2024-12-12 09:29:24.910,6257,0.0,false
191569,191569,BOTELLA DE NAVIDAD C/TAPA NB2319-2474,BOTELLA DE NAVIDAD C,Unid,Panamá,17379.0,,,2023-10-17 14:38:30.413,6267,3.0,false
247251,247251,ADORNO COLGANTE 10X10X10CM 140-4102030,ADORNO COLGANTE 10X1,Unid,Panamá,16281.0,,,2025-08-28 13:46:39.593,6253,2.0,false
17629,17629,BOLSA P/ REGALO NAV. B01 8091,BOLSA P/ REGALO NAV.,Unid,Paraguay,1520.0,,,2014-11-15 08:52:20.700,6268,0.0,false
250673,250673,JGO3 CANASTA NAV 21CM NAT 831-XDA33-2501,JGO3 CANASTA NAV 21C,Unid,China,144206.0,,,2025-09-24 15:14:45.440,6276,0.0,false
206319,206319,CINTA JSR-JAN-431,CINTA JSR-JAN-431,Unid,China,52141.0,,,2024-04-11 16:29:23.317,6278,0.0,false
254476,254476,BOLA NAVIDEÑA 20CM ROJO NB2515-827,BOLA NAVIDEÑA 20CM R,Unid,Panamá,34807.0,,,2025-10-23 11:51:19.577,6253,25.0,false
246577,246577,ÁRBOL ARTIFICIAL 2 M X 2 M JSR-APR-500-6,ÁRBOL ARTIFICIAL 2 M,Unid,China,972500.0,,,2025-08-25 10:22:24.263,6260,2.0,false
247058,247058,BOLAS 8CM EN CAJA PVC 6PZS 130-2502550,Bolas Decorativas,Unid,Panamá,36172.0,,,2025-08-28 11:12:01.710,6253,1.0,false
192211,192211,ARBOL DE YSYPO 80,ARBOL DE YSYPO 80,Unid,Paraguay,145454.55,,,2023-10-24 09:44:10.720,6260,0.0,false
218664,218664,130-9502598 JG BOLA DECOR,130-9502598 JG BOLA,Unid,Panamá,22808.0,,,2024-09-13 15:02:17.677,6253,0.0,false
247373,247373,BASE DECOR P/ARBOL 201-6100096,BASE DECOR P/ARBOL 2,Unid,Panamá,151658.0,,,2025-08-28 14:53:26.190,6256,0.0,false
160854,160854,RAMA DECOR 140-5101378,RAMA DECOR 140-51013,Unid,Panamá,13975.0,,,2022-09-02 14:51:38.390,7370,3.0,false
215423,215423,CINTA 130-3400525,CINTA 130-3400525,Unid,Panamá,26117.0,,,2024-07-23 10:48:11.180,6278,5.0,false
248112,248112,BOLA LISA TRANSPARENTE GRANATE 8CM JG 1026282,BOLA LISA TRANSPAREN,Unid,Brasil,15662.0,,,2025-09-09 11:41:16.733,6253,36.0,false
215333,215333,JG BOLAS 130-2501932,BOLAS 130-2501932,Unid,Panamá,43768.0,,,2024-07-23 09:51:18.747,6253,0.0,false
194052,194052,Caminero Blanco Flor de Navidad,Caminero Blanco Flor,Unid,Paraguay,56636.365,,,2023-11-21 08:39:25.940,6290,0.0,false
215252,215252,RAMA 130-7000406,RAMA 130-7000406,Unid,Panamá,29373.0,,,2024-07-22 16:26:25.640,7370,2.0,false
215755,215755,BOLA C/LUZ 200-4300055,BOLA 200-4300055,Unid,Panamá,170003.0,,,2024-07-29 13:30:39.867,6253,0.0,false
256037,256037,ARBOL DE BUENA NOCHE MEDIUM,ARBOL DE BUENA NOCHE,Unid,Paraguay,76363.6366,,,2025-11-19 09:27:08.563,6257,0.0,false
217286,217286,831-T002-2414 BOLSA ARBOL NAVIDAD,Bolsa Árbol Navidad,Unid,Panamá,38274.7727,,,2024-08-26 16:14:52.640,6269,46.0,false
217321,217321,POINSETIA DECOR 140-5802637,POINSETIA DECOR,Unid,Panamá,18191.0,,,2024-08-27 09:59:06.707,7373,0.0,false
162637,162637,INDIVIDUAL 180-0500099,INDIVIDUAL 180-05000,Unid,Panamá,10544.0,,,2022-09-28 15:43:19.173,6290,0.0,false
186739,186739,PUNTA D/ARBOL 140-5702189,PUNTA D/ARBOL 140-57,Unid,Panamá,5266.0,,,2023-08-04 13:52:02.867,6257,0.0,false
247112,247112,JG BOLA DECOR 6PZ 8CM 130-5002070,Bolas Decorativas,Unid,Panamá,41376.0,,,2025-08-28 12:08:17.580,6253,1.0,false
206249,206249,"CASCANUECES 1,8MTS JSR-JAN-316","CASCANUECES 1,8MTS",Unid,China,1504432.0,,,2024-04-10 17:39:12.223,7340,1.0,false
136343,136343,CORONA DE PINO NB24190-7,CORONA DE PINO NB241,Unid,Panamá,48853.0303,,,2021-09-13 16:53:04.160,6282,0.0,false
217285,217285,PICK DECOR 140-5702463,Adorno Navideño Piña,Unid,Panamá,17201.0,,,2024-08-26 16:06:54.647,7373,13.0,false
215457,215457,BANDEJA 180-0700549,BANDEJA 180-0700549,Unid,Panamá,25028.0,,,2024-07-23 11:11:29.323,6262,1.0,false
192741,192741,ESFERAS 831-XB42GDG,ESFERAS 831-XB42GDG,Unid,Panamá,16842.0,,,2023-10-30 15:32:08.830,6268,1.0,false
192803,192803,FIGURA SANTA 831-XMFE104-332A,FIGURA SANTA 831-XMF,Unid,Panamá,52603.0,,,2023-10-31 08:57:14.370,6256,0.0,false
246406,246406,"63 MM, CINTA DE 10 YARDAS / ROLLO JSR-DEC-24-645",Cinta Festiva Roja,Unid,China,15686.0,,,2025-08-23 00:41:09.290,6278,0.0,false
250307,250307,JGO4X10CM ESFERAS PINTADA 831-239-2571V,Esferas Navideñas,Unid,China,26374.0,,,2025-09-24 10:03:43.003,6253,6.0,false
215545,215545,VELA C/LUZ 200-3700270,VELA 200-3700270,Unid,Panamá,7839.0,,,2024-07-23 14:15:09.847,6298,1.0,false
256665,256665,TAMBOR NAVIDEÑO CH XM25144-38,TAMBOR NAVIDEÑO CH X,Unid,Panamá,45655.8333,,,2025-11-29 08:19:21.920,6257,3.0,false
217105,217105,POINSETIA DECOR 140-4101914,POINSETIA DECOR 140-,Unid,Panamá,22153.0,,,2024-08-23 14:52:27.720,7373,0.0,false
247423,247423,PLATO 29X27X3CM 180-3200097,Plato Árbol Dorado,Unid,Panamá,55142.0,,,2025-08-28 15:49:26.903,6264,1.0,false
223444,223444,SETx6 ESFERAS ROJAS 5CM LRH5006ABC,SETx6 ESFERAS ROJAS,Unid,Paraguay,4772.7275,,,2024-11-23 09:42:17.977,6253,0.0,false
219804,219804,200-7200137/1 SANTA C/LUZ & MUSICA,SANTA C/LUZ & MUSICA,Unid,Panamá,507036.0,,,2024-09-26 09:50:53.620,6257,1.0,false
246261,246261,DECORACIÓN NAVIDEÑA JSR-DEC-24-276,Árbol Navidad JSR,Unid,China,9607.0,,,2025-08-22 20:52:18.350,6257,4.0,false
254645,254645,BOLSA DE REGALO G CON PURPURINA NB2519-7464,BOLSA DE REGALO G CO,Unid,Panamá,5569.0,,,2025-10-24 11:40:24.953,6271,78.0,false
247166,247166,FLOR DECOR 140-5201637,Flor Decorativa,Unid,Panamá,13260.0,,,2025-08-28 13:07:01.867,7373,44.0,false
247551,247551,CORONA DE NAVIDAD 30X7 NB25190-286,CORONA DE NAVIDAD 30,Unid,Panamá,53027.0,,,2025-08-29 16:40:48.313,7372,24.0,false
187845,187845,201-9200103 ADORNO D/PARED,ADORNO D/PARED 201-9,Unid,Panamá,60057.0,,,2023-08-16 11:00:51.393,6257,1.0,false
217417,217417,DECO HANGER 201-2200194,DECO HANGER 201-2200,Unid,Panamá,36924.0,,,2024-08-28 09:23:46.267,6257,0.0,false
218660,218660,130-9502582 JG BOLA DECOR,130-9502582 JG BOLA,Unid,Panamá,29429.0,,,2024-09-13 14:59:14.697,6253,0.0,false
256632,256632,Kit 4 posavasos Navidad del Paraguay,Kit 4 posavasos Navi,Unid,Paraguay,38181.818,,,2025-11-28 14:08:07.770,6265,0.0,false
247515,247515,GUIRNALDAS NAVIDEÑAS 4FTX12 NB25190-10,Guirnaldas Festivas,Unid,Panamá,52189.0,,,2025-08-29 14:57:04.300,6282,0.0,false
62923,62923,LUZ 300F LLUVIA F:BL/C:BL 6MTS 220V,LUZ 300F LLUVIA F:BL,Unid,Paraguay,130640.6655,,,2017-10-30 14:37:40.380,6285,7.0,false
187682,187682,BOLAS C/LUZ 130-2501287,Bolas Luminosas,Unid,Panamá,12874.52,,,2023-08-12 11:40:10.543,6253,4.0,false
247242,247242,RAMA DECOR 140-2501542,Rama Decorativa,Unid,Panamá,15023.0,,,2025-08-28 13:44:40.457,7370,0.0,false
247072,247072,BOLA 15CM 1PZ 130-2502557,BOLA 15CM 1PZ 130-25,Unid,Panamá,23080.0,,,2025-08-28 11:45:11.283,6253,0.0,false
218589,218589,831-D033-2412 JUEGO 4 CASCANUECES.,Juego Cascanueces,Unid,Panamá,72661.0,,,2024-09-13 11:21:51.153,6255,0.0,false
247529,247529,ARBOL 150CM NB25190-127,ARBOL 150CM NB25190-,Unid,Panamá,181507.0,,,2025-08-29 15:50:34.860,6259,0.0,false
246068,246068,PORTAVELA GRANDE 25X71X15CM 200-3000388,PORTAVELA 25X71X15CM,Unid,Panamá,140303.0,,,2025-08-22 11:40:28.703,7335,0.0,false
248401,248401,CAJA D/REGALO ORO ROJO 10X10X14.50CM 201-840058,CAJA D/REGALO DECOR,Unid,Panamá,89383.0,,,2025-09-11 14:50:07.623,6273,0.0,false
215208,215208,ARBOL DECOR 130-2501988,ARBOL DECOR 130-2501,Unid,Panamá,5426.0,,,2024-07-22 15:16:31.177,6257,0.0,false
215200,215200,BOLA 3 SURT 130-1200054,BOLA 130-1200054,Unid,Panamá,16055.0,,,2024-07-22 14:41:05.167,6253,1.0,false
254872,254872,CORONA DE PINO CON HOJAS DE EUCALIPTO XM25206-20,CORONA DE PINO CON H,Unid,Panamá,136008.0,,,2025-10-29 11:54:34.107,7372,0.0,false
248518,248518,SANTA COLGANTE ROJO 10X6X36CM 150-8000632,Colgante Santa Rojo,Unid,Panamá,27174.0,,,2025-09-12 10:44:36.973,7333,0.0,false
217076,217076,POINSETIA DECOR 140-4101719,POINSETIA DECOR 140-,Unid,Panamá,15670.0,,,2024-08-23 14:27:54.183,7373,4.0,false
247108,247108,CINTA 6.3CM x 9YDS 130-5400597,CINTA 6.3CM x 9YDS 1,Unid,Panamá,26856.0,,,2025-08-28 12:07:01.210,6278,20.0,false
254804,254804,ESTRELLA TOPE DE ARBOL CON PURPURINA SZ2550-369,ESTRELLA TOPE DE ARB,Unid,Panamá,35589.0,,,2025-10-28 11:07:50.623,6256,0.0,false
215300,215300,HOMBRE D/NIEVE 150-8100977B,HOMBRE D/NIEVE 150-,Unid,Panamá,100209.0,,,2024-07-23 09:35:05.960,6257,0.0,false
248014,248014,ESFERA DETALLES DORADOS Y LÍNEAS 15CM 1081894,ESFERA DETALLES DORA,Unid,Brasil,14282.0,,,2025-09-09 09:29:41.870,6253,189.0,false
217549,217549,JGO TREN NAV C/LUZ 201-7800091,JGO TREN NAV C/LUZ,Unid,Panamá,123378.0,,,2024-08-28 14:34:42.700,6284,0.0,false
247518,247518,CORONA 20X6 NB25190-17,CORONA 20X6 NB25190-,Unid,Panamá,36783.0,,,2025-08-29 15:27:11.043,6257,0.0,false
248044,248044,CORDÓN 500 LUCES STROBO VERDE 10M BIVOLT 1140541,CORDÓN 500 LUCES STR,Unid,Brasil,106873.0,,,2025-09-09 10:01:33.653,6285,0.0,false
247211,247211,BOLA COLGANTE 12X12X12CM 202-2500060,Bola Colgante,Unid,Panamá,31556.0,,,2025-08-28 13:33:25.840,6253,60.0,false
247091,247091,CINTA 6CM 130-3400645,CINTA 6CM 130-340064,Unid,Panamá,16030.0,,,2025-08-28 12:00:27.033,6278,0.0,false
186841,186841,ADORNO COLGANTE 200-3200112,ADORNO COLGANTE 200-,Unid,Panamá,23073.0,,,2023-08-05 10:51:24.660,7333,1.0,false
237390,237390,ALBOMBRA NAVIDEÑA 15.5X15.5X17CM 201-6800077,ALBOMBRA NAVIDEÑA,Unid,Panamá,51918.0,,,2025-05-20 15:13:22.670,6439,0.0,false
248515,248515,CARA DE SANTA DECOR 10X5X41CM 150-8000626,CARA DE SANTA DECOR,Unid,Panamá,19984.0,,,2025-09-12 10:41:50.777,6257,16.0,false
217268,217268,831-XB022-23L JGO 12 ESFERAS TUBO,JGO 12 ESFERAS TUBO,Unid,Panamá,30182.0,,,2024-08-26 15:17:34.720,6253,1.0,false
253963,253963,ADORNO PUNTA P/ARBOL 19X26CM 130-9502694,ADORNO PUNTA P/ARBOL,Unid,Panamá,20623.0,,,2025-10-17 10:31:53.687,6257,0.0,false
215448,215448,FALDA P/ARBOL 170-3000395,FALDA 170-3000395,Unid,Panamá,124290.0,,,2024-07-23 11:05:28.873,6256,0.0,false
247204,247204,BOLA DECOR 8X8X8CM 201-1300259,Esfera Decorativa,Unid,Panamá,14267.0,,,2025-08-28 13:30:07.403,6253,6.0,false
162719,162719,SET DE INDIVIDUALES  180-4700050,INDIVIDUAL 180-47000,Unid,Panamá,10691.0,,,2022-09-28 16:53:20.323,6290,0.0,false
221227,221227,PELOTA BLANCA XP,PELOTA BLANCA XP,Unid,Paraguay,9090.9091,,,2024-10-17 14:36:59.587,6257,3.0,false
248130,248130,BOLA BRILLANTE PLATEADA 15CM 1072769,BOLA BRILLANTE PLATE,Unid,Brasil,17529.0,,,2025-09-09 11:49:30.097,6253,54.0,false
171285,171285,BOLSA 60X75 TRANSPARENTE 43092,BOLSA 60X75 TRANSPAR,Unid,Paraguay,1781.8182,,,2022-12-15 10:56:10.390,6271,0.0,false
250478,250478,ORNAMENTO 10X9CM DORA 831-XMTX215- 2528B,ORNAMENTO DORADO,Unid,China,5086.0,,,2025-09-24 11:44:55.753,6257,0.0,false
250741,250741,PLATO PARA PASTEL P MERRY CHRISTMAS 21 CM 7612-116,PLATO PARA PASTEL P,Unid,Brasil,41086.0,,,2025-09-25 10:40:02.240,6264,0.0,false
162744,162744,JG CAJA 200-2100583,JG CAJA 200-2100583,Unid,Panamá,214956.0,,,2022-09-29 08:29:24.820,6257,0.0,false
224470,224470,ESFERAS NAVIDEÑAS DORADAS LRE5006-A61,ESFERAS DORADAS CL,Unid,Paraguay,6136.3637,,,2024-12-09 14:20:53.513,6253,0.0,false
256670,256670,CONO DE ARBOL NAVIDEÑO C/ LUZ LED GR SZ2537-36,CONO DE ARBOL NAVIDE,Unid,Panamá,81014.5,,,2025-11-29 08:44:08.243,6257,0.0,false
219848,219848,201-7500112 CASA C/LUZ A BATERIA,CASA C/LUZ A BATERIA,Unid,Panamá,24214.0,,,2024-09-26 11:06:44.703,6257,1.0,false
215918,215918,ARBOL DECO 201-8800005,ARBOL DECO 201-88000,Unid,Panamá,25216.0,,,2024-07-30 13:46:51.993,6257,0.0,false
246267,246267,DECORACIÓN NAVIDEÑA DE 15 CM JSR-DEC-24-322,DECORACIÓN NAVIDEÑA,Unid,China,1470.0,,,2025-08-22 21:03:56.497,6257,0.0,false
254732,254732,ARBOL C/ LUZ CH 200-2100939,ARBOL C/ LUZ CH,Unid,Panamá,28220.0625,,,2025-10-27 14:05:15.410,6272,0.0,false
217358,217358,INDIVIDUAL 170-2800391,INDIVIDUAL 170-28003,Unid,Panamá,9185.0,,,2024-08-27 11:12:04.583,6291,0.0,false
254812,254812,CASA CON PINTURA DORADA CON LUZ LED 2PCS XM25180-9,CASA CON PINTURA DOR,Unid,Panamá,31501.0,,,2025-10-28 11:25:36.633,6257,2.0,false
192377,192377,ESFERA 831-XMTX349-486.,ESFERA 831-XMTX349-,Unid,Panamá,8119.0,,,2023-10-26 10:04:54.920,6253,0.0,false
160711,160711,GUIRNALDA 140-4101176,GUIRNALDA 140-410117,Unid,Panamá,69043.0,,,2022-08-31 16:42:10.777,6282,1.0,false
215385,215385,BOLA 130-2502213,BOLA 130-2502213,Unid,Panamá,43588.0,,,2024-07-23 10:30:45.960,6253,0.0,false
215842,215842,FLOR MARRON 201-3500249,Flor Decorativa,Unid,Panamá,24448.5,,,2024-07-30 10:41:43.440,7373,1.0,false
245910,245910,FLOR D/PASCUA ROSA PASTEL 35X30X30CM 140-3400208,Flor Pascua Rosa P,Unid,Panamá,9871.0,,,2025-08-21 09:35:57.120,7373,0.0,false
248071,248071,ARBOL NAVIDAD IPANEMA VDC 240CM 1092673,ARBOL NAVIDAD IPANEM,Unid,Brasil,252403.0,,,2025-09-09 10:32:35.690,6260,0.0,false
247466,247466,ANGEL DECOR 18X2X18CM 202-2900037,Figura Ángel,Unid,Panamá,11415.0,,,2025-08-28 16:22:29.580,6255,0.0,false
187807,187807,BUZON DECOR 200-4500021,BUZON DECOR 200-4500,Unid,Panamá,176230.0,,,2023-08-14 16:12:32.450,6257,0.0,false
248049,248049,CINTA ARAMADA DE JUTA CRUDO 1069985,CINTA ARAMADA DE JUT,Unid,Brasil,16081.0,,,2025-09-09 10:04:24.040,6282,0.0,false
186638,186638,ADORNO COLGANTE 130-4900073,ADORNO COLGANTE 130-,Unid,Panamá,14212.0,,,2023-08-03 16:01:27.383,7333,5.0,false
142948,142948,BORLA VERDE,BORLA VERDE,Unid,Paraguay,68181.82,,,2021-12-11 08:23:47.000,6253,0.0,false
246107,246107,VELA ROJA 7.5X7.5X11CM 200-9600382,Vela Roja Aroma 11cm,Unid,Panamá,16959.0,,,2025-08-22 14:22:05.373,6298,0.0,false
247994,247994,GUIRNALDA ACEVINOS VERDE/ROJO 32CM 1069631,GUIRNALDA ACEVINOS V,Unid,Brasil,15382.0,,,2025-09-09 09:16:54.597,6282,1.0,false
255413,255413,FLOR DE PINO,FLOR DE PINO,Unid,Paraguay,1363.6363,,,2025-11-10 16:28:37.670,7373,1.0,false
246329,246329,SERVILLETERO JSR-DEC-24-471,SERVILLETERO DEC,Unid,China,5686.0,,,2025-08-22 22:42:25.890,6319,1.0,false
163361,163361,CAJA D/REGALO NB2219-1761,CAJA D/REGALO NB2219,Unid,Argentina,10169.0,,,2022-09-30 15:55:04.087,6274,8.0,false
248331,248331,ARDILLA REGALO DECOR 10X22X16CM 200-2400396,Ardilla Decorativa,Unid,Panamá,49500.0,,,2025-09-10 15:41:28.813,7333,0.0,false
245713,245713,BANDEJA DECOR 41X10X3CM 086-656761,Bandeja Elegante,Unid,Panamá,29360.0,,,2025-08-19 15:59:23.103,6262,6.0,false
250288,250288,JGO 8CMX6 ESFERAS - EMP P 831-239-2558G,Juego Esferas 8cm,Unid,China,20256.0,,,2025-09-24 09:48:59.410,6253,35.0,false
247473,247473,DISPENSADOR D/JABON 500ML  200-8700139,Dispensador Floral,Unid,Panamá,17121.0,,,2025-08-28 16:30:58.743,6261,0.0,false
248053,248053,ARBOL ACAPULCO 300CM 1470 LEDS 3595H 1041483,ARBOL ACAPULCO 300CM,Unid,Brasil,4710564.0,,,2025-09-09 10:12:37.950,6260,2.0,false
247258,247258,RAMA DECOR 68X15X3CM 140-4102133,Rama Decorativa Roja,Unid,Panamá,19890.0,,,2025-08-28 13:48:09.320,7370,4.0,false
163540,163540,CINTA NAVIDEÑA 831-XMFE46-22018,CINTA NAVIDEÑA 831-X,Unid,Panamá,19535.0,,,2022-10-05 08:16:32.487,6278,19.0,false
254657,254657,SET SERVILLETA NAVIDEÑA NB2519-7649,SET SERVILLETA NAVID,Unid,Panamá,4264.0,,,2025-10-24 12:20:11.570,6296,16.0,false
248270,248270,CAMINO D/MESA FLORES X3 33X91X0.10CM 170-2400268,CAMINO D/MESA 33X91X,Unid,Panamá,40469.0,,,2025-09-10 11:10:18.227,6290,0.0,false
250738,250738,PLATO POSTRE MERRY CHRISTMAS 21 CM 7612-103,PLATO POSTRE MERRY C,Unid,Brasil,15565.0,,,2025-09-25 10:35:59.030,6264,0.0,false
139160,139160,INDIVIDUAL NB2119-874,Individual,Unid,Panamá,9683.0,,,2021-10-26 15:49:09.400,6290,0.0,false
135165,135165,JGO DE DISPENSADOR C/ TOALLA 2PZ 200-8900003,Jgo de dispensador,Unid,Panamá,74557.0,,,2021-09-01 11:21:41.677,6268,0.0,false
215236,215236,JG BOLA 130-5001897,JG BOLA 130-5001897,Unid,Panamá,51567.0,,,2024-07-22 16:01:06.220,6253,6.0,false
254751,254751,CAJA DE REGALO C/ LUZ CH 200-2100880B,CAJA DE REGALO C/ LU,Unid,Panamá,49366.1866,,,2025-10-27 15:23:46.050,6272,0.0,false
162205,162205,GUIRNALDA NB24190-287,GUIRNALDA NB24190-28,Unid,Panamá,50403.0,,,2022-09-23 10:38:52.403,6282,1.0,false
217256,217256,RAMA DECOR 140-5201492,RAMA DECOR 140-52014,Unid,Panamá,30799.0,,,2024-08-26 15:03:30.083,7370,64.0,false
215317,215317,BOTA 160-4503289,BOTA 160-4503289,Unid,Panamá,27767.0,,,2024-07-23 09:42:01.490,6257,3.0,false
250297,250297,JGO 20 ESFERAS  831-2787- 239101353-2512,JGO 20 ESFERAS  831-,Unid,China,61797.0,,,2025-09-24 09:54:20.757,6253,0.0,false
217164,217164,831-MX2467-2412M POINSETIA 23CM CHAMPAGNE,POINSETIA 23CM CHAMP,Unid,Panamá,6424.0,,,2024-08-24 08:30:30.637,7373,7.0,false
222392,222392,ESTRELLA PUNTERA P,ESTRELLA PUNTERA P,Unid,Paraguay,13636.364,,,2024-11-07 11:42:49.233,6256,1.0,false
250575,250575,JGO TREN LED 17PZAS 156CM  831-D065-2514,Tren Navideño LED,Unid,China,186527.0,,,2025-09-24 13:36:10.383,6284,0.0,false
217449,217449,RENO DECO 201-3700149,RENO DECO 201-370014,Unid,Panamá,66194.0,,,2024-08-28 10:10:45.460,6255,0.0,false
163647,163647,"CINTA NAVIDEÑA 2,5x10 NB2236-50","CINTA NAVIDEÑA 2,5x1",Unid,Panamá,11507.0,,,2022-10-05 11:12:22.547,6278,3.0,false
217280,217280,831-AMX044-2484 POINSETIA 30X30CM,POINSETIA 30X30CM,Unid,Panamá,12134.0,,,2024-08-26 16:03:09.150,7373,0.0,false
187765,187765,FUNDA P/ALMOHADA NAVIDEÑA 170-2800241,FUNDA P/ALMOHADA,Unid,Panamá,16376.0,,,2023-08-14 11:16:15.870,6257,0.0,false
217378,217378,JGO ARBOLES DECOR 200-2100712,JGO ARBOLES DECOR 3P,Unid,Panamá,83935.0,,,2024-08-27 14:20:23.663,6257,0.0,false
217249,217249,831-AMX044-1799I POINSETIA 30CM BLANCO,POINSETIA 30CM BLANC,Unid,Panamá,11217.0,,,2024-08-26 14:39:16.477,6255,29.0,false
248379,248379,RAMA DECOR SENCILLAS BLANCAS 20X64X8CM 201-3500329,Rama Decorativa,Unid,Panamá,11288.0,,,2025-09-11 13:46:31.817,7370,18.0,false
250630,250630,BOUTIQUE LED 16X18X11CM BAT 831-D011-092,Boutique Navideña,Unid,China,143256.0,,,2025-09-24 14:19:53.090,6257,0.0,false
161673,161673,RAMA DECOR 201-3600109,RAMA DECOR 201-36001,Unid,Panamá,39250.0,,,2022-09-19 08:34:10.730,7370,3.0,false
191865,191865,"PLATO DE POSTRE COUP NATAL Ø20,5CM HARMONY",PLATO DE POSTRE COUP,Unid,Paraguay,26454.5454,,,2023-10-21 09:58:29.417,6264,0.0,false
76705,76705,CORONA NAV XMVI-017,Corona Navideña 017,Unid,Panamá,14739.0,,,2018-10-04 12:03:10.740,6257,0.0,false
215310,215310,150-8101008A SANTA DECOR,SANTA 150-8101008A,Unid,Panamá,89026.0,,,2024-07-23 09:39:32.350,6257,0.0,false
192749,192749,PONSETIA 831-AMX006-1897N,PONSETIA 831-AMX006-,Unid,Panamá,7256.0,,,2023-10-30 15:51:14.607,7373,1.0,false
215908,215908,PONSETIA DECOR 140-2501327,PONSETIA 140-2501327,Unid,Panamá,5583.0,,,2024-07-30 11:55:31.237,7373,8.0,false
246795,246795,FALDA PARA ARBOL 48X48X25CM 201-6700050,Falda Árbol 48x48 cm,Unid,Panamá,155578.0,,,2025-08-27 08:54:13.197,6256,0.0,false
217232,217232,RAMA DECOR 140-5201407,RAMA DECOR 140-52014,Unid,Panamá,7024.0,,,2024-08-26 14:12:05.147,7370,0.0,false
247521,247521,ARBOL 90CM NB25190-92,Árbol Navidad 90 cm,Unid,Panamá,47997.0,,,2025-08-29 15:31:38.513,6258,0.0,false
222460,222460,ARBOL+CANASTA 126/116,ARBOL+CANASTA 126/11,Unid,Paraguay,277558.3,,,2024-11-12 15:31:04.507,6256,0.0,false
247360,247360,ARBOL DECOR 10X10X36CM 130-7000557,Árbol Decorativo,Unid,Panamá,40202.0,,,2025-08-28 14:45:50.260,6259,0.0,false
247122,247122,CINTA 6.3CM x 9YDS 130-5400633,CINTA 6.3CM x 9YDS 1,Unid,Panamá,20309.0,,,2025-08-28 12:11:39.097,6278,0.0,false
254670,254670,VELA BOLA ROJO CON RELIEVE NB25195-150,VELA BOLA ROJO CON R,Unid,Panamá,23496.0,,,2025-10-24 14:03:19.763,6298,1.0,false
162376,162376,FLOR DECOR  140-2500741,FLOR DECOR  140-2500,Unid,Panamá,6207.0,,,2022-09-26 09:16:50.070,7373,5.0,false
247547,247547,GUIRNALDA NAVIDEÑA 9FTX12 NB25190-268,GUIRNALDA NAVIDEÑA 9,Unid,Panamá,47368.0,,,2025-08-29 16:34:35.123,6282,9.0,false
206251,206251,"CASCANUECES 1,8MTS JSR-JAN-319","CASCANUECES 1,8MTS",Unid,China,1504438.0,,,2024-04-10 17:46:11.573,7340,0.0,false
254738,254738,CANASTA NAVIDEÑA CH 831-XDA33-2501,CANASTA NAVIDEÑA CH,Unid,China,27038.625,,,2025-10-27 14:14:03.760,6275,1.0,false
217056,217056,831-XMTX349-2431 ESFERA DECO 8CM,ESFERA DECO 8CM,Unid,Panamá,7852.0,,,2024-08-23 11:45:51.050,6253,4.0,false
135414,135414,JGO DE BOLA DECOR 100MM 130-9501513,Jgo bola deco,Unid,Panamá,32811.0,,,2021-09-02 14:21:06.067,6253,10.0,false
254831,254831,CAMPANA NAVIDEÑA PARA COLGAR XM25200-45,CAMPANA NAVIDEÑA PAR,Unid,Panamá,163157.0,,,2025-10-28 12:18:10.720,7339,0.0,false
215204,215204,JG BOLAS 130-2501938,JG BOLAS 130-2501938,Unid,Panamá,36973.0,,,2024-07-22 14:48:05.843,6253,0.0,false
217276,217276,831-XB043G JGO 3 ESFERAS DORADO CAJA,JGO 3 ESFERAS DORADO,Unid,Panamá,41094.0,,,2024-08-26 15:34:33.397,6253,0.0,false
248075,248075,TOPIARIABASE YUTE VERDE/GRANATE 45CM 1042333,TOPIARIABASE YUTE VE,Unid,Brasil,92792.0,,,2025-09-09 10:35:02.840,7371,0.0,false
254705,254705,PICK DE FLOR NAVIDEÑA ROJO QD2552-2909,PICK DE FLOR NAVIDEÑ,Unid,Panamá,5482.0,,,2025-10-24 16:16:44.747,7373,470.0,false
250452,250452,RELLENO 61CM CAFE 240 831-AMX044- 24226,Relleno Café 61 cm,Unid,China,8533.0,,,2025-09-24 11:32:31.887,7370,7.0,false
248123,248123,BOLA GLITTER DORADA 10CM JG 1591307,BOLA GLITTER DORADA,Unid,Brasil,30749.0,,,2025-09-09 11:46:25.293,6253,54.0,false
247540,247540,CORONA 120 NB25190-598,CORONA 120 NB25190-5,Unid,Panamá,73253.0,,,2025-08-29 16:18:15.123,7372,0.0,false
191874,191874,PLATO HONDO COUP NATAL Ø21CM SANTA CLAUS,PLATO HONDO COUP NAT,Unid,Paraguay,29727.2727,,,2023-10-21 10:04:07.490,6264,68.0,false
217275,217275,831-XB043R JGO 3 ESFERAS ROJO,JGO 3 ESFERAS ROJO,Unid,Panamá,41094.0,,,2024-08-26 15:32:29.087,6253,0.0,false
220546,220546,VELA NAVIDEÑA 200GR,VELA NAVIDEÑA 200GR,Unid,Paraguay,63000.0,,,2024-10-10 14:59:42.267,6298,0.0,false
215903,215903,BOLSO P/ARBOL 201-6900003,BOLSO 201-6900003,Unid,Panamá,71211.0,,,2024-07-30 11:50:29.537,6257,48.0,false
254729,254729,BALDE DECORATIVO MD 201-4600081.,BALDE DECORATIVO MD,Unid,Panamá,232307.25,,,2025-10-27 13:42:01.730,6273,0.0,false
215809,215809,ALCE 201-2300130,ALCE 201-2300130,Unid,Panamá,79804.0,,,2024-07-30 10:16:44.847,6257,0.0,false
134562,134562,BOLA DECOR 12PZ 130-9500227,Bola navideña,Unid,Panamá,88300.4283,,,2021-08-25 16:11:59.820,6253,0.0,false
222417,222417,831-XMTX534-2403-60 CASCANUECES,CASCANUECES,Unid,VIETNAM,99210.5066,,,2024-11-08 14:37:07.023,7340,0.0,false
247376,247376,ADORNO VELA DE VIDRIO C/LUZ 24.5CM 180-3300675,ADORNO VELA DE VIDRI,Unid,Panamá,46246.0,,,2025-08-28 15:01:53.810,6298,0.0,false
245790,245790,RAMA DECOR 15X13X71.12CM 140-1301041,Rama Decorativa Roja,Unid,Panamá,25564.0,,,2025-08-19 16:41:31.120,7370,0.0,false
190316,190316,CESTA 201-6100015 MD,CESTA 201-6100015 M,Unid,Panamá,19612.8,,,2023-10-01 10:30:41.367,6276,0.0,false
135419,135419,PORTAPLATO 180-0700194,Portaplato,Unid,Panamá,9650.0,,,2021-09-02 14:42:23.737,6268,1.0,false
161337,161337,PICK DECOR 140-5201108,PICK DECOR 140-52011,Unid,Panamá,7783.0,,,2022-09-14 11:39:05.917,7373,0.0,false
246060,246060,CASCABEL ROJO 8X8X8CM 200-2000453,CAPANAS 8X8X8CM 200-,Unid,Panamá,9871.0,,,2025-08-22 11:11:40.937,7339,0.0,false
218657,218657,130-9502577 JG BOLA DECOR,130-9502577 JG BOLA,Unid,Panamá,30258.0,,,2024-09-13 14:56:07.363,6253,0.0,false
247030,247030,BOLAS 10CM EN CAJA PVC 4PZS 130-2501935,Bolas Decorativas,Unid,Panamá,42216.0,,,2025-08-28 10:49:43.260,6253,4.0,false
222675,222675,ESTRELLAS,ESTRELLAS,Unid,Paraguay,18181.8184,,,2024-11-15 13:58:07.077,6257,1.0,false
187007,187007,BOLA DECO 201-3500087,BOLA DECO 201-350008,Unid,Panamá,43305.0,,,2023-08-07 15:17:41.387,6253,30.0,false
203497,203497,1230-103 PLATO POSTRE,1230-103 PLATO POSTR,Unid,Brasil,14775.8,,,2024-02-21 10:19:11.200,6264,21.0,false
160663,160663,POINSETTIA DECOR 140-4101143,POINSETTIA DECOR 140,Unid,Panamá,16905.0,,,2022-08-31 15:45:18.593,7373,4.0,false
215526,215526,200-2000398 ADORNOS P/COLGAR,ADORNOS 200-2000398,Unid,Panamá,4414.0,,,2024-07-23 13:32:38.090,6257,0.0,false
254543,254543,BOLSA DE NAVIDAD NO TEJIDA NB2519-6831,BOLSA DE NAVIDAD NO,Unid,Panamá,2523.0,,,2025-10-23 15:56:48.877,6270,171.0,false
217226,217226,831-XB036CH JGO 4 ESFERAS,JGO 4 ESFERAS,Unid,Panamá,26410.0,,,2024-08-26 10:34:26.730,6253,0.0,false
187029,187029,ADORNO COLGANTE 201-3700107,ADORNO COLGANTE 201-,Unid,Panamá,13291.0,,,2023-08-07 15:54:09.863,7333,4.0,false
250551,250551,FIG ELFO-HNIEVE 2286CM S 831-CS007-2409,Elfo y Nieve Festivo,Unid,China,78350.0,,,2025-09-24 13:13:49.280,6255,5.0,false
163519,163519,PONSETIA 20CM CHAMPAÑA 831-AMX044-1888N,PONSETIA 20CM CHAMPA,Unid,Panamá,3211.0,,,2022-10-04 15:34:49.637,7373,2.0,false
254774,254774,SANTA Y MUÑECO DE NIEVE SENTADOS ST2527-71,SANTA Y MUÑECO DE NI,Unid,Panamá,45424.0,,,2025-10-27 16:10:57.793,6255,0.0,false
150824,150824,CUERDA DE LUCES MICRO LED 93765.,CUERDA DE LUCES MICR,Unid,Estados Unidos,34792.0,,,2022-03-29 09:52:57.357,6285,1.0,false
163484,163484,ORNAMENTO ESTRELLA 831-XMTX349-177,ORNAMENTO ESTRELLA 8,Unid,Panamá,6600.0,,,2022-10-04 13:37:57.400,6257,76.0,false
248078,248078,MINI ARBOL NAVIDADMACETA VERDE 60CM 1053604,MINI ARBOL NAVIDADMA,Unid,Brasil,61327.0,,,2025-09-09 10:37:30.653,7371,0.0,false
217225,217225,831-239-2453Z11 JGO 6 ESFERAS,JGO 6 ESFERAS,Unid,Panamá,18763.0,,,2024-08-26 10:31:59.770,6253,0.0,false
217551,217551,JGO TOPPER NAV C/LUZ 201-7800098,JGO TOPPER NAV C/LUZ,Unid,Panamá,126169.0,,,2024-08-28 14:39:48.933,6257,6.0,false
217181,217181,931-BC298-2404 ORNAMENTO SANTA,ORNAMENTO SANTA,Unid,Panamá,9891.0,,,2024-08-26 09:45:53.113,6257,2.0,false
160420,160420,CINTA 130-5800111,CINTA 130-5800111,Unid,Panamá,13202.1005,,,2022-08-25 11:25:28.327,6278,0.0,false
254655,254655,SET SERVILLETA NAVIDEÑA NB2519-7646,SET SERVILLETA NAVID,Unid,Panamá,4264.0,,,2025-10-24 12:10:02.807,6296,32.0,false
217259,217259,831-239-2418B JGO 4 ORNAMENTOS,JGO 4 ORNAMENTOS,Unid,Panamá,13561.0,,,2024-08-26 15:07:12.470,6253,0.0,false
246414,246414,"63 MM, 50 YARDAS / ROLLO DE CINTA JSR-DEC-24-656.",Cinta Cuadros Rojos,Unid,China,40683.0,,,2025-08-23 00:46:38.817,6278,0.0,false
194053,194053,Caminero Rojo Flor de Navidad,Caminero Rojo Flor d,Unid,Paraguay,56636.3633,,,2023-11-21 08:39:54.667,6290,0.0,false
247353,247353,RENO DECOR 26X11X48CM 201-1300220,RENO DECOR 26X11X48C,Unid,Panamá,93914.0,,,2025-08-28 14:39:39.580,6255,0.0,false
162249,162249,CINTA 130-5400060,CINTA 130-5400060,Unid,Panamá,11820.0,,,2022-09-23 14:15:26.950,6278,0.0,false
163597,163597,"CINTA NAVIDEÑA 2,5X10 NB2236-138","CINTA NAVIDEÑA 2,5X1",Unid,Panamá,16503.0,,,2022-10-05 09:59:50.600,6278,15.0,false
215241,215241,ADORNO COLGANTE 130-5001940,ADORNO COLGANTE,Unid,Panamá,21439.0,,,2024-07-22 16:10:29.880,6253,2.0,false
215800,215800,MALLA 130-6600144/25,MALLA 130-6600144/25,Unid,Panamá,29000.0,,,2024-07-30 10:09:53.933,6257,0.0,false
215744,215744,RAMA 140-1300857,RAMA 140-1300857,Unid,Panamá,18983.0,,,2024-07-29 11:12:27.413,7370,9.0,false
186651,186651,BOLAS 130-5001073,BOLAS 130-5001073,Unid,Panamá,22906.0,,,2023-08-03 16:52:11.320,6253,1.0,false
162545,162545,POINSETTIA 140-5801825,POINSETTIA 140-58018,Unid,Panamá,13946.0,,,2022-09-28 11:05:31.053,7373,2.0,false
250572,250572,JGO TREN LED 36PZAS 90CM B 831-D065-2507,Tren LED Navidad,Unid,China,198502.0,,,2025-09-24 13:34:21.760,6284,0.0,false
250762,250762,PLATO PRINCIPAL AZEVINHO 29 CM 1275-301,PLATO PRINCIPAL AZEV,Unid,Brasil,17239.0,,,2025-09-25 11:09:20.060,6264,1.0,false
256630,256630,Funda Posaplato Navidad del Paraguay,Funda Posaplato Navi,Unid,Paraguay,19090.9108,,,2025-11-28 14:03:41.423,6319,1.0,false
224474,224474,FLOR NAVIDEÑA ROJA LY21-230,FLOR NAVIDEÑA ROJA,Unid,Paraguay,5454.5454,,,2024-12-09 14:31:25.047,7373,5.0,false
250637,250637,COJIN NAV 50CM 400G BCO-RO 831-TQ01-2514,COJIN NAV 50CM 400G,Unid,China,85421.0,,,2025-09-24 14:30:28.960,6289,1.0,false
248148,248148,BOLA TUBO BRILLANTE/FOSCA/GLITTER GRANATE 1026476,BOLA TUBO BRILLANTE/,Unid,Brasil,34198.0,,,2025-09-09 11:53:36.963,6253,0.0,false
219575,219575,130-9502634 JG BOLA DECOR,130-9502634 JG BOLA,Unid,Panamá,29429.0,,,2024-09-23 15:46:37.750,6253,0.0,false
192858,192858,JUEGO DE PESEBRE BEA ALLEN,JUEGO DE PESEBRE BEA,Unid,Paraguay,407272.73,,,2023-10-31 11:24:13.513,6288,0.0,false
247446,247446,JG D/TOALLAS 2PZ 36X14X5CM 200-8900120,JG D/TOALLAS 2PZ 36X,Unid,Panamá,63029.0,,,2025-08-28 16:05:12.357,6293,0.0,false
247118,247118,CINTA 2.5CM x 9YDS 130-5400628,CINTA 2.5CM x 9YDS 1,Unid,Panamá,10994.0,,,2025-08-28 12:10:27.597,6278,0.0,false
163547,163547,RELLENO PONSETIA CHAMPAÑA 831-QDBC03-03N,RELLENO PONSETIA CHA,Unid,Panamá,7492.0,,,2022-10-05 08:54:39.250,7370,23.0,false
220919,220919,LATA RECTANGULAR NAVIDEÑA 05036,LATA RECT. NAVIDEÑA,Unid,Paraguay,13636.3636,,,2024-10-15 14:44:12.530,6257,0.0,false
219834,219834,201-7500063 ARBOL 14.2X14.1X18.5CM,ARBOL 14.2X14.1X18.5,Unid,Panamá,59780.0,,,2024-09-26 10:58:59.283,6257,0.0,false
160612,160612,RAMA DECOR 140-2200333,RAMA DECOR 140-22003,Unid,Panamá,31383.0,,,2022-08-30 10:11:47.730,7370,1.0,false
191370,191370,CANASTA CLARA GR,CANASTA CLARA GR,Unid,Paraguay,10909.0908,,,2023-10-13 16:13:31.807,6272,0.0,false
215220,215220,CINTA 130-3400532,CINTA 130-3400532,Unid,Panamá,24178.0,,,2024-07-22 15:41:01.237,6278,6.0,false
219817,219817,201-0500090 CALENDARIO DECO,CALENDARIO 201-05000,Unid,Panamá,103652.0,,,2024-09-26 10:07:13.500,6257,0.0,false
187738,187738,FLOR DECOR 140-5201152,Flor Decorativa,Unid,Panamá,11370.0,,,2023-08-14 10:12:00.860,7373,95.0,false
246080,246080,PLATO HOJA VERDE 19.5X16.5X3CM 200-6600815,Plato Hoja Verde,Unid,Panamá,24299.0,,,2025-08-22 11:59:28.833,6264,2.0,false
191710,191710,CINTA NB2336-476,CINTA NB2336-472,Unid,Panamá,11327.0,,,2023-10-19 16:15:45.490,6278,32.0,false
246860,246860,CALENDARIO DECOR 23X1.2X35.5CM 201-9200184,CALENDARIO DECOR 23X,Unid,Panamá,44630.0,,,2025-08-27 10:11:16.927,7333,0.0,false
161382,161382,SANTA DECOR 150-8100602A,SANTA DECOR 150-8100,Unid,Panamá,67370.0,,,2022-09-14 14:28:41.370,6257,1.0,false
186674,186674,CINTA 130-5400308,CINTA 130-5400308,Unid,Panamá,18011.0,,,2023-08-04 08:48:44.073,6278,0.0,false
246498,246498,VASO DE WHISKY DE 540 ML JSR-DEC-24-776.,VASO DE WHISKY,Unid,China,20195.0,,,2025-08-23 08:45:07.463,6267,0.0,false
217503,217503,CASA C/LUZ A/BAT200-9800225,CASA C/LUZ A/BAT200,Unid,Panamá,81773.0,,,2024-08-28 11:06:07.200,6257,0.0,false
215082,215082,JG BOLAS DECOR 130-1900654,JG BOLAS 130-1900654,Unid,Panamá,33772.0,,,2024-07-19 11:56:55.727,6253,0.0,false
247361,247361,ARBOL DECOR 13X13X45CM 130-7000558,Árbol Decorativo,Unid,Panamá,60007.0,,,2025-08-28 14:46:19.727,6259,0.0,false
166450,166450,SERVILLETERO AMOR,SERVILLETERO AMOR,Unid,Paraguay,11454.5466,,,2022-10-20 10:24:05.960,6319,0.0,false
215043,215043,ESTRELLA DECOR 130-0200074,ESTRELLA 130-0200074,Unid,Panamá,9546.0,,,2024-07-19 09:44:05.493,6257,2.0,false
186653,186653,JGO BOLAS 4PZ 130-5001150,JGO BOLAS 4PZ 130-50,Unid,Panamá,40713.0,,,2023-08-03 16:53:52.790,6253,0.0,false
186706,186706,RAMA DECO 140-1300609,RAMA DECO 140-130060,Unid,Panamá,8109.0,,,2023-08-04 10:19:30.983,7370,0.0,false
246249,246249,TAZA DE 350 ML JSR-DEC-24-173,TAZA DE 350 ML,Unid,China,9215.0,,,2025-08-22 20:37:01.277,6266,0.0,false
118345,118345,ESPIRITU SANTO 11 CM,ESPIRITU SANTO 11 CM,Unid,Paraguay,72727.2722,,,2020-11-25 10:00:20.740,6257,1.0,false
247249,247249,ADORNO COLGANTE 140-4102028,Adorno Colgante 140,Unid,Panamá,16281.0,,,2025-08-28 13:46:06.273,7333,0.0,false
186619,186619,CINTA 130-3400447,CINTA 130-3400447,Unid,Panamá,22990.0,,,2023-08-03 15:20:06.443,6278,0.0,false
215382,215382,BOLA 130-2502212,BOLA 130-2502212,Unid,Panamá,43588.0,,,2024-07-23 10:29:49.503,6253,0.0,false
247184,247184,CASCABELES 10X10X15.5CM 202-1000019,CASCABELES 10X10X15.,Unid,Panamá,23583.0,,,2025-08-28 13:21:00.223,7339,0.0,false
247073,247073,BOLA 20CM 1PZ 130-2502559,Esfera Roja 20cm,Unid,Panamá,49014.0,,,2025-08-28 11:46:00.770,6253,1.0,false
254286,254286,CAJA DOBR BEBIDA CIMA DOUR MARRON 1UN 19000885,CAJA DOBR BEBIDA CIM,Unid,Brasil,61079.0,,,2025-10-22 10:12:24.087,6273,14.0,false
217108,217108,ADORNO P/COLGAR 140-4101924,ADORNO P/COLGAR 140-,Unid,Panamá,18192.0,,,2024-08-23 14:57:31.503,6257,3.0,false
215556,215556,200-4100297 CASCANUECES,CASCANUECES 200-4100,Unid,Panamá,84980.0,,,2024-07-23 14:32:27.910,7340,0.0,false
253981,253981,ESTANTE P/POTES 202-2100001,ESTANTE P/POTES 202-,Unid,Panamá,1165157.0,,,2025-10-17 10:45:28.773,6268,0.0,false
250444,250444,RELLENO 82CM CHAMPANA  831-AMX018- 2478N,RELLENO 82CM CHAMPAN,Unid,China,5947.0,,,2025-09-24 11:29:08.327,7370,22.0,false
217234,217234,RAMA DECOR 140-5201409,RAMA DECOR 140-52014,Unid,Panamá,6934.0,,,2024-08-26 14:14:37.903,7370,1.0,false
245999,245999,FALDA D/ARBOL CIRCULO ROJO 116X116X1CM 160-4503699,Falda Árbol Rojo,Unid,Panamá,94241.0,,,2025-08-21 16:42:28.037,6256,0.0,false
217253,217253,FLOR NAV DECOR 140-5201488,FLOR NAV DECOR 140-5,Unid,Panamá,19722.0,,,2024-08-26 15:01:04.790,7373,0.0,false
247397,247397,SAGRADA FAMILIA 100-0400443,Pesebre Sagrada Fam.,Unid,Panamá,63196.0,,,2025-08-28 15:18:11.777,6288,0.0,false
247217,247217,RAMA DECOR 140-0300061,Rama Decorativa Roja,Unid,Panamá,15778.0,,,2025-08-28 13:36:34.547,7370,0.0,false
247421,247421,COJIN 45X45CM 170-2000636,COJIN 45X45CM 170-20,Unid,Panamá,68400.0,,,2025-08-28 15:47:10.957,6289,0.0,false
219887,219887,201-9800014 VILLA C/LUZ A BATERIA,VILLA C/LUZ A BAT,Unid,Panamá,55090.0,,,2024-09-26 14:32:29.880,6257,0.0,false
187793,187793,PORTAPLATO 180-7600194,PORTAPLATO 180-76001,Unid,Panamá,11710.0,,,2023-08-14 14:57:00.360,6265,0.0,false
215253,215253,ARBOL DECOR 130-7000457,ARBOL DECOR 130-7000,Unid,Panamá,22666.0,,,2024-07-22 16:27:46.870,6257,0.0,false
194050,194050,Muestra Individual Flor de Navidad,Muestra Individual F,Unid,Paraguay,28636.366,,,2023-11-21 08:36:11.807,6291,1.0,false
247098,247098,JG BOLAS 4PZ 10CM 130-5002010,Bolas Navidad Rojas,Unid,Panamá,36676.0,,,2025-08-28 12:03:20.000,6253,28.0,false
205926,205926,BOWL NAVIDEÑO JSR-NOV-1008,BOWL NAVIDEÑO,Unid,China,55100.0,,,2024-04-06 12:32:35.980,6268,0.0,false
213789,213789,PLATO PRINCIPAL GUIRNALDA 1155-101,PLATO 1155-101,Unid,Brasil,39509.0,,,2024-06-27 14:42:59.010,6264,3.0,false
190559,190559,CAJA  DECOR 200-2100653 GD,CAJA  DECOR 200-2100,Unid,Panamá,77075.25,,,2023-10-04 09:30:04.527,6257,0.0,false
250397,250397,RELLENO 76CM DORADO 24 831-AMX001- 2524B,RELLENO 76CM DORADO,Unid,China,9740.0,,,2025-09-24 11:05:57.340,7370,53.0,false
247291,247291,RAMA DECOR 140-5201735,Rama Decorativa,Unid,Panamá,5959.0,,,2025-08-28 13:58:21.440,7370,0.0,false
190694,190694,ARBOL 90CM NB24190-80,ARBOL 90CM NB24190-8,Unid,Panamá,33603.0,,,2023-10-05 14:23:02.660,6258,0.0,false
221603,221603,ARBOL MD C/LUZ A/BAT 200-2100839,ARBOL MD C/LUZ A/BAT,Unid,Panamá,52880.0,,,2024-10-28 11:17:19.693,6259,3.0,false
246769,246769,SERVILLETERO 10.2X9.3X13CM 201-2801038,Servilletero,Unid,Panamá,52055.0,,,2025-08-27 08:22:22.127,6319,4.0,false
161584,161584,GNOMO 200-2400217,GNOMO 200-2400217,Unid,Panamá,63603.0,,,2022-09-16 09:57:46.707,6257,0.0,false
246215,246215,BOLA DE NAVIDAD DE 20 CM JSR-DEC-24-20.,Bola Navidad 20 cm,Unid,China,23528.0,,,2025-08-22 18:30:12.617,6253,73.0,false
246335,246335,"CINTA DE 6,3 CM X 10 YARDAS JSR-DEC-24-493","Cinta Roja 6,3 cm x",Unid,China,15686.0,,,2025-08-22 23:01:19.593,6268,0.0,false
256122,256122,BOLA PERLA 10CM 4 PC 1058911,BOLA PERLA 10CM 4 PC,Unid,Paraguay,0.0,,,2025-11-19 12:00:15.337,6253,4.0,false
163651,163651,Tallo Navideño 16cm QD2206-689,Tallo Navideño 16cm,Unid,Panamá,6333.0,,,2022-10-05 11:14:40.360,7370,2.0,false
250346,250346,PONSETIA 25X30CM 12P ROJ 831-AMX001- 25260C,Ponsetia Roja 25x30,Unid,China,5947.0,,,2025-09-24 10:29:53.580,7373,87.0,false
218626,218626,130-0500135 JG ADORNO P/ARBOL,130-0500135 JG ADORN,Unid,Panamá,29982.0,,,2024-09-13 14:13:33.653,6253,1.0,false
215360,215360,SANTA 160-4503400,SANTA 160-4503400,Unid,Panamá,89062.0,,,2024-07-23 10:18:13.520,6257,0.0,false
215747,215747,RAMA 140-1300942,Rama Decorativa,Unid,Panamá,11899.0,,,2024-07-29 11:18:36.247,7370,31.0,false
217513,217513,BUZON D/CORREO DECOR 200-9900006/1,BUZON D/CORREO DECOR,Unid,Panamá,583203.0,,,2024-08-28 11:21:58.263,6257,0.0,false
219805,219805,200-7200148/1 ESCENA NAVIDAD C/LUZ,ESCENA NAVIDAD C/LUZ,Unid,Panamá,332017.0,,,2024-09-26 09:51:44.923,6288,0.0,false
247197,247197,BOLA D/AGUA 7.6X6X6.9CM 200-7600199,Esfera Santa Claus,Unid,Panamá,15191.0,,,2025-08-28 13:27:38.563,6253,6.0,false
163697,163697,BANDEJA PLASTICA 35x25x3CM XM21147-28,BANDEJA PLASTICA 35x,Unid,Panamá,25869.0,,,2022-10-05 13:19:11.703,6262,3.0,false
223248,223248,TAZA ENLOZADA NAVIDEÑA,TAZA ENLOZADA NAVIDE,Unid,Paraguay,26363.64,,,2024-11-21 16:33:57.170,6268,0.0,false
193100,193100,GLOBO 150MM LISO DORADO 23021.,GLOBO 150MM LISO DOR,Unid,Paraguay,49909.0908,,,2023-11-02 11:38:19.413,6253,2.0,false
135542,135542,JGO DE BOLA DECOR 130-9501799,Bola deco,Unid,Panamá,35794.0,,,2021-09-03 11:06:15.290,6253,0.0,false
217555,217555,CONO DECOR 201-840016,CONO DECOR 201-84001,Unid,Panamá,95907.0,,,2024-08-28 14:42:30.823,6257,0.0,false
215419,215419,170-0200005 BOTA DECOR,BOTA 170-0200005,Unid,Panamá,16923.0,,,2024-07-23 10:46:44.550,6257,0.0,false
254827,254827,CAMPANA NAVIDEÑA PARA COLGAR XM25200-31,CAMPANA NAVIDEÑA PAR,Unid,Panamá,50383.0,,,2025-10-28 12:05:46.650,7339,1.0,false
160847,160847,MAGNOLIA DECOR 140-5101292,MAGNOLIA DECOR 140-5,Unid,Panamá,27450.0,,,2022-09-02 14:19:13.013,7373,0.0,false
190886,190886,TAZA NAVIDEÑO 400ML GA823-7AL1978,TAZA NAVIDEÑO 400ML,Unid,Paraguay,27167.2466,,,2023-10-10 08:45:46.850,6268,2.0,false
247243,247243,ADORNO COLGANTE 8CM 130-5002185,Adorno Colgante,Unid,Panamá,12673.0,,,2025-08-28 13:44:59.550,7333,0.0,false
247039,247039,JG BOLAS 4PZ 10X20X20CM 130-2502290,Esferas Brillantes,Unid,Panamá,31641.0,,,2025-08-28 10:57:09.460,6253,36.0,false
247381,247381,ZORRO DECOR 15X7.50X25CM 201-1300227,Zorro Decorativo,Unid,Panamá,23835.0,,,2025-08-28 15:08:11.907,6255,0.0,false
246075,246075,CASCANUECES 2 SURT 200-4100368,CASCANUECES 2 SURT 2,Unid,Panamá,65721.0,,,2025-08-22 11:51:48.800,7340,0.0,false
248539,248539,SANTA DECOR C/MUS C/MOV 23X15X40.5CM 160-4503786,SANTA DECOR C/MUS C/,Unid,Panamá,109870.0,,,2025-09-12 11:04:37.140,6255,2.0,false
163609,163609,"CINTA NAVIDEÑA 2,5x10 NB2236-363","CINTA NAVIDEÑA 2,5x1",Unid,Panamá,16503.0,,,2022-10-05 10:20:47.833,6278,4.0,false
217351,217351,CAMINO D/MESA 170-2701099,CAMINO D/MESA 170-27,Unid,Panamá,101493.0,,,2024-08-27 11:02:05.883,6290,0.0,false
246242,246242,TAZA DE 400ML JSR-DEC-24-104,TAZA DE 400ML,Unid,China,16568.0,,,2025-08-22 19:42:39.253,6266,2.0,false
135432,135432,PORTAPLATO 180-7900154,Portaplato,Unid,Panamá,14299.0,,,2021-09-02 14:57:42.207,6268,4.0,false
163350,163350,BOLSA P/VINO NB2219-1723,BOLSA P/VINO NB2219-,Unid,Panamá,3568.0,,,2022-09-30 15:29:35.420,6269,0.0,false
191357,191357,PELOTA  YSYPO BLANCA G,PELOTA  YSYPO BLANCA,Unid,Paraguay,13636.3638,,,2023-10-13 15:55:12.323,6257,9.0,false
162236,162236,ARBOL DECOR 130-4200248,ARBOL DECOR 130-4200,Unid,Panamá,3486.0,,,2022-09-23 13:43:08.383,6257,0.0,false
245958,245958,PIERNA D/ELFO DECOR 13X4X59CM 150-8101042,Pierna Elfo,Unid,Panamá,23286.0,,,2025-08-21 14:08:06.897,7333,10.0,false
215555,215555,200-4100296 CASCANUECES,CASCANUECES 200-4100,Unid,Panamá,85714.0,,,2024-07-23 14:29:29.667,7340,0.0,false
160718,160718,POINSETTIA DECOR 140-4101209,POINSETTIA DECOR 140,Unid,Panamá,15231.0,,,2022-08-31 16:52:18.267,7373,3.0,false
255383,255383,DIFUSOR 125ML FLOR DE COCO,DIFUSOR 125ML FLOR D,Unid,Paraguay,38181.8182,,,2025-11-07 14:42:28.340,6298,0.0,false
215225,215225,ADORNO COLGANTE 130-5001771,ADORNO 130-5001771,Unid,Panamá,8594.0,,,2024-07-22 15:50:23.170,7333,2.0,false
246777,246777,ARDILLA NAV.DECOR 17X12X26CM 201-3400282,ARDILLA NAV.DECOR 17,Unid,Panamá,64711.0,,,2025-08-27 08:41:15.027,6255,0.0,false
219820,219820,201-2800820 CASA DECOR C/LUZ,CASA DECOR C/LUZ,Unid,Panamá,60424.0,,,2024-09-26 10:22:48.600,6257,0.0,false
250301,250301,JGO 4 ESFERAS 10CM CAJA P 831-239-2477W,Set 4 Esferas 10cm,Unid,China,28444.0,,,2025-09-24 09:56:43.270,6253,9.0,false
254537,254537,SET BOLA NAVIDEÑA 10CM CHAMPAGNE NB2519-6296,SET BOLA NAVIDEÑA 10,Unid,Panamá,16272.0,,,2025-10-23 15:37:20.763,6253,81.0,false
245685,245685,NAV JG NACIMIENTO 11PZ 026-490383,NAV JG NACIMIENTO,Unid,Panamá,346936.0,,,2025-08-19 15:45:21.387,6288,0.0,false
134100,134100,VELA C/ AROMA 046-966818,Vela Aromática,Unid,Panamá,12925.0,,,2021-08-19 16:23:31.400,6298,0.0,false
215217,215217,JG BOLAS 130-2502196,JG BOLAS 130-2502196,Unid,Panamá,39823.0,,,2024-07-22 15:35:19.820,6253,0.0,false
246828,246828,RENO DECOR 16X7X16CM 201-7700198,Reno Decorativo,Unid,Panamá,83864.0,,,2025-08-27 09:16:08.210,6255,1.0,false
246259,246259,TAZA DE 350 ML JSR-DEC-24-203,TAZA DE 350 ML JSR-D,Unid,China,8627.0,,,2025-08-22 20:50:01.307,6266,0.0,false
248548,248548,INDIVIDUAL DISEÑO NAVIDEÑ 45X30X0.10CM 170-2400255,INDIVIDUAL DISEÑO NA,Unid,Panamá,19984.0,,,2025-09-12 11:14:41.777,6291,1.0,false
160610,160610,RAMA DECOR 140-2200309,RAMA DECOR 140-22003,Unid,Panamá,41174.0,,,2022-08-30 09:59:39.793,7370,2.0,false
215758,215758,LETRERO 200-4500033,LETRERO 200-4500033,Unid,Panamá,401033.0,,,2024-07-29 13:41:47.740,6285,0.0,false
247364,247364,ARBOL DECOR 7X7X18CM 140-1500725,ARBOL DECOR 7X7X18CM,Unid,Panamá,6630.0,,,2025-08-28 14:49:01.597,6259,1.0,false
222745,222745,ARBOLITO COLGANTE,ARBOLITO COLGANTE,Unid,Paraguay,31818.1818,,,2024-11-18 10:43:55.983,6257,0.0,false
206368,206368,TAZA 500ML JSR- DEC-308,TAZA 500ML JSR- DEC-,Unid,China,18434.0,,,2024-04-11 17:37:40.613,6266,0.0,false
135338,135338,CINTA 130-3400271,CINTA 130-3400271,Unid,Panamá,12381.52,,,2021-09-02 10:26:53.070,6278,0.0,false
246331,246331,"SERVILLETERO DE 5,3 CM DEC-24-452",SERVILLETERO DEC-24,Unid,China,6569.0,,,2025-08-22 22:44:15.233,6319,0.0,false
161322,161322,PICK DECOR 140-5200944,PICK DECOR 140-52009,Unid,Panamá,10796.0,,,2022-09-14 09:41:39.883,7373,2.0,false
162189,162189,JG BOLA 4PZ 130-2500620,JG BOLA 4PZ 130-2500,Unid,Panamá,39796.0,,,2022-09-23 07:35:47.457,6253,5.0,false
192808,192808,PLATO DECO 831-K006-034-23D-,PLATO DECO 831-K006-,Unid,Panamá,19262.0,,,2023-10-31 09:12:50.673,6264,0.0,false
160603,160603,CONO DECOR 140-2200064,CONO DECOR 140-22000,Unid,Panamá,138338.0,,,2022-08-30 09:44:45.310,6257,0.0,false
62912,62912,LUZ 200F F: CALIDO/C: VERDE 20MTS 10201 220V,Luz Cálida Verde 20m,Unid,Paraguay,101649.2641,,,2017-10-30 14:26:23.060,6285,121.0,false
217069,217069,831-MX2416-2471 ESTRELLA LED DORADO,ESTRELLA LED DORADO,Unid,Panamá,51903.0,,,2024-08-23 14:10:55.460,6256,0.0,false
217267,217267,RAMA DECOR 140-5201562,RAMA DECOR 140-52015,Unid,Panamá,20804.0,,,2024-08-26 15:17:26.000,7370,0.0,false
215529,215529,JG CAJA D/REGALO 200-2100636,CAJA 200-2100636,Unid,Panamá,107667.0,,,2024-07-23 13:36:26.977,6273,0.0,false
246400,246400,"63 MM, CINTA DE 10 YARDAS / ROLLO JSR-DEC-24-633",Cinta Decorativa,Unid,China,15391.0,,,2025-08-23 00:35:28.093,6278,61.0,false
136621,136621,ARBOL  180CM  NB24190-148,ARBOL  180CM  NB2419,Unid,Panamá,386430.0,,,2021-09-15 16:10:50.620,6258,3.0,false
217546,217546,JGO TREN NAVIDEÑO C/LUZ 20 PCS 207-7800026,JGO TREN NAVIDEÑO,Unid,Paraguay,245373.7777,,,2024-08-28 14:28:12.173,6284,0.0,false
160646,160646,POINSETTIA DECOR 140-4101078,POINSETTIA DECOR 140,Unid,Panamá,21253.132,,,2022-08-31 08:45:24.010,7370,57.0,false
248031,248031,BOLA GOMO VINO 1089777,BOLA GOMO VINO 10897,Unid,Brasil,34759.0,,,2025-09-09 09:38:33.280,6253,0.0,false
191592,191592,PAPEL DE REGALO NB2325-14,PAPEL DE REGALO NB23,Unid,Panamá,15749.0,,,2023-10-17 15:32:45.533,6270,0.0,false
246505,246505,JUEGO DE 4 CUCHARAS 16 X 19 CM JSR-DEC-24-860,JUEGO DE 4 CUCHARAS,Unid,China,19607.0,,,2025-08-23 08:53:54.957,6263,0.0,false
213867,213867,SERVILLETERO NAVIDAD JUGUETES VERDE 231.5890,SERVILLETERO 231.589,Unid,Brasil,38220.0,,,2024-06-28 11:42:34.953,6268,0.0,false
215250,215250,ADORNO 130-7000388,Adorno Navideño,Unid,Panamá,27636.4705,,,2024-07-22 16:22:24.067,6257,7.0,false
247544,247544,CORONA 20X6 NB25190-152,CORONA 20X6 NB25190-,Unid,Panamá,36678.0,,,2025-08-29 16:28:56.823,6257,1.0,false
250296,250296,JGO 6 ESFERAS 8CM CAJA PV 831-239-2473G,Juego Esferas,Unid,China,22065.0,,,2025-09-24 09:53:45.177,6253,0.0,false
246253,246253,TAZA DE 350 ML JSR-DEC-24-180,TAZA DE 350 ML JSR-D,Unid,China,13920.0,,,2025-08-22 20:43:11.270,6266,6.0,false
248536,248536,MUÑECO D/GENGIBRE C/CARAMELO 150-8000655,Muñeco Jengibre,Unid,Panamá,61957.0,,,2025-09-12 11:00:03.363,6255,0.0,false
246802,246802,ALFOMBRA 60X40X1.50CM 201-6800099,Alfombra Navidad,Unid,Panamá,36025.0,,,2025-08-27 08:59:21.227,6439,0.0,false
256666,256666,TAMBOR NAVIDEÑO MD XM25144-38,TAMBOR NAVIDEÑO MD X,Unid,Panamá,91311.6666,,,2025-11-29 08:20:14.477,6257,2.0,false
215232,215232,CAJA D/REGALO COLGANTE 130-5001820,CAJA 130-5001820,Unid,Panamá,15772.0,,,2024-07-22 15:56:22.090,6272,0.0,false
139111,139111,DECORACION DE NAVIDAD NB21134-19,DECORACION DE NAVIDA,Unid,Panamá,101512.0,,,2021-10-26 11:19:14.583,6257,2.0,false
215198,215198,PAMPA C/LUZ 120-7000042,PAMPA C/LUZ 120-7000,Unid,Panamá,21613.0,,,2024-07-22 14:36:02.730,6257,7.0,false
219829,219829,201-6700014 BASE DECORATIVA P/ARBOL,BASE DECOR P/ARBOL,Unid,Panamá,67410.0,,,2024-09-26 10:53:46.810,6256,0.0,false
246209,246209,BOLA DE NAVIDAD DE 15 CM JSR-DEC-24-9.,Bola Navidad 15 cm,Unid,China,9705.0,,,2025-08-22 18:24:55.287,6253,119.0,false
217342,217342,CASCANUECES 12X9X40CM 160-0300106,CASCANUECES 12X9X40,Unid,Panamá,75738.0,,,2024-08-27 10:35:42.640,7340,0.0,false
247978,247978,"CINTA CUADRÍCULA VERDE/ROJO 6,3X914CM 1069721",CINTA CUADRÍCULA VER,Unid,Brasil,14583.0,,,2025-09-09 09:01:50.243,6278,0.0,false
136340,136340,ARBOL 180CM NB24190-3,ARBOL 180CM NB24190-,Unid,Panamá,470435.0,,,2021-09-13 12:32:40.627,6260,0.0,false
246583,246583,BOLSA DE PAPEL 33 X 26 X 12 CM JSR-APR-6633,BOLSA DE PAPEL 33 X,Unid,China,1373.0,,,2025-08-25 10:35:47.267,6271,7.0,false
186801,186801,PLATO DECO 180-3300351,PLATO DECO 180-33003,Unid,Panamá,74238.0,,,2023-08-05 09:21:01.680,6264,0.0,false
215437,215437,COJIN 170-3000357,COJIN 170-3000357,Unid,Panamá,70648.0,,,2024-07-23 10:56:21.873,6257,0.0,false
219853,219853,1057153 BOLA TERCIOPELO SETX6,BOLA TERCIOPELO,Unid,Brasil,79277.0,,,2024-09-26 11:14:24.260,6253,0.0,false
219807,219807,200-810013 ESTRELLA DECOR,ESTRELLA DECOR,Unid,Panamá,44974.0,,,2024-09-26 09:56:46.097,6257,0.0,false
160621,160621,CONO DECOR 140-2200389,CONO DECOR 140-22003,Unid,Panamá,132144.0,,,2022-08-30 10:40:12.000,6257,0.0,false
250313,250313,JGO 6 ESFERAS 8CM CAJA  831-239-2476Z23,Juego Esferas,Unid,China,22582.0,,,2025-09-24 10:07:16.790,6253,0.0,false
247085,247085,CINTA 6CM 130-3400615,CINTA 6CM 130-340061,Unid,Panamá,21485.0,,,2025-08-28 11:57:30.830,6278,0.0,false
248336,248336,BUZON C/LUZ C/MUS A/BAT3 200-4300082,BUZON C/LUZ C/MUS A/,Unid,Panamá,151346.0,,,2025-09-10 15:56:12.930,6257,0.0,false
171283,171283,BOLSA 52X70 TRANSPARENTE 37891,BOLSA 52X70 TRANSPAR,Unid,Paraguay,1527.2728,,,2022-12-15 10:53:01.583,6271,0.0,false
192387,192387,ESFERA 831-XB044GDG,ESFERA 831-XB044GDG,Unid,Panamá,41633.0,,,2023-10-26 10:40:15.897,6253,5.0,false
222650,222650,ARBOLITO DE CROCHET S VERDE CON ROJO,ARBOLITO CROCHET S,Unid,Paraguay,49454.5452,,,2024-11-14 15:50:36.517,6257,2.0,false
192856,192856,BOLSA P/CORONA 031-XWB06,BOLSA P/CORONA 031-X,Unid,Panamá,44915.0,,,2023-10-31 11:22:33.820,6269,0.0,false
162352,162352,FLOR DECOR 140-2500485,FLOR DECOR 140-25004,Unid,Panamá,6718.0,,,2022-09-26 08:34:44.163,7373,1.0,false
245977,245977,FALDA DE ARBOL 107X6X107CM 150-8101087,FALDA DE ARBOL 107X6,Unid,Panamá,209232.0,,,2025-08-21 15:42:48.230,6257,1.0,false
247408,247408,PLANTA NAV C/POTE 50CM 140-5702895,Planta Navidad 50cm,Unid,Panamá,52285.0,,,2025-08-28 15:36:21.017,7371,0.0,false
191717,191717,CINTA NB2336-496,CINTA NB2336-496,Unid,Panamá,17552.0,,,2023-10-19 16:56:46.807,6278,0.0,false
187816,187816,SETX2 TOALLAS 200-8900091,SETX2 TOALLAS 200-89,Unid,Panamá,63386.0,,,2023-08-14 16:44:10.053,6273,0.0,false
247558,247558,ARBOL  210CM NB25190-409,ARBOL  210CM NB25190,Unid,Panamá,533936.0,,,2025-09-01 09:43:04.103,6260,0.0,false
248047,248047,CORDÓN1000 LUCES 8 FUNCIONES VERDE BIVOLT 1058390,CORDÓN1000 LUCES 8 F,Unid,Brasil,159711.0,,,2025-09-09 10:03:27.217,6285,0.0,false
186671,186671,CINTA 130-5400298,CINTA 130-5400298,Unid,Panamá,17472.0,,,2023-08-04 08:46:20.117,6278,4.0,false
247394,247394,CORONA 18 65 TIPS 047-140069,CORONA 18 65 TIPS 0,Unid,Panamá,28619.0,,,2025-08-28 15:16:48.103,7372,2.0,false
140278,140278,CAJA NAVIDEÑA DECO 831-XMTX194-244M-21C,CAJA NAVIDEÑA DECO 8,Unid,Panamá,13686.0,,,2021-11-11 12:19:49.390,6274,5.0,false
247196,247196,PONSETIA DECOR 24X24X25CM 140-2501565,Poinsetia Decorativa,Unid,Panamá,5875.0,,,2025-08-28 13:27:29.950,7373,155.0,false
162221,162221,CINTA 130-3400276,CINTA 130-3400276,Unid,Panamá,14966.0,,,2022-09-23 11:41:17.853,6278,1.0,false
246768,246768,CASA DECOR C/LUZ A/BAT2 9X6.5X16.4CM 201-2801037,CASA DECOR C/LUZ A/B,Unid,Panamá,54419.0,,,2025-08-27 08:21:11.813,6257,0.0,false
246793,246793,TAMBOR D/ARBOL 65X65X25CM 201-6700049,TAMBOR D/ARBOL 65X65,Unid,Panamá,112383.0,,,2025-08-27 08:53:16.530,6268,0.0,false
248408,248408,ARBOL HILOS PLATA 13X13X38CM 201-840077,Árbol Hilos Plata,Unid,Panamá,90305.0,,,2025-09-11 15:02:08.447,6258,0.0,false
217547,217547,JGO ARBOL NAV C/TREN 201-7800052,JGO ARBOL NAV C/TREN,Unid,Panamá,173540.0,,,2024-08-28 14:29:05.583,6284,2.0,false
257403,257403,Taza Rosa Alegria Navidad,Taza Rosa Alegria Na,Unid,Paraguay,42545.455,,,2025-12-09 08:12:12.467,6268,0.0,false
134248,134248,BOLA 130-2500141,Bola Deco,Unid,Panamá,5952.0,,,2021-08-20 16:35:59.283,6253,4.0,false
245996,245996,MUÑECO D/NIEVE REGALO PARAD 23X14X65CM 150-8101138,MUÑECO D/NIEVE 23X14,Unid,Panamá,128245.0,,,2025-08-21 16:39:35.340,6287,0.0,false
216874,216874,POINSETIA DECOR 140-4101718,POINSETIA DECOR 140-,Unid,Panamá,15670.0,,,2024-08-20 12:14:25.423,7373,33.0,false
246516,246516,COPA DE VINO DE 400 ML JSR-DEC-24-892,COPA DE VINO,Unid,China,14607.0,,,2025-08-23 09:07:21.733,6267,1.0,false
256005,256005,KIT EL NACIMIENTO,KIT EL NACIMIENTO,Unid,Paraguay,90909.09,,,2025-11-18 11:06:30.550,6298,0.0,false
218587,218587,831-D033-2406 JUEGO 6 CASCANUECES,Juego Cascanueces,Unid,Panamá,49044.0,,,2024-09-13 11:19:59.573,6255,0.0,false
250465,250465,ORNAMENTO 161CM MULTIC S3 831-D113-2513,Adorno Navideño,Unid,China,5429.0,,,2025-09-24 11:40:30.307,6257,1.0,false
217542,217542,ADORNO D/PARED 201-7600028,ADORNO D/PARED 201-7,Unid,Panamá,15219.0,,,2024-08-28 14:20:54.100,6257,2.0,false
217418,217418,HANGER DECO 201-2200197,HANGER DECO 201-2200,Unid,Panamá,26477.0,,,2024-08-28 09:24:51.007,6257,0.0,false
246034,246034,INDIVIDUAL CIRCULO HUECOS 38X38X0.10CM 180-0500230,INDIVIDUAL 38X38X0.1,Unid,Panamá,7340.0,,,2025-08-22 09:38:34.320,6291,0.0,false
217311,217311,831-2788-239101373R JGO 4 ESFERAS FELPA CAJA,Juego Esferas,Unid,Panamá,11205.0,,,2024-08-27 08:54:26.200,6253,0.0,false
254462,254462,CAJA DE JENGIBRE G 1020651,CAJA DE JENGIBRE G,Unid,Brasil,25544.25,,,2025-10-23 11:03:29.933,6274,21.0,false
217298,217298,ANGEL DECOR 200-2100790,ANGEL DECOR 200-2100,Unid,Panamá,56737.0,,,2024-08-26 16:52:36.997,6257,0.0,false
206256,206256,CASCANUECES 60CM JSR-JAN-328,Cascanueces 60cm JSR,Unid,China,142114.0,,,2024-04-10 18:05:58.983,7340,0.0,false
256019,256019,ESTABLO CASITA ALTA C/ARBOL,ESTABLO CASITA ALTA,Unid,Paraguay,39393.94,,,2025-11-18 15:45:34.590,6288,0.0,false
217125,217125,813-XR16-01-22B TAZON BLANCO-ROJO-VERDE,TAZON BCO-ROJO-VERDE,Unid,Panamá,116146.0,,,2024-08-23 15:37:12.420,6261,1.0,false
217485,217485,BASE P/ARBOL 201-6100034,BASE P/ARBOL 201-610,Unid,Panamá,110860.0,,,2024-08-28 10:45:45.980,6256,0.0,false
250599,250599,FALDA P-ARBOL 107CM 831-XMFE17- 2507B1-1,FALDA P-ARBOL 107CM,Unid,China,45508.0,,,2025-09-24 13:53:08.987,6256,0.0,false
248017,248017,ESFERA DECORATIVA NAVIDEÑA 1051268,ESFERA DECORATIVA NA,Unid,Brasil,24671.0,,,2025-09-09 09:31:13.380,6253,41.0,false
250529,250529,FIG SANTA 25CM ROJO- 831-XMFE104- 2511B4,FIG SANTA 25CM ROJO-,Unid,China,99551.0,,,2025-09-24 13:01:19.960,6255,0.0,false
247124,247124,JG BOLA DECOR 6PZ 8CM 130-5002135,Bolas Decorativas,Unid,Panamá,38185.0,,,2025-08-28 12:12:25.633,6253,0.0,false
186760,186760,HDNIEVE BOTA 150-8100734B,HDNIEVE BOTA 150-810,Unid,Panamá,42051.0,,,2023-08-04 14:40:16.860,6255,0.0,false
254116,254116,SAGRADA FAMILIA 40 CM CELSO,SAGRADA FAMILIA 40 C,Unid,Paraguay,1309090.91,,,2025-10-20 09:31:25.663,6288,0.0,false
254277,254277,CAJA RECT CHARMING RED M 35X25X14 1UN 13006048,CAJA RECT CHARMING R,Unid,Brasil,20159.0,,,2025-10-22 09:50:43.747,6273,12.0,false
160619,160619,CORONA 140-2200387.,CORONA 140-2200387,Unid,Panamá,205955.0,,,2022-08-30 10:35:02.420,7372,0.0,false
186612,186612,JGO BOLAS 4PZ 130-2501415,JGO BOLAS 4PZ 130-25,Unid,Panamá,27337.0,,,2023-08-03 14:04:50.110,6253,0.0,false
254756,254756,SANTA CLAUS GR 831-XMTX254- 2556,SANTA CLAUS CH 831-X,Unid,Panamá,76424.6733,,,2025-10-27 15:32:13.387,6257,0.0,false
222746,222746,JUEGO DE SERVILLETERO DE 6,JGO DE SERVILLETERO,Unid,Paraguay,205454.545,,,2024-11-18 10:46:42.987,6268,1.0,false
162390,162390,FLOR DECOR 140-2500842,FLOR DECOR 140-25008,Unid,Panamá,6207.0,,,2022-09-26 10:33:37.930,7373,2.0,false
215865,215865,ARBOL DECOR 19X5X45CM 201-3900086,ARBOL DECOR 19X5X45C,Unid,Panamá,85190.0,,,2024-07-30 11:01:20.023,6257,3.0,false
245906,245906,ADORNO COLGANTE ESTRELLA 23X12X12CM 140-2200862,Adorno Colgante,Unid,Panamá,20417.0,,,2025-08-21 09:28:22.200,7333,0.0,false
248273,248273,INDIVIDUAL ROJO HOJAS 30X45CM 170-2701135,Individual Rojo,Unid,Panamá,20485.0,,,2025-09-10 11:16:07.923,6291,0.0,false
215332,215332,SANTA 160-4503398,SANTA 160-4503398,Unid,Panamá,89062.0,,,2024-07-23 09:50:51.530,6257,2.0,false
160355,160355,JGO BOLA 4PZ 130-2500600,JGO BOLA 4PZ 130-250,Unid,Panamá,37910.0,,,2022-08-24 15:52:54.097,6253,1.0,false
256030,256030,ARBOL C/ ESFERAS DE CROCHET VERDE BRILLANTE MAXI,ARBOL CON ESFERAS DE,Unid,Paraguay,142545.455,,,2025-11-19 09:16:26.380,6257,0.0,false
161345,161345,POINSETIA DECOR 140-5801381,POINSETIA DECOR 140-,Unid,Panamá,10352.0,,,2022-09-14 11:58:19.760,7373,2.0,false
247223,247223,ADORNO COLGANTE 11X11X22CM 130-4900173,Adorno Colgante,Unid,Panamá,32565.0,,,2025-08-28 13:38:43.773,7333,15.0,false
220245,220245,CASCANUECES 50CM JSR-JAN-322,CASCANUECES 50CM,Unid,Paraguay,99377.0,,,2024-10-04 10:30:31.810,7340,0.0,false
222414,222414,831-D033-2412 CASCANUECES,831-D033-2412 CASCAN,Unid,VIETNAM,18509.25,,,2024-11-08 14:21:45.650,7340,0.0,false
246338,246338,"CINTA DE 6,3 CM X 10 YARDAS JSR-DEC-24-497",Cinta Roja Dorada 10,Unid,China,15686.0,,,2025-08-22 23:18:40.240,6278,1.0,false
220923,220923,LATA CAMIONETA NAVIDEÑA 05019-M2,LATA CAMIONETA NAVID,Unid,Paraguay,17727.2729,,,2024-10-15 14:56:58.660,6257,0.0,false
186917,186917,ESCENA NAVIDAD C/LUZ 200-7200051B,ESCENA NAVIDAD C/LUZ,Unid,Panamá,24045.0,,,2023-08-07 10:04:13.187,6288,1.0,false
187050,187050,VILLA C/LUZ 201-9800008,VILLA C/LUZ 201-9800,Unid,Panamá,242189.0,,,2023-08-07 16:26:20.553,6257,1.0,false
222459,222459,CONITO NAVIDEÑO,CONITO NAVIDEÑO,Unid,Paraguay,35211.9813,,,2024-11-12 10:37:47.643,7360,11.0,true
140292,140292,RENO 31CM 831-AMX063-162,RENO 31CM 831-AMX063,Unid,Panamá,43992.0,,,2021-11-11 14:47:45.150,6257,1.0,false
215521,215521,BANDEJA REDONDA  180-5100023,BANDEJA 180-5100023,Unid,Panamá,33149.0,,,2024-07-23 13:24:56.700,6262,0.0,false
250374,250374,PONSETIA 18X32CM 8P DORA 831-AMX001- 25159B,Ponsetia Dorada 18cm,Unid,China,6378.0,,,2025-09-24 10:48:26.213,7373,29.0,false
247998,247998,CORONA 55CM 1037456,CORONA 55CM 1037456,Unid,Brasil,75911.0,,,2025-09-09 09:19:00.453,6282,3.0,false
247445,247445,JG TREN DECOR  C/LUZ C/MU 201-7800119B,Tren Decorativo Luz,Unid,Panamá,124966.0,,,2025-08-28 16:05:03.990,6284,0.0,false
219840,219840,201-7500106 ARBOL C/LUZ A BATERIA,ARBOL C/LUZ A BAT,Unid,Panamá,26947.0,,,2024-09-26 11:03:01.937,6257,0.0,false
217049,217049,831-2788-239101430A-R ESFERA 30CM ROJA,ESFERA 30CM ROJA,Unid,Panamá,116146.0,,,2024-08-23 11:26:31.467,6253,0.0,false
217247,217247,831-AMX001-1279A POINSETIA 33X30CM ROJO,POINSETIA 33X30CM,Unid,Panamá,8463.0,,,2024-08-26 14:37:15.973,7373,5.0,false
248551,248551,INDIVIDUAL FLOR NAVIDEÑA 170-2400267,INDIVIDUAL FLOR NAVI,Unid,Panamá,15218.0,,,2025-09-12 11:16:39.297,6291,0.0,false
160637,160637,POINSETTIA DECOR 140-4101038,POINSETTIA DECOR 140,Unid,Paraguay,18913.0,,,2022-08-30 12:04:06.633,7373,0.0,false
160613,160613,RAMA DECOR 140-2200337,RAMA DECOR 140-22003,Unid,Panamá,31383.0,,,2022-08-30 10:15:29.630,7370,21.0,false
218636,218636,130-9502527 JG BOLA DECOR,130-9502527 JG BOLA,Unid,Panamá,29337.0,,,2024-09-13 14:38:03.587,6253,0.0,false
245743,245743,CAJA D/REGALO 16X16X18CM 130-1900775,CAJA D/REGALO,Unid,Panamá,31049.0,,,2025-08-19 16:15:04.203,6273,0.0,false
139792,139792,PESEBRE EN CASITA,PESEBRE EN CASITA,Unid,Paraguay,99545.4542,,,2021-11-05 11:09:28.893,6288,0.0,false
247038,247038,JG BOLAS 6PZ 8X16X24CM 130-2502289,JG BOLAS 6PZ 8X16X24,Unid,Panamá,30130.0,,,2025-08-28 10:56:19.837,6253,25.0,false
187036,187036,JGO CESTA 201-6100015,JGO CESTA 201-610001,Unid,Panamá,65376.0,,,2023-08-07 16:09:17.433,6277,0.0,false
246266,246266,DECORACIÓN NAVIDEÑA JSR-DEC-24-320,DECORACIÓN NAVIDEÑA,Unid,China,3922.0,,,2025-08-22 21:02:46.413,6257,1.0,false
250340,250340,PONSETIA 30X30CM 8P VERD 831-AMX001- 25107G,PONSETIA 30X30CM 8P,Unid,China,6206.0,,,2025-09-24 10:26:27.123,7373,75.0,false
206079,206079,JGO DE CUCHARA 4PCS NAVIDEÑA JSR-NOV-1035,Juego Cucharas,Unid,China,7413.6122,,,2024-04-08 16:12:48.330,6268,0.0,false
222391,222391,ESTRELLA PUNTERA MD,ESTRELLA PUNTERA MD,Unid,Paraguay,16363.636,,,2024-11-07 11:42:17.253,6256,0.0,false
220936,220936,LATA BOLA NAVIDEÑA 05003,LATA BOLA NAVIDEÑA,Unid,Paraguay,12272.7273,,,2024-10-15 15:16:50.320,6273,0.0,false
245982,245982,SANTA DECOR ESCALERA CARMESI 22X8X56CM 150-8101097,SANTA DECOR 22X8X56C,Unid,Panamá,88251.0,,,2025-08-21 15:50:32.730,6286,0.0,false
217262,217262,RAMA DECOR 140-5201543,RAMA DECOR 140-5201,Unid,Panamá,12427.0,,,2024-08-26 15:10:28.727,7370,5.0,false
248430,248430,ESTRELLA DECOR ROJO C/ DORAD 4X21X21CM 140-4700606,Estrella Roja Dorada,Unid,Panamá,31606.0,,,2025-09-11 16:16:12.327,7333,15.0,false
215326,215326,SANTA 160-4503396,SANTA 160-4503396,Unid,Panamá,89062.0,,,2024-07-23 09:47:08.557,6257,0.0,false
247152,247152,GUIRNALDA 180X28X10CM 140-5702917,GUIRNALDA 180X28X10C,Unid,Panamá,102142.0,,,2025-08-28 12:56:08.553,6282,0.0,false
219277,219277,55300 PAPA NOEL CON GUITARRA,PAPA NOEL CON GUITAR,Unid,Brasil,2344044.0,,,2024-09-19 14:50:30.600,6255,2.0,false
134235,134235,LINTERNA A/BAT 049-913973,Linterna a Bateria,Unid,Panamá,56216.0,,,2021-08-20 15:40:50.587,6257,1.0,false
248474,248474,CASCANUECES MADERA 7.80X7.80X24CM 202-5300003,CASCANUECES 7.80X7.8,Unid,Panamá,44315.0,,,2025-09-12 09:56:04.443,7340,0.0,false
203509,203509,1196-101 PLATO PRINCIPAL,1196-101 PLATO PRINC,Unid,Brasil,40665.0,,,2024-02-21 10:30:11.937,6264,39.0,false
247412,247412,HOMBRE DJENGIBRE C/MOV A/BAT 16X12X32C 150-2000130,HOMBRE DJENGIBRE C/M,Unid,Panamá,78055.0,,,2025-08-28 15:40:59.373,6255,0.0,false
250742,250742,PLATO PARA PASTEL M LUDIC 1230-116M,PLATO PARA PASTEL M,Unid,Brasil,41086.0,,,2025-09-25 10:49:28.237,6264,0.0,false
250674,250674,CORONA BAYAS 40CM VERDE- 831-MX2467-2583,Corona Bayas Verde,Unid,China,22755.0,,,2025-09-24 15:15:37.030,7372,25.0,false
254761,254761,CAMINO DE MESA DE NAVIDAD QD2564-35,CAMINO DE MESA DE NA,Unid,Panamá,52385.0,,,2025-10-27 15:57:00.697,6290,0.0,false
215244,215244,CINTA 130-5800241,CINTA 130-5800241,Unid,Panamá,17755.0,,,2024-07-22 16:14:43.293,6278,32.0,false
247201,247201,PONSETIA DECOR 140-2501648,Poinsetia Festiva,Unid,Panamá,11750.0,,,2025-08-28 13:29:08.970,7373,81.0,false
246730,246730,COLGADOR P/PUERTA 3SURT 201-0300268,COLGADOR P/PUERTA 3S,Unid,BOLIVIA,14596.0,,,2025-08-26 15:56:58.963,6257,10.0,false
136623,136623,GUIRNALDA NAVIDEÑA NB24190-231,GUIRNALDA NAVIDEÑA,Unid,Panamá,66461.3316,,,2021-09-15 16:46:11.410,6282,1.0,false
248492,248492,PICK DECOR VERDE 89CM 140-5702419,Pick Decor Verde,Unid,Panamá,16639.0,,,2025-09-12 10:17:58.550,7370,58.0,false
250379,250379,SOPORTE P-GUIRNALDA 5X72C 831-D124-2403S,SOPORTE P-GUIRNALDA,Unid,China,14826.0,,,2025-09-24 10:53:04.110,6282,48.0,false
247025,247025,JG BOLAS 4PZ 130-1900834,Esferas Doradas 4Pz,Unid,Panamá,26269.0,,,2025-08-28 10:45:35.380,6253,43.0,false
139137,139137,SET ANTENAS Y NARIZ NAVIDEÑA NB2119-1971,SET ANTENAS Y NARIZ,Unid,Panamá,32494.0,,,2021-10-26 14:17:10.810,6257,1.0,false
214793,214793,SAGRADA FAMILIA 200-0900034,SAGRADA FAMILIA 200-,Unid,Panamá,29845.0,,,2024-07-17 10:59:33.420,6288,0.0,false
250318,250318,JGO 6PZAS ESFERA 8CM P 831-MX2467- 2592C,Juego Esferas 8cm,Unid,China,15946.0,,,2025-09-24 10:10:15.260,6253,0.0,false
224346,224346,ESTRELLA NAV 35CM KH035,ESTRELLA NAV 35CM,Unid,Paraguay,27818.182,,,2024-12-06 10:04:07.350,6256,1.0,false
217544,217544,ADORNO D/PARED 201-7600045,ADORNO D/PARED 201-7,Unid,Panamá,59351.0,,,2024-08-28 14:22:38.787,6257,0.0,false
254080,254080,OSO DE PAJA SENTADO 17X20X26CM DL2512-144,OSO DE PAJA SENTADO,Unid,Panamá,70138.0,,,2025-10-17 16:44:03.107,6255,0.0,false
250647,250647,PLATO 46X46X65CM ROJO-VER 831-D045-2536,PLATO 46X46X65CM ROJ,Unid,China,117308.0,,,2025-09-24 14:43:49.500,6264,0.0,false
191401,191401,ANGEL DE CLARA,ANGEL DE CLARA,Unid,Paraguay,259090.91,,,2023-10-16 08:29:52.050,6255,0.0,false
247407,247407,CORONA 60X60X14CM 130-7000535,CORONA 60X60X14CM 13,Unid,Panamá,125217.0,,,2025-08-28 15:35:50.267,6257,0.0,false
247146,247146,GUIRNALDA 9 PIES 180 TIPS 047-140062,GUIRNALDA 9 PIES 180,Unid,Panamá,74861.0,,,2025-08-28 12:21:20.213,6282,0.0,false
248021,248021,BOLA GRANATE 1075259,BOLA GRANATE 1075259,Unid,Brasil,31163.0,,,2025-09-09 09:33:15.500,6253,17.0,false
247182,247182,CASCABEL COLGANTE 130-5002187,CASCABEL COLGANTE 13,Unid,Panamá,113048.0,,,2025-08-28 13:19:53.967,7339,0.0,false
246873,246873,BOLA DECOR 10X10X10CM 202-3400019,Bola Decorativa,Unid,Panamá,16789.0,,,2025-08-27 10:23:09.840,6253,11.0,false
161689,161689,ESCENA C/ LUZ 201-9500025,ESCENA C/ LUZ 201-95,Unid,Panamá,99957.0,,,2022-09-19 09:33:28.270,6257,0.0,false
215329,215329,SANTA 160-4503397,SANTA 160-4503397,Unid,Panamá,89062.0,,,2024-07-23 09:48:56.343,6257,0.0,false
248057,248057,RAMA PINO NEVADO VERDE/ROJO/BLANCO 38CM 1103050,RAMA PINO NEVADO VER,Unid,Brasil,9789.0,,,2025-09-09 10:19:58.553,7370,554.0,false
140172,140172,SANTA HNIEVE 12CM 831-XMTX283-263-21D,SANTA HNIEVE 12CM 83,Unid,Panamá,10487.0,,,2021-11-10 14:43:34.680,6257,1.0,false
250536,250536,FIG OSO 28X19X13CM 16 831-XMTX353- 2455,Figura Oso Navideño,Unid,China,67402.0,,,2025-09-24 13:05:18.867,6255,1.0,false
246278,246278,SERVILLETERO NAVIDEÑO 6 CM JSR-DEC-24-358,Servilletero Festivo,Unid,China,1765.0,,,2025-08-22 21:35:34.587,6257,31.0,false
163575,163575,BOLA NAVIDAD 3PCS NB2230-2517,BOLA NAVIDAD 3PCS NB,Unid,Panamá,42247.7692,,,2022-10-05 09:41:02.587,6253,1.0,false
218583,218583,831-XMTX534-2405B FIGURA CASCANUECES ROJO,FIGURA CASCANUECES,Unid,Panamá,69529.0,,,2024-09-13 11:06:41.367,7340,1.0,false
254667,254667,FALDA DE ARBOL NB2519-7786,FALDA DE ARBOL NB251,Unid,Panamá,43684.0,,,2025-10-24 13:55:05.630,6257,4.0,false
247986,247986,CINTA C/LUNARES Y LÍNEAS CRUDO/DORADO1069865,CINTA C/LUNARES Y LÍ,Unid,Brasil,20276.0,,,2025-09-09 09:06:32.387,6278,35.0,false
219890,219890,201-9800042 VILLA C/LUZ A BATERIA,VILLA C/LUZ A BAT,Unid,Panamá,46721.0,,,2024-09-26 14:34:50.373,6257,2.0,false
219816,219816,201-0500084 LINTERNA,LINTERNA 201-0500084,Unid,Panamá,90968.0,,,2024-09-26 10:06:16.013,6257,0.0,false
215016,215016,BOLA DECOR 121-0100006,BOLA 121-0100006,Unid,Panamá,106179.0,,,2024-07-19 08:52:28.640,6253,15.0,false
198083,198083,ESENCIA AROMATICA 15ML,ESENCIA AROMATICA,Unid,Paraguay,24818.182,,,2023-12-19 08:31:16.157,6298,0.0,false
246436,246436,ESTRELLA DE NAVIDAD DE 23 CM JSR-DEC-24-534,Estrella Dorada 23,Unid,China,11764.0,,,2025-08-23 01:21:12.947,6257,0.0,false
245787,245787,GUIRNALDA DECORATIVA 170CM 20X18X121.92CM 140-1301,Guirnalda Mágica,Unid,Panamá,92720.0,,,2025-08-19 16:39:25.557,6282,1.0,false
217543,217543,CUADRO 201-7600035,CUADRO 201-7600035,Unid,Panamá,74562.0,,,2024-08-28 14:21:48.873,6257,1.0,false
136625,136625,GUIRNALDA NAVIDEÑA NB24190-273,GUIRNALDA NAVIDEÑA,Unid,Panamá,16853.0667,,,2021-09-16 08:33:42.620,6282,2.0,false
254534,254534,SET BOLA NAVIDEÑA 10CM DORADO NB2519-6268,SET BOLA NAVIDEÑA 10,Unid,Panamá,19927.0,,,2025-10-23 15:18:57.720,6253,100.0,false
215907,215907,PONSETIA DECOR 140-2501326,PONSETIA 140-2501326,Unid,Panamá,5673.0,,,2024-07-30 11:54:10.923,7373,0.0,false
192835,192835,JGO 6 ESFERAS 831-2788-239101403-23D,JGO 6 ESFERAS 831-27,Unid,Panamá,19521.0,,,2023-10-31 10:29:21.797,6268,0.0,false
215808,215808,ADORNO P/COLGAR ARBOL 130-7000380,ADORNO P/COLGAR ARBO,Unid,Panamá,25036.0,,,2024-07-30 10:15:37.870,6256,2.0,false
217373,217373,ESFERA DECOR 180-3300861,ESFERA DECOR 180-330,Unid,Panamá,10807.0,,,2024-08-27 14:07:10.927,6253,6.0,false
245979,245979,SANTA DECOR CARMESI 10X4X22CM 150-8101091,Santa Decor Carmesí,Unid,Panamá,15777.0,,,2025-08-21 15:44:21.740,6286,0.0,false
247372,247372,BASE DECOR P/ARBOL 33X33X28CM 201-6100091,Base Decorativa,Unid,Panamá,104658.0,,,2025-08-28 14:52:56.880,6256,0.0,false
246233,246233,ESTRELLA DE NAVIDAD DE 12 CM JSR-DEC-24-67,Estrella Dorada 12,Unid,China,10686.0,,,2025-08-22 19:24:26.387,6257,1.0,false
254723,254723,ACEITUNAS VERDES,ACEITUNAS VERDES,Unid,Paraguay,5236.365,,,2025-10-27 11:35:59.397,7361,2.0,true
256312,256312,Carta a Grinch F,Carta a Grinch F,Unid,Paraguay,10909.0906,,,2025-11-24 08:20:29.633,6280,0.0,false
248019,248019,BOLA RELIEVE VERDE 8CM 6 PIEZAS 1089614,BOLA RELIEVE VERDE 1,Unid,Brasil,17479.0,,,2025-09-09 09:32:14.400,6253,33.0,false
162404,162404,POINSETIA 140-5200459,POINSETIA 140-520045,Unid,Panamá,15221.0,,,2022-09-26 15:12:10.987,7373,0.0,false
247368,247368,ARBOL DECOR 16X16X45CM 200-2900183,Árbol Decorativo,Unid,Panamá,41460.0,,,2025-08-28 14:50:59.067,6259,0.0,false
248384,248384,CASA DECOR LADRILLO 14X26X26.50CM 201-3500359,CASA DECOR 14X26X26.,Unid,Panamá,95814.0,,,2025-09-11 13:54:49.297,6257,1.0,false
162508,162508,RAMA 79CM 140-5701240,RAMA 79CM 140-570124,Unid,Panamá,15306.0,,,2022-09-28 09:08:32.083,7370,3.0,false
248105,248105,BOLA TUBO PERLADA/FOSCA VERDE FUERTE 12CM JG10723,BOLA TUBO PERLADA/FO,Unid,Brasil,46555.0,,,2025-09-09 11:38:02.147,6253,8.0,false
191703,191703,CINTA NB2336-351,CINTA NB2336-351,Unid,Panamá,11845.0,,,2023-10-19 16:02:12.673,6278,0.0,false
175764,175764,GIFT CARD 100.000 NAVIDAD,GIFT CARD 100.000,Unid,Paraguay,0.0,,,2023-03-08 15:10:24.857,7364,0.0,false
219861,219861,201-9200138 FLOR DECOR,FLOR DECOR 201-92001,Unid,Panamá,29246.0,,,2024-09-26 11:54:17.843,7373,11.0,false
215900,215900,PONSETIA DECOR 140-2501310,PONSETIA 140-2501310,Unid,Panamá,8555.0,,,2024-07-30 11:48:09.157,7373,0.0,false
248141,248141,BOLA TUBO FOSCA GRANATE 10CM JG 1026442,BOLA TUBO FOSCA GRAN,Unid,Brasil,34628.0,,,2025-09-09 11:52:04.497,6253,0.0,false
215917,215917,ESTRELLA 201-8800004,ESTRELLA 201-8800004,Unid,Panamá,25216.0,,,2024-07-30 13:29:02.263,6256,2.0,false
220284,220284,PLATO POSTRE NAVIDEÑO JSR-NOV-1009,PLATO POSTRE NAVIDEÑ,Unid,China,13774.5,,,2024-10-08 09:53:33.487,6264,0.0,false
250546,250546,FIG SANTA-HOMBREDNIEVE 50 831-325-2503H,Figura Santa Nieve,Unid,China,48184.0,,,2025-09-24 13:10:58.870,6255,0.0,false
247392,247392,JG 7PZ 38CM SAG.FAM/ANG/OVEJ 025-495686-2/2,JG 7PZ 38CM SAG.FAM/,Unid,Panamá,732256.0,,,2025-08-28 15:15:34.713,6288,0.0,false
246758,246758,ESFERA SANTA 11X5X12CM 201-2500454,Esfera Santa Claus,Unid,Panamá,16283.0,,,2025-08-26 16:25:03.543,6253,1.0,false
215533,215533,CAJA D/REGALO 200-2100806,CAJA 200-2100806,Unid,Panamá,181999.0,,,2024-07-23 13:42:52.330,6274,0.0,false
254692,254692,BAYAS DE NAVIDAD CON HOJA QD2506-5240,BAYAS DE NAVIDAD CON,Unid,Panamá,14619.0,,,2025-10-24 15:29:27.720,7370,37.0,false
215818,215818,BUHO 201-2300247,BUHO 201-2300247,Unid,Panamá,40800.0,,,2024-07-30 10:26:41.930,6255,4.0,false
258439,258439,BACI PERUGRINA GITBOX MILK 150 GR,BACI PERUGRINA GITBO,Unid,Paraguay,98870.9091,,,2025-12-18 10:30:45.733,7362,10.0,true
218651,218651,130-9502541JG BOLA DECOR,130-9502541JG BOLA,Unid,Panamá,36512.0,,,2024-09-13 14:51:10.630,6253,10.0,false
250357,250357,PONSETIA 9P 34X30CM CREM 831-AMX044- 2571IB,Poinsettia Cremosa,Unid,China,8964.0,,,2025-09-24 10:38:28.820,7373,116.0,false
246814,246814,ALFOMBRA 60X40X1.50CM 201-6800112,Alfombra Navideña,Unid,Panamá,37883.0,,,2025-08-27 09:03:58.507,6439,0.0,false
217356,217356,INDIVIDUAL 170-2800382,INDIVIDUAL 170-28003,Unid,Panamá,9636.0,,,2024-08-27 11:10:11.503,6291,8.0,false
247321,247321,POINSETTIA DECOR 140-4102128,Flor Poinsettia Deco,Unid,Panamá,18296.0,,,2025-08-28 14:14:38.973,7373,3.0,false
186675,186675,CINTA 130-5400345,CINTA 130-5400345,Unid,Panamá,16552.0,,,2023-08-04 08:50:26.580,6278,0.0,false
246230,246230,"RENO NAVIDEÑA 23 X 6,5 X 45 CM JSR-DEC-24-55",Reno Navideño 45 cm,Unid,China,169403.0,,,2025-08-22 19:10:07.270,6257,2.0,false
247064,247064,PORTAVELA 8.5CM 180-3200106,Portavela Árbol,Unid,Panamá,13343.0,,,2025-08-28 11:37:10.407,7335,0.0,false
248393,248393,ADORNO PUNTA COLGANTE 3.81X0.63X19.05CM 201-820031,Adorno Colgante 3.81,Unid,Panamá,29850.0,,,2025-09-11 14:13:30.427,7333,35.0,false
217095,217095,831-XMVI-090A ARBOL 180CM,ARBOL 180CM - 6PIES,Unid,Panamá,553187.0,,,2024-08-23 14:44:37.540,6260,0.0,false
246238,246238,ESTRELLA DE NAVIDAD DE 15 CM JSR-DEC-24-72,Estrella Brillante,Unid,Chile,15392.0,,,2025-08-22 19:37:13.437,6257,34.0,false
250424,250424,RELLENO 65CM VERDE 120 831-MXMAS91- 2514,Relleno Verde 65 cm,Unid,China,12929.0,,,2025-09-24 11:20:04.220,7370,1.0,false
163489,163489,ESFERAS 831-XMTX349-255,ESFERAS 831-XMTX349-,Unid,Panamá,8522.57,,,2022-10-04 13:49:21.473,6253,0.0,false
187747,187747,PONSETIA DECOR 140-5802583,PONSETIA DECOR 140-5,Unid,Panamá,10776.0,,,2023-08-14 10:33:35.947,7373,0.0,false
247273,247273,H/JENGIBRE COLGANTE 2X16X22CM 202-2500016,Colgante Jengibre,Unid,Panamá,23835.0,,,2025-08-28 13:53:02.367,7333,0.0,false
247111,247111,CINTA 9YDS 2.50X823CM 130-5400603,CINTA 9YDS 2.50X823C,Unid,Panamá,12421.0,,,2025-08-28 12:08:07.080,6278,0.0,false
248362,248362,CASA NAV C/LUZ A/BAT2 18X9X40CM 200-9800240,CASA NAV C/LUZ A/BAT,Unid,Panamá,65053.0,,,2025-09-11 08:53:30.620,6257,0.0,false
79016,79016,JUEGO DE PESEBRE CUADRADO,JUEGO DE PESEBRE CUA,Unid,Paraguay,741818.18,,,2018-11-22 10:17:55.860,6288,1.0,false
250306,250306,JGO15CMX2 ESFERAS EMPPVC 831-239-2553R,Esferas Brillantes,Unid,China,37063.0,,,2025-09-24 10:03:07.593,6253,1.0,false
219619,219619,6340.120 ESTRELLA 5 PUNTAS ORO 120 CM,ESTRELLA 5 PUNTAS,Unid,Brasil,905028.0,,,2024-09-24 14:50:36.360,6256,0.0,false
248111,248111,CORDÓN BOLAS FOSCAS/PERLADAS DORADO 63CM 1072460,CORDÓN BOLAS FOSCAS/,Unid,Brasil,24282.0,,,2025-09-09 11:40:45.827,6253,1.0,false
219689,219689,150-8100999A SANTA DECO 10X4X20CM,SANTA DECO 10X4X20CM,Unid,Panamá,17015.0,,,2024-09-25 14:01:25.370,6255,1.0,false
186807,186807,LINTERNA C/LUZ 180-3300436,LINTERNA C/LUZ 180-3,Unid,Panamá,76745.0,,,2023-08-05 09:38:59.130,6257,1.0,false
246587,246587,BOLSA 32 Z 25 X 17 CM JSR-APR-6719,Bolsa Navideña 32x25,Unid,China,2451.0,,,2025-08-25 10:42:29.323,6271,26.0,false
220920,220920,LATA CUADRADA NAVIDEÑA 03102QF,LATA CUADRADA NAVIDE,Unid,Paraguay,10227.2725,,,2024-10-15 14:46:47.280,6257,0.0,false
248006,248006,RAMAS LARGAS VERDE 200CM 1042336,RAMAS LARGAS VERDE 2,Unid,Brasil,85500.0,,,2025-09-09 09:24:27.510,7370,0.0,false
248037,248037,COLGANTE DONUTS 14CM 1075236,COLGANTE DONUTS 14CM,Unid,Brasil,6892.0,,,2025-09-09 09:43:38.997,7333,13.0,false
250283,250283,JGO 20 ESFERAS  831-2787- 239101353-25B1,Juego Esferas,Unid,China,61800.0,,,2025-09-24 09:46:00.537,6253,0.0,false
187734,187734,RAMA DECOR 140-2500588,RAMA DECOR 140-25005,Unid,Panamá,6788.0,,,2023-08-14 10:04:20.443,7370,1.0,false
140204,140204,ALMOHADON MERRY CHRISTMAS,ALMOHADON MERRY CHRI,Unid,Paraguay,51545.4529,,,2021-11-10 15:55:41.173,6289,1.0,false
250640,250640,INDIVIDUAL NAVIDENA  831-XMFE-17024- 23B,INDIVIDUAL NAVIDENA,Unid,China,6292.0,,,2025-09-24 14:34:26.073,6291,1.0,false
221873,221873,SAGRADA FAMILIA - GORDA,SAGRADA FAMILIA. GOR,Unid,Paraguay,181818.18,,,2024-10-30 08:47:22.737,6288,0.0,false
254540,254540,SET BOLA NAVIDEÑA 10CM ROJO NB2519-6319,SET BOLA NAVIDEÑA 10,Unid,Panamá,15402.0,,,2025-10-23 15:47:30.577,6253,60.0,false
217255,217255,831-XB022Z14 JGO 12 ESFERAS BRILLANTES,JGO 12 ESFERAS BRILL,Unid,Panamá,34772.0,,,2024-08-26 15:03:00.677,6253,0.0,false
215259,215259,RAMA 140-2200413,RAMA 140-2200413,Unid,Panamá,34756.0,,,2024-07-22 16:45:20.650,7370,0.0,false
215054,215054,BOLA C/LUZ 130-0200141,BOLA C/LUZ 130-02001,Unid,Panamá,35752.0,,,2024-07-19 10:19:32.360,6253,1.0,false
186768,186768,SANTA DECO 150-8200321A,SANTA DECO 150-82003,Unid,Panamá,51247.0,,,2023-08-04 15:12:28.370,6255,1.0,false
215895,215895,PONSETIA DECOR 140-2501246,PONSETIA 140-2501246,Unid,Panamá,12608.0,,,2024-07-30 11:42:32.357,7373,0.0,false
217495,217495,CASA C/LUZ A/BAT 200-9800220,CASA C/LUZ A/BAT 20,Unid,Panamá,49802.0,,,2024-08-28 11:00:23.717,6257,0.0,false
246072,246072,CASCANUECES DOS ALTOS 10X7.9X38CM 200-4100354,CASCANUECES 10X7.9X3,Unid,Panamá,76357.0,,,2025-08-22 11:47:58.507,7340,0.0,false
217220,217220,831-XMSM224-008 TREN NAVIDEÑO MUSICAL,TREN NAVIDEÑO MUSICA,Unid,Panamá,151628.0,,,2024-08-26 10:22:09.240,6284,0.0,false
187823,187823,CAMPANA 201-0900120,CAMPANA 201-0900120,Unid,Panamá,98413.0,,,2023-08-16 09:14:48.967,6257,0.0,false
247356,247356,ARBOL NAV 7 FT 110X110X210CM 110-0400064,ARBOL NAV 7 FT 110X1,Unid,Panamá,450020.0,,,2025-08-28 14:43:44.400,6259,7.0,false
253975,253975,ESCENA C/LUZ A/BAT3 11X10CM 201-9500083B,ESCENA C/LUZ A/BAT3,Unid,Panamá,31065.0,,,2025-10-17 10:40:55.793,6257,8.0,false
215214,215214,JG BOLAS 130-2502193,JG BOLAS 130-2502193,Unid,Panamá,49663.0,,,2024-07-22 15:32:22.470,6253,1.0,false
218652,218652,130-9502551 JG BOLA DECOR,130-9502551 JG BOLA,Unid,Panamá,33385.0,,,2024-09-13 14:52:10.480,6253,0.0,false
247016,247016,JG BOLAS 4PZ 10X10X10CM 130-1900816,Esferas Brillantes,Unid,Panamá,29794.0,,,2025-08-28 10:38:09.270,6253,2.0,false
246327,246327,SERVILLETERO DE BAMBÚ JSR-APR25-290,SERVILLETERO,Unid,China,11764.0,,,2025-08-22 22:39:54.167,6319,28.0,false
162359,162359,FLOR DECOR 140-2500552,FLOR DECOR 140-25005,Unid,Panamá,5612.0,,,2022-09-26 08:41:06.040,7373,0.0,false
247441,247441,JG TAMBORES DECOR 3PZ 201-4600052,JG TAMBORES DECOR 3P,Unid,Panamá,1381681.0,,,2025-08-28 16:01:55.030,6257,0.0,false
250669,250669,KIT PINTURA 4 FIGURAS 248 831-D122-2504,Kit Pintura Navidad,Unid,China,26719.0,,,2025-09-24 15:08:39.617,6257,0.0,false
247237,247237,JG ADORNO COLGANTE 6PZ 8CM 130-5002082,Adornos Colgantes,Unid,Panamá,40619.0,,,2025-08-28 13:43:19.710,7333,3.0,false
247022,247022,JG BOLAS 4PZ 10X10X10CM 130-1900830,Esferas Doradas 4Pz,Unid,Panamá,27108.0,,,2025-08-28 10:43:06.653,6253,35.0,false
206257,206257,CASCANUECES JSR-JAN-329,Cascanueces Mágico,Unid,China,40162.0,,,2024-04-10 18:08:39.913,7340,1.0,false
162214,162214,JG BOLA 4PZ 130-2500769,JG BOLA 4PZ 130-2500,Unid,Panamá,42687.0,,,2022-09-23 11:26:47.203,6253,6.0,false
250435,250435,RELLENO 66CM VERDE 144 831-AMX018-2537,Relleno Verde 66cm,Unid,China,12756.0,,,2025-09-24 11:25:44.110,7370,1.0,false
247556,247556,ARBOL  360CM NB25190-323,ARBOL  360CM NB25190,Unid,Panamá,1284171.0,,,2025-09-01 09:35:25.980,6260,0.0,false
247985,247985,CINTA C/LUNARES Y LÍNEAS CREMA/DORADO 1069856,CINTA C/LUNARES Y LÍ,Unid,Brasil,16680.0,,,2025-09-09 09:05:57.110,6278,33.0,false
215913,215913,FALDA D/ARBOL 201-8900459,FALDA 201-8900459,Unid,Panamá,42783.0,,,2024-07-30 13:22:45.577,6291,0.0,false
245928,245928,POINSETTIA C/POTE MUCHO X27CM 140-3500020,Poinsettia Roja X2,Unid,Panamá,18392.0,,,2025-08-21 10:15:06.820,7373,3.0,false
186667,186667,JGO BOLAS 6PZ 130-5001539,JGO BOLAS 6PZ 130-50,Unid,Panamá,36198.0,,,2023-08-04 08:37:28.647,6253,0.0,false
215819,215819,BUHO 201-2300246,BUHO 201-2300246,Unid,Panamá,40800.0,,,2024-07-30 10:25:19.550,6255,0.0,false
217055,217055,831-24824014I FIG SANTA HNIE 60.96 CM,FIG SANTA HNIE 60.96,Unid,Panamá,90853.0,,,2024-08-23 11:36:10.087,6255,0.0,false
160716,160716,POINSETTIA DECOR 140-4101200,POINSETTIA DECOR 140,Unid,Panamá,9875.0,,,2022-08-31 16:49:28.917,7373,2.0,false
162416,162416,PICK 140-5701222,PICK 140-5701222,Unid,Panamá,6122.0,,,2022-09-26 15:48:50.510,7373,1.0,false
219864,219864,1058474 SERVILLETA A CUADROS,SERVILLETA A CUADROS,Unid,Brasil,14726.0,,,2024-09-26 13:45:58.783,6296,0.0,false
190543,190543,ARBOL NAV. 200-2100638 CH,ARBOL NAV. 200-21006,Unid,Panamá,49486.5,,,2023-10-04 08:44:05.893,6257,0.0,false
215528,215528,JG CAJA D/REGALO 200-2100805,CAJA 200-2100805,Unid,Panamá,235755.0,,,2024-07-23 13:35:23.703,6273,0.0,false
250557,250557,BOTA SANTA HNIE 29X4 831-XMFE104- 2520B4,BOTA SANTA HNIE 29X4,Unid,China,39132.0,,,2025-09-24 13:18:54.277,6255,1.0,false
163587,163587,BOLA NAVIDAD 1PCS NB2230-862,BOLA NAVIDAD 1PCS NB,Unid,Panamá,49239.0,,,2022-10-05 09:49:33.347,6253,0.0,false
218661,218661,831-D049-2401 PAPEL D-REGALO RV,PAPEL D-REGALO RV,Unid,Panamá,8553.0,,,2024-09-13 14:59:26.353,6268,0.0,false
254077,254077,OSO NAVIDEÑO 12X16X29CM DL2501-287,OSO NAVIDEÑO 12X16X2,Unid,Panamá,73182.0,,,2025-10-17 16:11:14.010,6257,2.0,false
245802,245802,ADORNO COLGANTE 11.50X30X1.50CM 140-1900299,Adorno Copo Nieve,Unid,Panamá,10377.0,,,2025-08-19 16:45:22.213,6257,0.0,false
247992,247992,"CINTA ARAMADA DE JUTA CRUDO 6,3X914CM  1069956",CINTA ARAMADA DE JUT,Unid,Brasil,28366.0,,,2025-09-09 09:10:04.100,6278,41.0,false
218665,218665,831-2788-239101429A-G ESFERA BRILLANTE BOLSA,ESFERA BRILLANTE,Unid,Panamá,51228.0,,,2024-09-13 15:04:03.493,6253,0.0,false
250445,250445,RELLENO 80CM CHAMPANA  831-AMX018- 2430N,Relleno Champán 80cm,Unid,China,6206.0,,,2025-09-24 11:29:42.320,7370,0.0,false
250463,250463,ORNAMENTO 12CM MULTIC S3 2 831-D113-2510,ORNAMENTO 12CM MULTI,Unid,China,6983.0,,,2025-09-24 11:39:57.137,6257,0.0,false
215324,215324,SANTA 160-4503395,SANTA 160-4503395,Unid,Panamá,89062.0,,,2024-07-23 09:44:56.643,6257,0.0,false
221605,221605,BANDEJA DE CRISTAL CH 201-7600026,BANDEJA DE CRISTAL C,Unid,Panamá,71669.9375,,,2024-10-28 11:24:18.603,6262,2.0,false
217413,217413,FLOR DE PAPEL 30CM 201-2200165,FLOR DE PAPEL 30CM,Unid,Panamá,28638.0,,,2024-08-28 09:17:41.010,7373,0.0,false
254066,254066,RENO NAVIDEÑO 20X11X45CM DL2501-280,RENO NAVIDEÑO 20X11X,Unid,Panamá,84324.0,,,2025-10-17 15:23:11.363,6257,0.0,false
248468,248468,CASCABEL ROJO COLGANTE 202-1800007,CASCABEL COLGANTE 20,Unid,Panamá,57109.0,,,2025-09-12 09:42:21.833,7339,0.0,false
256044,256044,ARBOL ESTRELLA DE BELEN ROJO SMALL,ARBOL ESTRELLA DE BE,Unid,Paraguay,50909.09,,,2025-11-19 09:42:56.227,6257,0.0,false
186664,186664,CAJA D/REGALO DECO 130-5001489,CAJA D/REGALO DECO,Unid,Panamá,13627.0,,,2023-08-04 08:33:27.373,6274,0.0,false
246431,246431,MOCHILA 122 X 34 X 51 CM JSR-DEC-24-524,MOCHILA,Unid,China,70585.0,,,2025-08-23 01:11:42.093,7366,2.0,false
245704,245704,INDIVDUAL 38CM 085-825800,Individual Elegante,Unid,Panamá,11980.0,,,2025-08-19 15:55:47.073,6291,0.0,false
250366,250366,PONSETIA 26X30CM 9P BLAN 831-AMX001- 25249K,PONSETIA 26X30CM 9P,Unid,China,5085.0,,,2025-09-24 10:43:39.810,7373,163.0,false
215402,215402,BOLA 130-2502236,BOLA 130-2502236,Unid,Panamá,113835.0,,,2024-07-23 10:38:52.127,6253,0.0,false
215816,215816,ADORNO P/ARBOL 130-7000495,ADORNO P/ARBOL 130-7,Unid,Panamá,26117.0,,,2024-07-30 10:23:12.560,6256,7.0,false
221598,221598,CAJA D/REGALO GR 200-2100799,CAJA D/REGALO GR,Unid,Panamá,99153.0,,,2024-10-28 11:02:27.480,6274,0.0,false
254539,254539,SET BOLA NAVIDEÑA 10CM VERDE NB2519-6318,SET BOLA NAVIDEÑA 10,Unid,Panamá,15402.0,,,2025-10-23 15:45:10.500,6253,77.0,false
218644,218644,130-9502538 JG BOLA DECOR,130-9502538 JG BOLA,Unid,Panamá,31728.0,,,2024-09-13 14:43:54.193,6253,0.0,false
247458,247458,CAMPANA 202-1900001,CAMPANA 202-1900001,Unid,Panamá,293068.0,,,2025-08-28 16:18:11.887,7339,0.0,false
217135,217135,831-D015-058 FRASCO TRANSP,FRASCO TRANSP,Unid,Panamá,26719.0,,,2024-08-23 15:51:08.540,6261,0.0,false
250460,250460,ORNAMENTO H-JENGIBRE 13CM 831-BC307-2509,Adorno Jengibre,Unid,China,10171.0,,,2025-09-24 11:37:57.800,6257,3.0,false
254730,254730,Bolsa p/regalo navideña,Bolsa p/regalo navid,Unid,Paraguay,5113.6362,,,2025-10-27 13:53:09.847,6270,2.0,false
160392,160392,JGO BOLA 6PZ 130-2500744,JGO BOLA 6PZ 130-250,Unid,Panamá,37910.0,,,2022-08-25 08:33:26.527,6253,0.0,false
234025,234025,CASCANUECES 30 CM JSR-JAN-332,Cascanueces 30 cm,Unid,China,38412.0,,,2025-04-22 09:29:24.160,6255,1.0,false
247134,247134,FALDA P/ARBOL 106X106X2CM 150-5200039,Falda Árbol Navidad,Unid,Panamá,105497.0,,,2025-08-28 12:16:32.010,6256,1.0,false
217307,217307,831-XDA19-07 JGO 4 VELAS ADVIENTO,JGO 4 VELAS ADVIENTO,Unid,Panamá,34364.0,,,2024-08-27 08:43:03.710,6298,0.0,false
213745,213745,BOWL DECORADO CLASSIC CHRISTMAS 1254-111,BOWL 1254-111,Unid,Brasil,34467.0,,,2024-06-27 13:39:37.247,6268,6.0,false
190685,190685,ARBOL 180CM NB24190-584,ARBOL 180CM NB24190-,Unid,Panamá,262853.909,,,2023-10-05 13:35:26.630,6258,2.0,false
186730,186730,BOLA DECO 140-4700270,BOLA DECO 140-470027,Unid,Panamá,69723.0,,,2023-08-04 11:43:05.653,6253,18.0,false
215207,215207,JG BOLAS 130-2501951,JG BOLAS 130-2501951,Unid,Panamá,32097.0,,,2024-07-22 15:13:36.637,6253,15.0,false
253960,253960,ADORNO DECOR 2 SURT 120CM 201-3900143,ADORNO DECOR 2 SURT,Unid,Panamá,277585.0,,,2025-10-17 10:28:56.183,6257,4.0,false
118583,118583,Doypacks x20 surtidos,Doypacks x20 surtido,Unid,Paraguay,59090.9089,,,2020-11-26 11:31:32.903,7360,16.0,true
247297,247297,RAMA DECOR 30X13X13CM 140-5201739,Rama Decorativa,Unid,Panamá,6798.0,,,2025-08-28 13:59:31.077,7370,0.0,false
161392,161392,GNOMO DECOR 150-8200267,GNOMO DECOR 150-8200,Unid,Panamá,15315.0,,,2022-09-14 15:04:43.067,6257,0.0,false
162364,162364,RAMA DECOR  140-2500588,RAMA DECOR  140-2500,Unid,Panamá,6718.0,,,2022-09-26 08:45:54.877,7370,1.0,false
254128,254128,BOLAS NAVIDEÑAS 8CM DORADO MITAD MATE NB2515-1171,BOLAS NAVIDEÑAS 8CM,Unid,Panamá,14357.0,,,2025-10-20 16:34:30.157,6253,0.0,false
250437,250437,RELLENO 70CM CHAMPANA 831-AMX044- 25112N,RELLENO 70CM CHAMPAN,Unid,China,8102.0,,,2025-09-24 11:26:52.397,7370,244.0,false
248423,248423,RAMA DECOR HOJAS CHICAS DORADO 140-4700559,Rama Decorativa,Unid,Panamá,22075.0,,,2025-09-11 15:38:49.573,7370,14.0,false
254511,254511,LATON DE NAVIDAD IMPRESA NB2519-5753,LATON DE NAVIDAD IMP,Unid,Panamá,12966.0,,,2025-10-23 14:09:46.587,6257,0.0,false
246330,246330,"SERVILLETERO DE 4,6 X 4,1 CM JSR-DEC-24-454",Servilletero JSR,Unid,China,6078.0,,,2025-08-22 22:43:21.900,6319,9.0,false
217064,217064,831-28-2403 RAMA 78CM VERDE,RAMA 78CM VERDE,Unid,Panamá,30999.0,,,2024-08-23 14:03:31.680,7370,0.0,false
217371,217371,JG COPAS 4PCS 240ML 180-2900526,JG COPAS 4PCS 240ML,Unid,Panamá,119594.0,,,2024-08-27 12:04:58.207,6267,2.0,false
247417,247417,COJIN 45X45CM 170-2000624,COJIN 45X45CM 170-20,Unid,Panamá,69827.0,,,2025-08-28 15:44:55.990,6289,0.0,false
187801,187801,CESTA 200-4200054,CESTA 200-4200054,Unid,Panamá,62962.0,,,2023-08-14 15:53:44.843,6257,0.0,false
246402,246402,"63 MM, 50 YARDAS / ROLLO DE CINTA JSR-DEC-24-638",Cinta Navidad 63 MM,Unid,China,99897.0,,,2025-08-23 00:38:11.043,6278,7.0,false
247071,247071,BOLAS 12CM EN CAJA PVC 2PZS 130-2502555,BOLAS 12CM EN CAJA P,Unid,Panamá,32731.0,,,2025-08-28 11:44:21.760,6253,0.0,false
224475,224475,SETx6 ESFERAS BORDO 7CM,SETx6 ESFERAS BORDO,Unid,Paraguay,9545.4545,,,2024-12-09 14:38:32.730,6253,0.0,false
163636,163636,Tallo Navideño Largo 73cm QD2206-1424,Tallo Navideño Largo,Unid,Panamá,14719.0,,,2022-10-05 10:58:42.330,7370,1.0,false
246064,246064,GUIRNALDA VERDE 152X15X10CM 200-3000375,Guirnalda Verde 152,Unid,Panamá,104362.0,,,2025-08-22 11:16:54.090,6282,3.0,false
217323,217323,POINSETIA DECOR 140-5802643,POINSETIA DECOR,Unid,Panamá,14679.0,,,2024-08-27 10:00:56.270,7373,6.0,false
245931,245931,JG MANZANAS COLGANTES 2PZ 6.5X6.5X6.5CM 140-350003,Manzanas Colgantes,Unid,Panamá,7593.0,,,2025-08-21 10:19:49.563,7333,0.0,false
215866,215866,ARBOL DECOR 14X4X30.8CM 201-3900087,ARBOL DECOR 14X4X30.,Unid,Panamá,57799.0,,,2024-07-30 11:03:01.560,6257,1.0,false
250345,250345,PONSETIA 26X30CM 9P CREM 831-AMX001- 25249B,PONSETIA 26X30CM 9P,Unid,China,5085.0,,,2025-09-24 10:29:19.677,7373,7.0,false
215449,215449,CASA C/LUZ DECOR A/BAT 130-4200912,CASA 130-4200912,Unid,Panamá,13238.0,,,2024-07-23 11:06:15.180,6257,23.0,false
258248,258248,Caja Navidad - Llena de gracia,Caja Navidad - Llena,Unid,Paraguay,70909.0912,,,2025-12-16 12:01:08.020,6273,2.0,false
217350,217350,CAMINO D/MESA 170-2701098,CAMINO D/MESA 170-27,Unid,Panamá,74205.0,,,2024-08-27 11:01:17.553,6290,1.0,false
245905,245905,ADORNO COLGANTE ESTRELLA 23X12X12CM 140-2200861,Adorno Estrella,Unid,Panamá,20417.0,,,2025-08-21 09:26:24.300,7333,13.0,false
250339,250339,PONSETIA 30X46CM 9P AZUL  831-AMX001- 2599W,PONSETIA 30X46CM 9P,Unid,China,8274.0,,,2025-09-24 10:25:52.697,7373,130.0,false
250528,250528,FIG SANTA HNIE ESC 3 831-XMFE104- 2514B4,Figura Santa Navidad,Unid,China,51629.0,,,2025-09-24 13:00:40.100,6255,0.0,false
163541,163541,CINTA  NAVIDEÑA 831-XMFE46-20005,CINTA  NAVIDEÑA 831-,Unid,Panamá,15175.0,,,2022-10-05 08:18:31.193,6278,0.0,false
250577,250577,JGO TREN LED 13PZAS 90CM B 831-D065-2511,Tren Navideño LED,Unid,China,94814.0,,,2025-09-24 13:37:44.023,6284,0.0,false
247148,247148,GUIRNALDA 270CM 240TIPS X30X270CM 110-0400041,GUIRNALDA 270CM 240T,Unid,Panamá,65296.0,,,2025-08-28 12:22:34.310,6282,0.0,false
187044,187044,JGO TREN C/HUMO 201-7800062,JGO TREN C/HUMO 201-,Unid,Panamá,107762.0,,,2023-08-07 16:17:19.340,6257,1.0,false
219875,219875,1613588 CINTA TERCIOPELO NAVIDAD,CINTA TERCIOPELO NAV,Unid,Brasil,22995.0,,,2024-09-26 14:17:53.070,6278,0.0,false
215564,215564,LAMPARA  C/LUZ 200-4200130,LAMPARA  200-4200130,Unid,Panamá,167451.0,,,2024-07-23 14:51:52.930,6257,1.0,false
186812,186812,PLATO 180-5100008,PLATO 180-5100008,Unid,Panamá,8013.0821,,,2023-08-05 09:47:24.687,6264,1.0,false
246422,246422,"63 MM, 5 YARDAS / ROLLO DE CINTA JSR-DEC-24-680",Cinta Festiva 63 MM,Unid,China,15489.0,,,2025-08-23 00:51:56.843,6278,34.0,false
246415,246415,"63 MM, CINTA DE 10 YARDAS / ROLLO JSR-DEC-24-657",Cinta Festiva 63mm,Unid,China,10588.0,,,2025-08-23 00:47:17.800,6278,0.0,false
247207,247207,JG ADORNO COLGANTE 6PZ 130-0700939,Adornos Copos Nieve,Unid,Panamá,5119.0,,,2025-08-28 13:31:59.527,7333,1.0,false
186641,186641,ADORNO COLGANTE 130-4900097,ADORNO COLGANTE 130-,Unid,Panamá,7106.0,,,2023-08-03 16:07:46.600,7333,0.0,false
17652,17652,BOLSA NAVIDEÑA 29570,BOLSA NAVIDEÑA 29570,Unid,Paraguay,2672.7271,,,2014-11-15 09:08:19.560,6270,0.0,false
215003,215003,ARBOL D/MESA C/LUZ 120-0100122,ARBOL 120-0100122,Unid,Panamá,45247.0,,,2024-07-18 15:56:20.513,6257,0.0,false
247042,247042,BOLAS 8CM EN TUBO 10PZS 130-2502382,Bolas Navidad 8cm,Unid,Panamá,40789.0,,,2025-08-28 10:59:38.230,6253,29.0,false
247265,247265,ADORNO COLGANTE 5.20X5.20X30.20CM 180-3301075,Adorno Colgante 30cm,Unid,Panamá,26185.0,,,2025-08-28 13:51:22.470,7333,17.0,false
247365,247365,ARBOL DECOR X30CM 140-1500736,Árbol Decorativo,Unid,Panamá,15946.0,,,2025-08-28 14:49:30.960,6259,2.0,false
62957,62957,LUZ MICRODOT 200LED BL 20MTS 220V 12022,Microdot 20mts bl.,Unid,Paraguay,135000.0,,,2017-10-30 15:12:17.697,6285,1.0,false
114243,114243,BOLA TRANSPARENTE 80MM 130-9500160,Bola navideña,Unid,Panamá,2697.0,,,2020-10-02 15:58:34.967,6253,12.0,false
187814,187814,CENTRO DE MESA 200-6500276,CENTRO D/MESA 200-65,Unid,Panamá,75943.0,,,2023-08-14 16:28:18.197,6257,0.0,false
246203,246203,BOLA DE NAVIDAD DE 10 CM JSR-DEC-24-1.,Bola Navidad 10 cm,Unid,China,2548.0,,,2025-08-22 18:17:13.580,6253,38.0,false
186682,186682,MALLA 130-6600113/53,MALLA 130-6600113/53,Unid,Panamá,44894.0,,,2023-08-04 09:16:25.200,6257,0.0,false
250745,250745,PLATO PARA PASTEL M AZEVINHO 1275-316M,PLATO PARA PASTEL M,Unid,Brasil,41086.0,,,2025-09-25 10:54:06.983,6264,0.0,false
248106,248106,BOLA TUBO PERLADA/FOSCA/TRANSPARENTE 1072322,BOLA TUBO PERLADA/FO,Unid,Brasil,35347.0,,,2025-09-09 11:38:42.737,6253,46.0,false
250619,250619,ESTRELLA DECO 40CM DORADO 831-D105-2524G,Estrella Dorada 40cm,Unid,China,45941.0,,,2025-09-24 14:04:49.590,6256,12.0,false
161364,161364,H. NIEVE 150-8000324B,H. NIEVE 150-8000324,Unid,Panamá,27032.0,,,2022-09-14 14:07:10.017,6257,1.0,false
217279,217279,831-AMX044-24171A PONSETIA ROJO,PONSETIA ROJO,Unid,Panamá,8361.0,,,2024-08-26 15:40:58.377,7373,1.0,false
246496,246496,45 METROS/ROLLO DE CINTA JSR-DEC-24-624,Cinta Decorativa 45m,Unid,China,10980.0,,,2025-08-23 08:41:50.120,6278,0.0,false
222456,222456,CAJA DE 2 ANGELITOS BEATRIZ  ALLEN,CAJA DE 2 ANGELITOS,Unid,Paraguay,136363.63,,,2024-11-12 09:27:52.623,6288,0.0,false
253985,253985,JG ADORNOS P/COLGAR 10PZ 130-9502684,JG ADORNOS P/COLGAR,Unid,Panamá,38201.0,,,2025-10-17 10:48:23.597,6253,4.0,false
250563,250563,CASCANUECES LED 37CM BAT-N 831-D030-2517,CASCANUECES LED 37CM,Unid,China,145240.0,,,2025-09-24 13:24:59.987,7340,0.0,false
221870,221870,JUEGO DE PESEBRE DE 10 CM,JGO DE PESEBRE 10CM,Unid,Paraguay,240000.0,,,2024-10-30 08:43:39.597,6288,0.0,false
220256,220256,TAMBOR MD 201-4600052,TAMBOR MD 201-460005,Unid,Panamá,483588.35,,,2024-10-07 14:14:46.260,6257,0.0,false
160326,160326,INDIVIDUAL 049-285609,INDIVIDUAL 049-28560,Unid,Panamá,9122.0,,,2022-08-24 14:14:13.343,6291,0.0,false
217084,217084,831-D011-2406 TIENDA LED USB,TIENDA LED USB,Unid,Panamá,220873.0,,,2024-08-23 14:35:54.073,6285,0.0,false
254263,254263,BOLSA TRANSP 80*90 PAPA NOEL LLEGO 11200840,BOLSA TRANSP 80*90,Unid,Brasil,4486.0,,,2025-10-22 09:12:38.897,6271,37.0,false
248066,248066,JG ALDEANOS 11PCS 026-490396,JG ALDEANOS 11PCS 02,Unid,Panamá,203102.0,,,2025-09-09 10:28:17.747,6255,3.0,false
254532,254532,SET BOLA NAVIDEÑA 8CM COLOR DORADO NB2519-6180,SET BOLA NAVIDEÑA 8C,Unid,Panamá,15054.0,,,2025-10-23 15:10:56.347,6253,82.0,false
217330,217330,POINSETIA DECOR 140-5802737,POINSETIA DECOR 140-,Unid,Panamá,15130.0,,,2024-08-27 10:20:30.823,7373,0.0,false
217244,217244,831-D032-26 COLGANTE P/PUERTA,COLGANTE P/PUERTA,Unid,Panamá,17056.0,,,2024-08-26 14:31:43.500,6255,0.0,false
192766,192766,CANASTA 831-AMX027-308,CANASTA 831-AMX027-3,Unid,Panamá,22803.0,,,2023-10-30 16:38:23.617,6257,0.0,false
216873,216873,POINSETIA DECOR 140-4101717,POINSETIA DECOR 140-,Unid,Panamá,21073.0,,,2024-08-20 12:13:08.793,7373,1.0,false
246580,246580,BOLSA DE PAPEL 33 X 26 X 12 CM JSR-APR-6627,Bolsa Papel Navidad,Unid,China,1373.0,,,2025-08-25 10:28:55.550,6271,0.0,false
217353,217353,INDIVIDUAL 170-2701125,INDIVIDUAL 170-27011,Unid,Panamá,12337.0,,,2024-08-27 11:07:22.083,6291,2.0,false
219687,219687,150-8100981A BOTA SANTA 20X5X50CM,BOTA SANTA 20X5X50CM,Unid,Panamá,54813.0,,,2024-09-25 13:54:18.637,6257,1.0,false
215195,215195,LUCES 120-7000036,LUCES 120-7000036,Unid,Panamá,9105.0,,,2024-07-22 14:31:32.497,6285,0.0,false
255004,255004,CAJA 24X24X10 MARRON,CAJA 24X24X10 VERDE,Unid,Paraguay,34772.7271,,,2025-10-31 13:41:33.190,6273,0.0,false
217075,217075,831-CS004-2401B DISPLAY SANTA 128 PZAS,DISPLAY SANTA,Unid,Panamá,3655023.0,,,2024-08-23 14:25:22.763,6257,0.0,false
213720,213720,PLATO POSTRE GUIRNALDA 1155-103,PLATO 1155-103,Unid,Brasil,34467.0,,,2024-06-27 11:46:41.017,6264,2.0,false
245916,245916,PINO D/NAVIDAD FLOR 62X16X4CM 140-3400225,Rama Decorativa,Unid,Panamá,13162.0,,,2025-08-21 09:50:08.967,7370,0.0,false
246029,246029,JG PICKS 4PZ 14.5X10.5X2.5CM 180-0400174,Marcadores Navideños,Unid,Panamá,24974.0,,,2025-08-22 09:26:21.833,7337,0.0,false
248473,248473,CIERVO  SENTADO DECOR 32X60X68CM 202-2400028,CIERVO DECOR 32X60X6,Unid,Panamá,956811.0,,,2025-09-12 09:54:51.880,6255,0.0,false
217169,217169,831-XMSM223-2424 PICK BERRIES ROJO,PICK BERRIES ROJO,Unid,Panamá,7545.0,,,2024-08-24 11:45:24.920,7373,4.0,false
248278,248278,COJIN GALLETA GENGIBRE 170-2701165,COJIN 170-2701165,Unid,Panamá,76008.0,,,2025-09-10 11:35:00.703,6289,0.0,false
214657,214657,ARBOL 210CM 110-0100296,ARBOL 210CM 110-0100,Unid,Panamá,568801.0,,,2024-07-12 15:02:50.810,6259,0.0,false
220935,220935,SET PAPEL NAVIDEÑO JSR-AUG619,SET PAPEL NAVIDEÑO,Unid,China,5256.0,,,2024-10-15 15:16:34.170,6270,0.0,false
246749,246749,JG GORRO D/NAVIDAD 4PZ 15X18CM 201-0300726,Gorros Navideños 4PZ,Unid,Panamá,7087.0,,,2025-08-26 16:11:52.253,6257,2.0,false
246337,246337,"CINTA DE 6,3 CM X 10 YARDAS JSR-DEC-24-495","CINTA DE 6,3 CM X 10",Unid,China,15686.0,,,2025-08-22 23:17:24.643,6278,10.0,false
162295,162295,FLOR DECOR 140-1500441,FLOR DECOR 140-15004,Unid,Panamá,7057.0,,,2022-09-23 16:49:27.570,7373,0.0,false
248343,248343,GLOBO CARRUSEL D/NIEVE  C/MUS 200-7400037,GLOBO D/NIEVE  C/MUS,Unid,Panamá,120986.0,,,2025-09-10 16:28:34.770,6257,0.0,false
250562,250562,CASCANUECES LED 32CM S3 BA 831-D030-2519,CASCANUECES LED 32CM,Unid,China,70679.0,,,2025-09-24 13:24:26.447,7340,0.0,false
247990,247990,"CINTA DORADA 6,3X9,14CM 1069917","CINTA DORADA 6,3X9,1",Unid,Brasil,16880.0,,,2025-09-09 09:08:53.480,6278,24.0,false
247233,247233,ADORNO COLGANTE 13X12X3CM 130-5002079,Adorno Colgante,Unid,Panamá,10994.0,,,2025-08-28 13:42:13.233,7333,1.0,false
246499,246499,TAPÓN DE VINO 11 X 6 X 4 CM JSR-DEC-24-837,TAPÓN DE VINO 11 X 6,Unid,China,6078.0,,,2025-08-23 08:46:52.680,7337,0.0,false
215218,215218,CINTA 130-3400496,CINTA 130-3400496,Unid,Panamá,32489.0,,,2024-07-22 15:38:03.063,6278,4.0,false
256668,256668,CONO DE ARBOL NAVIDEÑO C/ LUZ LED CH SZ2537-36,CONO DE ARBOL NAVIDE,Unid,Panamá,30380.4375,,,2025-11-29 08:23:02.343,6257,0.0,false
217122,217122,831-XMVI-090C ARBOL 240CM,ARBOL 240CM 831-XMVI,Unid,Panamá,945058.0,,,2024-08-23 15:22:26.257,6260,0.0,false
254449,254449,SET BOLA NAVIDEÑA 7CM COLORES SURTIDOS NB2515-1328,BOLA NAVIDEÑA 7CM CO,Unid,Panamá,17230.0,,,2025-10-23 10:20:06.213,6253,0.0,false
248018,248018,BOLA RELIEVE VERDE 8CM 6 PIEZAS 1051269,BOLA RELIEVE VERDE 8,Unid,Brasil,24271.0,,,2025-09-09 09:31:43.920,6253,36.0,false
248317,248317,BANDEJA CON TRES DIVISIONES NAV 180-1100175,Bandeja Festiva 3,Unid,Panamá,55184.0,,,2025-09-10 14:49:49.450,6262,0.0,false
186798,186798,PORTAPLATO 180-0700492,PORTAPLATO 180-07004,Unid,Panamá,11035.0,,,2023-08-05 09:14:58.790,6265,0.0,false
215221,215221,CINTA 130-3400548,CINTA 130-3400548,Unid,Panamá,21817.0,,,2024-07-22 15:42:24.670,6278,0.0,false
247402,247402,JG CARAMELOS DECOR 4PZ 130-2501342,JG CARAMELOS DECOR 4,Unid,Panamá,36677.0,,,2025-08-28 15:31:12.347,6257,0.0,false
140017,140017,ESFERAS 831-XMTX349-080B,ESFERAS 831-XMTX349-,Unid,Panamá,8064.0826,,,2021-11-09 14:25:45.850,6253,0.0,false
254693,254693,BAYAS DE NAVIDAD CON PINO QD2506-5242,BAYAS DE NAVIDAD CON,Unid,Panamá,9659.0,,,2025-10-24 15:33:01.050,7370,9.0,false
219699,219699,180-0700617 PORTAPLATO,PORTAPLATO 180-07006,Unid,Panamá,10025.0,,,2024-09-25 14:50:30.280,6265,1.0,false
219810,219810,200-810025 PANAL DECOR 15X1X11CM,PANAL DECOR,Unid,Panamá,19773.0,,,2024-09-26 09:59:07.687,6257,4.0,false
170030,170030,COLGANTE G ÑANDUTI P/ ARBOL,COLGANTE G ÑANDUTI P,Unid,Paraguay,36363.6365,,,2022-11-28 08:31:28.303,7333,11.0,false
62893,62893,LUZ 100F CALIDA 10 MTS C:VERDE 220V,Cadena Luz Cálida,Unid,Paraguay,50796.7063,,,2017-10-30 14:07:03.757,6285,257.0,false
219880,219880,1923225 CINTA A CUADROS NAVIDAD,CINTA A CUADROS NAV,Unid,Brasil,30176.0,,,2024-09-26 14:23:58.593,6278,1.0,false
135220,135220,BASE P/ ARBOL 201-6100001,Base p/ arbol,Unid,Panamá,83835.0,,,2021-09-01 14:52:44.287,6256,0.0,false
248383,248383,CASA DECOR LADRILLO 9.50X23.50X24CM 201-3500358,CASA DECOR 9.50X23.5,Unid,Panamá,77006.0,,,2025-09-11 13:53:38.680,6257,0.0,false
217444,217444,BUHO DECO 201-3700137,BUHO DECO 201-370013,Unid,Panamá,62409.0,,,2024-08-28 10:05:44.840,6255,0.0,false
248313,248313,PORTAPLATO VERDE 33X33X2CM 180-0700728,PORTAPLATO 33X33X2CM,Unid,Panamá,10117.0,,,2025-09-10 14:32:53.983,6265,0.0,false
250321,250321,ESFERA 40CM DORADO 24 831-D105-2512G,ESFERA 40CM DORADO 2,Unid,China,116448.0,,,2025-09-24 10:12:02.180,6253,22.0,false
247236,247236,RAMA DECOR 61CM 140-1500711,Rama Decorativa 61cm,Unid,Panamá,15443.0,,,2025-08-28 13:42:56.147,7370,0.0,false
254642,254642,ESTRELLA PARA COLGAR ROJO NB2519-7411,ESTRELLA PARA COLGAR,Unid,Panamá,33849.0,,,2025-10-24 11:26:33.170,7333,0.0,false
247973,247973,"CINTA LISA DORADO 3,8X914CM 1056706","CINTA LISA DORADO 3,",Unid,Brasil,8590.0,,,2025-09-09 08:58:53.897,6278,1.0,false
247181,247181,CASCABEL COLGANTE 130-5002186,CASCABEL COLGANTE 13,Unid,Panamá,77045.0,,,2025-08-28 13:19:16.917,7339,0.0,false
162791,162791,BASE P/ARBOL 201-6100005,BASE P/ARBOL 201-610,Unid,Panamá,219646.0,,,2022-09-29 10:24:39.500,6256,0.0,false
215443,215443,CAMINO D/MESA 170-3000364,CAMINO 170-3000364,Unid,Panamá,71496.0,,,2024-07-23 11:02:27.647,6290,0.0,false
256048,256048,ARBOL LAZO DE CROCHET BEIGE MAXI,ARBOL LAZO DE CROCHE,Unid,Paraguay,99636.365,,,2025-11-19 09:54:28.513,6257,0.0,false
247332,247332,ESFERA DECOR 8X8X8CM 180-3300997,ESFERA DECOR 8X8X8CM,Unid,Panamá,10407.0,,,2025-08-28 14:22:22.943,6253,6.0,false
220260,220260,CAJA CH 200-2100807,CAJA CH 200-2100807,Unid,Panamá,29639.5,,,2024-10-07 14:18:02.960,6272,0.0,false
246527,246527,HILO 2MM ESPESOR 100 METROS 80JSR-FEB-1112,HILO 2MM 100M,Unid,China,4412.0,,,2025-08-23 09:35:29.177,6280,101.0,false
245689,245689,JG ANIMALES 15PZ 7CM 027-490646,Conjunto Animales,Unid,Panamá,107148.0,,,2025-08-19 15:47:40.753,6288,6.0,false
221232,221232,AJAKA P,AJAKA P,Unid,Paraguay,4545.4541,,,2024-10-17 14:44:54.133,6257,3.0,false
221599,221599,ARBOL DECOR CH 200-2100712,ARBOL DECOR CH,Unid,Panamá,20983.75,,,2024-10-28 11:08:34.680,6258,0.0,false
184076,184076,Tubo x6 alf surtidos de 40g,Tubo x6 alf surtidos,Unid,Paraguay,47272.7275,,,2023-06-26 15:26:47.370,7360,0.0,true
248538,248538,CABEZA DE MUÑECO D/GENGIBRE 10X5X35CM 150-8000664,CABEZA DE MUÑECO D/G,Unid,Panamá,19984.0,,,2025-09-12 11:03:28.740,6255,0.0,false
97121,97121,JGO PESEBRE 13 CM,JGO PESEBRE 13 CM,Unid,Paraguay,295454.55,,,2019-11-25 11:43:11.313,6288,1.0,false
215237,215237,JG BOLA 130-5001898,JG BOLA 130-5001898,Unid,Panamá,49301.0,,,2024-07-22 16:02:22.977,6253,0.0,false
250744,250744,PLATO PARA PASTEL AZEVINHO 1275-316,PLATO PARA PASTEL AZ,Unid,Brasil,51383.0,,,2025-09-25 10:52:51.347,6264,5.0,false
254703,254703,PICK NAVIDEÑO ARTIFICIAL QD2539-2977,PICK NAVIDEÑO ARTIFI,Unid,Panamá,13488.0,,,2025-10-24 16:10:35.853,7373,199.0,false
248325,248325,CASA NAV. DECOR A 200-2400381,CASA NAV. DECOR 200-,Unid,Panamá,113629.0,,,2025-09-10 15:01:50.030,6257,1.0,false
250412,250412,RELLENO BERRY 58CM ROJ 831-AMX001- 25204,RELLENO BERRY 58CM R,Unid,China,16980.0,,,2025-09-24 11:12:10.983,7370,0.0,false
247552,247552,GUIRNALDA 4FT X 12 NB25190-287,Guirnalda Verde 4FT,Unid,Panamá,38461.0,,,2025-08-29 16:49:52.530,6282,0.0,false
248412,248412,LAMPARA D/MESA COPO DE NIEVE 15CM 201-840097,Lámpara Copo Nieve,Unid,Panamá,11204.0,,,2025-09-11 15:22:02.050,6285,0.0,false
217269,217269,GUIRNALDA 140-5201564,GUIRNALDA 140-52015,Unid,Panamá,38634.0,,,2024-08-26 15:18:54.880,6282,1.0,false
250482,250482,ORNAMENTO 12X16CM DOR 831-XMTX215- 2563B,ORNAMENTO DORADO,Unid,China,13102.0,,,2025-09-24 11:46:02.090,7333,31.0,false
215024,215024,ESTRELLA DE ARBOL NAVIDEÑO 130-0200045,ESTRELLA 130-0200045,Unid,Panamá,49171.0,,,2024-07-19 09:05:28.923,6256,0.0,false
215229,215229,JG BOLAS DECOR 130-1900696,BOLAS 130-1900696,Unid,Panamá,32060.0,,,2024-07-22 15:54:22.753,6253,6.0,false
246419,246419,"63 MM, CINTA DE 10 YARDAS / ROLLO JSR-DEC-24-663",Cinta Decorativa,Unid,China,22646.0,,,2025-08-23 00:49:59.537,6278,3.0,false
247257,247257,ADORNO COLGANTE 12X12X12CM 140-4102210,Adorno Colgante 12cm,Unid,Panamá,21234.0,,,2025-08-28 13:47:46.430,7333,112.0,false
246741,246741,GORRO D/NAVIDAD 32X44CM 201-0300720,Gorro Festivo Rojo,Unid,Panamá,13330.0,,,2025-08-26 16:08:37.103,6257,0.0,false
217442,217442,RAMA DECO 201-3600172,RAMA DECO 201-360017,Unid,Panamá,27917.0,,,2024-08-28 09:59:12.360,7370,0.0,false
162372,162372,RAMA DECOR  140-2500707,RAMA DECOR  140-2500,Unid,Panamá,8673.0,,,2022-09-26 09:13:14.183,7370,0.0,false
254825,254825,CAMPANA NAVIDEÑA PARA COLGAR XM25200-28,CAMPANA NAVIDEÑA PAR,Unid,Panamá,50383.0,,,2025-10-28 12:01:46.317,7339,0.0,false
163691,163691,MALLA PLASTICO P/ ENVOLTURA 10CM QD2157-912,Malla Plástica,Unid,Panamá,28189.0,,,2022-10-05 11:52:49.283,6278,17.0,false
186918,186918,BOLA D/AGUA 200-7600153,BOLA D/AGUA 200-7600,Unid,Panamá,16055.0,,,2023-08-07 10:07:16.550,6253,2.0,false
254826,254826,CAMPANA NAVIDEÑA PARA COLGAR XM25200-30,CAMPANA NAVIDEÑA PAR,Unid,Panamá,50383.0,,,2025-10-28 12:04:11.133,7339,3.0,false
161401,161401,ANGEL DECOR 160-4502059,ANGEL DECOR 160-4502,Unid,Panamá,70800.0,,,2022-09-14 15:08:36.783,6257,3.0,false
248386,248386,CASA DECOR 11X16X15CM 201-3500361,CASA DECOR 11X16X15C,Unid,Panamá,31854.0,,,2025-09-11 13:57:17.607,6257,0.0,false
250391,250391,MAGNOLIA 10P 40CM ROJ 831-AMX006- 2459AB,MAGNOLIA 10P 40CM RO,Unid,China,7412.0,,,2025-09-24 11:02:10.180,7373,33.0,false
215512,215512,JG BOLA DECOR 130-5001786,JG BOLA 130-5001786,Unid,Panamá,43768.0,,,2024-07-23 11:52:28.693,6253,11.0,false
215870,215870,ESTRELLA 140-0500493,Estrella Rústica,Unid,Panamá,23866.0,,,2024-07-30 11:10:52.087,6257,1.0,false
257869,257869,Muestra Caminero Navidad del Paraguay,Muestra Caminero Nav,Unid,Paraguay,56636.3633,,,2025-12-11 08:01:33.547,7365,0.0,false
218658,218658,130-9502578 JG BOLA DECOR,130-9502578 JG BOLA,Unid,Panamá,36882.0,,,2024-09-13 14:57:13.440,6253,0.0,false
247996,247996,GUIRNALDA BAMBU C/GLITTER DORADA 48CM 1071068,GUIRNALDA BAMBU C/GL,Unid,Brasil,72814.0,,,2025-09-09 09:17:57.497,6282,106.0,false
162396,162396,RAMA DECOR 140-4101108,RAMA DECOR 140-41011,Unid,Panamá,14935.0,,,2022-09-26 10:52:43.140,7370,0.0,false
160484,160484,RAMA DECOR 140-1300327,RAMA DECOR 140-13003,Unid,Panamá,32052.0,,,2022-08-25 16:20:03.470,7370,1.0,false
217236,217236,831-XMTX219-2490B ORNAMENTO SAN-HNI-RENO 24CM,ORNAMENTO SAN-HNI-RE,Unid,Panamá,15805.0,,,2024-08-26 14:19:51.760,6255,0.0,false
246518,246518,VASO DE VIDRIO DE 350 ML JSR-DEC-24-896,VASO DE VIDRIO DE 35,Unid,China,8039.0,,,2025-08-23 09:08:49.540,6267,8.0,false
245946,245946,FLOR D/NAVIDAD ROJA  X80CM 140-3500084,Flor Roja Navidad,Unid,Panamá,93736.0,,,2025-08-21 13:34:08.350,7373,12.0,false
218631,218631,831-196-2409 SACO ROJO-BLANCO,SACO ROJO-BLANCO,Unid,Panamá,28970.0,,,2024-09-13 14:33:29.527,6257,0.0,false
191369,191369,CANASTA CLARA CH,CANASTA CLARA CH,Unid,Paraguay,9090.9091,,,2023-10-13 16:12:58.233,6272,0.0,false
246751,246751,ADORNO P/COLGAR 3 SURT 8X36CM 201-0300741,Adorno Colgante 3,Unid,Panamá,5990.0,,,2025-08-26 16:15:32.510,6257,7.0,false
187843,187843,COLGADOR DE CORONA NAVIDEÑA 201-9200087,COLGADOR CORONA NAVI,Unid,Panamá,33832.0,,,2023-08-16 10:58:01.743,6257,0.0,false
160834,160834,RAMA DECOR 140-5101263,RAMA DECOR 140-51012,Unid,Panamá,19415.0,,,2022-09-02 12:11:51.323,7370,5.0,false
187015,187015,REGALO DECO 201-3700061,REGALO DECO 201-3700,Unid,Panamá,20983.0,,,2023-08-07 15:38:26.030,6257,2.0,false
250361,250361,PONSETIA 9P 30X30CM DORA 831-AMX044- 25303B,Poinsettia Dorada,Unid,China,7498.0,,,2025-09-24 10:40:46.987,7373,134.0,false
162572,162572,POINSETTIA  140-5802112,POINSETTIA  140-5802,Unid,Panamá,9013.0,,,2022-09-28 12:28:06.033,7373,2.0,false
161358,161358,PERRO C/MUSC 150-1500008,Perro De Peluche,Unid,Panamá,81021.5263,,,2022-09-14 13:58:09.607,6257,1.0,false
247326,247326,POINSETTIA DECOR 45X33X6CM 140-4102197,Canasta Poinsettia,Unid,Panamá,19975.0,,,2025-08-28 14:16:26.773,7373,0.0,false
254643,254643,BOLSA DE REGALO P CON PURPURINA NB2519-7462,BOLSA DE REGALO P CO,Unid,Panamá,3133.0,,,2025-10-24 11:30:18.260,6269,148.0,false
194412,194412,ESCENA NAVIDAD 200-7200111,ESCENA NAVIDAD,Unid,Panamá,32275.0,,,2023-11-24 14:03:46.870,6257,0.0,false
96532,96532,SERVILLETA NAVIDEÑA,SERVILLETA NAVIDEÑA,Unid,Paraguay,8909.0908,,,2019-11-19 09:21:39.687,6296,0.0,false
247453,247453,CARRETILLA DECOR 202-1600015,CARRETILLA DECOR 202,Unid,Panamá,229207.0,,,2025-08-28 16:12:11.827,6257,0.0,false
250401,250401,RELLENO 80CM DORADO 2 831-AMX044- 25106B,Relleno Dorado 80cm,Unid,China,11722.0,,,2025-09-24 11:07:39.507,7370,6.0,false
245912,245912,PLANTERA D/NAVIDAD ROJA 20X20X48CM 140-3400218,Plantara Festiva,Unid,Panamá,32650.0,,,2025-08-21 09:39:57.597,6256,0.0,false
215772,215772,BOLA D/AGUA 200-7600180,BOLA 200-7600180,Unid,Panamá,19172.0,,,2024-07-29 14:31:57.700,6253,0.0,false
247214,247214,RAMA DECOR 82X20X10CM 130-7000607,Rama Decorativa 82cm,Unid,Panamá,37264.0,,,2025-08-28 13:35:50.443,7370,6.0,false
247165,247165,FLOR DECOR 140-5201636,Flor Decorativa,Unid,Panamá,13260.0,,,2025-08-28 13:06:30.153,7373,19.0,false
248118,248118,JG  ADORNO P/ARBOL 4PC ESFERAS ROJO130-0500185,Esferas Rojas 4Pcs,Unid,Panamá,33278.0,,,2025-09-09 11:44:00.657,6256,62.0,false
215046,215046,ADORNO C/LUZ 130-0200116,ADORNO 130-0200116,Unid,Panamá,59888.0,,,2024-07-19 09:50:41.837,6257,9.0,false
247069,247069,PORTAVELA 14X30X8CM 202-2500056,Portavela Elegante,Unid,Panamá,42467.0,,,2025-08-28 11:40:10.737,7335,0.0,false
215862,215862,ADORNO COLGANTE 201-3500305,ADORNO 201-3500305,Unid,Panamá,26161.0,,,2024-07-30 10:56:56.543,7333,0.0,false
250330,250330,PONSETIA 5P 21X10CM ROJO 831-AMX044- 24365A,Ponsetia Roja,Unid,China,2758.0,,,2025-09-24 10:20:42.093,7373,151.0,false
97122,97122,JGO PESEBRE,JGO PESEBRE,Unid,Paraguay,327272.7275,,,2019-11-25 11:49:57.447,6288,2.0,false
192750,192750,PONSETIA 831-AMX044-21011,PONSETIA 831-AMX044-,Unid,Panamá,9415.0,,,2023-10-30 15:57:10.157,7373,6.0,false
150815,150815,CUERDA DE LUCES 30WW C/ TEMPORIZADOR  92970.,CUERDA DE LUCES 30WW,Unid,Estados Unidos,34792.0,,,2022-03-29 09:47:41.330,6285,2.0,false
186723,186723,PONSETIA DECO 140-3400057,PONSETIA DECO 140-34,Unid,Panamá,10952.0,,,2023-08-04 11:05:02.420,7373,0.0,false
257399,257399,Set de Neceser Libre Hermosa Gold Navidad,Set de Neceser Libre,Unid,Paraguay,164272.7275,,,2025-12-09 08:10:03.783,6268,0.0,false
162729,162729,ESTRELLA 200-2100100,ESTRELLA 200-2100100,Unid,Panamá,20565.0,,,2022-09-29 07:55:18.863,6258,0.0,false
245681,245681,JGO NACIMIENTO 15PZ 024-494303MA,JGO NACIMIENTO 15PZ,Unid,Panamá,321871.0,,,2025-08-19 15:39:07.337,6288,0.0,false
161341,161341,RAMA DECOR 140-5201114,RAMA DECOR 140-52011,Unid,Panamá,8201.0,,,2022-09-14 11:43:59.677,7370,0.0,false
246515,246515,COPA DE VINO DE 400 ML JSR-DEC-24-891,COPA DE VINO,Unid,China,14607.0,,,2025-08-23 09:06:40.837,7337,11.0,false
246032,246032,JG TABLA C/CUCHILLO 2PZ 28.50X24X3.80CM 180-040020,JG TABLA C/CUCHILLO,Unid,Panamá,46655.0,,,2025-08-22 09:34:26.123,6261,0.0,false
162231,162231,CINTA 130-3400344,CINTA 130-3400344,Unid,Panamá,12303.0,,,2022-09-23 12:23:49.300,6278,0.0,false
223442,223442,SETx6 ESFERAS VERDE LRH5006ABC,SETx6 ESFERA VERDE,Unid,Paraguay,4772.727,,,2024-11-23 09:38:56.993,6253,0.0,false
191723,191723,CINTA NB2336-517,CINTA NB2336-517,Unid,Panamá,12710.0,,,2023-10-20 11:16:19.027,6278,9.0,false
247543,247543,"ARBOL  150 CM  NB25190-670","ARBOL  150 CM  NB25",Unid,Panamá,427779.0,,,2025-08-29 16:22:19.223,6259,1.0,false
247384,247384,VELA 10X10X11CM 200-9500032,Vela Festiva 10x10,Unid,Panamá,44733.0,,,2025-08-28 15:11:13.877,6298,0.0,false
256601,256601,ESENCIA AROMATICA FLOR DE COCO 15ML,ESENCIA AROMATICA FL,Unid,Paraguay,29909.0907,,,2025-11-28 08:44:40.247,6298,0.0,false
215248,215248,CINTA 130-5800358,CINTA 130-5800358,Unid,Panamá,36928.0,,,2024-07-22 16:19:32.480,6278,1.0,false
187742,187742,FLOR DECOR 140-5201168,FLOR DECOR 140-52011,Unid,Panamá,7297.0,,,2023-08-14 10:18:38.690,7373,7.0,false
187818,187818,LINTERNA C/LUZ 200-9100163,LINTERNA C/LUZ 200-9,Unid,Panamá,39882.0,,,2023-08-14 16:53:39.990,6257,1.0,false
250406,250406,RELLENO 72CM BCO TORNAS 831-AMX007-2528I,RELLENO 72CM BCO TOR,Unid,China,8533.0,,,2025-09-24 11:09:55.097,7370,201.0,false
215340,215340,BOLA 130-2501940,BOLA 130-2501940,Unid,Panamá,21793.0,,,2024-07-23 09:54:23.510,6253,0.0,false
223447,223447,CALENDARIO ADVIENTO,CALENDARIO ADVIENTO,Unid,Paraguay,86363.6366,,,2024-11-23 09:54:43.420,7360,0.0,true
191895,191895,"PLATO PRINCIPAL COUP NATAL Ø27,5CM SANTA CLAUS",PLATO PRINCIPAL COUP,Unid,Paraguay,32127.2727,,,2023-10-21 10:18:14.817,6264,48.0,false
215372,215372,BOLA 130-2502147,BOLA 130-2502147,Unid,Panamá,45300.0,,,2024-07-23 10:25:10.643,6253,0.0,false
219866,219866,1058480 SERVILLETA ACEBO,SERVILLETA ACEBO,Unid,Brasil,14726.0,,,2024-09-26 13:47:29.627,6296,0.0,false
223445,223445,SETx6 ESFERAS ROJAS 7CM LRH7006ABC,SETx6 ESFERAS ROJAS,Unid,Paraguay,10909.0908,,,2024-11-23 09:43:47.270,6253,2.0,false
246287,246287,DECORACIÓN NAVIDEÑA 12 X 14 CM JSR-DEC-24-487,Lazo Elegante Rojo,Unid,China,6569.0,,,2025-08-22 21:42:41.743,6257,0.0,false
254817,254817,GANCHO DE METAL XM25191-45,GANCHO DE METAL XM25,Unid,Panamá,33414.0,,,2025-10-28 11:34:19.980,6257,0.0,false
217107,217107,PONSETIA DECOR 140-4101919,PONSETIA DECOR 140-4,Unid,Panamá,21254.0,,,2024-08-23 14:54:54.393,7373,105.0,false
247051,247051,JG BOLA  6PZ 8X16X24CM 130-2502476,Esferas Navideñas,Unid,Panamá,37431.0,,,2025-08-28 11:06:14.873,6253,39.0,false
215424,215424,170-0200009 BOTA DECOR,BOTA 170-0200009,Unid,Panamá,14623.0,,,2024-07-23 10:48:19.243,6257,0.0,false
254854,254854,CAMPANA NAVIDEÑA PARA COLGAR XM25200-86,CAMPANA NAVIDEÑA PAR,Unid,Panamá,108426.0,,,2025-10-28 16:44:10.540,7339,0.0,false
162619,162619,VINCHA 170-3100147,VINCHA 170-3100147,Unid,Panamá,10210.7655,,,2022-09-28 15:26:54.477,6257,3.0,false
160626,160626,POISENTTIA DECOR 140-4100465,POISENTTIA DECOR 140,Unid,Panamá,14729.0,,,2022-08-30 10:56:06.297,7373,0.0,false
186673,186673,CINTA 130-5400306,CINTA 130-5400306,Unid,Panamá,14964.0,,,2023-08-04 08:48:07.877,6278,0.0,false
247013,247013,JG BOLAS 4PZ 10X10X10CM 130-1900804,Bolas Decorativas,Unid,Panamá,35333.0,,,2025-08-28 10:35:40.650,6253,54.0,false
254660,254660,SET SERVILLETA NAVIDEÑA NB2519-7652,SET SERVILLETA NAVID,Unid,Panamá,4264.0,,,2025-10-24 12:27:37.857,6296,56.0,false
219278,219278,55260 PAPA NOEL COCOTERO,PAPA NOEL COCOTERO,Unid,Brasil,2344044.0,,,2024-09-19 14:52:54.430,6255,1.0,false
215010,215010,JG VELAS C/LUZ 120-0100126,VELAS 120-0100126,Unid,Panamá,136258.0,,,2024-07-18 16:12:41.547,6298,0.0,false
220931,220931,LATA TORRE ARBOL NAVIDEÑO 05039-1,LATA TORRE ARBOL NAV,Unid,Paraguay,47727.2725,,,2024-10-15 15:07:25.990,6270,0.0,false
221313,221313,FLOR DE COCO BARRO,FLOR DE COCO BARRO,Unid,Paraguay,150000.0,,,2024-10-21 15:13:39.720,6298,1.0,false
247220,247220,ESTALACTITA COLGANTE 130-4201067,Estalactita,Unid,Panamá,4196.0,,,2025-08-28 13:37:37.250,7333,88.0,false
219886,219886,SANTA C/MOVIMIENTO C/LUZ 201-9500073,SANTA C/MOVIMIENTO,Unid,Panamá,359487.0,,,2024-09-26 14:29:04.787,6257,0.0,false
246000,246000,FALDA D/ARBOL FLOR ROJA 122X122X1CM 160-4503748,Falda Árbol Roja,Unid,Panamá,99892.0,,,2025-08-21 16:43:58.887,6256,1.0,false
217500,217500,CASA C/LUZ A/BAT 200-9800223,CASA C/LUZ A/BAT 200,Unid,Panamá,63760.0,,,2024-08-28 11:04:12.037,6257,0.0,false
160719,160719,POINSETTIA DECOR 140-4101257,POINSETTIA DECOR 140,Unid,Panamá,20483.6946,,,2022-08-31 16:53:12.640,7373,3.0,false
246850,246850,BASE D/ARBOL 58X40X22CM 201-8900661,Base Para Árbol,Unid,Panamá,45475.0,,,2025-08-27 09:45:41.120,6256,0.0,false
250604,250604,BASE P-ARBOL 22X54X54CM NE 831-D056-2401,BASE P-ARBOL 22X54X5,Unid,China,111708.0,,,2025-09-24 13:56:17.990,6256,14.0,false
206875,206875,PORTAVELA 428-550190,PORTAVELA 428-550190,Unid,Panamá,64536.2,,,2024-04-15 17:32:49.947,6298,3.0,false
246270,246270,DECORACIÓN NAVIDEÑA DE 30 CM JSR-DEC-24-325,DECORACIÓN NAVIDEÑA,Unid,China,4510.0,,,2025-08-22 21:08:07.110,6257,0.0,false
215864,215864,ARBOL DECO C/LUZ 140-0500467,ARBOL DECO C/LUZ,Unid,Panamá,54213.0,,,2024-07-30 10:59:23.573,6257,0.0,false
250447,250447,RELLENO 71CM DORADO 14 831-AMX018- 2441B,Relleno Dorado 71cm,Unid,China,6637.0,,,2025-09-24 11:30:16.223,7370,4.0,false
162768,162768,DISPENSADOR 200-8700010,DISPENSADOR 200-8700,Unid,Panamá,19048.0,,,2022-09-29 09:20:37.347,6257,1.0,false
136612,136612,ARBOL 120CM NB24190-126,Arbol 120cm,Unid,Panamá,134409.0,,,2021-09-15 15:29:34.713,6260,1.0,false
254802,254802,ARBOL NAVIDEÑO COLGANTE CON PURPURINA SZ2550-200,ARBOL NAVIDEÑO COLGA,Unid,Panamá,8527.0,,,2025-10-28 11:03:42.880,6257,0.0,false
246409,246409,"63 MM, 50 YARDAS / ROLLO DE CINTA JSR-DEC-24-648",Cinta Cuadros Rojos,Unid,China,40683.0,,,2025-08-23 00:43:06.380,6278,0.0,false
247092,247092,JG BOLA DECOR 4PZ 10X10X10CM 130-5001672,Bolas Decorativas,Unid,Panamá,40118.0,,,2025-08-28 12:00:51.367,6253,1.0,false
250420,250420,RELLENO 85CM ROJO 240 831-MX2467-626,RELLENO 85CM ROJO 24,Unid,China,14394.0,,,2025-09-24 11:17:48.533,7370,0.0,false
247536,247536,ARBOL 120CM NB25190-146,ARBOL 120CM NB25190-,Unid,Panamá,142208.0,,,2025-08-29 16:11:46.333,6259,10.0,false
250490,250490,PICK 49CM ROJO-BLANC 831-XMTX215- 25107L,PICK 49CM ROJO-BLANC,Unid,China,22582.0,,,2025-09-24 11:51:21.293,7370,0.0,false
254536,254536,SET BOLA NAVIDEÑA 8CM CHAMPAGNE NB2519-6295,SET BOLA NAVIDEÑA 10,Unid,Panamá,16272.0,,,2025-10-23 15:26:37.160,6253,45.0,false
255173,255173,SAGRADA FAMILIA ESQUIVEL,SAGRADA FAMILIA ESQU,Unid,Paraguay,72727.2733,,,2025-11-05 09:13:19.363,6288,0.0,false
191702,191702,CINTA NB2336-223,CINTA NB2336-223,Unid,Panamá,7262.0,,,2023-10-19 16:01:06.640,6278,0.0,false
257100,257100,Vela 160gr Jazmin en Flor,Vela 160gr Jazmin en,Unid,Paraguay,57272.727,,,2025-12-04 08:36:27.797,6298,0.0,false
218592,218592,831-XMTX534-056 FIGURA CASCANUECES C-MOV,FIGURA CASCANUECES,Unid,Panamá,1092785.0,,,2024-09-13 11:27:58.280,6255,0.0,false
215429,215429,CINTA 130-3400549,CINTA 130-3400549,Unid,Panamá,23955.0,,,2024-07-23 10:50:24.173,6278,0.0,false
215886,215886,ADORNO DECOR 140-1900249,ADORNO DECOR 140-190,Unid,Panamá,26116.0,,,2024-07-30 11:26:34.360,6257,7.0,false
248302,248302,BANDEJA 3/NIV. NOEL 33X33X33CM 180-0700550,Bandeja Festiva 3Niv,Unid,Panamá,52257.0,,,2025-09-10 14:17:56.053,6262,0.0,false
226100,226100,GUIRNALDA NB24190-231,GUIRNALDA NB24190-23,Unid,Paraguay,22153.7772,,,2024-12-23 15:24:56.567,6282,1.0,false
247988,247988,CINTA LISTRADA ROJO/DORADO 1069905,CINTA LISTRADA ROJO/,Unid,Brasil,17479.0,,,2025-09-09 09:07:42.817,6278,49.0,false
253992,253992,PLATO DECOR 24X21CM 202-320010,PLATO DECOR 24X21CM,Unid,Panamá,50121.0,,,2025-10-17 10:53:29.330,6264,0.0,false
187033,187033,JGO CESTA 201-6100013,JGO CESTA 201-610001,Unid,Panamá,59773.0,,,2023-08-07 15:58:35.133,6277,0.0,false
186844,186844,ADORNO COLGANTE 200-3200119,ADORNO COLGANTE 200-,Unid,Panamá,38206.0,,,2023-08-05 10:54:35.280,6257,16.0,false
217178,217178,831-XMTX286-2457A ORNAMENTO SANTA/H-NIEVE,ORNAMENTO SANTA/H-NI,Unid,Panamá,38544.0,,,2024-08-26 09:36:22.013,6257,21.0,false
160427,160427,FLOR DECOR 130-7000188,FLOR DECOR 130-70001,Unid,Panamá,15315.0,,,2022-08-25 11:54:10.073,7373,0.0,false
247303,247303,ADORNO COLGANTE 24X24X5CM 202-2600034,Adorno Colgante,Unid,Panamá,45572.0,,,2025-08-28 14:00:42.120,7333,0.0,false
215897,215897,RAMA DECOR 140-2501272,RAMA 140-2501272,Unid,Panamá,13508.0,,,2024-07-30 11:45:12.207,7370,3.0,false
163563,163563,MOLDE REPOSTERIA 831-XDA03-017,MOLDE REPOSTERIA 831,Unid,Panamá,41745.0,,,2022-10-05 09:27:44.520,6257,1.0,false
217085,217085,RAMA DECOR 140-4101770,RAMA DECOR 140-41017,Unid,Panamá,16480.0,,,2024-08-23 14:35:59.017,7370,6.0,false
245930,245930,JG MANZANAS COLGANTES 4PZ 5.5X5.5X5.5CM 140-350003,Manzanas Colgantes,Unid,Panamá,8775.0,,,2025-08-21 10:17:59.530,7333,0.0,false
221198,221198,831-CS004-2401B SANTA GD,831-CS004-2401B SANT,Unid,Panamá,100513.1325,,,2024-10-17 10:23:10.027,6257,0.0,false
187724,187724,MUSGO ART 140-1300600,MUSGO ART 140-130060,Unid,Panamá,34028.0,,,2023-08-14 09:35:05.727,6257,0.0,false
160853,160853,RAMA DECOR 140-5101374,RAMA DECOR 140-51013,Unid,Panamá,17825.0,,,2022-09-02 14:50:33.733,7370,1.0,false
217487,217487,COLLAR D/ARBOL 201-610048,COLLAR D/ARBOL 201-6,Unid,Panamá,108068.0,,,2024-08-28 10:48:30.430,6256,1.0,false
166445,166445,PACK SERVILLETA X 2,PACK SERVILLETA X 2,Unid,Paraguay,35000.0,,,2022-10-20 10:20:48.150,6296,0.0,false
222356,222356,BOLSA KRAFT NAVIDEÑA OSITO 89223,BOLSA KRAFT OSITO,Unid,Paraguay,4727.2727,,,2024-11-05 16:06:05.890,6271,4.0,false
250404,250404,RELLENO 72CM DORADO 24 831-AMX007- 2528G,Relleno Dorado 72cm,Unid,China,8533.0,,,2025-09-24 11:08:47.427,7370,205.0,false
257367,257367,Tarjeta Gracias y Felicidad - Navidad,Tarjeta Gracias y Fe,Unid,Paraguay,8272.727,,,2025-12-05 12:04:44.917,6280,0.0,false
160725,160725,POINSETTIA 140-4101295,POINSETTIA 140-41012,Unid,Panamá,21675.0,,,2022-08-31 17:10:35.713,7373,1.0,false
160424,160424,CINTA 130-5800198,CINTA 130-5800198,Unid,Panamá,17239.0,,,2022-08-25 11:42:42.863,6278,0.0,false
250570,250570,CAMINO D-MESA 33X180CM 831-XMFE33- 2502P,CAMINO D-MESA 33X180,Unid,China,50422.0,,,2025-09-24 13:32:14.767,6290,6.0,false
246050,246050,CAMPANAS PEQUEÑAS 3 SURT 6X6X6CM 200-2000422,CAPANAS 3 SURT 6X6X6,Unid,Panamá,6243.0,,,2025-08-22 10:54:05.870,7339,0.0,false
248029,248029,ESFERA DE TERCIOPELO VERDE 8CM 1106755,ESFERA DE TERCIOPELO,Unid,Brasil,33660.0,,,2025-09-09 09:37:32.427,6253,15.0,false
253984,253984,HOMBRES D/GALLETA 2 SURT 201-8100034,HOMBRES D/GALLETA 2,Unid,Panamá,29587.0,,,2025-10-17 10:47:39.920,6255,0.0,false
250469,250469,ORNAMENTO 158CM MULTIC S3 831-D113-2509,ORNAMENTO 158CM MULT,Unid,China,7671.0,,,2025-09-24 11:42:09.647,6257,0.0,false
256008,256008,KIT MAGIA SERENA,KIT MAGIA SERENA,Unid,Panamá,136363.635,,,2025-11-18 11:10:26.527,6298,0.0,false
247409,247409,CORONA 50X50X12CM 130-7000538,CORONA 50X50X12CM 13,Unid,Panamá,150066.0,,,2025-08-28 15:37:10.287,6257,0.0,false
163607,163607,"CINTA NAVIDEÑA 2,5x10 NB2236-361","CINTA NAVIDEÑA 2,5x1",Unid,Panamá,16770.0,,,2022-10-05 10:19:19.513,6278,0.0,false
247059,247059,BOLAS 10CM EN CAJA PVC 4PZS 130-2502552,Esferas Decorativas,Unid,Panamá,36172.0,,,2025-08-28 11:12:52.450,6253,2.0,false
163694,163694,TALLO NAVIDEÑO 70CM QD2206-1120,TALLO NAVIDEÑO 70CM,Unid,Panamá,13916.0,,,2022-10-05 11:56:32.727,7370,1.0,false
221871,221871,JUEGO DE PESEBRE DE 30 CM,JGO DE PESEBRE 30CM,Unid,Paraguay,1800000.0,,,2024-10-30 08:44:15.700,6288,0.0,false
256015,256015,ESTABLO CASITA ALTA,ESTABLO CASITA ALTA,Unid,Paraguay,22727.275,,,2025-11-18 15:39:22.417,6288,0.0,false
221593,221593,CAJA D/REGALO CH 200-2100810,CAJA D/REGALO CH,Unid,Panamá,47368.6533,,,2024-10-28 10:46:21.367,6272,0.0,false
217094,217094,MAGNOLIA DECOR 140-4101827,MAGNOLIA DECOR 140-4,Unid,Panamá,16120.0,,,2024-08-23 14:44:18.407,7373,0.0,false
254650,254650,INDIVIDUALES NAVIDEÑOS NATURAL NB2519-7595,INDIVIDUALES NAVIDEÑ,Unid,Panamá,10703.0,,,2025-10-24 11:54:59.993,6291,15.0,false
186683,186683,COLGANTE ESTRELLA 130-7000217,COLGANTE ESTRELLA,Unid,Panamá,25331.0,,,2023-08-04 09:17:41.333,7333,0.0,false
245986,245986,SANTA DECOR ROJO VERDE 14X10X46CM 150-8101103,Santa Decorativo,Unid,Panamá,49440.0,,,2025-08-21 15:55:35.767,6286,0.0,false
250626,250626,MARIPOSA 4P 28X15CM CH 831-AMX044- 25144,Mariposa Decorativa,Unid,China,5171.0,,,2025-09-24 14:16:01.707,6257,142.0,false
215745,215745,RAMA 140-1300868,RAMA 140-1300868,Unid,Panamá,37023.0,,,2024-07-29 11:14:12.727,7370,5.0,false
194413,194413,CASA NAVIDAD C/ LUZ 200-7200114,CASA NAVIDAD C/ LUZ,Unid,Panamá,113090.0,,,2023-11-24 14:10:36.833,6257,2.0,false
191718,191718,CINTA NB2336-498,CINTA NB2336-498,Unid,Panamá,12883.0,,,2023-10-20 11:05:32.910,6278,8.0,false
218638,218638,130-9502528 JG BOLA DECOR,130-9502528 JG BOLA,Unid,Panamá,29337.0,,,2024-09-13 14:39:45.370,6253,0.0,false
215499,215499,ADORNO COLGANTE 130-5001668,ADORNO 130-5001668,Unid,Panamá,10447.0,,,2024-07-23 11:41:05.767,7333,4.0,false
213747,213747,PLATO DE PASTEL CLASSIC CHRISTMAS 1254-116,PLATO 1254-116,Unid,Brasil,96621.0,,,2024-06-27 13:41:29.270,6264,0.0,false
250554,250554,JGO 6 ORNA SANTA HNI 831-XMFE104- 2518B4,JGO 6 ORNA SANTA HNI,Unid,China,96708.0,,,2025-09-24 13:16:40.157,6255,0.0,false
187804,187804,POTE DE HIERRO 200-4200114,POTE DE HIERRO 200-4,Unid,Panamá,44378.0,,,2023-08-14 15:57:05.330,6261,0.0,false
192946,192946,LIND LINDOR GIFTBOX XMAS BOMBONES C/LECHE 287G,GIFTBOX C/LECHE 287G,Unid,Paraguay,112752.7274,,,2023-10-31 16:51:56.107,7362,6.0,true
215509,215509,JG BOLA DECOR 130-5001778,JG BOLA 130-5001778,Unid,Panamá,42957.0,,,2024-07-23 11:47:08.103,6253,0.0,false
254129,254129,BOLAS NAVIDEÑAS 8CM VERDE MITAD MATE NB2515-1172,BOLAS NAVIDEÑAS 8CM,Unid,Panamá,14357.0,,,2025-10-20 16:40:10.950,6253,50.0,false
250769,250769,PLATO PRINCIPAL CONTOY 29 CM 8125-101,PLATO PRINCIPAL CONT,Unid,Brasil,17239.0,,,2025-09-25 11:13:05.273,6264,42.0,false
224306,224306,849347 MDW Peppermint Travel Candle,849347 MDW Peppermin,Unid,Estados Unidos,69540.0,,,2024-12-06 09:01:04.510,6298,1.0,false
250652,250652,ARB MACETA 90CM 272PUNTAS  831-T007-2510,ARB MACETA 90CM 272P,Unid,China,266255.0,,,2025-09-24 14:50:29.890,6258,0.0,false
186681,186681,CINTA 130-5800221,CINTA 130-5800221,Unid,Panamá,16218.0,,,2023-08-04 09:13:18.540,6278,0.0,false
247420,247420,ESTALACTITA DECOR 22X9.50X1.50CM 180-2500064,Estalactita Navidad,Unid,Panamá,12002.0,,,2025-08-28 15:46:58.737,6257,14.0,false
221595,221595,CAJA D/REGALO GR 200-2100810,CAJA D/REGALO GR,Unid,Panamá,66772.68,,,2024-10-28 10:52:45.470,6274,0.0,false
246800,246800,ALFOMBRA 60X40X1.50CM 201-6800092,Alfombra Elfos,Unid,Panamá,37883.0,,,2025-08-27 08:57:28.000,6439,1.0,false
246762,246762,CASCANUECES DECOR 2SURT 2 SURT 201-2800783,CASCANUECES DECOR 2S,Unid,Panamá,53826.0,,,2025-08-26 16:32:57.963,7340,1.0,false
162228,162228,CINTA 130-3400336,CINTA 130-3400336,Unid,Panamá,21173.0,,,2022-09-23 12:00:50.330,6278,0.0,false
215305,215305,GNOMO 150-8100980H,GNOMO 150-8100980H,Unid,Panamá,77068.0,,,2024-07-23 09:36:37.803,6257,0.0,false
246048,246048,CASCABEL 3 SURT 6X6X6CM 200-2000215,CASCABEL 3 SURT,Unid,Panamá,7762.0,,,2025-08-22 10:48:58.340,7339,1.0,false
220929,220929,SET PAPEL NAVIDEÑO JSR-AUG607,SET PAPEL NAVIDEÑO,Unid,China,4208.0,,,2024-10-15 15:05:47.200,6270,0.0,false
246799,246799,ALFOMBRA 60X40X1.50CM 201-6800088,Alfombra Navideña,Unid,Panamá,36025.0,,,2025-08-27 08:56:18.760,6439,0.0,false
253978,253978,ESCENA C/LUZ C/MOV 24X22CM 201-9500087B,ESCENA C/LUZ C/MOV 2,Unid,Panamá,180997.0,,,2025-10-17 10:43:06.880,6257,0.0,false
250624,250624,BOLSO SANTA C-KIT PINTURA  831-D094-2501,Bolso Navideño,Unid,China,5860.0,,,2025-09-24 14:12:40.730,6270,2.0,false
161333,161333,RAMA DECOR 140-5201066,RAMA DECOR 140-52010,Unid,Panamá,16487.0,,,2022-09-14 10:38:08.140,7370,0.0,false
247107,247107,JG BOLA DECOR 6PZ 8CM 130-5002066,Bolas Decorativas,Unid,Panamá,40285.0,,,2025-08-28 12:06:38.437,6253,3.0,false
217333,217333,POINSETIA DECOR 140-5802770,POINSETIA DECOR 140-,Unid,Panamá,9816.0,,,2024-08-27 10:25:08.057,7373,0.0,false
250571,250571,CAMINO D-MESA 33X180CM 831-XMFE33- 2502R,CAMINO D-MESA 33X180,Unid,China,45769.0,,,2025-09-24 13:32:48.487,6290,4.0,false
160318,160318,VELA C/ AROMA 046-966817,Vela Aromática,Unid,Panamá,12928.0547,,,2022-08-24 13:39:04.897,6298,3.0,false
250383,250383,GUIRNALDA 9PIES 10PLG 180P 831-XMVI-094G,Guirnalda 9 Pies 10,Unid,China,75764.0,,,2025-09-24 10:55:14.267,6282,0.0,false
250641,250641,INDIVIDUAL 48X33CM 14 831-XMFE17- 2402A3,INDIVIDUAL 48X33CM 1,Unid,China,6292.0,,,2025-09-24 14:36:56.067,6291,1.0,false
250618,250618,ESTRELLA DECO 100CM DORAD 831-D105-2527G,Estrella Dorada,Unid,China,102657.0,,,2025-09-24 14:04:14.600,6256,11.0,false
221420,221420,ESTRELLA DE METAL DORADA,ESTRELLA DE METAL DO,Unid,Paraguay,25454.5455,,,2024-10-23 16:18:33.943,6256,0.0,false
250409,250409,RELLENO 68CM CHAMPANA  831-AMX007- 2559N,Relleno Champana,Unid,China,8361.0,,,2025-09-24 11:11:03.007,7370,84.0,false
160636,160636,POINSETTIA DECOR 140-4101037,POINSETTIA DECOR 140,Unid,Panamá,18913.0,,,2022-08-30 11:59:00.680,7373,0.0,false
248025,248025,ESFERA TRABAJADA CON HOJAS ROJA/BLANCA 8CM 1075536,ESFERA TRABAJADA CON,Unid,Brasil,35358.0,,,2025-09-09 09:35:17.700,6253,6.0,false
215199,215199,ESTRELLA C/LUZ  120-7500061/1,ESTRELLA 120-7500061,Unid,Panamá,91051.0,,,2024-07-22 14:38:45.647,6257,0.0,false
220918,220918,ARBOL 3MTS NAVIDEÑO,ARBOL 3MTS NAVIDEÑO,Unid,Paraguay,2093456.3625,,,2024-10-15 12:06:56.770,6260,1.0,false
134744,134744,FLOR DECOR 140-5100977,Flor deco,Unid,Panamá,5854.4013,,,2021-08-27 12:48:58.813,7373,6.0,false
215861,215861,RENO 201-3500296,RENO 201-3500296,Unid,Panamá,105780.0,,,2024-07-30 10:54:40.613,6257,0.0,false
163494,163494,JGO 4 PZAS ESFERAS 831-XMNBC-0111039-10,JGO 4 PZAS ESFERAS 8,Unid,Panamá,28454.0,,,2022-10-04 14:16:14.783,6253,0.0,false
162237,162237,MUSICA DECOR 130-4200339,MUSICA DECOR 130-420,Unid,Panamá,3656.0,,,2022-09-23 13:49:31.380,6257,0.0,false
134458,134458,CINTA SURT 130-5400189,Cinta,Unid,Panamá,24182.0,,,2021-08-24 16:22:20.643,6278,1.0,false
217087,217087,POINSETIA DECOR 140-4101783,POINSETIA DECOR 140-,Unid,Panamá,20443.0,,,2024-08-23 14:38:41.010,7373,4.0,false
250585,250585,ADORNO ARBOL 115X45CM PL 831-D125-2504S,ADORNO ARBOL 115X45C,Unid,China,89299.0,,,2025-09-24 13:41:57.950,6255,0.0,false
254472,254472,BOLA NAVIDEÑA 20CM ROJO NB2515-795,BOLA NAVIDEÑA 20CM R,Unid,Panamá,34807.0,,,2025-10-23 11:27:58.400,6253,4.0,false
248034,248034,COLGANTE CORAZÓN/ESTRELLA/BASTÓN/ARBOL 12C 1085233,COLGANTE CORAZÓN/EST,Unid,Brasil,13783.0,,,2025-09-09 09:42:02.347,7333,226.0,false
246770,246770,CASA DECOR C/LUZ A/BAT2 7.5X7X15CM 201-2801048,CASA DECOR C/LUZ A/B,Unid,Panamá,32061.0,,,2025-08-27 08:27:09.510,6257,0.0,false
236312,236312,22036 OLLA,OLLA,Unid,China,19771.0,,,2025-05-07 15:08:07.310,6268,36.0,false
247192,247192,PONSETIA DECOR 140-2501451,PONSETIA DECOR 140-2,Unid,Panamá,7553.0,,,2025-08-28 13:25:51.083,7373,0.0,false
247280,247280,RAMA DECOR 36X14X14CM 140-5201715,Rama Decorativa,Unid,Panamá,11582.0,,,2025-08-28 13:54:35.400,7370,3.0,false
136345,136345,GUIRNALDA NAVIDEÑA NB24190-9,GUIRNALDA NAVIDEÑA,Unid,Panamá,100415.172,,,2021-09-14 09:12:01.120,6282,3.0,false
160608,160608,RAMA DECOR 140-2200301,RAMA DECOR 140-22003,Unid,Panamá,31885.0,,,2022-08-30 09:55:56.680,7370,2.0,false
247371,247371,BASE DECOR P/ARBOL 201-6100090,Base Decorativa,Unid,Panamá,146119.0,,,2025-08-28 14:52:27.527,6256,0.0,false
247120,247120,CINTA 9YDS 2.5X823CM 130-5400632,CINTA 9YDS 2.5X823CM,Unid,Panamá,10994.0,,,2025-08-28 12:11:00.507,6278,0.0,false
186611,186611,JGO BOLAS 4PZ 130-2501413,JGO BOLAS 4PZ 130-25,Unid,Panamá,24495.0,,,2023-08-03 14:01:12.050,6253,0.0,false
250461,250461,ORNAMENTO P-CARAMELO 16CM 831-BC307-2508,Adorno Caramelo,Unid,China,10343.0,,,2025-09-24 11:38:30.990,6257,1.0,false
215413,215413,SANTA 160-7001137,SANTA 160-7001137,Unid,Panamá,79430.0,,,2024-07-23 10:43:40.533,6257,0.0,false
222659,222659,SET DE 6 ARGOLLAS SMALL,SET DE 6 ARGOLLAS S,Unid,Paraguay,104727.27,,,2024-11-14 15:58:56.210,6257,0.0,false
247189,247189,PONSETIA DECOR 22X22X30CM 140-2501442,Ponsetia Decorativa,Unid,Panamá,8980.0,,,2025-08-28 13:24:45.070,7373,1.0,false
257096,257096,Cajita Navidad Noche de Paz 2025,Cajita Navidad Noche,Unid,Paraguay,101818.182,,,2025-12-04 08:34:18.910,6298,0.0,false
160378,160378,JGO BOLA 6PZ 130-2500738,JGO BOLA 6PZ 130-250,Unid,Panamá,38037.0,,,2022-08-25 08:07:43.837,6253,1.0,false
142531,142531,FLOR NAVIDEÑO XY2102.,FLOR NAVIDEÑO XY2102,Unid,Paraguay,4999.9999,,,2021-12-09 13:51:49.640,7373,0.0,false
247983,247983,CINTA C/ACEVINOS CRUDO/VERDE 1069845,CINTA C/ACEVINOS CRU,Unid,Brasil,18178.0,,,2025-09-09 09:04:46.550,6278,22.0,false
247974,247974,"CINTA LISTRADA CRUDO/ROJO 6,3X914CM 1069697",CINTA LISTRADA CRUDO,Unid,Brasil,29964.0,,,2025-09-09 08:59:29.240,6278,1.0,false
247470,247470,PLACA D/PARED 202-1900012,Placa Musical Dorada,Unid,Panamá,120688.0,,,2025-08-28 16:24:38.213,7333,16.0,false
160353,160353,JGO BOLA 6PZ 130-2500580,JGO BOLA 6PZ 130-250,Unid,Panamá,35807.7731,,,2022-08-24 15:48:03.277,6253,0.0,false
187749,187749,SANTA DECOR 150-8000449A,SANTA DECOR 150-8000,Unid,Panamá,11964.0,,,2023-08-14 10:38:21.310,6255,0.0,false
219877,219877,1699053 CINTA NAVIDAD,CINTA NAVIDAD,Unid,Brasil,54491.0,,,2024-09-26 14:21:11.340,6278,0.0,false
161688,161688,ESCENA C/ LUZ 201-9500022,ESCENA C/ LUZ 201-95,Unid,Panamá,149833.6923,,,2022-09-19 09:24:14.750,6257,0.0,false
248132,248132,BOLA BRILLANTE DORADA 20CM 1072770,BOLA BRILLANTE DORAD,Unid,Brasil,38507.0,,,2025-09-09 11:50:00.890,6253,65.0,false
206457,206457,CASITA NAVIDEÑA JSR-JAN-R62,Casita Navideña JSR,Unid,China,16065.0,,,2024-04-12 12:50:59.060,6257,2.0,false
213767,213767,PLATO DE PASTEL M SOLDADOS 1255-116M,PLATO 1255-116M,Unid,Brasil,85797.0,,,2024-06-27 13:54:30.967,6264,1.0,false
217112,217112,RAMA DECOR 140-4700470,Rama Decorativa,Unid,Panamá,30465.0,,,2024-08-23 15:01:30.807,7370,3.0,false
217296,217296,831-XMFE28-2408Z INDIVIDUAL BLANCO,INDIVIDUAL BLANCO,Unid,Panamá,14071.0,,,2024-08-26 16:47:01.910,6291,1.0,false
217042,217042,831-AMX006-2416N PONSETIA 27CM CHAMPAGNE,PONSETIA 27CM CHAMPA,Unid,Panamá,7342.0,,,2024-08-23 11:08:04.830,7373,2.0,false
250653,250653,PORTAPLATO 33CM ROJO-VERDE 831-D098-2513,Portaplato 33CM,Unid,China,14653.0,,,2025-09-24 14:51:31.823,6265,14.0,false
254736,254736,POTE MD 202-1600004,POTE CH 202-1600004,Unid,Panamá,46552.5,,,2025-10-27 14:10:04.997,6273,3.0,false
160632,160632,RAMA DECOR 140-4100888,RAMA DECOR 140-41008,Unid,Panamá,12218.0,,,2022-08-30 11:11:46.637,7370,1.0,false
219811,219811,200-810038 PANAL DECOR 12X1X12CM,PANAL DECOR 12X1X12C,Unid,Panamá,13427.0,,,2024-09-26 10:00:00.250,6257,0.0,false
247352,247352,RENO DECOR 17X13X55CM 150-5000015,Reno Decorativo 55cm,Unid,Panamá,61686.0,,,2025-08-28 14:39:07.953,6255,2.0,false
186934,186934,ESTRELLA DECOR 201-1300119,ESTRELLA DECOR 201-1,Unid,Panamá,12456.0,,,2023-08-07 11:22:47.243,6257,1.0,false
187745,187745,PONSETIA DECOR 140-5802317,PONSETIA DECOR 140-5,Unid,Panamá,13407.0,,,2023-08-14 10:30:17.560,7373,0.0,false
217239,217239,FLOR NAV DECOR 140-5201415,FLOR NAV DECOR 140-5,Unid,Panamá,18101.0,,,2024-08-26 14:22:39.933,7373,0.0,false
250365,250365,PONSETIA 34X30CM 11P ROJ 831-AMX001- 25161A,Ponsetia Roja 34x30,Unid,China,10257.0,,,2025-09-24 10:43:04.957,7373,219.0,false
246035,246035,INDIVIDUAL PUNTAS 38X38X0.10CM 180-0500245,INDIVIDUAL 38X38X0.1,Unid,Panamá,7340.0,,,2025-08-22 09:43:33.690,6291,1.0,false
215554,215554,200-4100294 CASCANUECES,CASCANUECES 200-4100,Unid,Panamá,85714.0,,,2024-07-23 14:27:25.567,7340,0.0,false
247374,247374,ADORNO VELA DE VIDRIO C/LUZ 7x7x14.7 180-3300673,ADORNO VELA DE VIDRI,Unid,Panamá,31053.0,,,2025-08-28 14:57:29.977,6298,1.0,false
217155,217155,831-MX2467-24118A ARREGLO 60CM ROJO/VERDE,ARREGLO 60CM ROJO/VE,Unid,Panamá,31101.0,,,2024-08-23 16:46:23.093,6257,0.0,false
161560,161560,PORTAPLATO 180-0700367,PORTAPLATO 180-07003,Unid,Panamá,21340.0,,,2022-09-15 15:20:01.320,6265,3.0,false
248246,248246,FLOR DECOR NAV DORADO 140-3000061,Flor Decorativa,Unid,Panamá,3595.0,,,2025-09-09 16:20:44.987,7370,3.0,false
254535,254535,SET BOLA NAVIDEÑA 10CM PLATA NB2519-6270,SET BOLA NAVIDEÑA 10,Unid,Panamá,19927.0,,,2025-10-23 15:22:26.497,6253,84.0,false
217170,217170,831-2788-239101374R JGO 2 ESFERAS 10CM,Juego Esferas Rojas,Unid,Panamá,9913.0,,,2024-08-26 09:20:42.227,6253,0.0,false
162234,162234,CINTA 130-3400351,CINTA 130-3400351,Unid,Panamá,24659.0,,,2022-09-23 12:29:09.777,6278,0.0,false
215080,215080,ADORNO 130-090015,ADORNO 130-090015,Unid,Panamá,31520.0,,,2024-07-19 11:54:18.923,6257,0.0,false
248048,248048,CORDÓN500 LUCES 8 FUNCIONES VERDE BIVOLT 1058391.,CORDÓN500 LUCES 8 FU,Unid,Brasil,93090.0,,,2025-09-09 10:03:55.660,6285,1.0,false
247170,247170,ESTRELLA A/BAT  C/LUZ A/BAT2 130-1400002,ESTRELLA A/BAT  C/LU,Unid,Panamá,40031.0,,,2025-08-28 13:12:08.090,6255,1.0,false
246426,246426,"63 MM, 5 YARDAS / ROLLO DE CINTA JSR-DEC-24-690",Cinta Decorativa,Unid,China,15979.0,,,2025-08-23 00:54:53.750,6278,9.0,false
217113,217113,831-K006-2420 TAZA 360ML,TAZA 360ML,Unid,Panamá,16927.0,,,2024-08-23 15:02:12.377,6266,0.0,false
206308,206308,"CASCANUECES 1,5 MTS JSR-JAN-358","CASCANUECES 1,5 MTS",Unid,China,1002908.0,,,2024-04-11 14:40:55.137,7340,0.0,false
166442,166442,PACK SERVILLETA BORDADA X 2,PACK SERVILLETA BORD,Unid,Paraguay,38181.8185,,,2022-10-20 10:20:08.670,6296,0.0,false
259243,259243,ACCESORIOS P/ VINO 567-411131,ACCESORIOS P/ VINO,Unid,Panamá,29617.0,,,2025-12-24 10:05:10.440,7337,23.0,false
190680,190680,ARBOL 210CM NB24190-369,ARBOL 210CM NB24190-,Unid,Panamá,369627.0,,,2023-10-05 13:25:52.957,6259,0.0,false
246819,246819,ALFOMBRA 60X40X1.50CM 201-6800114,Alfombra Nochebuena,Unid,Panamá,36429.6666,,,2025-08-27 09:09:18.530,6439,0.0,false
254786,254786,RENO NAVIDEÑO ACRILICO SZ25133-2,RENO NAVIDEÑO ACRILI,Unid,Panamá,76229.0,,,2025-10-28 10:20:54.657,6255,0.0,false
191765,191765,BOLA NAVIDEÑO QD2339-99,BOLA NAVIDEÑO QD2339,Unid,Panamá,15563.0,,,2023-10-20 13:19:01.440,6253,0.0,false
116214,116214,PAÑO DE COCINA NAVIDEÑO 40X66 PRIMORE,Paño navideno 40x66,Unid,Paraguay,7592.549,,,2020-10-22 09:59:45.663,6293,22.0,false
187839,187839,LINTERNA 201-9200069,LINTERNA 201-9200069,Unid,Panamá,41662.0,,,2023-08-16 10:22:24.543,6285,0.0,false
163470,163470,MOLDE REPOSTERIA 831-XDA03-020,MOLDE REPOSTERIA 831,Unid,Panamá,25333.0,,,2022-10-04 11:37:01.307,6268,0.0,false
258438,258438,BACI PERUGRINA CALENDARIO DE ADVIENTO,BACI PERUGRINA CALEN,Unid,Paraguay,139361.8187,,,2025-12-18 10:29:24.620,7360,0.0,true
215546,215546,PLACA D/PARED 200-3900077,PLACA 200-3900077,Unid,Panamá,69701.0,,,2024-07-23 14:17:10.360,6257,26.0,false
256697,256697,RECIPIENTE NAVIDEÑO GR NB2519-5733,RECIPIENTE NAVIDEÑO,Unid,Panamá,21406.5,,,2025-11-29 11:27:29.953,6268,2.0,false
215367,215367,BOLA 130-2502140,BOLA 130-2502140,Unid,Panamá,41607.0,,,2024-07-23 10:22:31.367,6253,0.0,false
245989,245989,SANTA DECOR REGALO 20X10X66CM 150-8101108,Santa Decorativo,Unid,Panamá,93650.0,,,2025-08-21 16:27:08.543,6286,0.0,false
248067,248067,ARBOL NAVIDAD IPANEMA 250 RAMAS VERDE 150CM1088436,ARBOL NAVIDAD IPANEM,Unid,Brasil,66621.0,,,2025-09-09 10:29:12.163,6259,0.0,false
217481,217481,VELA C/AROMA 200-9600252,VELA C/AROMA 200-960,Unid,Panamá,25756.0,,,2024-08-28 10:43:17.107,6298,0.0,false
217062,217062,831-MX2416-2457S ARBOL LED 48CM,ARBOL LED 48CM,Unid,Panamá,55674.0,,,2024-08-23 13:57:49.150,6257,0.0,false
247428,247428,PORTAPLATO 33X33X2CM 180-0700715,PORTAPLATO 33X33X2CM,Unid,Panamá,10323.0,,,2025-08-28 15:53:10.080,6265,45.0,false
246721,246721,RENO DECOR 15X6.50X21.50CM 201-0100310,Reno Decorativo 15cm,Unid,Panamá,83104.0,,,2025-08-26 15:44:24.737,6255,1.0,false
248277,248277,COJIN 500G HOHO CALCETIN 170-2701149,COJIN 500G 170-27011,Unid,Panamá,75921.0,,,2025-09-10 11:28:09.377,6289,0.0,false
257101,257101,Vela 160gr Noche de Paz,Vela 160gr Noche de,Unid,Paraguay,57272.7277,,,2025-12-04 08:36:55.973,6298,0.0,false
247433,247433,CAMPANA DECOR 201-0500163,CAMPANA DECOR 201-05,Unid,Panamá,116067.0,,,2025-08-28 15:56:19.890,7339,0.0,false
247972,247972,CINTA ROMBOS CRUDO/ROJO/DORADO1056635,CINTA ROMBOS CRUDO/R,Unid,Brasil,17979.0,,,2025-09-09 08:58:18.487,6278,39.0,false
255561,255561,SERVILLETERO CERAMICA AMOR,SERVILLETERO CERAMIC,Unid,Paraguay,26727.2725,,,2025-11-12 10:39:38.853,6319,2.0,false
248387,248387,FLOR ROJA PICOS DECOR 28X28X28CM 201-3500365,Flor Roja Decorativa,Unid,Panamá,15636.0,,,2025-09-11 13:58:54.600,7373,97.0,false
247194,247194,PONSETIA DECOR 140-2501469,Poinsetia Navidad,Unid,Panamá,5959.0,,,2025-08-28 13:26:23.973,7373,13.0,false
253971,253971,CAMPANA 5X15CM 202-1500006,CAMPANA 5X15CM 202-1,Unid,Panamá,28368.0,,,2025-10-17 10:38:00.857,7339,8.0,false
254852,254852,ADORNO NAVIDEÑO PARA COLGAR XM25200-84,ADORNO NAVIDEÑO PARA,Unid,Panamá,93458.0,,,2025-10-28 16:39:52.357,7333,0.0,false
248088,248088,ARBOL LED248 LUCES CALIDAS BLANCO 100CM 1071806,ARBOL LED248 LUCES C,Unid,Brasil,172700.0,,,2025-09-09 10:49:07.107,6258,0.0,false
245842,245842,ADORNO COLGANTE 22X5X3CM 140-2200831,Adorno Colgante,Unid,Panamá,23118.0,,,2025-08-20 15:20:11.180,6257,7.0,false
250371,250371,PONSETIA 19X30CM 5P CREM 831-AMX001- 25166B,Poinsettia Elegante,Unid,China,4740.0,,,2025-09-24 10:46:42.750,7373,0.0,false
125152,125152,PORTA SERVILLETAS PQ NAVIDAD,Servilletero enamora,Unid,Paraguay,9090.9091,,,2021-03-09 10:30:04.970,6296,1.0,false
248334,248334,ARBOL DECOR 12X12X40CM 200-2900200,Árbol Decorativo,Unid,Panamá,46154.0,,,2025-09-10 15:46:10.090,6259,0.0,false
254677,254677,LAZO NAVIDEÑO PARA COLGAR QD2504-761,LAZO NAVIDEÑO PARA C,Unid,Panamá,6352.0,,,2025-10-24 14:32:48.850,7333,1.0,false
206255,206255,CASCANUECES 50CM JSR-JAN-323,Cascanueces 50cm,Unid,China,100265.24,,,2024-04-10 18:04:47.630,7340,1.0,false
255707,255707,Vela Navidad 140gr Flor de Coco,Vela Navidad 140gr F,Unid,Paraguay,41363.6363,,,2025-11-12 15:41:03.167,6298,0.0,false
206064,206064,PLATO NAVIDEÑO JSR-NOV-1009,PLATO NAVIDEÑO JSR-N,Unid,China,55098.0,,,2024-04-08 15:42:24.170,6268,0.0,false
218567,218567,831-24824083 ORNAMENTO JOSE-MARIA VERDE MENTA,ORNAMENTO JOSE-MARIA,Unid,Panamá,15266.0,,,2024-09-13 10:45:59.230,6256,0.0,false
246094,246094,RENO PARADA DECOR 31X18X38CM 200-7500077,RENO DECOR 31X18X38C,Unid,Panamá,175566.0,,,2025-08-22 14:08:39.440,6255,0.0,false
247419,247419,SALERO Y PIMENTERO JGO/2 180-1100196,Salero Pimentero,Unid,Panamá,24759.0,,,2025-08-28 15:46:08.347,6261,10.0,false
221418,221418,ESTRELLA DORADA C/LUZ,ESTRELLA DORADA C/LU,Unid,Paraguay,40727.2733,,,2024-10-23 16:15:30.847,6256,0.0,false
186837,186837,PIÑA DECO 200-3200104,PIÑA DECO 200-320010,Unid,Panamá,37369.0,,,2023-08-05 10:47:12.380,6257,2.0,false
246226,246226,"CASA DE NAVIDAD 11,3 X8,5 X 33 CM JSR-DEC-24-33","Casa Navidad 11,3 cm",Unid,China,31370.0,,,2025-08-22 18:57:00.900,6257,2.0,false
160726,160726,POINSETTIA DECOR 140-4101296,POINSETTIA DECOR 140,Unid,Panamá,16236.0,,,2022-08-31 17:11:54.027,7373,0.0,false
219617,219617,6340.80 ESTRELLA 5 PUNTAS ORO 80 CM,ESTRELLA 5 PUNTAS,Unid,Brasil,509201.0,,,2024-09-24 14:47:47.070,6256,0.0,false
254648,254648,INDIVIDUALES NAVIDEÑOS PLATA NB2519-7591,INDIVIDUALES NAVIDEÑ,Unid,Panamá,10355.0,,,2025-10-24 11:48:55.490,6291,193.0,false
192802,192802,BOTA SANTA 831-XFE104-344A,BOTA SANTA 831-XFE10,Unid,Panamá,35241.0,,,2023-10-31 08:55:17.817,6256,2.0,false
219852,219852,1057150 BOLA TERCIOPELO SETX4,BOLA TERCIOPELO,Unid,Brasil,79264.0,,,2024-09-26 11:12:31.253,6253,0.0,false
192374,192374,ESFERA 831-XMTX349-455,ESFERA 831-XMTX349-,Unid,Panamá,7652.0,,,2023-10-26 09:51:20.913,6253,0.0,false
160721,160721,POINSETTIA DECOR 140-4101262,POINSETTIA DECOR 140,Unid,Panamá,14336.4615,,,2022-08-31 17:06:11.570,7373,0.0,false
217451,217451,VELA 200-6400546,VELA 200-6400546,Unid,Panamá,21073.0,,,2024-08-28 10:12:19.067,6298,0.0,false
136624,136624,GUIRNALDA NAVIDEÑA NB24190-268,GUIRNALDA NAVIDEÑA,Unid,Panamá,50285.2722,,,2021-09-16 08:28:12.047,6282,0.0,false
248165,248165,JG ADORNO P/ARBOL 2PC BLANCO Y DORADO 130-0500199,Adornos Árbol,Unid,Panamá,21405.0,,,2025-09-09 12:02:14.257,6256,63.0,false
254284,254284,CAJA DOBR CALCA RET CIMA PT 1UN 19000816,CAJA DOBR CALCA RET,Unid,Brasil,41623.0,,,2025-10-22 10:07:21.220,6273,1.0,false
217347,217347,COJIN 170-2400141,COJIN 170-2400141,Unid,Panamá,80872.0,,,2024-08-27 10:58:24.757,6257,0.0,false
246281,246281,ALCE NAVIDEÑA 18 X 60 CM JSR-DEC-24-414,Alce Navideño 18 cm,Unid,China,29018.0,,,2025-08-22 21:37:35.473,6257,0.0,false
246772,246772,CASA DECOR C/LUZ A/BAT2 7.5X7X15CM 201-2801050,CASA DECOR C/LUZ A/B,Unid,Panamá,30457.0,,,2025-08-27 08:29:35.540,6257,3.0,false
236310,236310,22038 OLLA,OLLA,Unid,China,19771.0,,,2025-05-07 14:48:48.817,6268,36.0,false
257094,257094,Cajita Navidad Flor de Coco 2025,Cajita Navidad Flor,Unid,Paraguay,101818.1817,,,2025-12-04 08:32:53.693,6298,0.0,false
217559,217559,BANDEJA DECO 201-8800013,BANDEJA DECO 201-880,Unid,Panamá,189300.0,,,2024-08-28 14:46:11.170,6262,0.0,false
215247,215247,CINTA 130-5800316,CINTA 130-5800316,Unid,Panamá,23611.0,,,2024-07-22 16:17:50.643,6278,0.0,false
215049,215049,BOMBILLO DECOR 130-0200122,BOMBILLO 130-0200122,Unid,Panamá,48900.0,,,2024-07-19 09:57:45.920,6257,16.0,false
248262,248262,PINO DECOR C/FRUTA NAV 140-3600016,Rama Pino con Frutas,Unid,Panamá,7274.0,,,2025-09-09 16:43:08.170,7370,0.0,false
254276,254276,BOLSA TRANSP 25X35 PANETONE 11301068,BOLSA TRANSP 25X35 P,Unid,Brasil,467.0,,,2025-10-22 09:49:40.023,6270,984.0,false
222644,222644,ARBOLITO DE YUTE GRANDE,ARBOLITO DE YUTE GR,Unid,Paraguay,170909.0914,,,2024-11-14 15:46:13.883,6257,0.0,false
193103,193103,GLOBO 150MM LISO 23051,GLOBO 150MM LISO 230,Unid,Paraguay,49909.0906,,,2023-11-02 11:53:39.207,6253,5.0,false
246805,246805,ALFOMBRA 60X40X1.50CM 201-6800100,Alfombra Feliz,Unid,Panamá,37883.0,,,2025-08-27 09:00:48.140,6439,0.0,false
254706,254706,PICK DE FLOR NAVIDEÑA DORADO QD2552-2914,PICK DE FLOR NAVIDEÑ,Unid,Panamá,5482.0,,,2025-10-24 16:19:09.357,7373,477.0,false
247102,247102,JG BOLAS 4PZ 10CM 130-5002039,Bolas Decorativas,Unid,Panamá,46999.0,,,2025-08-28 12:04:59.347,6253,40.0,false
245962,245962,ELFO DECOR VERDE 22X9X58CM 150-8101051,ELFO DECOR 22X9X58CM,Unid,Panamá,72897.0,,,2025-08-21 14:22:34.847,6286,0.0,false
247034,247034,JG BOLAS 50PZ 8X8X8CM 130-2502126,JG BOLAS 50PZ 8X8X8C,Unid,Panamá,170627.0,,,2025-08-28 10:53:01.540,6253,0.0,false
215431,215431,CINTA 130-3400551,CINTA 130-3400551,Unid,Panamá,29898.0,,,2024-07-23 10:51:35.947,6278,0.0,false
221387,221387,ESTRELLA MEDIANA,ESTRELLA MEDIANA,Unid,Paraguay,17454.5458,,,2024-10-22 14:01:57.923,6257,0.0,false
187008,187008,BOLA DECO 201-3500088,BOLA DECO 201-350008,Unid,Panamá,22656.0,,,2023-08-07 15:18:22.000,6253,1.0,false
247101,247101,CINTA 9YDS 6.30X823CM 130-5400568,CINTA 9YDS 6.30X823C,Unid,Panamá,15107.0,,,2025-08-28 12:04:45.357,6278,0.0,false
216867,216867,RAMO DECOR 140-2501339,RAMO DECOR 140-25013,Unid,Panamá,10987.0,,,2024-08-20 12:04:31.043,7373,0.0,false
191722,191722,CINTA NB2336-509,CINTA NB2336-509,Unid,Panamá,18849.0,,,2023-10-20 11:15:10.770,6278,41.0,false
254653,254653,INDIVIDUAL NAVIDEÑO ROJO NB2519-7601,INDIVIDUAL NAVIDEÑO,Unid,Panamá,9050.0,,,2025-10-24 12:02:21.260,6291,24.0,false
206447,206447,CASITA NAVIDEÑA JSR-JAN-R48,Casita Navideña JSR,Unid,China,52210.0,,,2024-04-12 12:40:29.313,6257,0.0,false
187713,187713,POINSETIA DECOR 140-4101578,POINSETIA DECOR 140-,Unid,Panamá,14510.0,,,2023-08-14 09:11:37.397,7373,50.0,false
256054,256054,ESTRELLA NAVIDEÑA DE CERAMICA SET DE 6,ESTRELLA NAVIDEÑA DE,Unid,Paraguay,165818.1825,,,2025-11-19 09:59:19.327,6257,1.0,false
163613,163613,"CINTA NAVIDEÑA 2,5x10 NB2236-370","CINTA NAVIDEÑA 2,5x1",Unid,Panamá,23015.0,,,2022-10-05 10:23:21.710,6278,40.0,false
161353,161353,POINSETTIA 140-5802232,POINSETTIA 140-58022,Unid,Panamá,14394.0,,,2022-09-14 13:45:32.847,7373,8.0,false
217292,217292,831-239-2403B ORNAMENTO PALETA,ORNAMENTO PALETA,Unid,Panamá,14989.0,,,2024-08-26 16:36:06.573,6257,1.0,false
246417,246417,"63 MM, CINTA DE 10 YARDAS / ROLLO JSR-DEC-24-659.",Cinta Roja 63mm,Unid,China,8823.0,,,2025-08-23 00:48:35.657,6278,0.0,false
246031,246031,COPA NAVIDEÑO 400ML 8X8X23.50CM 180-0400201,COPA NAVIDEÑO 400ML,Unid,Panamá,45560.0,,,2025-08-22 09:30:26.533,7337,0.0,false
222752,222752,LINTERNA C/VELA LED BLANCO 2426W/059,LINTERNA C/VELA LED,Unid,Paraguay,38443.0,,,2024-11-18 12:00:55.437,6257,1.0,false
162197,162197,ARBOL C/ BASE 270CM NB24190-151,ARBOL C/ BASE 270CM,Unid,Panamá,974473.0,,,2022-09-23 09:36:06.877,6260,0.0,false
163464,163464,MALLA DECO 831AMX082-105-15-22I,MALLA DECO 831AMX08,Unid,Panamá,12884.6825,,,2022-10-04 11:18:18.450,6257,0.0,false
215573,215573,CINTA 130-5400528,CINTA 130-5400528,Unid,Panamá,19992.0,,,2024-07-23 15:02:17.343,6278,0.0,false
142559,142559,SETx6 ESFERAS 5CM LR5006A,SETx6 ESFERAS 5CM,Unid,Paraguay,4090.9089,,,2021-12-09 14:37:06.493,6257,0.0,false
215359,215359,JG ARBOLES DECOR  130-2501990,ARBOLES 130-2501990,Unid,Panamá,19091.0,,,2024-07-23 10:18:10.290,6257,0.0,false
255234,255234,PESEBRE G AD33,PESEBRE G AD33,Unid,Paraguay,540909.09,,,2025-11-05 15:38:08.127,6288,0.0,false
186608,186608,JGO BOLAS 6PZ 130-2500594,JGO BOLAS 6PZ 130-25,Unid,Panamá,35781.0,,,2023-08-03 13:55:31.180,6253,0.0,false
247982,247982,"CINTA ROJO/DORADO 6,3X914CM 1069819","CINTA ROJO/DORADO 6,",Unid,Brasil,21075.0,,,2025-09-09 09:04:11.340,6278,0.0,false
218580,218580,831-D046-2426W LINTERNA P-VELA BLANCO,LINTERNA P-VELA,Unid,Panamá,33109.0,,,2024-09-13 11:01:18.530,6285,1.0,false
192947,192947,LINDT LINDOR GIFTBOX XMAS BOMBONES SURTIDOS 287G,GIFTBOX SURTIDO 287,Unid,Paraguay,112752.7274,,,2023-10-31 16:55:10.927,7362,2.0,true
221247,221247,VINCHA GORRA ROJA VIN-HOHO,VINCHA GORRA ROJA VI,Unid,Paraguay,5454.5458,,,2024-10-17 15:26:01.480,6257,0.0,false
246791,246791,BASE DECORATIVA PARA ARBOL 201-6700028,BASE DECORATIVA PARA,Unid,Panamá,80994.0,,,2025-08-27 08:52:07.053,6256,0.0,false
163695,163695,TALLO NAVIDEÑO 39CM QD2206-1122,TALLO NAVIDEÑO 70CM,Unid,Panamá,8831.0,,,2022-10-05 11:57:27.060,7370,1.0,false
215287,215287,SANTA 150-8000535A,SANTA 150-8000535A,Unid,Panamá,74518.0,,,2024-07-23 09:26:08.337,6257,2.0,false
141035,141035,CINTA NAV C/GLITTER BORDE DORADO,CINTA NAV C/GLITTER,Unid,Paraguay,10103.896,,,2021-11-23 14:38:50.820,6278,0.0,false
186750,186750,SANTA DECO 150-8100605A,SANTA DECO 150-81006,Unid,Panamá,30848.0,,,2023-08-04 14:08:45.710,6257,0.0,false
247340,247340,ARDILLA DECOR 16X12X21CM 201-1300251,Ardilla Decorativa,Unid,Panamá,51278.0,,,2025-08-28 14:28:42.623,6255,0.0,false
246082,246082,PLATO HOJA NARANJA 19.5X16.5X3CM 200-6600816,Plato Hoja Naranja,Unid,Panamá,24299.0,,,2025-08-22 12:00:50.090,6264,9.0,false
215295,215295,HOMBRE D/NIEVE 150-8100966B,HOMBRE D/NIEVE 150-8,Unid,Panamá,17473.0,,,2024-07-23 09:31:44.250,6257,1.0,false
247154,247154,GUIRNALDA 201-1300221,Guirnalda Mágica,Unid,Panamá,29375.0,,,2025-08-28 12:57:17.473,6282,2.0,false
247461,247461,CAMPANA 202-1900002,CAMPANA 202-1900002,Unid,Panamá,293068.0,,,2025-08-28 16:19:48.440,7339,0.0,false
161603,161603,PLACA DE PARED 200-3900027,PLACA DE PARED 200-3,Unid,Panamá,50799.0,,,2022-09-16 11:51:40.387,6257,10.0,false
246212,246212,BOLA DE NAVIDAD DE 10 CM JSR-DEC-24-14,Bola Navidad 10 cm,Unid,China,3431.0,,,2025-08-22 18:27:29.677,6253,0.0,false
162712,162712,ESFERA 412-363485,ESFERA 412-363485,Unid,Panamá,69824.0,,,2022-09-28 16:46:51.930,6253,0.0,false
191712,191712,CINTA NB2336-483,CINTA NB2336-483,Unid,Panamá,12883.0,,,2023-10-19 16:20:08.807,6278,12.0,false
250358,250358,PONSETIA 14P 34X30CM DORA 831-AMX044- 2507B,PONSETIA 14P 34X30CM,Unid,China,12756.0,,,2025-09-24 10:39:03.313,7373,172.0,false
248104,248104,JG ADORNO P/ARBOL 6PC CASCANUECES DORA 130-0500165,Adornos Cascanueces,Unid,Panamá,21154.0,,,2025-09-09 11:33:42.587,6256,0.0,false
248375,248375,RAMA DECOR PLATA 20X76X8CM 201-3500321,Rama Decorativa,Unid,Panamá,13880.0,,,2025-09-11 10:48:19.603,7370,89.0,false
217315,217315,BOLA DECOR 140-5702506,BOLA DECOR,Unid,Panamá,46108.0,,,2024-08-27 09:22:13.167,6253,0.0,false
255391,255391,CANASTA ROJA MD 831-XDA33-2503,CANASTA ROJA MD 831-,Unid,Estados Unidos,41924.8687,,,2025-11-10 10:29:04.543,6276,0.0,false
215053,215053,BOLA C/LUZ 130-0200139,BOLA C/LUZ 130-02001,Unid,Panamá,35752.0,,,2024-07-19 10:17:18.010,6253,0.0,false
246054,246054,CAMPANAS HOJAS 3 SURT 8X8X8CM 200-2000427,CAPANAS 3 SURT 8X8X8,Unid,Panamá,10292.0,,,2025-08-22 11:01:12.657,7339,4.0,false
215891,215891,ESCALERA 201-4600056,Escalera Navideña,Unid,Panamá,97775.0,,,2024-07-30 11:36:53.847,6257,0.0,false
161347,161347,RAMA DECOR 140-5801399,RAMA DECOR 140-58013,Unid,Panamá,13808.0,,,2022-09-14 12:06:17.083,7370,0.0,false
221186,221186,LINDT LINDOR GIFTBOX SURTIDO 137GR,GIFTBOX 137G SURTIDO,Unid,Paraguay,78938.1025,,,2024-10-17 09:51:42.537,7362,0.0,true
62931,62931,LUZ 100LED C:VERD/F:BL CALIDO 10MTS 220V,LUZ 100LED C:VERD/F:,Unid,Paraguay,61745.4545,,,2017-10-30 14:48:33.570,6285,1.0,false
161556,161556,PORTAPLATO 180-0700206,PORTAPLATO 180-07002,Unid,Panamá,14099.0,,,2022-09-15 15:17:09.250,6265,0.0,false
215500,215500,JG BOLA DECOR 130-5001708,JG BOLA 130-5001708,Unid,Panamá,36654.0,,,2024-07-23 11:42:10.330,6253,0.0,false
246076,246076,LINTERNA C/LUZ C/MUS A/BAT3 13X13X32CM 200-4300101,LINTERNA C/LUZ C/MUS,Unid,Panamá,99044.0,,,2025-08-22 11:53:27.150,6285,0.0,false
250740,250740,PLATO PARA PASTEL M MERRY CHRISTMAS 29 CM 7612-116,PLATO PARA PASTEL M,Unid,Brasil,44186.0,,,2025-09-25 10:38:14.643,6264,0.0,false
245798,245798,RAMA DECOR 70X15X4CM 140-1900296,Rama Decorativa Roja,Unid,Panamá,24720.0,,,2025-08-19 16:43:56.133,7370,0.0,false
97912,97912,GLOBO NAVIDAD,GLOBO NAVIDAD,Unid,Paraguay,17727.2731,,,2019-12-04 16:50:59.410,6257,0.0,false
254776,254776,SANTA Y MUÑECO DE NIEVE SENTADOS ST2527-74,SANTA Y MUÑECO DE NI,Unid,Panamá,54125.0,,,2025-10-27 16:13:55.610,6255,0.0,false
162200,162200,ARBOL 210CM NB24190-219,ARBOL 210CM NB24190-,Unid,Panamá,369629.0,,,2022-09-23 09:43:31.900,6259,8.0,false
257870,257870,Muestra Individual Navidad del Paraguay,Muestra Individual N,Unid,Paraguay,25454.545,,,2025-12-11 08:03:35.190,7365,0.0,false
191708,191708,CINTA NB2336-467,CINTA NB2336-467,Unid,Panamá,12450.0,,,2023-10-19 16:08:43.373,6278,29.0,false
247474,247474,CORONA 140-5201734,CORONA 140-5201734,Unid,Panamá,105077.0,,,2025-08-28 16:31:37.770,6257,0.0,false
248259,248259,ESTRELLA DECOR DORADO 140-3600008,Estrella Dorada,Unid,Panamá,6103.0,,,2025-09-09 16:36:32.030,7370,0.0,false
217086,217086,POINSETIA DECOR 140-4101780,POINSETIA DECOR 140-,Unid,Panamá,19452.0,,,2024-08-23 14:37:28.437,7373,0.0,false
245976,245976,SANTA DECOR ALTO 20X9X66CM 150-8101079,Figura Santa Navidad,Unid,Panamá,93650.0,,,2025-08-21 15:41:18.720,6287,0.0,false
254685,254685,SET VELAS ESPIRALES QD2505-121,SET VELAS ESPIRALES,Unid,Panamá,14358.0,,,2025-10-24 14:51:38.587,6298,0.0,false
254292,254292,CIERRE PRATICO ROJO 100UN 502,CIERRE PRATICO ROJO,Unid,Brasil,15646.0,,,2025-10-22 10:20:03.760,6273,0.0,false
163486,163486,ESFERAS 831-XMTX349-266,ESFERAS 831-XMTX349,Unid,Panamá,9782.0,,,2022-10-04 13:41:23.903,6253,1.0,false
135336,135336,CINTA 130-3400270,Cinta,Unid,Panamá,11127.7437,,,2021-09-02 10:25:56.020,6278,24.0,false
164424,164424,CAJA MD 200-2100583,CAJA MD 200-2100583,Unid,Panamá,71652.0,,,2022-10-11 11:05:06.400,6259,0.0,false
215341,215341,BOLA 130-2501941,BOLA 130-2501941,Unid,Panamá,45297.0,,,2024-07-23 09:55:36.930,6253,0.0,false
217295,217295,831-XMFE28-2402Z CAMINO D-MESA,CAMINO D-MESA,Unid,Panamá,42522.0,,,2024-08-26 16:45:21.140,6290,0.0,false
140113,140113,PLATO 831-K002-027,PLATO 831-K002-027,Unid,Panamá,48436.0,,,2021-11-10 08:55:12.940,6264,3.0,false
213337,213337,ALFOMBRA NAVIDEÑA 831-XR09-29G,ALFOMBRA NAVIDEÑA,Unid,Panamá,41623.0,,,2024-06-25 14:07:21.807,6257,0.0,false
257871,257871,Muestra posavasos Navidad del Paraguay,Muestra posavasos Na,Unid,Paraguay,9545.46,,,2025-12-11 08:04:39.107,7365,1.0,false
186688,186688,BOLA DECO 130-7000234,BOLA DECO 130-700023,Unid,Panamá,43723.0,,,2023-08-04 09:31:59.703,6253,0.0,false
215193,215193,ARBOL 210CM 110-1400121,ARBOL 210CM 110-1400,Unid,Panamá,619373.0,,,2024-07-22 13:38:13.243,6259,6.0,false
254781,254781,PAPA NOEL SZ25131-53,PAPA NOEL SZ25131-53,Unid,Panamá,63524.0,,,2025-10-27 16:37:20.427,6257,1.0,false
254450,254450,SET BOLA NAVIDEÑA 8CM COLORES SURTIDOS NB2515-1334,SET BOLA NAVIDEÑA 8C,Unid,Panamá,14357.0,,,2025-10-23 10:23:43.723,6253,1.0,false
248030,248030,BOLA VINO 8CM 6PIEZAS 1089776,BOLA VINO 8CM 108977,Unid,Brasil,31263.0,,,2025-09-09 09:38:02.737,6253,1.0,false
247109,247109,JG BOLAS 4PZ 10CM 130-5002069,Bolas Navidad 4Pz,Unid,Panamá,43138.0,,,2025-08-28 12:07:28.060,6253,8.0,false
217344,217344,COJIN 170-2000590,COJIN 170-2000590,Unid,Panamá,74834.0,,,2024-08-27 10:55:16.637,6257,0.0,false
144850,144850,FLOR DE PINO,FLOR DE PINO,Unid,Paraguay,1632.653,,,2022-01-06 14:10:38.433,7373,248.0,false
217235,217235,GUIRNALDA 140-5201410,GUIRNALDA 140-520141,Unid,Panamá,72315.0,,,2024-08-26 14:18:02.903,6282,0.0,false
248152,248152,ÁRBOL NAVIDAD MILÃO 380H VERDE 150CM 1072961,ÁRBOL NAVIDAD MILÃO,Unid,Brasil,417548.0,,,2025-09-09 11:56:32.427,6259,0.0,false
187784,187784,ADORNO COLGANTE 180-2200256,ADORNO COLGANTE 180-,Unid,Panamá,5600.0,,,2023-08-14 13:25:39.523,7333,1.0,false
247324,247324,POINSETTIA DECOR 45X32X5CM 140-4102141,Flor Pascua Roja 45X,Unid,Panamá,17960.0,,,2025-08-28 14:15:50.780,7373,1.0,false
135429,135429,JGO DE BOLA DECOR 130-9501529,Jgo de bola deco,Unid,Panamá,32811.0,,,2021-09-02 14:54:23.693,6253,0.0,false
253987,253987,JG BOLA DECOR 120MM 3PZ 130-9502686,JG BOLA DECOR 120MM,Unid,Panamá,39333.0,,,2025-10-17 10:49:51.037,6253,12.0,false
217080,217080,RAMA DECOR 140-4101727,RAMA DECOR 140-41017,Unid,Panamá,24405.0,,,2024-08-23 14:31:16.240,7370,0.0,false
248535,248535,MUÑECA D/GENGIBRE C/MOÑO ROJO 150-8000653,Muñeca Jengibre Rojo,Unid,Panamá,50001.0,,,2025-09-12 10:57:31.897,6257,0.0,false
248125,248125,BOLA BRILLANTE DORADA 12CM JG 1072764,BOLA BRILLANTE DORAD,Unid,Brasil,23995.0,,,2025-09-09 11:47:57.547,6253,43.0,false
219896,219896,202-0100012 CASA C/LUZ A BATERIA,CASA C/LUZ A BAT,Unid,Panamá,58951.0,,,2024-09-26 14:38:53.413,6257,0.0,false
246246,246246,TAZA DE 350 ML JSR-DEC-24-168,Taza Cerámica 350ml,Unid,China,9215.0,,,2025-08-22 19:46:52.487,6266,0.0,false
160728,160728,RAMA DECOR 140-4101309,RAMA DECOR 140-41013,Unid,Panamá,20587.0,,,2022-09-01 08:34:04.480,7370,8.0,false
247336,247336,ESFERA DECOR 8X8X16.10CM 180-3301085,Esfera Decorativa,Unid,Panamá,16702.0,,,2025-08-28 14:24:33.303,6253,1.0,false
215001,215001,ARBOL 120CM 110-0400052,ARBOL 110-0400052,Unid,Panamá,97174.0,,,2024-07-18 15:53:42.520,6258,0.0,false
217496,217496,CASA C/LUZ A/BAT 200-9800221,CASA C/LUZ A/BAT 20,Unid,Panamá,82043.0,,,2024-08-28 11:01:28.697,6257,0.0,false
254078,254078,ARDILLA NAVIDEÑA 17X14X22CM DL2501-292,ARDILLA NAVIDEÑA 17X,Unid,Panamá,66221.0,,,2025-10-17 16:15:48.580,6257,1.0,false
136769,136769,CORONA  NAVIDEÑA NB24190-284,CORONA  NAVIDEÑA,Unid,Panamá,32689.0473,,,2021-09-17 10:56:41.553,6282,3.0,false
256051,256051,ARBOL LAZO DE CROCHET VERDE MUSGO MAXI,ARBOL LAZO DE CROCHE,Unid,Paraguay,99636.365,,,2025-11-19 09:56:40.357,6257,0.0,false
217174,217174,831-TQ01-2405 COJIN BCO-VER,COJIN BCO-VER,Unid,Panamá,83922.0,,,2024-08-26 09:30:06.610,6289,0.0,false
248043,248043,CORDÓN 1000 LUCES STROBO VERDE 20M BIVOLT 1140540,CORDÓN 1000 LUCES ST,Unid,Brasil,191475.0,,,2025-09-09 09:59:48.257,6285,1.0,false
245925,245925,RAMA DECOR TRES FLORES 60CM 140-3500004,Rama Decorativa 60cm,Unid,Panamá,7677.0,,,2025-08-21 10:09:55.340,7370,6.0,false
160729,160729,RAMA DECOR 140-4101310,RAMA DECOR 140-41013,Unid,Panamá,20587.0,,,2022-09-01 09:04:06.990,7370,2.0,false
186797,186797,PORTAPLATO 180-0700412,PORTAPLATO 180-07004,Unid,Panamá,9948.0,,,2023-08-05 09:13:57.027,6265,0.0,false
161583,161583,GNOMO 200-2400216,GNOMO 200-2400216,Unid,Panamá,51971.0,,,2022-09-16 09:54:37.810,6257,0.0,false
254759,254759,MALLA PLASTICA QD2557-919,MALLA PLASTICA QD255,Unid,Panamá,10704.0,,,2025-10-27 15:51:58.743,6257,1.0,false
219581,219581,150-8100913B HDNIEVE,150-8100913B HDNIEVE,Unid,Panamá,18210.0,,,2024-09-23 15:53:26.247,6257,2.0,false
219857,219857,1057806 BOLA TERCIOPELO SETX4,BOLA TERCIOPELO,Unid,Brasil,45739.0,,,2024-09-26 11:21:17.493,6253,0.0,false
187746,187746,JGO PINO DECO,JGO PINO DECO,Unid,Panamá,6109.0,,,2023-08-14 10:31:52.523,6257,0.0,false
192386,192386,ESFERA 831-XB044SG,ESFERA 831-XB044SG,Unid,Panamá,41633.0,,,2023-10-26 10:39:03.063,6253,0.0,false
162702,162702,JG COPA 180-2900054,JG COPA 180-2900054,Unid,Panamá,147874.0,,,2022-09-28 16:27:44.273,6267,2.0,false
160418,160418,CINTA 130-5800102,CINTA 130-5800102,Unid,Panamá,18830.0,,,2022-08-25 11:12:55.570,6278,27.0,false
250386,250386,MAGNOLIA 40CM NATURAL 14 831-AMX018-2502,Magnolia Natural,Unid,China,10257.0,,,2025-09-24 10:59:16.967,7373,0.0,false
217314,217314,PICK DECOR 29CM 140-5702499,PICK DECOR 29CM,Unid,Panamá,4593.0,,,2024-08-27 09:19:46.940,7373,0.0,false
248059,248059,PELUCHE OSO  1078635,PELUCHE OSO  1078635,Unid,Brasil,38255.0,,,2025-09-09 10:22:55.590,6257,0.0,false
255133,255133,CAJA CASA DE JENGIBRE C/GALLETITAS SURTIDAS OP6,CAJA CASA DE JENGIBR,Unid,Paraguay,76363.6366,,,2025-11-03 11:26:59.203,7361,0.0,true
166454,166454,SERVILLETERO PAZ,SERVILLETERO PAZ,Unid,Paraguay,11454.545,,,2022-10-20 10:25:20.897,6319,0.0,false
217377,217377,PESEBRE 200-0900003,PESEBRE 200-0900003,Unid,Panamá,150033.0,,,2024-08-27 14:19:18.463,6288,0.0,false
247514,247514,GUIRNALDAS 9FTX12 NB25190-9,Guirnalda Navideña,Unid,Panamá,78388.0,,,2025-08-29 14:55:05.190,6282,0.0,false
219869,219869,1058487 SERVILLETA HOHOHO,SERVILLETA HOHOHO,Unid,Brasil,14729.0,,,2024-09-26 13:56:09.080,6296,0.0,false
257099,257099,Vela 160gr Flor de Coco,Vela 160gr Flor de C,Unid,Paraguay,57272.7273,,,2025-12-04 08:36:00.307,6298,3.0,false
250480,250480,ORNAMENTO 12X16CM DOR 831-XMTX215- 2564B,ORNAMENTO DORADO,Unid,China,13963.0,,,2025-09-24 11:45:28.880,6257,46.0,false
217177,217177,831-BC302-2414 NACIMIENTO JGO 10,NACIMIENTO JGO 10,Unid,Panamá,437972.0,,,2024-08-26 09:34:35.757,6288,0.0,false
250398,250398,RELLENO 70CM CHAMPANA  831-AMX044- 2596N,Relleno Champán 70cm,Unid,China,8274.0,,,2025-09-24 11:06:31.390,7370,0.0,false
221246,221246,VINCHA GORRA NAVIDEÑA VIN-GORRA,VINCHA GORRA NAVIDEÑ,Unid,Paraguay,6136.3633,,,2024-10-17 15:24:31.480,6257,0.0,false
247294,247294,M/JENGIBRE COLGANTE 3X12X16.50CM 202-2500017,Colgante Jengibre,Unid,Panamá,21400.0,,,2025-08-28 13:59:00.357,7333,0.0,false
187741,187741,FLOR DECOR 140-5201159,FLOR DECOR 140-52011,Unid,Panamá,9249.0,,,2023-08-14 10:17:48.470,7373,1.0,false
206248,206248,"CASCANUECES 1,8MTS JSR-JAN-314","CASCANUECES 1,8MTS",Unid,China,1504431.0,,,2024-04-10 17:24:43.677,7340,0.0,false
248158,248158,BOLA DECOR SANTA 6.50X6.50X16CM 130-0500198,Bola Decorativa,Unid,Panamá,11204.0,,,2025-09-09 11:58:51.860,6253,3.0,false
187857,187857,VELA 415-690005,VELA 415-690005,Unid,Panamá,27669.0754,,,2023-08-16 11:35:24.530,6298,4.0,false
250347,250347,PONSETIA 18X32CM 8P PLAT 831-AMX001- 25159C,Ponsetia Plata 18x32,Unid,China,6378.0,,,2025-09-24 10:30:27.880,7373,159.0,false
220922,220922,LATA ARBOL NAVIDEÑO 05014-M,LATA ARBOL NAVIDEÑO,Unid,Paraguay,9545.4544,,,2024-10-15 14:49:42.070,6257,0.0,false
256020,256020,CARRETA NAVIDEÑA,CARRETA NAVIDEÑA,Unid,Paraguay,27272.73,,,2025-11-18 15:46:06.720,6288,0.0,false
248488,248488,RAMA DECO HOJAS FINA C/FRUT 36X15X15CM 140-5201711,Rama Deco Frutos,Unid,Panamá,8027.0,,,2025-09-12 10:14:42.413,7370,0.0,false
248120,248120,BOLA LISA MATE VINO 10CM JG 1058851,BOLA LISA MATE VINO,Unid,Brasil,21696.0,,,2025-09-09 11:44:52.720,6253,1.0,false
206069,206069,TAZA  NAVIDEÑO,TAZA  NAVIDEÑO JSR-N,Unid,China,55100.0,,,2024-04-08 15:49:20.193,6268,0.0,false
254533,254533,SET BOLA NAVIDEÑA 8CM DORADO NB2519-6260,SET BOLA NAVIDEÑA 8C,Unid,Panamá,19927.0,,,2025-10-23 15:16:34.590,6253,87.0,false
222751,222751,LINTERNA C/VELA LED BLANCO 2423W/059,LINTERNA C/VELA LED,Unid,Paraguay,38443.0,,,2024-11-18 11:58:36.460,6257,0.0,false
217093,217093,831-AMX044-24197 MAGNOLIA 30X30CM CHAMPAGNE,MAGNOLIA 30X30CM CHA,Unid,Panamá,12338.0,,,2024-08-23 14:42:54.120,7373,185.0,false
254689,254689,FLOR NAVIDEÑA ROJO QD2506-4264,FLOR NAVIDEÑA ROJO Q,Unid,Panamá,3828.0,,,2025-10-24 15:01:09.503,7373,14.0,false
217154,217154,831-TQ01-2401 COJIN BCO-ROJO,COJIN BCO-ROJO,Unid,Panamá,81105.0,,,2024-08-23 16:34:04.040,6289,0.0,false
215743,215743,JG NACIMIENTO 100-6500064,PESEBRE 100-6500064,Unid,Panamá,369367.0,,,2024-07-29 10:26:41.447,6288,0.0,false
187684,187684,ESTRELLA COLGANTE 130-2501837,ESTRELLA COLGANTE 13,Unid,Panamá,15358.0,,,2023-08-12 11:51:39.020,7333,0.0,false
250484,250484,ORNAMENTO 7X10CM BLAN 831-XMTX215- 2536W,ORNAMENTO 7X10CM BLA,Unid,China,6723.0,,,2025-09-24 11:46:35.433,6257,1.0,false
248231,248231,FLOR DECOR FRUTOS ROJOS 140-1301030,Flor Decorativa Roja,Unid,Panamá,12542.0,,,2025-09-09 16:01:05.540,7370,0.0,false
215330,215330,JG BOLAS 130-2501914,BOLAS 130-2501914,Unid,Panamá,39446.0,,,2024-07-23 09:49:56.233,6253,0.0,false
250414,250414,RELLENO 65CM DORADO 14 831-AMX018- 2554B,RELLENO 65CM DORADO,Unid,China,6206.0,,,2025-09-24 11:12:45.067,7370,0.0,false
250761,250761,PLATO D PASTEL P CONTOY 8125-116P,PLATO D PASTEL P CON,Unid,Brasil,36990.0,,,2025-09-25 11:07:25.517,6264,5.0,false
257402,257402,Taza Gracias Navidad,Taza Gracias Navidad,Unid,Paraguay,42545.455,,,2025-12-09 08:11:48.787,6268,0.0,false
206318,206318,CINTA JSR-JAN-411,CINTA JSR-JAN-411,Unid,China,52141.0,,,2024-04-11 16:24:59.973,6278,0.0,false
248038,248038,COLGANTE BASTÓN DULCE 14CM 1075242,COLGANTE BASTÓN DULC,Unid,Brasil,3895.0,,,2025-09-09 09:44:11.253,7333,2.0,false
218601,218601,831-D015-020E VASO ESFERA ROJO BLANCO,VASO ESFERA,Unid,Panamá,11587.0,,,2024-09-13 11:45:45.120,6267,0.0,false
246766,246766,CIERVO DECOR 7.8X6.3X11.3CM 201-2800841,CIERVO DECOR 7.8X6.3,Unid,Panamá,23286.0,,,2025-08-27 08:17:34.040,6255,0.0,false
114813,114813,BASE P/ARBOL 201-6100003,Base Rústica Árbol,Unid,Panamá,194879.0,,,2020-10-06 09:58:52.333,6257,0.0,false
217357,217357,CAMINO D/MESA 170-2800386,CAMINO D/MESA 170-28,Unid,Panamá,31970.0,,,2024-08-27 11:11:13.410,6290,0.0,false
247121,247121,JG BOLA DECOR 6PZ 8CM 130-5002108,Bolas Decorativas,Unid,Panamá,41125.0,,,2025-08-28 12:11:36.060,6253,43.0,false
246328,246328,SERVILLETERO JSR-DEC-24-472,SERVILLETERO JSR-DEC,Unid,China,5686.0,,,2025-08-22 22:41:12.790,6319,100.0,false
218593,218593,831-D011-2409 TIENDA LED MULTICOLOR,TIENDA LED,Unid,Panamá,124161.0,,,2024-09-13 11:30:01.133,6257,0.0,false
215882,215882,RAMA DECOR 140-2501242,RAMA 140-2501242,Unid,Panamá,18191.0,,,2024-07-30 11:24:42.447,7370,0.0,false
186811,186811,JGO INDIVIDUALES C/PORTAVASOS 180-4700085,JGO INDIVIDUALES,Unid,Panamá,10199.0,,,2023-08-05 09:46:30.603,6291,0.0,false
254281,254281,CAJA RECT PINHEIRO VERDE M 35X25X14 1UN 13006027,CAJA RECT PINHEIRO V,Unid,Brasil,20159.0,,,2025-10-22 10:02:07.197,6273,2.0,false
248126,248126,JG  ADORNO P/ARBOL 4PC ESFERAS DORADAS 130-0500186,Esferas Doradas 4PC,Unid,Panamá,32859.0,,,2025-09-09 11:48:11.213,6256,18.0,false
118346,118346,ESPIRITU SANTO 9 CM,ESPIRITU SANTO 9 CM,Unid,Paraguay,58181.8166,,,2020-11-25 10:01:27.397,6257,0.0,false
191802,191802,PLATO PLASTICO XM23171-293,PLATO PLASTICO XM231,Unid,Panamá,7177.0,,,2023-10-20 16:22:29.373,6264,1.0,false
215278,215278,SANTA  C/MUS 150-1500023,SANTA  150-1500023,Unid,Panamá,98225.0,,,2024-07-23 09:17:37.023,6255,0.0,false
245724,245724,SAGRADA FAMILIA 100-4900321,SAGRADA FAMILIA 10,Unid,Panamá,229399.0,,,2025-08-19 16:05:59.500,6288,1.0,false
185623,185623,CASCANUECES 049-413977,CASCANUECES 049-4139,Unid,Panamá,42218.0,,,2023-07-14 14:44:48.950,7340,0.0,false
250328,250328,PONSETIA 9P 31X30CM CHAMP 831-AMX044- 25156,Poinsettia Champán,Unid,China,9308.0,,,2025-09-24 10:19:32.873,7373,87.0,false
256041,256041,ARBOL ENSUEÑO DE CROCHET VERDE CON ROJO SMALL,ARBOL ENSUEÑO DE CRO,Unid,Paraguay,50909.09,,,2025-11-19 09:30:50.753,6257,0.0,false
217103,217103,831-D011-086 PISTA LED BAT-NO-INC,PISTA LED BAT-,Unid,Panamá,223009.0,,,2024-08-23 14:50:23.240,6257,0.0,false
187764,187764,CAMINERO  170-2400122,CAMINERO  170-240012,Unid,Panamá,47010.0,,,2023-08-14 11:15:21.997,6290,0.0,false
136342,136342,ARBOL 210CM NB24190-4,ARBOL 210CM NB24190-,Unid,Paraguay,722455.0,,,2021-09-13 16:38:43.030,6260,1.0,false
248173,248173,ESFERA ROJO MATE 10X10X10CM 130-090047,Esfera Roja Mate,Unid,Panamá,21070.0,,,2025-09-09 14:52:24.840,6253,6.0,false
215910,215910,ESCENA C/LUZ/MUSIC 201-9400075,ESCENA 201-9400075,Unid,Panamá,320932.0,,,2024-07-30 11:59:24.423,6257,0.0,false
247164,247164,FLOR NAV DECOR 30X30X30CM 140-5201624,FLOR NAV DECOR 30X30,Unid,Panamá,15275.0,,,2025-08-28 13:05:58.577,7373,23.0,false
254877,254877,MOÑO NAVIDEÑO XM25212-68,MOÑO NAVIDEÑO XM2521,Unid,Panamá,7484.0,,,2025-10-29 12:16:25.650,6257,0.0,false
192362,192362,BOTA SANTA 831-2788-321022B,BOTA SANTA 831-2788-,Unid,Panamá,34377.0,,,2023-10-25 16:12:35.667,6257,1.0,false
215894,215894,PONSETIA DECOR 140-2501245,PONSETIA 140-2501245,Unid,Panamá,8555.0,,,2024-07-30 11:40:30.483,7373,0.0,false
217480,217480,BASE P/ARBOL 201-6100008,BASE P/ARBOL 201-610,Unid,Panamá,122748.0,,,2024-08-28 10:43:12.400,6256,0.0,false
250289,250289,JGO 4 ESFERAS 10CM CAJA  831-239-2477CH,Juego Esferas,Unid,China,28444.0,,,2025-09-24 09:49:35.200,6253,4.0,false
217317,217317,ARBOL C/POTE 53CM 140-5702553,Árbol Navidad 53cm,Unid,Panamá,63114.0,,,2024-08-27 09:24:26.327,6257,0.0,false
250612,250612,MACETA NAV 45CM VERDE-RO 831-MX2467-2570,Maceta Verde-Rojo,Unid,China,45338.0,,,2025-09-24 14:00:36.417,6256,1.0,false
166448,166448,SERVILLETA BLANCO TUSOR,SERVILLETA BL TUSOR,Unid,Paraguay,11136.3634,,,2022-10-20 10:22:51.557,6296,6.0,false
221200,221200,831-CS004-2401B SANTA CH.,831-CS004-2401B SANT,Unid,Panamá,18648.0765,,,2024-10-17 10:36:24.203,6257,0.0,false
217180,217180,831-AMX027-334 CANASTA BCO-ROJO,CANASTA BCO-ROJO,Unid,Panamá,54657.0,,,2024-08-26 09:40:54.477,6276,2.0,false
250591,250591,FALDA D-ARBOL 124CM  831-XMTX254- 2554B4,FALDA D-ARBOL 124CM,Unid,China,104727.0,,,2025-09-24 13:49:37.567,6256,2.0,false
215806,215806,ADORNO P/COLGAR ARBOL 130-7000378,ADORNO P/COLGAR,Unid,Panamá,50523.0,,,2024-07-30 10:14:41.393,6256,1.0,false
248300,248300,COJIN 400G SANTA PLEASE 40X40CM 170-3000526,COJIN 400G 40X40CM 1,Unid,Panamá,69314.0,,,2025-09-10 14:08:16.263,6289,0.0,false
187806,187806,LINTERNA C/LUZ 200-4300043,LINTERNA C/LUZ 200-4,Unid,Panamá,274741.0,,,2023-08-14 16:11:22.073,6285,0.0,false
215276,215276,COLGANTE 140-2200796,COLGANTE 140-2200796,Unid,Panamá,38156.0,,,2024-07-23 09:14:10.187,7333,23.0,false
140267,140267,ESFERA NAVIDEÑA 831-XMTX349-085B,ESFERA NAVIDEÑA 831-,Unid,Panamá,14921.0,,,2021-11-11 11:45:03.080,6253,1.0,false
215569,215569,CINTA 130-5400515,CINTA 130-5400515,Unid,Panamá,19092.0,,,2024-07-23 14:56:49.187,6278,0.0,false
247450,247450,JUEGO D/NIÑOS201-9500061,Juego Adornos Niños,Unid,Panamá,81745.0,,,2025-08-28 16:09:49.817,6257,0.0,false
247270,247270,ADORNO COLGANTE 6X6X20.50CM 180-3301082,Adorno Colgante Rojo,Unid,Panamá,19387.0,,,2025-08-28 13:52:29.080,7333,37.0,false
247532,247532,ARBOL 240CM NB25190-130,ARBOL 240CM NB25190-,Unid,Panamá,548606.0,,,2025-08-29 15:59:58.847,6260,1.0,false
215857,215857,RENO 201-3500287,RENO 201-3500287,Unid,Panamá,86134.0,,,2024-07-30 10:51:58.297,6257,0.0,false
247129,247129,JG BOLA DECOR 6PZ 8CM 130-5002139,Bolas Decorativas,Unid,Panamá,38439.0,,,2025-08-28 12:14:04.863,6253,53.0,false
248050,248050,CORDÓN 100 LUCES FIJAS CÁLIDAS 1059291,CORDÓN 100 LUCES FIJ,Unid,Brasil,18778.0,,,2025-09-09 10:04:52.357,6285,650.0,false
194057,194057,Muestra Caminero Rojo Flor de Navidad,Muestra Caminero Roj,Unid,Paraguay,56636.36,,,2023-11-21 08:50:07.690,6290,0.0,false
246286,246286,DECORACIÓN NAVIDEÑA 12 X 14 CM JSR-DEC-24-486,Lazo Navideño Rojo,Unid,China,6569.0,,,2025-08-22 21:41:05.087,6257,1.0,false
253996,253996,SANTA RENO COLGANTE 2 SURT 201-0900153,SANTA RENO COLGANTE,Unid,Panamá,8528.0,,,2025-10-17 10:56:24.407,6255,0.0,false
218655,218655,130-9502553 JG BOLA DECOR,130-9502553 JG BOLA,Unid,Panamá,37707.0,,,2024-09-13 14:54:39.390,6253,0.0,false
254681,254681,MUÑECO DE OSO NAVIDEÑO PARA COLGAR 11CM QD2504-796,MUÑECO DE OSO NAVIDE,Unid,Panamá,12704.0,,,2025-10-24 14:45:32.263,7333,16.0,false
187825,187825,CAMPANA 201-0900122,CAMPANA 201-0900122,Unid,Panamá,61577.0,,,2023-08-16 09:21:02.650,6257,0.0,false
246729,246729,COLLAR C/LUZ 201-0300158,COLLAR C/LUZ 201-030,Unid,Panamá,15101.0,,,2025-08-26 15:54:02.380,6257,0.0,false
186793,186793,PORTAPLATO 180-0700279,PORTAPLATO 180-07002,Unid,Panamá,9530.0,,,2023-08-05 09:10:35.463,6265,0.0,false
215255,215255,PORTAVELA 140-0500529,PORTAVELA 140-050052,Unid,Panamá,43067.0,,,2024-07-22 16:33:22.387,6298,0.0,false
217102,217102,PONSETIA DECOR 140-4101856,PONSETIA DECOR 140-4,Unid,Panamá,17741.0,,,2024-08-23 14:49:53.560,7373,0.0,false
247180,247180,ESTRELLA DECOR 18X2X18CM 202-2900036,Estrella Decorativa,Unid,Panamá,14770.0,,,2025-08-28 13:17:50.203,6255,0.0,false
206066,206066,BANDEJA NAVIDEÑA JSR-NOV-1013,BANDEJA NAVIDEÑA,Unid,China,37446.0,,,2024-04-08 15:44:00.770,6268,0.0,false
248072,248072,ARBOL NAVIDAD IPANEMA VDC 300CM 1092674,ARBOL NAVIDAD IPANEM,Unid,Brasil,377354.0,,,2025-09-09 10:33:22.160,6260,11.0,false
187832,187832,BASE P/ARBOL 201-6100007,BASE P/ARBOL 201-610,Unid,Panamá,83835.0,,,2023-08-16 09:38:35.183,6256,0.0,false
247386,247386,OSO DECOR 19X16X31CM 201-1300250,Oso Decorativo,Unid,Panamá,68821.0,,,2025-08-28 15:12:14.600,6255,0.0,false
247348,247348,RENO DÉCOR 100-0400460,RENO DÉCOR 100-04004,Unid,Panamá,79397.0,,,2025-08-28 14:36:57.547,6255,0.0,false
250362,250362,PONSETIA 33X30CM 11P AZU 831-AMX001- 25185W,Poinsettia Azul 33cm,Unid,China,9740.0,,,2025-09-24 10:41:21.583,7373,56.0,false
256032,256032,ARBOL C/ ESFERAS DE CROCHET VERDE BRILLANTE SMALL,ARBOL C/ ESFERAS DE,Unid,Paraguay,88727.275,,,2025-11-19 09:22:26.010,6257,0.0,false
215798,215798,MALLA 130-6600113-25,MALLA 130-6600113-25,Unid,Panamá,29000.0,,,2024-07-30 10:08:46.280,6257,0.0,false
250533,250533,FIG OSO 16X23CM SUR2 3 831-XMSM220- 2478,FIG OSO 16X23CM SUR2,Unid,China,81108.0,,,2025-09-24 13:03:36.437,6255,16.0,false
166438,166438,INDIVIDUAL ARPILLERA ROJA,INDIVIDUAL ARPILLERA,Unid,Paraguay,17181.8181,,,2022-10-20 10:18:54.553,6291,9.0,false
247044,247044,PORTAVELA 20X20X9CM 130-7000508,Portavela Elegante,Unid,Panamá,27696.0,,,2025-08-28 11:01:01.183,7335,1.0,false
163518,163518,PONSETIA 20CM CHAMPANA 831-AMX044-1876N,PONSETIA 20CM CHAMPA,Unid,Panamá,3211.0,,,2022-10-04 15:33:39.323,7373,25.0,false
217421,217421,JG CAJAS D/REGALO 200-2100799,JG CAJAS D/REGALO 20,Unid,Panamá,198306.0,,,2024-08-28 09:28:25.400,6273,0.0,false
250631,250631,CASA LED 275X28X195CM BAT 831-D011-052,CASA LED 275X28X195C,Unid,China,259969.0,,,2025-09-24 14:22:53.110,6257,2.0,false
191363,191363,PELOTAS YSYPO OSCURO 25CM,PELOTA YSYPO 25CM,Unid,Paraguay,22727.2725,,,2023-10-13 16:01:26.660,6257,0.0,false
215525,215525,PASTELERIA C/LUZ  200-1000148,PASTELERIA 200-10001,Unid,Panamá,186623.0,,,2024-07-23 13:31:02.873,6257,0.0,false
191908,191908,TAZA DE TE COUP NATAL 260ML SANTA CLAUS,TAZA DE TE COUP NATA,Unid,Paraguay,32127.2727,,,2023-10-21 10:24:04.743,6264,34.0,false
246237,246237,ESTRELLA DE NAVIDAD DE 15 CM JSR-DEC-24-71,Estrella Navidad 15,Unid,China,15392.0,,,2025-08-22 19:35:39.860,6257,9.0,false
217518,217518,ESTRELLA DECOR 201-1300173,ESTRELLA DECOR 201-,Unid,Panamá,18281.0,,,2024-08-28 11:41:20.837,6257,0.0,false
247099,247099,CINTA 9YDS 6.30X823CM 130-5400562,CINTA 9YDS 6.30X823C,Unid,Panamá,17037.0,,,2025-08-28 12:03:33.967,6278,0.0,false
187759,187759,ESTACA GNOMO 150-8000464C,ESTACA GNOMO 150-800,Unid,Panamá,12304.0,,,2023-08-14 11:02:40.310,6257,14.0,false
246782,246782,LETRERO DECOR 201-4600019,LETRERO DECOR 201-46,Unid,Panamá,561395.0,,,2025-08-27 08:47:50.250,6268,4.0,false
246108,246108,PESEBRE NACIMIENTO 19X4.5X18.5CM 201-0100207,Pesebre Navidad 19cm,Unid,Panamá,112211.0,,,2025-08-22 14:25:02.537,6288,0.0,false
256696,256696,RECIPIENTE NAVIDEÑO MD NB2519-5733,RECIPIENTE NAVIDEÑO,Unid,Panamá,14271.0,,,2025-11-29 11:25:27.703,6268,0.0,false
246433,246433,MOCHILA 165 X 38 X 76 CM JSR-DEC-24-526,MOCHILA 165 X 38 X 7,Unid,China,86272.0,,,2025-08-23 01:14:42.100,7366,1.0,false
219796,219796,1008762 CINTA A CUADROS,CINTA A CUADROS,Unid,Brasil,28742.0,,,2024-09-26 09:35:15.853,6278,0.0,false
79011,79011,JUEGO  PESEBRE C/ SOMBRERO PIRI,JUEGO  PESEBRE C/ SO,Unid,Paraguay,109090.91,,,2018-11-22 10:09:37.670,6288,0.0,false
257554,257554,Vela Aromatizante - Navidad del Paraguay - Flor de,Vela Aromatizante -,Unid,Paraguay,47272.734,,,2025-12-09 10:58:05.973,6298,0.0,false
196068,196068,BOLSA 72X90 TRANSPARENTE 37236,BOLSA 72X90 TRANSPAR,Unid,Paraguay,2181.8182,,,2023-11-30 15:45:39.590,6271,0.0,false
215850,215850,FLOR 201-3500250,FLOR 201-3500250,Unid,Panamá,13789.0,,,2024-07-30 10:44:29.327,7373,1.0,false
250542,250542,FIG SANTA 2794CM ROJ  831-XMTX254- 2458,Figura Santa Roja,Unid,China,77834.0,,,2025-09-24 13:08:43.043,6255,0.0,false
192948,192948,LINDT OSO TEDDY CHOCOLATE 40GR,LINDT OSO TEDDY 40G,Unid,Paraguay,28354.9338,,,2023-10-31 16:55:55.233,7362,10.0,true
246284,246284,DECORACIÓN NAVIDEÑA 20 X23 JSR-DEC-24-484,DECORACIÓN NAVIDEÑA,Unid,China,11765.0,,,2025-08-22 21:39:50.297,6257,0.0,false
160734,160734,RAMA DECOR  140-4700124,RAMA DECOR  140-4700,Unid,Panamá,27952.0,,,2022-09-01 09:21:48.843,7370,7.0,false
203484,203484,1229-101 PLATO PRINCIPAL NUECES,1229-101 PLATO PRINC,Unid,Brasil,41821.0,,,2024-02-21 10:06:51.773,6264,3.0,false
162813,162813,TREN NAV. C/LUZ 201-7800037,TREN NAV. C/LUZ 201-,Unid,Panamá,184711.0989,,,2022-09-29 10:50:39.643,6257,2.0,false
250549,250549,FIG PERRO-RENO 254CM S2  831-CS007-2410,Figura Perro-Reno,Unid,China,71110.0,,,2025-09-24 13:12:41.067,6255,1.0,false
162510,162510,RAMA 79CM 140-5701249,RAMA 79CM 140-570124,Unid,Panamá,13946.0,,,2022-09-28 09:10:42.617,7370,7.0,false
215763,215763,HOMBRE D/NIEVE 200-6900483,HOMBRE D/NIEVE 200-6,Unid,Panamá,32300.0,,,2024-07-29 13:52:49.030,6257,0.0,false
247011,247011,BOLA DECOR 8X8X8CM 130-1900747,Bola Decorativa,Unid,Panamá,5539.0,,,2025-08-28 10:34:01.420,6253,10.0,false
254715,254715,PAN DULCE KG,PAN DULCE KG,Unid,Paraguay,20070.7866,,,2025-10-27 11:13:41.667,7358,3.0,true
246754,246754,PLATO DECOR 39.5X27.5X4.8CM 201-1200122,PLATO DECOR 39.5X27.,Unid,Panamá,14342.0,,,2025-08-26 16:19:27.200,6264,1.0,false
254290,254290,KIT CESTA CRISTALINO VRM DORADO 1PC 262354-AC,KIT CESTA CRISTALINO,Unid,Brasil,23367.0,,,2025-10-22 10:18:02.700,6276,0.0,false
161670,161670,ARBOL DECOR 201-2500089,ARBOL DECOR 201-2500,Pqte,Panamá,4770.0,,,2022-09-19 08:24:21.730,6257,1.0,false
221601,221601,ARBOL DECOR GR 200-2100712,ARBOL DECOR GR,Unid,Panamá,34972.9166,,,2024-10-28 11:10:42.553,6260,0.0,false
217363,217363,TAZA 325ML 180-1000106,TAZA 325ML 180-10001,Unid,Panamá,8194.0,,,2024-08-27 11:30:57.883,6266,0.0,false
254548,254548,CASCANUECES DE NAVIDAD NB2519-6957,CASCANUECES DE NAVID,Unid,Panamá,73963.0,,,2025-10-23 16:22:56.343,7340,0.0,false
160852,160852,RAMA DECOR 140-5101330,RAMA DECOR 140-51013,Unid,Panamá,11381.0,,,2022-09-02 14:39:53.273,7370,17.0,false
215541,215541,CASA C/LUZ  200-3300037,CASA 200-3300037,Unid,Panamá,148199.0,,,2024-07-23 14:06:09.437,6257,0.0,false
248169,248169,JG ADORNO P/ARBOL 2PC ROJO Y DORADO 130-05002,Adornos Rojo Dorado,Unid,Panamá,21990.0,,,2025-09-09 12:08:59.993,6256,42.0,false
248527,248527,MUÑECA D/GENGIBRE 10X5X25CM 150-8000650,MUÑECA D/GENGIBRE 10,Unid,Panamá,29431.0,,,2025-09-12 10:51:29.037,6287,0.0,false
163468,163468,MOLDE REPOSTERIA 831-XDA03-018,MOLDE REPOSTERIA 831,Unid,Panamá,41745.0,,,2022-10-04 11:27:51.507,6268,0.0,false
215428,215428,170-0200029 FALDA P/ARBOL,Falda Árbol Roja,Unid,Panamá,45877.08,,,2024-07-23 10:49:44.703,6256,1.0,false
186636,186636,ESTRELLA DECO 130-4200587,ESTRELLA DECO 130-42,Unid,Panamá,18977.0,,,2023-08-03 15:59:21.023,6257,3.0,false
222658,222658,SET DE 6 ARGOLLAS GRANDES,SET DE 6 ARGOLLAS GR,Unid,Paraguay,109090.91,,,2024-11-14 15:58:08.343,6257,0.0,false
248054,248054,ARBOL ACAPULCO 210CM C/1030 LEDS 15350H 1056494,ARBOL ACAPULCO 210CM,Unid,Brasil,2239764.0,,,2025-09-09 10:14:55.840,6260,3.0,false
248407,248407,ARBOL HILOS DORADOS 13X13X46CM 201-840074,Árbol Dorado 46cm,Unid,Panamá,96992.0,,,2025-09-11 14:58:20.787,6258,0.0,false
248139,248139,BOLA SURTIDA DORADA 12CM JG C/2 1069670,BOLA SURTIDA DORADA,Unid,Brasil,27731.0,,,2025-09-09 11:51:33.583,6253,109.0,false
217505,217505,CASA C/LUZ A/BAT 200-9800233,CASA C/LUZ A/BAT 20,Unid,Panamá,35031.0,,,2024-08-28 11:07:20.740,6257,0.0,false
250305,250305,JGO10CMX4ESFERAS PINTADA  831-239-2552R,Juego Esferas,Unid,China,24652.0,,,2025-09-24 10:02:31.900,6253,4.0,false
247006,247006,BOLA DECOR 3 SURT 130-1200087,Esferas Navideñas,Unid,Panamá,7637.0,,,2025-08-28 10:29:53.430,6253,50.0,false
191373,191373,BAILARINA GR,BAILARINA GR,Unid,Paraguay,45454.545,,,2023-10-13 16:16:25.643,6257,0.0,false
246219,246219,BOLA DE NAVIDAD DE 15 CM JSR-DEC-24-24.,Bola Navidad 15 cm,Unid,China,10196.0,,,2025-08-22 18:34:07.870,6253,9.0,false
247250,247250,RAMA DECOR X53CM 140-2501638,Rama Decorativa,Unid,Panamá,10995.0,,,2025-08-28 13:46:24.823,7370,0.0,false
215801,215801,MALLA 130-6600153/25,MALLA 130-6600153/25,Unid,Panamá,22243.0,,,2024-07-30 10:10:42.513,6257,0.0,false
217532,217532,CASA C/LUZ 201-2200152,CASA C/LUZ 201-2200,Unid,Panamá,97174.0,,,2024-08-28 11:54:37.790,6257,0.0,false
219578,219578,150-8100894A SANTA DECOR,150-8100894A SANTA D,Unid,Panamá,17015.0,,,2024-09-23 15:51:40.670,6257,1.0,false
220262,220262,CAJA GR 200-2100807,CAJA GR 200-2100807,Unid,Panamá,88918.5,,,2024-10-07 14:20:50.273,6274,0.0,false
215570,215570,CINTA 130-5400527,CINTA 130-5400527,Unid,Panamá,23325.0,,,2024-07-23 14:58:26.620,6278,1.0,false
254793,254793,PICK NAVIDEÑO CON BRILLO SZ2519-1899,PICK NAVIDEÑO CON BR,Unid,Panamá,4612.0,,,2025-10-28 10:34:06.853,7370,337.0,false
218684,218684,130-9502613 JG DE BOLAS TIPO CEBOLLA,130-9502613 JG BOLAS,Unid,Panamá,25936.0,,,2024-09-13 15:52:34.700,6253,26.0,false
186648,186648,PUNTA D/ARBOL 130-5001069,PUNTA D/ARBOL 130-50,Unid,Panamá,65627.0,,,2023-08-03 16:36:30.710,6256,0.0,false
134785,134785,POINSETIA DECOR 140-5801360,Ramo deco,Unid,Panamá,10922.0,,,2021-08-27 15:16:08.957,7373,1.0,false
246504,246504,"ABRIDOR DE BOTELLA 10,6 CM JSR-DEC-24-853",Abridor Muñeco Nieve,Unid,China,7844.0,,,2025-08-23 08:49:58.513,7337,0.0,false
219908,219908,202-0200026 CASA C/LUZ A BAT,CASA C/LUZ A BAT,Unid,Panamá,47457.0,,,2024-09-26 14:54:59.663,6257,0.0,false
254295,254295,PORTA SERVILLETERO 33X33 187000033,PORTA SERVILLETERO,Unid,Brasil,469365.0,,,2025-10-22 10:37:51.440,6319,1.0,false
247095,247095,JG BOLA DECOR 6PZ 8CM 130-5001986,Bolas Decorativas,Unid,Panamá,44650.0,,,2025-08-28 12:01:40.903,6253,27.0,false
222349,222349,BOLSA 52X70 NOEL CARMIN 52248,BOLSA 52X70 NOEL CAR,Unid,Paraguay,2872.7272,,,2024-11-05 15:57:35.250,6270,0.0,false
215454,215454,PORTAPLATO 180-0700441,PORTAPLATO 180-07004,Unid,Panamá,18983.0,,,2024-07-23 11:10:15.663,6265,0.0,false
167015,167015,MOVIL DE ARBOLITO Y ESTRELLAS,MOVIL DE ARBOLITO Y,Unid,Paraguay,146363.636,,,2022-10-25 09:26:19.593,6257,0.0,false
115371,115371,ESTRELLA DE ARBOL  ROJA 831-XMTX215-407A,ESTRELLA ROJA,Unid,China,6198.0,,,2020-10-09 11:12:42.557,6257,3.0,false
250324,250324,PONSETIA 9P 26X30CM NATUR 831-AMX044- 25207,Poinsettia Dorada,Unid,China,10171.0,,,2025-09-24 10:17:11.163,7373,26.0,false
215519,215519,JG BOLA DECOR 130-5001793,JG BOLA 130-5001793,Unid,Panamá,43497.0,,,2024-07-23 12:02:05.467,6253,0.0,false
186678,186678,CINTA 130-5400417,CINTA 130-5400417,Unid,Panamá,16469.0,,,2023-08-04 09:04:48.657,6278,0.0,false
254671,254671,VELA ÁRBOL DE NAVIDAD NB25195-159,VELA ÁRBOL DE NAVIDA,Unid,Panamá,49510.0,,,2025-10-24 14:05:14.020,6298,0.0,false
160594,160594,FLOR DECOR 140-1500477,FLOR DECOR 140-15004,Unid,Panamá,8787.0,,,2022-08-30 09:18:33.133,7373,0.0,false
250676,250676,ARBOL 15CM VERDE 72 831-D048-24134A,Árbol Verde 15 cm,Unid,China,7154.0,,,2025-09-24 15:17:09.867,6258,4.0,false
219849,219849,201-8000035 SETx2 TAZA C/PLATO,SETx2 TAZA C/PLATO,Unid,Panamá,39454.0,,,2024-09-26 11:08:40.950,6266,1.0,false
246292,246292,DECORACIÓN NAVIDEÑA 14 X 6 CM JSR-APR-6502,Adorno Navideño,Unid,China,4510.0,,,2025-08-22 21:46:50.997,6257,3.0,false
247976,247976,"CINTA CUADRÍCULA CLARO 6,3X914CM 1069714",CINTA CUADRÍCULA CLA,Unid,Brasil,14583.0,,,2025-09-09 09:00:39.630,6278,0.0,false
206274,206274,CASCANUECES 30CM JSR-JAN-331,Cascanueces 30cm JSR,Unid,China,38412.0,,,2024-04-11 10:50:51.667,7340,0.0,false
218600,218600,831-CS001-2427 FIGURA M-JENGIBRE,FIGURA M-JENGIBRE,Unid,Panamá,34583.0,,,2024-09-13 11:43:18.400,6255,0.0,false
250389,250389,MAGNOLIA 11P 23X30CM R 831-AMX044- 2536A,Flor Magnolia Roja,Unid,China,7498.0,,,2025-09-24 11:01:00.887,7373,150.0,false
250319,250319,JGO 3PZAS ESFERA 10CM  831-MX2467- 2598C,Juego Esferas 10 cm,Unid,China,15084.0,,,2025-09-24 10:10:50.807,6253,3.0,false
218590,218590,381-D033-2404 CASCANUECES ROJO VERDE,CASCANUECES RJO VERD,Unid,Panamá,129863.0,,,2024-09-13 11:23:44.640,7340,0.0,false
247277,247277,RAMA DECOR 33X12X12CM 140-5201710,Rama Decorativa,Unid,Panamá,7889.0,,,2025-08-28 13:54:00.523,7370,6.0,false
162568,162568,POINSETTIA 140-5802016,POINSETTIA 140-58020,Unid,Panamá,6293.0,,,2022-09-28 11:44:06.540,7373,0.0,false
215888,215888,201-4600017 LETRERO DECOR,201-4600017 LETRERO,Unid,Panamá,285369.0,,,2024-07-30 11:28:48.690,6257,0.0,false
222677,222677,ESTRELLAS,ESTRELLAS,Unid,Paraguay,10909.0909,,,2024-11-15 14:01:32.190,6257,0.0,false
254123,254123,CASA DE NAVIDAD COLGANTE10X1X12CM NB25134-112,CASA DE NAVIDAD COLG,Unid,Panamá,14967.0,,,2025-10-20 16:14:46.760,7333,283.0,false
217427,217427,CALENDARIO DECO 201-2500373,CALENDARIO DECO 201-,Unid,Panamá,126435.0,,,2024-08-28 09:33:37.730,6257,0.0,false
256633,256633,Kit 6 individuales Navidad del Paraguay,Kit 6 individuales N,Unid,Paraguay,152727.2733,,,2025-11-28 14:10:09.270,7365,0.0,false
254264,254264,SERVILLETA POA NOEL ROJA 20HJ 19001086,SERVILLETA POA NOEL,Unid,Brasil,11734.0,,,2025-10-22 09:24:59.197,6296,0.0,false
215777,215777,VELA 200-9100072B,VELA 200-9100072B,Unid,Panamá,47505.0,,,2024-07-29 15:33:45.573,6298,1.0,false
246876,246876,PLATO GALLETA 17.7X14.9X7.3CM 202-5100011,Plato Galleta,Unid,Panamá,25564.0,,,2025-08-27 10:28:14.780,6264,2.0,false
254716,254716,PAN DULCE FRUTAS,PAN DULCE FRUTAS,Unid,Paraguay,10908.3333,,,2025-10-27 11:14:51.730,7358,261.0,true
250609,250609,MACETA BAYAS 48CM ROJO 2 831-MX2467-2572,Maceta Bayas Roja,Unid,China,46977.0,,,2025-09-24 13:59:27.220,6256,1.0,false
192834,192834,ORGAMENTO 831-XMTX219-1038-23E,ORGAMENTO 831-XMTX21,Unid,Panamá,9328.0,,,2023-10-31 10:27:05.757,6257,1.0,false
248329,248329,AVE CASA COLGANTE 10X10X18CM 200-2400388,Colgante Pajarito,Unid,Panamá,55437.0,,,2025-09-10 15:37:30.103,7333,0.0,false
215378,215378,BOLA 130-2502150,BOLA 130-2502150,Unid,Panamá,42776.0,,,2024-07-23 10:27:09.093,6253,0.0,false
247055,247055,JG BOLA  4PZ 10X20X20CM 130-2502517,Esferas Jengibre 4PZ,Unid,Panamá,35668.0,,,2025-08-28 11:09:33.090,6253,52.0,false
187677,187677,SAGRADA FAMILIA 100-4900469,SAGRADA FAMILIA 100-,Unid,Panamá,96139.0,,,2023-08-12 11:21:25.087,6288,0.0,false
247347,247347,SERVILLETERO DOLOMITA 180-1100186,Servilletero Festivo,Unid,Panamá,23835.0,,,2025-08-28 14:35:21.150,6319,8.0,false
181302,181302,GUIRNALDA 420-592886,GUIRNALDA 420-592886,Unid,Panamá,62347.0,,,2023-05-18 15:20:33.310,6282,0.0,false
250543,250543,FIG SANTA 27CM ROJO 12 831-XMTX254- 2546,FIG SANTA 27CM ROJO,Unid,China,78434.0,,,2025-09-24 13:09:17.097,6255,0.0,false
160630,160630,RAMA DECOR 140-4100854,RAMA DECOR 140-41008,Unid,Panamá,13390.0,,,2022-08-30 11:09:35.520,7370,0.0,false
246252,246252,TAZA DE 350 ML JSR-DEC-24-177,TAZA DE 350 ML,Unid,China,13920.0,,,2025-08-22 20:41:33.860,6266,1.0,false
170288,170288,Almohadas navideñas,Almohadas navideñas,Pqte,Paraguay,127272.725,,,2022-11-30 08:59:40.190,6257,0.0,false
187782,187782,PORTAPLATO 180-0700483,PORTAPLATO 180-07004,Unid,Panamá,10098.0,,,2023-08-14 11:57:49.160,6265,0.0,false
215240,215240,ADORNO COLGANTE 130-5001939,Adorno Colgante Rojo,Unid,Panamá,21439.0,,,2024-07-22 16:08:44.333,6253,42.0,false
215284,215284,HOMBRE D/NIEVE 150-8000534B,HOMBRE 150-8000534B,Unid,Panamá,51474.0,,,2024-07-23 09:24:46.953,6257,1.0,false
217328,217328,RAMA DECOR 13CM 140-5802715,RAMA DECOR 13CM,Unid,Panamá,4413.0,,,2024-08-27 10:18:57.240,7370,1.0,false
255168,255168,FUENTE ANGEL REDONDO B.A.,FUENTE ANGEL REDONDO,Unid,Paraguay,109090.91,,,2025-11-05 09:02:53.667,6257,1.0,false
246848,246848,"ADORNO COLGANTE 2 SURT 40X40X40CM 201-8900626,",ADORNO COLGANTE 2 SU,Unid,Panamá,13246.0,,,2025-08-27 09:42:44.103,7333,0.0,false
250476,250476,ORNAMENTO 7X10CM ROJO 831-XMTX215- 2509A,Adorno Rojo,Unid,China,5257.0,,,2025-09-24 11:44:22.533,7333,5.0,false
191347,191347,PANTALLA NATURAL G,PANTALLA NATURAL G,Unid,Paraguay,2727.2727,,,2023-10-13 15:21:45.390,6277,0.0,false
205739,205739,ESTRELLA BLANCA C/PALO GR,ESTRELLA BLANCA C/PA,Unid,Paraguay,10909.0908,,,2024-04-04 15:24:57.030,6257,2.0,false
223441,223441,SETx6 ESFERAS VERDES 5CM LRH006A,SETx6 ESFERAS VERDES,Unid,Paraguay,4090.9083,,,2024-11-23 09:38:10.500,6253,0.0,false
217425,217425,JG CAJAS D/REGALO 200-2100810,JG CAJAS D/REGALO 2,Unid,Panamá,171212.0,,,2024-08-28 09:31:50.710,6273,0.0,false
162575,162575,POINSETTIA  140-5802190,POINSETTIA  140-5802,Unid,Panamá,14176.0632,,,2022-09-28 13:38:50.377,7373,1.0,false
247145,247145,JG BOLAS 4PZ 10CM 130-5002224,Esferas Doradas 10cm,Unid,Panamá,37347.0,,,2025-08-28 12:20:41.320,6253,29.0,false
135478,135478,PORTA CORONA 201-0300017,Soporte Corona,Unid,Panamá,8184.0,,,2021-09-02 16:09:47.610,6256,3.0,false
215812,215812,GUIRNALDA DECO 130-7000468,GUIRNALDA DECO 130-7,Unid,Panamá,52502.0,,,2024-07-30 10:19:24.580,6282,0.0,false
217360,217360,FALDA P/ARBOL 170-2800396,FALDA P/ARBOL 170-28,Unid,Panamá,68443.0,,,2024-08-27 11:20:41.940,6256,0.0,false
135407,135407,JGO DE BOLA DECOR 100MM 130-9501509,Jgo bola deco,Unid,Panamá,32811.0,,,2021-09-02 13:53:05.863,6253,0.0,false
220937,220937,SET PAPEL NAVIDEÑO JSR-AUG620,SET PAPEL NAVIDEÑO,Unid,China,5256.0,,,2024-10-15 15:19:10.393,6270,113.0,false
217120,217120,831-XR16-03-22B BANDEJA BLANCO-ROJO-VERDE,BANDEJA BCO-ROJO-VER,Unid,Panamá,70254.0,,,2024-08-23 15:11:58.160,6262,0.0,false
215430,215430,COJIN 170-3000277,COJIN 170-3000277,Unid,Panamá,92365.0,,,2024-07-23 10:51:30.457,6257,0.0,false
186951,186951,FIGURA DECO 201-2500362,FIGURA DECO 201-2500,Unid,Panamá,5183.0,,,2023-08-07 11:53:02.277,6257,0.0,false
215527,215527,JG ARBOLES DECOR 200-2100489,JG ARBOLES DECOR 200,Unid,Panamá,86134.0,,,2024-07-23 13:34:05.443,6257,0.0,false
215863,215863,ADORNO COLGANTE 201-3500306,ADORNO 201-3500306,Unid,Panamá,26161.0,,,2024-07-30 10:58:42.793,7333,0.0,false
187719,187719,CINTA 130-5400419,CINTA 130-5400419,Unid,Panamá,17310.0,,,2023-08-14 09:27:12.787,6278,1.0,false
215417,215417,170-0200004 BOTA DECOR,BOTA 170-0200004,Unid,Panamá,16923.0,,,2024-07-23 10:44:54.597,6257,0.0,false
248013,248013,BOLA DETALLES ORO/LÍNEAS BLANCO 1CM 1081893,BOLA DETALLES ORO/LÍ,Unid,Brasil,17379.0,,,2025-09-09 09:29:11.253,6253,170.0,false
187683,187683,ESTRELLA COLGANTE 130-2501836,ESTRELLA COLGANTE,Unid,Panamá,7721.0,,,2023-08-12 11:41:21.360,7333,1.0,false
247312,247312,RAMA DECOR 22X21CM 140-5702936,Rama Decorativa Roja,Unid,Panamá,7721.0,,,2025-08-28 14:04:09.047,7370,0.0,false
248374,248374,RAMA DECOR ONDULADA 201-3500268,Rama Decor Ondulada,Unid,Panamá,16806.0,,,2025-09-11 09:29:09.210,7370,0.0,false
186738,186738,POINSETIA 140-5702067,POINSETIA 140-570206,Unid,Panamá,9530.0,,,2023-08-04 13:50:42.943,7373,0.0,false
257382,257382,GLOBO FELIZ AÑO NUEVO F3246/A0440/F0598,GLOBO FELIZ AÑO NUEV,Unid,Paraguay,2386.3635,,,2025-12-06 09:33:25.573,6253,10.0,false
247525,247525,ARBOL DE NAVIDAD MARANELO 60CM NB25190-103,ARBOL DE NAVIDAD MAR,Unid,Panamá,29448.0,,,2025-08-29 15:39:04.690,6258,4.0,false
246397,246397,"63 MM, CINTA DE 10 YARDAS / ROLLO JSR-DEC-24-629",Cinta Navideña 63mm,Unid,China,15391.0,,,2025-08-23 00:28:28.010,6278,3.0,false
247459,247459,CONO DECOR 17X17X41CM 202-2600025,CONO DECOR 17X17X41C,Unid,Panamá,105747.0,,,2025-08-28 16:18:50.657,6257,0.0,false
220255,220255,ARBOL CH DECOR 200-2100489,ARBOL CH DECOR,Unid,Panamá,25122.4166,,,2024-10-07 14:14:19.120,6258,1.0,false
246004,246004,CAMINO D/MESA BLANCO 180X33CM 170-2800425,CAMINO D/MESA 180X33,Unid,Panamá,28178.0,,,2025-08-21 16:49:11.370,6290,3.0,false
247351,247351,RENO DECOR 17X8.50X28CM 130-7000517,Reno Decorativo 28cm,Unid,Panamá,61520.0,,,2025-08-28 14:38:36.143,6255,0.0,false
191795,191795,POSAPLATO XM23147-103,POSAPLATO XM23147-10,Unid,Panamá,12624.0,,,2023-10-20 15:58:08.697,6265,0.0,false
163480,163480,ADORNO ESTRELLA 831-XMTX349-231,ADORNO ESTRELLA 831-,Unid,Panamá,5352.0,,,2022-10-04 11:59:23.600,6256,0.0,false
250317,250317,JGO 2PZAS ESFERA 12CM  831-MX2467- 2599A,Esferas Rojo 12cm,Unid,China,16204.0,,,2025-09-24 10:09:39.700,6253,0.0,false
217464,217464,PERRO DECO 201-3700150,PERRO DECO 201-37001,Unid,Panamá,47190.0,,,2024-08-28 10:28:31.457,6255,2.0,false
222654,222654,SET DE 6 BASTONCITOS FINOS,SET6 BASTONCITO FINO,Unid,Paraguay,87272.7266,,,2024-11-14 15:53:38.497,6257,0.0,false
192356,192356,ORGAMENTO 831-XMFE104-324A,ORGAMENTO 831-XMFE10,Unid,Panamá,11402.0,,,2023-10-25 15:54:20.167,6257,1.0,false
215558,215558,CAMPANA 200-4200080,CAMPANA 200-4200080,Unid,Panamá,56734.0,,,2024-07-23 14:33:54.140,6257,0.0,false
215768,215768,ESCENA NAVIDAD 200-7200016,ESCENA  200-7200016,Unid,Panamá,28616.0,,,2024-07-29 14:23:16.200,6257,0.0,false
250387,250387,MAGNOLIA 10P 30X30CM N 831-AMX044- 25218,Flor Magnolia 10P,Unid,China,10257.0,,,2025-09-24 10:59:51.477,7373,0.0,false
257044,257044,CASITA P/PESEBRE,CASITA P/PESEBRE,Unid,Paraguay,18181.82,,,2025-12-03 14:16:35.980,6288,0.0,false
246263,246263,DECORACIÓN NAVIDEÑA JSR-DEC-24-302,DECORACIÓN NAVIDEÑA,Unid,China,3922.0,,,2025-08-22 20:54:47.663,6257,3.0,false
187725,187725,RAMA DECOR 140-1300660,RAMA DECOR 140-13006,Unid,Panamá,13916.0,,,2023-08-14 09:35:52.080,7370,0.0,false
247997,247997,GUIRNALDA FRUTA ROJO 65CM 1091255,GUIRNALDA FRUTA ROJO,Unid,Brasil,85299.0,,,2025-09-09 09:18:29.013,6282,0.0,false
217175,217175,831-2788-239101375R JGO 6 ESFERAS 6CM,Juego Esferas 6cm,Unid,Panamá,9222.0,,,2024-08-26 09:30:50.960,6253,1.0,false
248022,248022,COLGANTE ESTRELLA 12CM 1075281,COLGANTE ESTRELLA,Unid,Brasil,6192.0,,,2025-09-09 09:33:45.930,7333,2.0,false
246069,246069,GUIRNALDA FRUTOS ROJOS 15X152X5CM 200-3000390,Guirnalda Frutos,Unid,Panamá,105968.0,,,2025-08-22 11:42:19.977,6282,0.0,false
217248,217248,831-AMX044-2135I POINSETIA 30X40CM BLANCO,POINSETIA 30X40CM BL,Unid,Panamá,8565.0,,,2024-08-26 14:38:25.367,7373,11.0,false
246759,246759,CASAS DECOR 3 SURT 8.4X2.5X15CM 201-2500481,CASAS DECOR 3 SURT 8,Unid,Panamá,8184.0,,,2025-08-26 16:29:49.947,6257,0.0,false
214787,214787,JG SAGRADA FAMILIA 100-4900520,JG 100-4900520,Unid,Panamá,118058.0,,,2024-07-17 10:50:08.487,6288,0.0,false
246576,246576,ÁRBOL ARTIFICIAL 2 M X 1.5 M JSR-APR-500-5,ÁRBOL ARTIFICIAL 2 M,Unid,China,627414.0,,,2025-08-25 10:20:11.933,6260,2.0,false
187739,187739,FLOR DECO 140-5201153,FLOR DECO 140-520115,Unid,Panamá,11370.0,,,2023-08-14 10:12:45.927,7373,0.0,false
248113,248113,BOLA LISA TRANSPARENTE GRANATE 10CM JG 1026283,BOLA LISA TRANSPAREN,Unid,Brasil,22415.0,,,2025-09-09 11:41:47.660,6253,1.0,false
186795,186795,PORTAPLATO 180-0700355,PORTAPLATO 180-07003,Unid,Panamá,15382.0,,,2023-08-05 09:12:19.083,6265,0.0,false
247056,247056,JG BOLA  4PZ 10X20X20CM 130-2502521,Bolas Decorativas,Unid,Panamá,39026.0,,,2025-08-28 11:10:22.587,6253,65.0,false
135594,135594,FLOR ART. 140-4100789,Flor artificial,Unid,Panamá,16384.56,,,2021-09-03 14:35:21.737,7373,0.0,false
257335,257335,Tarjetas Navideñas 2025,Tarjetas Navideñas 2,Unid,Paraguay,2500.0,,,2025-12-05 10:46:25.353,6280,0.0,false
254830,254830,CAMPANA NAVIDEÑA PARA COLGAR XM25200-43,CAMPANA NAVIDEÑA PAR,Unid,Panamá,184565.0,,,2025-10-28 12:11:23.727,7339,2.0,false
256053,256053,ARBOL LAZO DE CROCHET VERDE MUSGO SMALL,ARBOL LAZO DE CROCHE,Unid,Paraguay,56000.0,,,2025-11-19 09:58:00.273,6257,0.0,false
247043,247043,BOLAS 10CM EN TUBO 6PZS 130-2502383,Bolas Doradas y,Unid,Panamá,50439.0,,,2025-08-28 11:00:27.840,6253,10.0,false
250423,250423,RELLENO 50CM DORADO 2 831-MXMAS91- 2541B,Relleno Dorado 50cm,Unid,China,9739.0,,,2025-09-24 11:19:30.350,7370,2.0,false
248143,248143,BOLA TUBO FOSCA DORADA 10CM JG 1026446,BOLA TUBO FOSCA DORA,Unid,Brasil,34628.0,,,2025-09-09 11:52:35.337,6253,24.0,false
247343,247343,ANILLO P/SERVILLETA 14CM 140-0300144,Anillo Servilletero,Unid,Panamá,4448.0,,,2025-08-28 14:32:45.233,6319,5.0,false
193101,193101,GLOBO 150MM 6192,GLOBO 150MM 6192,Unid,Paraguay,71818.18,,,2023-11-02 11:45:27.510,6253,0.0,false
247302,247302,RAMA DECOR 45CM 140-5702730,Rama Decorativa 45cm,Unid,Panamá,9232.0,,,2025-08-28 14:00:40.550,7370,0.0,false
217369,217369,JGO VASOS 4PCS 560ML 180-2900521,JGO VASOS 4PCS 560ML,Unid,Panamá,89336.0,,,2024-08-27 11:48:17.433,6267,0.0,false
247519,247519,GUIRNALDA NAVIDEÑA 9FTX12 NB25190-19,GUIRNALDA NAVIDEÑA 9,Unid,Panamá,71157.0,,,2025-08-29 15:28:52.093,6282,0.0,false
254259,254259,CAJAS DE JENGIBRE P/M/G 1020651,CAJAS DE JENGIBRE,Unid,Brasil,56765.0,,,2025-10-21 16:31:21.877,6273,0.0,false
254683,254683,MUÑECO NAVIDEÑO PARA COLGAR 11CM QD2504-879,MUÑECO NAVIDEÑO PARA,Unid,Panamá,12269.0,,,2025-10-24 14:48:01.200,7333,7.0,false
248162,248162,PORTA VELA PIÑA GRANATE 27CM 1001853,PORTA VELA PIÑA GRAN,Unid,Brasil,122278.0,,,2025-09-09 12:00:50.850,7335,12.0,false
247468,247468,LAMPARA D/MESA  C/LUZ A/BAT3 8.5X8.5X18CM 202-3100,LAMPARA D/MESA  C/LU,Unid,Panamá,48006.0,,,2025-08-28 16:23:06.150,6285,0.0,false
215238,215238,ADORNO COLGANTE 130-5001909,ADORNO 130-5001909,Unid,Panamá,64222.0,,,2024-07-22 16:05:57.673,7333,0.0,false
250555,250555,ORNA SANTA HNIE 28CM 831-XMFE104- 2516B4,Figuras Navideñas,Unid,China,17670.0,,,2025-09-24 13:17:26.767,6255,1.0,false
191585,191585,SOMBRERO DE NAVIDAD NB2319-3322,SOMBRERO DE NAVIDAD,Unid,Estados Unidos,9338.0,,,2023-10-17 15:18:18.127,6257,0.0,false
250442,250442,RELLENO 82CM CHAMPANA 831-AMX044- 25100N,Relleno Dorado 82cm,Unid,China,10429.0,,,2025-09-24 11:28:34.297,7370,158.0,false
186647,186647,PUNTA D/ARBOL 130-5000472,PUNTA D/ARBOL 130-50,Unid,Panamá,22320.0,,,2023-08-03 16:29:25.040,6256,0.0,false
254453,254453,BOLA SANDIA 15CM ROJO NB2515-1715,BOLA SANDIA 15CM ROJ,Unid,Panamá,13140.0,,,2025-10-23 10:35:05.257,6253,0.0,false
254757,254757,MALLA PLASTICA QD2557-875,MALLA PLASTICA QD255,Unid,Panamá,26715.0,,,2025-10-27 15:37:39.740,6257,0.0,false
255384,255384,VELA 165G FLOR DE COCO,VELA 165G FLOR DE CO,Unid,Paraguay,41363.6363,,,2025-11-07 14:43:39.860,6298,0.0,false
191715,191715,CINTA NB2336-489,CINTA NB2336-489,Unid,Panamá,13488.0,,,2023-10-19 16:46:10.107,6278,0.0,false
194150,194150,PELOTAS DE YSYPO NEGRO G,PELOTAS DE YSYPO,Unid,Paraguay,13636.3633,,,2023-11-21 13:30:35.970,6253,4.0,false
163460,163460,PERRO ORNAMENTO 831-XMNBC-0111138GR,PERRO ORNAMENTO 831-,Unid,Panamá,16412.0,,,2022-10-04 11:09:13.473,6256,14.0,false
215831,215831,REGALO 201-3500058,REGALO 201-3500058,Unid,Panamá,63845.0,,,2024-07-30 10:35:14.303,6257,0.0,false
248482,248482,FLOR NAV DECOR BEIGE 40X27X27CM 140-5201705,Flor Decorativa,Unid,Panamá,14465.0,,,2025-09-12 10:09:35.427,7373,0.0,false
219826,219826,201-4600075 ADORNO COLGANTE,ADORNO COLGANTE 201-,Unid,Panamá,87922.0,,,2024-09-26 10:51:49.013,6257,0.0,false
247463,247463,CONO DECOR 12X12X35CM 202-2600043,CONO DECOR 12X12X35C,Unid,Panamá,75115.0,,,2025-08-28 16:21:07.163,6257,0.0,false
215458,215458,JG BOLA DECOR 130-5001663,JG BOLA 130-5001663,Unid,Panamá,41246.0,,,2024-07-23 11:11:34.510,6253,0.0,false
215805,215805,ADORNO P/COLGAR ARBOL 130-7000373,ADORNO P/COLGAR,Unid,Panamá,104643.0,,,2024-07-30 10:13:58.010,6256,0.0,false
250601,250601,BASE REDONDA 635X2286CM  831-T002-2423,BASE REDONDA 635X228,Unid,China,112312.0,,,2025-09-24 13:55:08.620,6256,0.0,false
246883,246883,JG NACIMIENTO 11PZ 27X10X14.5CM 202-5400002,JG NACIMIENTO 11PZ 2,Unid,Panamá,149418.0,,,2025-08-27 10:42:58.440,6288,0.0,false
218642,218642,130-9502537 JG BOLA DECOR,130-9502537 JG BOLA,Unid,Panamá,33477.0,,,2024-09-13 14:42:40.930,6253,0.0,false
257396,257396,Bandolera Nudo Black Navidad,Bandolera Nudo Black,Unid,Paraguay,157772.7275,,,2025-12-09 08:07:22.070,6268,0.0,false
162684,162684,TAZA 180-1000063,TAZA 180-1000063,Unid,Panamá,20238.0,,,2022-09-28 16:20:06.450,6266,1.0,false
192849,192849,POLVO NIEVE 831-XBA05-21,POLVO NIEVE 831-XBA0,Unid,Panamá,13474.0,,,2023-10-31 11:01:00.140,7373,8.0,false
254832,254832,CAMPANA NAVIDEÑA PARA COLGAR XM25200-48,CAMPANA NAVIDEÑA PAR,Unid,Panamá,272888.0,,,2025-10-28 12:21:48.590,7339,0.0,false
250343,250343,PONSETIA 32X30CM 9P CREM 831-AMX001- 25163B,Ponsetia Crema 32cm,Unid,China,9740.0,,,2025-09-24 10:28:10.630,7373,1.0,false
250654,250654,PORTAPLATO 33CM ROJO-VERDE 831-D098-2515,Portaplato 33cm,Unid,China,14653.0,,,2025-09-24 14:52:26.290,6265,7.0,false
215511,215511,JG BOLA DECOR 130-5001782,JG BOLA 130-5001782,Unid,Panamá,44578.0,,,2024-07-23 11:51:00.730,6253,3.0,false
217445,217445,RENO DECO 201-3700148,RENO DECO 201-370014,Unid,Panamá,76187.0,,,2024-08-28 10:07:56.270,6257,0.0,false
247476,247476,CORONA 130-7000587,CORONA 130-7000587,Unid,Panamá,78304.0,,,2025-08-28 16:33:01.167,6257,0.0,false
163628,163628,"CINTA NAVIDEÑA 2,5x10 NB2236-470","CINTA NAVIDEÑA 2,5x1",Unid,Panamá,19000.0,,,2022-10-05 10:41:42.143,6278,4.0,false
135160,135160,DISPENSADOR 200-8700046,Dispensador,Unid,Panamá,12608.0,,,2021-09-01 11:08:50.053,6268,1.0,false
256007,256007,KIT ESTRELLA DE BELEN,KIT ESTRELLA DE BELE,Unid,Paraguay,100000.0,,,2025-11-18 11:09:11.950,6298,0.0,false
247178,247178,ESTRELLA DECOR 40CM 140-5702515,ESTRELLA DECOR 40CM,Unid,Panamá,63114.0,,,2025-08-28 13:16:41.713,6255,1.0,false
217456,217456,SANTA DECOR 200-7400003,SANTA DECOR 200-7400,Unid,Panamá,103654.0,,,2024-08-28 10:17:41.863,6257,0.0,false
254712,254712,PICK LARGO NAVIDEÑO QD2552-3260,PICK LARGO NAVIDEÑO,Unid,Panamá,9311.0,,,2025-10-24 16:33:52.680,7373,30.0,false
216866,216866,RAMO DECOR 140-2501334,RAMO DECOR 140-25013,Unid,Panamá,12698.0,,,2024-08-20 12:02:13.070,7373,8.0,false
255169,255169,JUEGO DE PESEBRE DE 22 CM,JUEGO DE PESEBRE DE,Unid,Paraguay,1818181.82,,,2025-11-05 09:03:28.763,6288,1.0,false
162353,162353,FLOR DECOR 140-2500488,FLOR DECOR 140-25004,Unid,Panamá,6718.0,,,2022-09-26 08:35:35.310,7373,1.0,false
246509,246509,2 PCS JUEGO DE CUCHARA Y TENEDOR JSR-DEC-24-864,Juego Elegante JSR,Unid,China,7844.0,,,2025-08-23 08:56:59.510,6263,6.0,false
186618,186618,CINTA 130-3400426,CINTA 130-3400426,Unid,Panamá,11955.0,,,2023-08-03 15:18:51.067,6278,0.0,false
248007,248007,"GUIRNALDA CON GLITTER, HOJAS Y ESFERAS 1085859",GUIRNALDA CON GLITTE,Unid,Brasil,161510.0,,,2025-09-09 09:24:57.590,6282,15.0,false
250302,250302,JGO 4 ESFERAS 10CM CAJA 831-239-2477Z17,Juego Esferas,Unid,China,28444.0,,,2025-09-24 09:57:18.953,6253,0.0,false
254461,254461,CAJA DE JENGIBRE M 1020651,CAJA DE JENGIBRE M,Unid,Brasil,18448.625,,,2025-10-23 11:02:53.800,6273,1.0,false
215872,215872,ESTRELLA 140-0500501,ESTRELLA 140-0500501,Unid,Panamá,34762.0,,,2024-07-30 11:13:56.240,6257,0.0,false
254791,254791,CORONA NAVIDEÑA SZ2519-1559,CORONA NAVIDEÑA SZ25,Unid,Panamá,87889.0,,,2025-10-28 10:31:55.243,7372,0.0,false
245718,245718,JG NACIMIENTO 11 PZ 100-4900099,JG NACIMIENTO 11 PZ,Unid,Panamá,233960.0,,,2025-08-19 16:04:26.903,6288,0.0,false
136786,136786,CORONA NAVIDEÑA NB24190-286,CORONA NAVIDEÑA,Unid,Panamá,67206.0,,,2021-09-17 11:08:59.433,7372,0.0,false
215804,215804,PINO C/LUZ 201-1800253,PINO 201-1800253,Unid,Panamá,90761.0,,,2024-07-30 10:13:57.673,6256,0.0,false
218624,218624,831-239-2455R ESFERA DISPLAY 12,ESFERA DISPLAY 12,Unid,Panamá,14715.0,,,2024-09-13 14:10:40.707,6253,0.0,false
246586,246586,BOLSA 32 Z 25 X 17 CM JSR-APR-6711,Bolsa Navideña 32x25,Unid,China,2451.0,,,2025-08-25 10:41:13.370,6270,0.0,false
250537,250537,FIG RENO 20X37X11CM 16 831-XMTX353- 2459,Figura Reno Navideño,Unid,China,64387.0,,,2025-09-24 13:05:52.810,6255,0.0,false
186799,186799,PORTAPLATO 180-0700507,PORTAPLATO 180-07005,Unid,Panamá,10784.0,,,2023-08-05 09:16:22.193,6265,0.0,false
253974,253974,CASCANUECES 9X22CM 202-130024,CASCANUECES 9X22CM 2,Unid,Panamá,83362.0,,,2025-10-17 10:40:12.060,7340,1.0,false
247385,247385,VELA 8.50X8.50X10CM 200-9500033,Vela Elegante Dorada,Unid,Panamá,45069.0,,,2025-08-28 15:12:00.447,6298,21.0,false
247103,247103,CINTA 9YDS 6.30X823CM 130-5400569,CINTA 9YDS 6.30X823C,Unid,Panamá,14771.0,,,2025-08-28 12:05:22.560,6278,0.0,false
254125,254125,BOLAS NAVIDEÑAS 8CM ROJO MITAD MATE NB2515-113,BOLAS NAVIDEÑAS 8CM,Unid,Panamá,13400.0,,,2025-10-20 16:20:40.967,6253,0.0,false
186838,186838,ADORNO COLGANTE 200-3200109,ADORNO COLGANTE 200-,Unid,Panamá,29511.0,,,2023-08-05 10:47:47.060,7333,21.0,false
219698,219698,170-3000394 FALDA P/ARBOL,FALDA P/ARBOL 170-30,Unid,Panamá,124441.0,,,2024-09-25 14:45:25.040,6256,0.0,false
247035,247035,JG BOLAS 4PZ 10X20X20CM 130-2502259,Bolas Navideñas,Unid,Panamá,31640.0,,,2025-08-28 10:53:51.147,6253,54.0,false
7450007442502,7450007442502,JG NACIMIENTO 11 PZ 029-050384,Pesebre 11 Pz,Unid,Panamá,219357.0,,,2014-10-31 09:33:48.460,6288,0.0,false
246863,246863,VILLA C/LUZ A/BAT C/MOV A/BAT 201-9400054,Casa Jengibre,Unid,Panamá,60321.0,,,2025-08-27 10:12:48.737,6257,0.0,false
248039,248039,BOLA DE NAVIDAD 10CM 1075260,BOLA DE NAVIDAD 10CM,Unid,Brasil,30464.0,,,2025-09-09 09:44:43.480,6253,24.0,false
217157,217157,831-MX2467-2440B MAGNOLIA 25CM DORADO,MAGNOLIA 25CM DORADO,Unid,Panamá,8565.0,,,2024-08-23 16:49:24.560,7373,2.0,false
250458,250458,ORNAMENTO 20CM 48 831-239-2421CH,Ornamento Festivo,Unid,China,15600.0,,,2025-09-24 11:36:51.303,6257,11.0,false
194055,194055,Kit 4 individuales Flor de Navidad,Kit 4 individuales F,Unid,Paraguay,101818.18,,,2023-11-21 08:45:37.687,6291,0.0,false
254485,254485,BOLA NAVIDEÑA 30CM ROJO NB2515-925,BOLA NAVIDEÑA 30CM R,Unid,Panamá,117388.0,,,2025-10-23 13:39:48.890,6253,15.0,false
160712,160712,POINSETTIA DECOR 140-4101181,POINSETTIA DECOR 140,Unid,Panamá,20336.0,,,2022-08-31 16:43:17.720,7373,0.0,false
250473,250473,ORNAMENTO 13X15CM ROJ 831-XMTX215- 2532A,ORNAMENTO ROJO,Unid,China,3534.0,,,2025-09-24 11:43:16.137,7333,28.0,false
186823,186823,ADORNO P/COLGAR 200-2000304,ADORNO P/COLGAR 200-,Unid,Panamá,10701.0,,,2023-08-05 10:14:40.517,6257,0.0,false
250594,250594,FALDA D-ARBOL 115CM MULT 831-AMX082-2561,FALDA D-ARBOL 115CM,Unid,China,61369.0,,,2025-09-24 13:51:24.443,6256,0.0,false
217339,217339,POINSETIA DECOR 140-5802847,POINSETIA DECOR 140-,Unid,Panamá,14679.0,,,2024-08-27 10:30:04.620,7373,1.0,false
203488,203488,1229-103 PLATO POSTRE NUECES,1229-103 PLATO POSTR,Unid,Brasil,36484.0,,,2024-02-21 10:12:43.303,6264,3.0,false
187781,187781,PORTAPLATO 180-0700482,PORTAPLATO 180-07004,Unid,Panamá,10098.0,,,2023-08-14 11:56:06.377,6265,0.0,false
246211,246211,"Bola Navidad 15 cm JSR-DEC-24-11,",Bola Navidad 15 cm J,Unid,China,9705.0,,,2025-08-22 18:26:42.643,6253,51.0,false
250547,250547,FIG SANTA-HOMBREDNIEVE 43 831-325-2502H,Figura Santa y Nieve,Unid,China,66196.0,,,2025-09-24 13:11:33.063,6255,0.0,false
250287,250287,JGO 4 ESFERAS 10CM CAJA  831-239-2430CH,Juego Esferas,Unid,China,24306.0,,,2025-09-24 09:48:23.637,6253,19.0,false
135722,135722,JGO BOLA DECOR 130-9501515,Jgo bola deco,Unid,Panamá,32811.0,,,2021-09-07 10:10:21.663,6253,29.0,false
223439,223439,SETx6 ESFERAS DORADAS 5CM LRD5006ABC,SETx6 ESFERA DORADA,Unid,Paraguay,4090.909,,,2024-11-23 09:36:42.770,6253,2.0,false
250376,250376,PONSETIA 8P 20CM CREMA- D 831-AMX006- 2511B,PONSETIA 8P 20CM CRE,Unid,China,6120.0,,,2025-09-24 10:49:35.267,7373,213.0,false
247203,247203,PONSETIA DECOR 20X20X25CM 140-2501681,Ponsetia Roja 20x20,Unid,Panamá,2853.0,,,2025-08-28 13:29:41.837,7373,4.0,false
189929,189929,BOLSA 52X70 NAVIDAD RUSTICA 69355,BOLSA 52X70 NAVIDAD,Unid,Paraguay,2872.7272,,,2023-09-21 11:08:55.033,6270,44.0,false
248224,248224,ADORNO COLGANTE CAMPANAS 140-1200009,Adorno Campanas,Unid,Panamá,23913.0,,,2025-09-09 15:55:20.120,7333,0.0,false
248175,248175,ADORNO COLGANTE REGALO P/ARBOL 130-1700006,ADORNO COLGANTE REGA,Unid,Panamá,14716.0,,,2025-09-09 15:00:03.010,7333,1.0,false
247007,247007,BOLA DECOR 4 SURT  10CM 24PCS 130-1200088,Esferas Decorativas,Unid,Panamá,7637.0,,,2025-08-28 10:30:43.010,6253,27.0,false
215563,215563,BASTON COLGANTE 130-5001918,BASTON 130-5001918,Unid,Panamá,8645.0,,,2024-07-23 14:48:33.550,7333,3.0,false
254673,254673,CINTA NAVIDEÑA 6.3CM NB25196-56,CINTA NAVIDEÑA 6.3CM,Unid,Panamá,21319.0,,,2025-10-24 14:09:44.310,6278,30.0,false
162198,162198,ARBOL C/ BASE 210CM NB24190-189,ARBOL C/ BASE 210CM,Unid,Panamá,571241.0,,,2022-09-23 09:37:17.913,6260,0.0,false
215169,215169,JG NACIMIENTO 100-4900612,JG NACIMIENTO 100-49,Unid,Panamá,341710.0,,,2024-07-22 10:42:16.673,6288,0.0,false
256018,256018,ESTABLO REDONDO CH,ESTABLO REDONDO CH,Unid,Paraguay,31818.18,,,2025-11-18 15:44:48.313,6288,0.0,false
248001,248001,MINI GUIRNALDA CON ESFERAS DORADO/BLANCO 1085838,MINI GUIRNALDA,Unid,Brasil,18977.0,,,2025-09-09 09:20:34.640,6282,2.0,false
187681,187681,ARBOL 150CM 110-0100062,ARBOL 150CM 110-0100,Unid,Panamá,188900.0,,,2023-08-12 11:37:00.327,6258,0.0,false
248320,248320,ESTRELLA DECOR PLATA 20X5X25CM 200-2100873,Estrella Plata 25cm,Unid,Panamá,23746.0,,,2025-09-10 14:54:16.270,6256,35.0,false
215242,215242,ADORNO DE METAL 130-5001941,ADORNO DE METAL,Unid,Panamá,25216.0,,,2024-07-22 16:11:59.823,6253,0.0,false
248272,248272,JG MANTEL C/SERVILLETA 7PZ RECT 170-2701127,JG MANTEL C/SERVILLE,Unid,Panamá,200926.0,,,2025-09-10 11:13:52.397,6292,0.0,false
246336,246336,"CINTA DE 6,3 CM X 10 YARDAS JSR-DEC-24-494","Cinta Burdeos 6,3 cm",Unid,China,15686.0,,,2025-08-22 23:03:33.437,6278,8.0,false
217453,217453,VELA 200-6400547,VELA 200-6400547,Unid,Panamá,21073.0,,,2024-08-28 10:13:32.977,6298,0.0,false
162805,162805,ESTRELLA C/LUZ 201-7200115,ESTRELLA C/LUZ 201-7,Unid,Panamá,25170.0,,,2022-09-29 10:42:43.490,6256,1.0,false
194411,194411,CASA NAVIDEÑA C/ LUZ 200-72000878,CASA NAVIDEÑA C/ LUZ,Unid,Panamá,310462.0,,,2023-11-24 13:58:06.930,6257,0.0,false
217534,217534,CASA C/LUZ 201-2200154,Casa Decorativa,Unid,Panamá,99669.0,,,2024-08-28 11:56:44.653,6257,0.0,false
160622,160622,BOLA DECOR 140-2200390,BOLA DECOR 140-22003,Unid,Panamá,40756.0,,,2022-08-30 10:46:19.173,6253,0.0,false
134101,134101,VELA C/ AROMA 046-966821,Vela Aroma Pino,Unid,Panamá,17709.0,,,2021-08-19 16:27:42.110,6298,0.0,false
219812,219812,201-0300214 CASCANUECES,CASCANUECES 201-0300,Unid,Panamá,13427.0,,,2024-09-26 10:00:50.000,7340,0.0,false
160595,160595,FLOR DECOR 140-1500483,FLOR DECOR 140-15004,Unid,Panamá,11130.0,,,2022-08-30 09:19:37.960,7373,3.0,false
214652,214652,CASCANUECES 049-414002,CASCANUECES 049-4140,Unid,Panamá,43497.0,,,2024-07-12 14:51:49.970,7340,0.0,false
218623,218623,831-239-2483R ESFERA DISPLAY 12,ESFERA DISPLAY 12,Unid,Panamá,21613.0,,,2024-09-13 14:09:10.090,6253,0.0,false
254675,254675,PAPEL KRAFT DISEÑO NAVIDEÑO NB2525-3,PAPEL KRAFT DISEÑO N,Unid,Panamá,15749.0,,,2025-10-24 14:27:48.450,6280,0.0,false
256695,256695,RECIPIENTE NAVIDEÑO CH NB2519-5733,RECIPIENTE NAVIDEÑO,Unid,Panamá,7135.5,,,2025-11-29 11:24:27.287,6268,0.0,false
248523,248523,SANTA COLGANTE GORRO A RAYAS 9X6X36CM 150-8000648,Colgante Santa Gorro,Unid,Panamá,27174.0,,,2025-09-12 10:48:53.993,7333,0.0,false
162511,162511,RAMA 79CM 140-5701252,RAMA 79CM 140-570125,Unid,Estados Unidos,15816.0,,,2022-09-28 09:11:30.247,7370,1.0,false
247354,247354,RENO DECOR 11X18X25CM 202-2500042,Reno Decorativo 25cm,Unid,Panamá,62947.0,,,2025-08-28 14:40:11.333,6255,0.0,false
62925,62925,LUZ 150F RED  F:BL/ C:VERD 140CM 220V. 10501,Canasta Luz Festiva,Unid,Paraguay,71200.0,,,2017-10-30 14:40:55.880,6285,0.0,false
254499,254499,CUBO PRENSADO DE NAVIDAD NB2519-5722,CUBO PRENSADO DE NAV,Unid,Panamá,12008.0,,,2025-10-23 14:01:31.060,6273,2.0,false
206358,206358,TAZA 500ML JSR- DEC-305,TAZA 500ML JSR- DEC-,Unid,China,18427.24,,,2024-04-11 17:25:47.663,6266,2.0,false
218607,218607,831-T005-2403-5WO ARBOL 150CM,ARBOL 150CM 831-T005,Unid,Panamá,154698.0,,,2024-09-13 11:57:32.353,6259,0.0,false
246274,246274,DECORACIÓN NAVIDEÑA 3 M JSR-DEC-24-338,DECORACIÓN NAVIDEÑA,Unid,China,2157.0,,,2025-08-22 21:29:37.107,6257,100.0,false
248117,248117,BOLA TUBO LISA/MATE/ARABESCO BLANCO 8CM JG 1029269,BOLA TUBO LISA/MATE/,Unid,Brasil,17960.0,,,2025-09-09 11:43:50.947,6253,54.0,false
248063,248063,RAMA LARGA BLANCO 82CM 1090147,RAMA LARGA BLANCO 82,Unid,Brasil,12385.0,,,2025-09-09 10:26:10.030,7370,221.0,false
254725,254725,DURAZNO CAMPO REAL,DURAZNO CAMPO REAL,Unid,Paraguay,7600.0,,,2025-10-27 11:39:13.750,7361,2.0,true
217455,217455,VILLA NAVIDAD C/LUZ A/BAT 200-7200130/1,VILLA NAVIDAD C/LUZ,Unid,Panamá,316643.0,,,2024-08-28 10:16:07.023,6257,0.0,false
225018,225018,CASITA DE MADERA,CASITA DE MADERA,Unid,Paraguay,40000.0,,,2024-12-12 11:13:21.377,6257,1.0,false
162743,162743,ESTRELA 200-2100568,ESTRELA 200-2100568,Unid,Panamá,204852.0,,,2022-09-29 08:28:20.690,6256,1.0,false
217150,217150,831-MX2467-24127A PICK 22CM ROJO/NAT,PICK 22CM ROJO/NAT,Unid,Panamá,3874.0,,,2024-08-23 16:25:11.257,7373,0.0,false
236308,236308,22110 TAZA NAVIDEÑO,Taza Festiva Roja,Unid,China,13181.0,,,2025-05-07 14:27:41.453,6268,0.0,false
247224,247224,RAMA DECOR 78CM 140-0300082,Rama Decorativa 78cm,Unid,Panamá,11582.0,,,2025-08-28 13:39:13.580,7370,34.0,false
247984,247984,CINTA LISTRADA VERDE/DORADO 1069852,CINTA LISTRADA VERDE,Unid,Brasil,21075.0,,,2025-09-09 09:05:21.797,6278,6.0,false
247068,247068,PORTAVELA 17X17X8CM 202-2500055,Portavela Elegante,Unid,Panamá,29962.0,,,2025-08-28 11:39:34.663,7335,0.0,false
254799,254799,CONO DE ARBOL NAVIDEÑO SET CON LUZ LED SZ2537-36,CONO DE ARBOL NAVIDE,Unid,Panamá,162029.0,,,2025-10-28 10:46:17.927,6257,0.0,false
247150,247150,GUIRNALDA 155X25X10CM 130-7000565,GUIRNALDA 155X25X10C,Unid,Panamá,121612.0,,,2025-08-28 12:54:59.793,6282,0.0,false
247031,247031,PICK DE BOLAS DECOR 130-2502047,PICK DE BOLAS DECOR,Unid,Panamá,16701.0,,,2025-08-28 10:50:33.110,7370,0.0,false
254293,254293,CIERRE PRATICO DORADO 100UN 508,CIERRE PRATICO PLATA,Unid,Brasil,15646.0,,,2025-10-22 10:21:20.387,6270,0.0,false
215338,215338,SANTA 160-4503399,SANTA 160-4503399,Unid,Panamá,89062.0,,,2024-07-23 09:52:51.453,6257,0.0,false
248150,248150,BOLA PERLADA VERDE MEDIO 15CM 1072420,BOLA PERLADA VERDE M,Unid,Brasil,14082.0,,,2025-09-09 11:54:38.550,6253,17.0,false
222676,222676,ESTRELLAS,ESTRELLAS,Unid,Paraguay,13636.3633,,,2024-11-15 13:59:24.123,6257,0.0,false
219818,219818,201-0500092 PLACA D/PARED,PLACA D/PARED 201-05,Unid,Panamá,58034.0,,,2024-09-26 10:08:07.783,6257,0.0,false
247040,247040,JG BOLAS 4PZ C/LUZ 10X20X20CM 130-2502294,Bolas Navideñas 4Pz,Unid,Panamá,33318.0,,,2025-08-28 10:57:59.047,6253,42.0,false
219882,219882,201-9500070 TIENDA D/REGALOS C/LUZ,TIENDA D/REGALO C/LU,Unid,Panamá,143385.0,,,2024-09-26 14:25:37.880,6257,0.0,false
142950,142950,BORLA VERDE CON TUERCA,BORLA VERDE CON TUER,Unid,Paraguay,204090.91,,,2021-12-11 08:25:56.810,6253,0.0,false
163689,163689,MALLA PLASTICO P/ ENVOLTURA 10CM QD2157-878,Malla Plástica 10cm,Unid,Panamá,31043.0,,,2022-10-05 11:50:48.810,6278,22.0,false
246858,246858,CASA DECOR 22.5X1.5X30CM 201-9200176,CASA DECOR 22.5X1.5X,Unid,Panamá,38555.0,,,2025-08-27 10:09:44.597,6257,0.0,false
215510,215510,JG BOLA DECOR 130-5001781,JG BOLA 130-5001781,Unid,Panamá,43768.0,,,2024-07-23 11:48:54.750,6253,3.0,false
245970,245970,SANTA DECOR ESCALERA BLANCA 22X8X56CM 150-8101068,Escalera Santa,Unid,Panamá,88251.0,,,2025-08-21 15:07:13.400,6286,0.0,false
247075,247075,BOLA DECOR 1PZ 130-2800060,Bola Decorativa,Unid,Panamá,22492.0,,,2025-08-28 11:47:40.100,6253,43.0,false
246061,246061,ADORNO P/COLGAR BASTOL DE DULCE 160CM 200-2000458,Adorno Colgante,Unid,Panamá,28010.0,,,2025-08-22 11:13:01.420,7333,0.0,false
142546,142546,ADORNO ROJO/BLANCO LR1002 ROJO,ADORNO ROJO/BLANCO,Unid,Paraguay,39545.455,,,2021-12-09 14:19:53.910,6256,1.0,false
136787,136787,GUIRNALDA MEDIA LUNA NB24190-293,GUIRNALDA MEDIA LUNA,Unid,Panamá,33602.0,,,2021-09-17 11:18:47.720,6282,0.0,false
217139,217139,831-XWC-01D ALFOMBRA NAVIDEÑA ARBOL,ALFOMBRA NAVIDEÑA,Unid,Panamá,45375.0,,,2024-08-23 16:05:06.580,6257,0.0,false
219868,219868,1058482 SERVILLETA RAYADA,SERVILLETA RAYADA,Unid,Brasil,14726.0,,,2024-09-26 13:54:21.683,6296,0.0,false
246240,246240,ESTRELLA DE NAVIDAD DE 20 CM JSR-DEC-24-76,ESTRELLA DE NAVIDAD,Unid,China,24803.0,,,2025-08-22 19:40:31.813,6257,0.0,false
247456,247456,CARAMELO DECOR 21X56X6CM 202-2500047,CARAMELO DECOR 21X56,Unid,Panamá,59842.0,,,2025-08-28 16:16:10.050,6257,0.0,false
162627,162627,COJIN 170-7200085,COJIN 170-7200085,Unid,Panamá,90560.0,,,2022-09-28 15:38:02.870,6257,0.0,false
250539,250539,FIG RENO 29X31X24CM 4 831-P008-2588A,FIG RENO 29X31X24CM,Unid,China,141532.0,,,2025-09-24 13:07:00.880,6255,0.0,false
187813,187813,PORTAPLATO 200-5800512,PORTAPLATO 200-58005,Unid,Panamá,38439.0,,,2023-08-14 16:27:03.897,6265,0.0,false
253980,253980,ESCENA C/LUZ C/MOV 30X17CM 201-9500093U,ESCENA C/LUZ C/MOV 3,Unid,Panamá,227908.0,,,2025-10-17 10:44:34.267,6257,0.0,false
136344,136344,CORONA NB24190-8,CORONA NB24190-8,Unid,Panamá,67203.0,,,2021-09-14 09:06:04.620,6282,1.0,false
223162,223162,ARBOL DE YSYPO GRANDE,ARBOL DE YSYPO GR,Unid,Paraguay,454545.45,,,2024-11-21 14:03:58.877,6260,0.0,false
247993,247993,GUIRNALDA FRUTAS ROJO 20CM 1069628,GUIRNALDA FRUTAS ROJ,Unid,Brasil,8590.0,,,2025-09-09 09:15:51.620,6282,0.0,false
254814,254814,ADORNO PARA COLGAR XM25181-64,ADORNOS PARA COLGAR,Unid,Panamá,12966.0,,,2025-10-28 11:29:05.830,7333,8.0,false
217053,217053,831-XMTX219-1022B BOLSA SAN-HNI-RENO,BOLSA SAN-HNI-RENO,Unid,Panamá,15907.0,,,2024-08-23 11:31:25.380,6271,0.0,false
162216,162216,JG BOLA 4PZ 130-2500771,JG BOLA 4PZ 130-2500,Unid,Panamá,32854.0,,,2022-09-23 11:31:14.263,6253,2.0,false
76703,76703,CORONA NAV XMVI-015,Corona Navideña 2023,Unid,Panamá,37495.0,,,2018-10-04 11:59:23.953,7372,0.0,false
245951,245951,SANTA C/MUS C/MOV A/BAT3 16X12X32CM 150-2000133,SANTA C/MUS C/MOV,Unid,Panamá,83271.0,,,2025-08-21 13:45:47.953,6287,1.0,false
215814,215814,ALCE 201-2300131,ALCE 201-2300131,Unid,Panamá,79616.0,,,2024-07-30 10:22:13.107,6257,0.0,false
191596,191596,PAPEL DE REGALO NB2325-22,PAPEL DE REGALO NB23,Unid,Panamá,5447.0,,,2023-10-17 15:40:33.993,6257,0.0,false
219873,219873,1206746 CINTA A CUADROS NAVIDAD,CINTA A CUADROS NAV,Unid,Brasil,29459.0,,,2024-09-26 14:13:58.593,6278,0.0,false
219784,219784,1717265 CINTA YUTE FLORES NAVIDAD,CINTA YUTE FLORES N,Unid,Brasil,38201.0,,,2024-09-26 09:29:59.963,6278,0.0,false
247989,247989,"CINTA DORADA 6,3X914CM 1069909","CINTA DORADA 6,3X914",Unid,Brasil,18178.0,,,2025-09-09 09:08:18.137,6278,51.0,false
114739,114739,PORTA PLATO 180-7900131,Porta Plato,Unid,Panamá,11054.0,,,2020-10-05 14:32:05.917,6265,1.0,false
247158,247158,JG NACIMIENTO 6 10PZ 100-4900721,JG NACIMIENTO 6 10P,Unid,Panamá,316234.0,,,2025-08-28 13:01:35.283,6288,0.0,false
218663,218663,831-2788-239101430A-G ESFERA BRILLANTE BOLSA,ESFERA BRILLANTE BOL,Unid,Panamá,104755.0,,,2024-09-13 15:01:51.060,6253,0.0,false
256451,256451,IMAGENES DE 13CM,IMAGENES DE 13CM,Unid,Paraguay,136363.635,,,2025-11-25 16:07:00.753,6288,2.0,false
256511,256511,TOALLA NAVIDEÑA,TOALLA NAVIDEÑA,Unid,Paraguay,63636.365,,,2025-11-26 14:19:44.907,7374,0.0,false
163639,163639,CINTA NAVIDEÑA NB2236-480,CINTA NAVIDEÑA NB223,Unid,Panamá,22480.0,,,2022-10-05 11:05:58.623,6278,31.0,false
113982,113982,JG PIÑA DECOR 049-571986,Decoración piña,Unid,Panamá,30620.0,,,2020-10-01 12:06:56.237,6256,0.0,false
186629,186629,ADORNO P/COLGAR 130-4200533,ADORNO P/COLGAR 130-,Unid,Panamá,9112.0,,,2023-08-03 15:43:05.817,6256,0.0,false
247045,247045,JG BOLAS 6PZ 10X10X60CM 130-2502416,Esferas Brillantes,Unid,Panamá,48342.0,,,2025-08-28 11:01:17.697,6253,1.0,false
245684,245684,JG NACIMIENTO 15CM 11PZ 025-495906,JG NACIMIENTO 15CM,Unid,Panamá,294117.0,,,2025-08-19 15:43:44.677,6288,0.0,false
186933,186933,ADORNO COLGANTE 201-1300118,ADORNO COLGANTE 201-,Unid,Panamá,12456.0,,,2023-08-07 11:21:23.713,7333,0.0,false
135537,135537,JGO DE BOLA DECOR 130-9501789,Bola deco,Unid,Panamá,37549.0,,,2021-09-03 11:02:39.080,6253,5.0,false
217349,217349,FALDA D/ARBOL 170-2400167,FALDA D/ARBOL 170-24,Unid,Panamá,159850.0,,,2024-08-27 11:00:31.413,6256,0.0,false
203490,203490,1229-116  PLATO DE PASTEL G NUECES,1229-116  PLATO DE P,Unid,Brasil,104459.0,,,2024-02-21 10:15:21.633,6268,0.0,false
250448,250448,RELLENO 80CM DORADO 14 831-AMX018- 2430B,Relleno Dorado 80cm,Unid,China,6206.0,,,2025-09-24 11:30:49.987,7370,27.0,false
187783,187783,PORTAPLATO 180-0700484,PORTAPLATO 180-07004,Unid,Panamá,10098.0,,,2023-08-14 11:58:41.153,6265,0.0,false
250403,250403,RELLENO 57CM DORADO 12 831-AMX007- 2509G,Relleno Dorado 57cm,Unid,China,9395.0,,,2025-09-24 11:08:13.663,7370,8.0,false
215230,215230,CAJA D/REGALO COLGANTE 130-5001819,CAJA 130-5001819,Unid,Panamá,15772.0,,,2024-07-22 15:54:46.317,6272,21.0,false
250300,250300,JGO6 ESFERAS 8CM BRILL/ESC 831-239-2506,Esferas Brillantes,Unid,China,23617.0,,,2025-09-24 09:56:07.657,6253,1.0,false
222646,222646,ARBOLITO DE YUTE PEQUEÑO,ARBOLITO DE YUTE S,Unid,Paraguay,128727.27,,,2024-11-14 15:47:19.020,6257,0.0,false
217261,217261,RAMA DECOR 140-5201527,RAMA DECOR 140-52015,Unid,Panamá,10536.0,,,2024-08-26 15:09:26.567,7370,0.0,false
163696,163696,TALLO NAVIDEÑO 20CM QD2252-1980,TALLO NAVIDEÑO 20CM,Unid,Panamá,9366.0,,,2022-10-05 12:04:17.410,7370,4.0,false
218571,218571,831-24824080 FIGURA JOSE-MARIA VERDE MENTA,FIGURA JOSE-MARIA,Unid,Panamá,57846.0,,,2024-09-13 10:48:17.587,6255,0.0,false
162772,162772,DISPENSADOR DE JABON  200-8700077.,DISPENSADOR DE JABON,Unid,Panamá,17092.0,,,2022-09-29 09:24:17.947,6261,0.0,false
256014,256014,RENO NAVIDEÑO,RENO NAVIDEÑO,Unid,Paraguay,54545.455,,,2025-11-18 15:38:22.037,6288,0.0,false
162362,162362,FLOR DECOR 140-2500574,FLOR DECOR 140-25005,Unid,Panamá,5017.0,,,2022-09-26 08:44:01.593,7373,1.0,false
215868,215868,ARDILLA 140-0500472,ARDILLA 140-0500472,Unid,Panamá,45659.0,,,2024-07-30 11:09:51.973,6255,0.0,false
247100,247100,JG BOLA DECOR 6PZ 8CM 130-5002011,Bolas Decorativas,Unid,Panamá,34829.0,,,2025-08-28 12:04:09.640,6253,33.0,false
186767,186767,HOMBRE D/NIEVE COLGANTE 150-8200316B,HOMBRE D/NIEVE COLGA,Unid,Panamá,16135.0,,,2023-08-04 15:04:50.453,6255,0.0,false
186652,186652,ADORNO P/COLGAR 130-5001083,ADORNO P/COLGAR 130-,Unid,Panamá,23909.0,,,2023-08-03 16:53:06.773,6257,0.0,false
215756,215756,GLOBO D/NIEVE CON LUZ 200-4300074,GLOBO 200-4300074,Unid,Panamá,170380.0,,,2024-07-29 13:34:56.217,6257,0.0,false
254679,254679,MUÑECO DE OSO NAVIDEÑO QD2504-794,MUÑECO DE OSO NAVIDE,Unid,Panamá,33067.0,,,2025-10-24 14:41:45.390,6287,0.0,false
213722,213722,TAZA DE TE C/PLATILLO GUIRNALDA 1155-104F,TAZA TE C/PLATILLO,Unid,Brasil,39592.0,,,2024-06-27 11:48:00.680,6266,7.0,false
62921,62921,LUZ 100F LLUVIA F:BL/ C:BL 2MTS 220V.,Luz Lluvia 2M 220V,Unid,Paraguay,48654.5454,,,2017-10-30 14:35:03.223,6285,0.0,false
258856,258856,JG ANILLOSP/SERVILLETA 4PZ,JG ANILLOSP/SERVILLE,Unid,Panamá,52082.0,,,2025-12-22 09:50:33.177,6319,34.0,false
215885,215885,ADORNO DECOR 140-1500681,ADORNO DECOR 140-150,Unid,Panamá,12787.0,,,2024-07-30 11:25:43.813,6257,0.0,false
160830,160830,RAMA DECOR 140-5101190,RAMA DECOR 140-51011,Unid,Paraguay,16989.0,,,2022-09-02 12:03:15.263,7370,7.0,false
248324,248324,ADORNO COLGANTE CASITA 5X10X11CM 200-2400380,Adorno Casita Rojo,Unid,Panamá,22743.0,,,2025-09-10 15:00:34.247,7333,1.0,false
247132,247132,CINTA 6.3CM X 9YDS 12X12X7CM 130-5800460,CINTA 6.3CM X 9YDS 1,Unid,Panamá,21233.0,,,2025-08-28 12:14:56.760,6278,47.0,false
218629,218629,831-196-2408 SACO SURTIDO 2,SACO SURTIDO 2,Unid,Panamá,25383.0,,,2024-09-13 14:31:31.987,6257,1.0,false
163645,163645,MANTEL FLORES 140X210,MANTEL FLORES 140X21,Unid,Paraguay,65454.545,,,2022-10-05 11:12:16.040,6292,0.0,false
246206,246206,BOLA DE NAVIDAD DE 25 CM JSR-DEC-24-4.,Bola Navidad 25 cm,Unid,China,36077.0,,,2025-08-22 18:20:17.737,6253,331.0,false
214651,214651,CASCANUECES 049-413990,CASCANUECES,Unid,Panamá,69974.0,,,2024-07-12 14:50:09.993,7340,2.0,false
254644,254644,BOLSA DE REGALO M CON PURPURINA NB2519-7463,BOLSA DE REGALO M CO,Unid,Panamá,4437.0,,,2025-10-24 11:38:35.653,6270,104.0,false
217327,217327,RAMA DECOR 140-5802708,RAMA DECOR 140-58027,Unid,Panamá,16840.0,,,2024-08-27 10:17:36.670,7370,0.0,false
162401,162401,POINSETIA DECOR 140-4101227,POINSETIA DECOR 140-,Unid,Panamá,21258.0,,,2022-09-26 10:57:03.147,7373,0.0,false
248000,248000,ESFERA CON RELIEVE VERDE 10CM 1089615,ESFERA CON RELIEVE,Unid,Brasil,16880.0,,,2025-09-09 09:20:03.370,6253,77.0,false
219584,219584,150-8100917 PIERNA D/ELFO,150-8100917 PIERNA,Unid,Panamá,24740.0,,,2024-09-23 15:58:06.873,6257,0.0,false
246312,246312,SERVILLETA 16.5 X 16.5 CM 20 PCS JSR-APR25-23,Servilleta 16.5 cm,Unid,China,2941.0,,,2025-08-22 22:18:43.850,7365,97.0,false
135386,135386,JGO BOLA DECOR 130-9501318,Jgo bola deco,Unid,Panamá,29390.0,,,2021-09-02 12:15:27.100,6253,0.0,false
218606,218606,831-T005-2401 ARBOL 180CM,831-T005-2401 ARBOL,Unid,Panamá,370461.0,,,2024-09-13 11:55:40.163,6260,0.0,false
186808,186808,LINTERNA C/LUZ 180-3300437,LINTERNA C/LUZ 180-3,Unid,Panamá,97060.0,,,2023-08-05 09:39:48.217,6257,0.0,false
217066,217066,831-28-2414 CORONA 36.83CM VERDE,CORONA 36.83CM VERDE,Unid,Panamá,56491.0,,,2024-08-23 14:07:17.953,7372,0.0,false
250315,250315,JGO 8CMX6 ESFERAS -TUBO 831-239-2534Z23,Juego Esferas,Unid,China,18877.0,,,2025-09-24 10:08:28.197,6253,0.0,false
141734,141734,CINTA FIBRA DE PAPEL 10CM AZUL X9 MTRS,CINTA FIBRA DE PAPEL,Unid,Paraguay,49909.09,,,2021-12-01 16:18:10.887,6278,0.0,false
250385,250385,MAGNOLIA 11P 29X30CM  831-AMX044- 2557IB,Flor Magnolia,Unid,China,9568.0,,,2025-09-24 10:58:39.247,7373,1.0,false
135539,135539,JGO DE BOLA DECOR 130-9501791,Bola deco,Unid,Panamá,37549.0,,,2021-09-03 11:03:54.047,6253,5.0,false
215245,215245,CINTA 130-5800297,CINTA 130-5800297,Unid,Panamá,21722.0,,,2024-07-22 16:16:27.123,6278,0.0,false
215447,215447,CIERVO DECOR 130-4200849,CIERVO 130-4200849,Unid,Panamá,8906.6315,,,2024-07-23 11:04:55.473,6257,53.0,false
219833,219833,201-6700038 ADORNO D/MAGNESIO,ADORNO D/MAGNESIO,Unid,Panamá,261746.0,,,2024-09-26 10:56:12.307,6257,2.0,false
163608,163608,COLGANTE NOEL 831-MX2429-687,COLGANTE NOEL 831-MX,Unid,Panamá,14896.0,,,2022-10-05 10:19:41.950,7333,0.0,false
187009,187009,BOLA DECO 201-3500089,BOLA DECO 201-350008,Unid,Panamá,40963.0,,,2023-08-07 15:19:22.723,6253,0.0,false
140058,140058,ESFERA NAVIDEÑA 831-XMTX349-086A,ESFERA NAVIDEÑA 831-,Unid,Paraguay,8613.0,,,2021-11-09 15:37:14.710,6253,0.0,false
203483,203483,1229-102 PLATO HONDO NUECES,1229-102 PLATO HONDO,Unid,Brasil,38669.0,,,2024-02-21 10:05:08.580,6264,6.0,false
186598,186598,JGO NACIMIENTO 11PZ 026-490385,JGO NACIMIENTO 11PZ,Unid,Panamá,587810.0,,,2023-08-03 11:46:34.970,6288,0.0,false
254772,254772,MUÑECO NAVIDEÑO SENTADO ST2526-258,MUÑECO NAVIDEÑO SENT,Unid,Panamá,35243.0,,,2025-10-27 16:07:48.210,6287,0.0,false
246275,246275,SERVILLETERO NAVIDEÑO 6 CM JSR-DEC-24-352,Servilletero Floral,Unid,China,2157.0,,,2025-08-22 21:32:42.303,6257,1.0,false
192376,192376,ESFERA 831-XMTX349-497.,ESFERA 831-XMTX349-,Unid,Panamá,8119.0,,,2023-10-26 09:56:02.973,6253,1.0,false
245955,245955,VENADO DECOR OSCURO 27X17X86CM 150-6000081,VENADO DECOR 27X17X8,Unid,Panamá,67753.0,,,2025-08-21 13:57:59.647,6286,0.0,false
248076,248076,TOPIARIABASE YUTE VERDE/GRANATE 60CM 1042334,TOPIARIABASE YUTE VE,Unid,Brasil,142432.0,,,2025-09-09 10:35:43.813,7371,0.0,false
217077,217077,831-325008-24B JGO12 ORNAMENTO VERS3,JGO12 ORNAMENTO,Unid,Panamá,163868.0,,,2024-08-23 14:28:58.170,6256,0.0,false
248002,248002,RAMAS 46CM 1090055,RAMAS 46CM 1090055,Unid,Brasil,20576.0,,,2025-09-09 09:22:24.007,7370,0.0,false
254271,254271,BOLSA TRANSP 80X90 METAL DORADA 11200668,BOLSA TRANSP 80X90 M,Unid,Brasil,4485.0,,,2025-10-22 09:38:30.110,6270,223.0,false
160829,160829,RAMA DECOR 140-5101188,RAMA DECOR 140-51011,Unid,Panamá,23433.0,,,2022-09-02 11:50:09.547,7370,0.0,false
245924,245924,NIDO COLGANTE PIÑA 13CM 140-3500002,Nido Colgante Piña,Unid,Panamá,15861.0,,,2025-08-21 10:08:06.707,7333,1.0,false
186669,186669,CINTA 130-5400278,CINTA 130-5400278,Unid,Panamá,17472.0,,,2023-08-04 08:44:06.550,6278,0.0,false
219822,219822,201-2800822 CASA DECOR C/LUZ,CASA DECOR C/LUZ,Unid,Panamá,60609.0,,,2024-09-26 10:27:39.053,6257,1.0,false
221419,221419,ESTRELLA DORADA,ESTRELLA DORADA,Unid,Paraguay,13090.909,,,2024-10-23 16:17:50.120,6256,0.0,false
140270,140270,ESFERA NAVIDEÑA 831-XMTX349-087B,ESFERA NAVIDEÑA 831-,Unid,Panamá,14921.0,,,2021-11-11 11:51:52.563,6253,16.0,false
253989,253989,JG BOLAS DECOR 100MM 6PZ 130-9502685,JG BOLAS DECOR 100MM,Unid,Panamá,44727.0,,,2025-10-17 10:51:18.287,6253,31.0,false
247213,247213,ADORNO COLGANTE P/ARBOL 130-1700011,Adorno Colgante Taza,Unid,Panamá,13680.0,,,2025-08-28 13:35:24.097,7333,48.0,false
162639,162639,INDIVIDUAL 180-0500104,INDIVIDUAL 180-05001,Unid,Panamá,13265.0,,,2022-09-28 15:44:17.580,6290,0.0,false
248519,248519,SANTA DECOR ROJO 15X8X44CM 150-8000635,Santa Decoración,Unid,Panamá,57944.0,,,2025-09-12 10:45:55.150,6257,0.0,false
142553,142553,ESFERA ROJA LR5006AB-H-1,ESFERA ROJA LR5006AB,Unid,Paraguay,6954.5454,,,2021-12-09 14:31:48.170,6253,3.0,false
248124,248124,BOLA BRILLANTE PLATEADA 10CM JG 1072763,BOLA BRILLANTE PLATE,Unid,Brasil,28019.0,,,2025-09-09 11:47:19.467,6253,39.0,false
219841,219841,1051269 BOLA TERCIOPELO SETX6,BOLA TERCIOPELO,Unid,Brasil,65145.0,,,2024-09-26 11:03:42.710,6253,0.0,false
248378,248378,RAMA DECOR HOJAS SENCILLAS DORADO 201-3500327,Rama Decorativa,Unid,Panamá,11288.0,,,2025-09-11 13:44:56.370,7370,3.0,false
217491,217491,COLLAR D/ARBOL 201-6100070,COLLAR D/ARBOL 201-6,Unid,Panamá,134380.238,,,2024-08-28 10:53:31.890,6256,1.0,false
256616,256616,DIFUSOR CON ARTESANIA - FLOR DE COCO,DIFUSOR C/ARTESANIA,Unid,Paraguay,118181.8166,,,2025-11-28 09:17:49.203,6298,0.0,false
250487,250487,ORNAMENTO 12X15CM CHA 831-XMTX215- 2570K,ORNAMENTO NIEVE,Unid,China,3878.0,,,2025-09-24 11:48:14.810,7333,0.0,false
247113,247113,CINTA 9YDS 2.5X823CM 130-5400616,CINTA 9YDS 2.5X823CM,Unid,Panamá,10994.0,,,2025-08-28 12:08:39.880,6278,0.0,false
250417,250417,RELLENO 7P 64CM CHAMPA 831-AMX044- 25155,RELLENO 7P 64CM CHAM,Unid,China,9568.0,,,2025-09-24 11:14:31.930,7370,204.0,false
246257,246257,TAZA DE 350 ML JSR-DEC-24-201,TAZA DE 350 ML,Unid,China,8627.0,,,2025-08-22 20:47:43.170,6266,2.0,false
217473,217473,JARRON 201-5400013,JARRON 201-5400013,Unid,Panamá,42056.0,,,2024-08-28 10:36:55.493,6257,0.0,false
217340,217340,POINSETIA DECOR 140-5802849,POINSETIA DECOR 140-,Unid,Panamá,15219.0,,,2024-08-27 10:31:26.330,7373,1.0,false
254697,254697,PICK NAVIDEÑO W/ BERRY QD2506-6210,PICK NAVIDEÑO W/ BER,Unid,Panamá,20275.0,,,2025-10-24 15:44:51.390,7370,17.0,false
162233,162233,CINTA 130-3400350,CINTA 130-3400350,Unid,Panamá,24489.0,,,2022-09-23 12:27:42.640,6278,1.0,false
248026,248026,COLGANTE HONGO ROJO 1044126,COLGANTE HONGO ROJO,Unid,Brasil,7791.0,,,2025-09-09 09:36:00.570,7333,90.0,false
215432,215432,CINTA 130-3400563,CINTA 130-3400563,Unid,Panamá,23054.0,,,2024-07-23 10:52:49.363,6278,2.0,false
248183,248183,LAZOS DECOR JGO ROJO MATE 6PC 130-5800477,Lazos Decorativos,Unid,Panamá,6438.0,,,2025-09-09 15:32:42.157,6257,0.0,false
163477,163477,JGO ESFERA C/ KIT PINTAR 831-XMTX194-253,JGO ESFERA C/ KIT PI,Unid,Panamá,12755.0,,,2022-10-04 11:50:00.743,6253,1.0,false
224845,224845,GLOBO CIRCULAR FELIZ AÑO XTS-6,GLOBO CIRCULAR FELIZ,Unid,Paraguay,2386.3636,,,2024-12-11 13:50:00.533,6253,12.0,false
217073,217073,831-XB09-2407G ORNA RENO DORADO,ORNA RENO DORADO,Unid,Panamá,38850.0,,,2024-08-23 14:17:41.953,6255,0.0,false
247435,247435,PORTAPLATO 201-1200227,PORTAPLATO 201-12002,Unid,Panamá,10156.0,,,2025-08-28 15:57:15.300,6265,0.0,false
215185,215185,GUIRNALDA 270CM 200 110-0400045,GUIRNALDA 110-040004,Unid,Panamá,154134.0,,,2024-07-22 12:01:33.770,6282,0.0,false
191359,191359,PELOTAS DE YSYPO OSCURO 20CM,PELOTA YSYPO 20CM,Unid,Paraguay,27272.7275,,,2023-10-13 15:57:05.357,6253,0.0,false
250532,250532,FIG SANTA HNIE ESC 43 831-XMFE104- 2513G,Figura Santa Mágica,Unid,China,46802.0,,,2025-09-24 13:03:02.217,6255,0.0,false
246500,246500,TAPÓN DE VINO 11 X 6 X 4 CM JSR-DEC-24-838,TAPÓN DE VINO 11 X 6,Unid,China,6078.0,,,2025-08-23 08:47:31.723,7337,0.0,false
191985,191985,Eurekakids trazos de animales,Eurekakids trazos de,Unid,Paraguay,120272.7258,,,2023-10-23 09:48:02.613,6264,4.0,false
215871,215871,ADORNO 140-0500494,ADORNO 140-0500494,Unid,Panamá,26656.0,,,2024-07-30 11:11:29.010,6257,0.0,false
219821,219821,201-2800821 CASA DECOR C/LUZ,CASA DECOR C/LUZ,Unid,Panamá,60424.0,,,2024-09-26 10:23:24.030,6257,0.0,false
208441,208441,PANERITA M,PANERITA M,Unid,Paraguay,5927.2727,,,2024-05-04 12:28:20.483,6257,15.0,false
219891,219891,202-0100003 ARBOL C/LUZ A BATERIA,ARBOL C/LUZ A BAT,Unid,Panamá,45065.0,,,2024-09-26 14:35:54.873,6257,1.0,false
245682,245682,JG NACIMIENTO 11PZ 8CM 025-495009,Pesebre Navidad 11Pz,Unid,Panamá,106052.0,,,2025-08-19 15:40:42.437,6288,0.0,false
160846,160846,MAGNOLIA DECOR 140-5101291,MAGNOLIA DECOR 140-5,Unid,Panamá,27450.0,,,2022-09-02 14:17:51.410,7373,0.0,false
220283,220283,PLATO PRINCIPAL NAVIDEÑO JSR-NOV-1009,PLATO PRINCIPAL NAVI,Unid,China,7523.8424,,,2024-10-08 09:50:20.540,6264,7.0,false
247017,247017,JG BOLAS 6PZ 8X8X8CM 130-1900822,Esferas Doradas 6Pz,Unid,Panamá,28703.0,,,2025-08-28 10:38:58.850,6253,60.0,false
140015,140015,ESFERA NAVIDEÑA 831-XMTX349-077B,ESFERA NAVIDEÑA 831-,Unid,Panamá,12699.0,,,2021-11-09 14:21:08.463,6253,0.0,false
245957,245957,ELFO DECOR 2 SURT 10X4X16CM 150-8101034,Duende Decorativo 2P,Unid,Panamá,16958.0,,,2025-08-21 14:05:16.073,6286,0.0,false
215815,215815,REGALO DECO 130-7000485,REGALO DECO 130-7000,Unid,Panamá,102935.0,,,2024-07-30 10:22:30.083,6257,2.0,false
163545,163545,"MALLA DECO 26,5CM 831-AMX082-105-27-22I","MALLA DECO 26,5CM 83",Unid,Panamá,19618.2607,,,2022-10-05 08:52:02.150,6257,2.0,false
62953,62953,MICRODOT 60LED- BLANCO CALIDO 6MTS F:COBRE,Luces LED Cobre 6m,Unid,Paraguay,48625.4838,,,2017-10-30 15:09:34.707,6285,8.0,false
254459,254459,SET BOLA NAVIDEÑA 8CM ROJO NB2515-257,SET BOLA NAVIDEÑA 8C,Unid,Panamá,13401.0,,,2025-10-23 11:01:57.867,6253,0.0,false
246262,246262,DECORACIÓN NAVIDEÑA JSR-DEC-24-301,DECORACIÓN NAVIDEÑA,Unid,China,3922.0,,,2025-08-22 20:53:17.760,6257,0.0,false
247232,247232,RAMA DECOR 68CM 140-0300113,Rama Decorativa 68cm,Unid,Panamá,13092.0,,,2025-08-28 13:41:46.443,7370,26.0,false
217282,217282,831-AMX044-2050AI POINSETIA 33X40CM,POINSETIA 33X40CM,Unid,Panamá,15601.0,,,2024-08-26 16:04:22.450,7373,78.0,false
246234,246234,ESTRELLA DE NAVIDAD DE 12 CM JSR-DEC-24-68,Estrella Brillante,Unid,China,10686.0,,,2025-08-22 19:27:42.113,6257,38.0,false
247460,247460,CONO DECOR 14X14X32CM 202-2600026,CONO DECOR 14X14X32C,Unid,Panamá,74276.0,,,2025-08-28 16:19:34.010,6257,0.0,false
163599,163599,"CINTA NAVIDEÑA 2,5X10 NB2236-350","CINTA NAVIDEÑA 2,5X1",Unid,Panamá,17306.0,,,2022-10-05 10:03:58.907,6278,60.0,false
192209,192209,ARBOL DE YSYPO 50,ARBOL DE YSYPO 50,Unid,Paraguay,90909.09,,,2023-10-24 09:38:14.353,6260,0.0,false
163592,163592,ADORNO 18CM 831-XMFE104-252-22I,ADORNO 18CM 831-XMFE,Unid,Panamá,12488.0,,,2022-10-05 09:55:21.093,6257,0.0,false
248151,248151,BOLA TUBO LISA/GLITTER GRANATE 12CM JG 1207137,BOLA TUBO LISA/GLITT,Unid,Brasil,43106.0,,,2025-09-09 11:55:18.707,6253,1.0,false
160379,160379,JGO BOLA 4PZ 130-2500739,JGO BOLA 4PZ 130-250,Unid,Panamá,36035.0,,,2022-08-25 08:09:42.323,6253,4.0,false
248251,248251,FIGURA NAVIDEÑA DECOR VERDE 140-3600002,Figura Verde Navidad,Unid,Panamá,23328.0,,,2025-09-09 16:26:38.183,6257,22.0,false
217355,217355,FALDA P/ARBOL 170-2800320,FALDA P/ARBOL 170-28,Unid,Panamá,68443.0,,,2024-08-27 11:09:11.567,6256,0.0,false
254474,254474,BOLA NAVIDEÑA 20CM ROJO NB2515-811,BOLA NAVIDEÑA 20CM R,Unid,Panamá,34807.0,,,2025-10-23 11:39:04.403,6253,0.0,false
245990,245990,HOMBRE D/NIEVE PEQUEÑO 10X4X15CM 150-8101120,Muñeco Nieve Pequeño,Unid,Panamá,15777.0,,,2025-08-21 16:28:33.210,6286,18.0,false
246773,246773,CIERVO DECOR 14X8X23CM 201-2801083,CIERVO DECOR 14X8X23,Unid,Panamá,90276.0,,,2025-08-27 08:31:31.333,6255,0.0,false
186850,186850,CASCANUECES 200-4100089,CASCANUECES 200-4100,Unid,Panamá,49678.0,,,2023-08-05 11:24:16.287,7340,0.0,false
218591,218591,831-D033-2403 CASCANUECES ROJO VERDE,CASCANUECES RJO VERD,Unid,Panamá,129863.0,,,2024-09-13 11:25:53.753,7340,13.0,false
222415,222415,831-XMTX534-2403-17 CASCANUECES,CASCANUECES,Unid,VIETNAM,19842.1013,,,2024-11-08 14:33:41.053,7340,0.0,false
245972,245972,RENO DECOR BLANCO SENTADO 22X15X47CM 150-8101071,Reno Decorativo,Unid,Panamá,74667.0,,,2025-08-21 15:10:35.640,6286,0.0,false
215212,215212,JG BOLAS 130-2502103,JG BOLAS 130-2502103,Unid,Panamá,103469.0,,,2024-07-22 15:26:19.973,6253,0.0,false
220924,220924,LATA CUADRADA NAVIDEÑA 03201,LATA CUADRADA NAVIDE,Unid,Paraguay,15680.1863,,,2024-10-15 14:59:09.693,6257,0.0,false
254874,254874,GUIRNALDA DE PINO C/ HOJAS DE EUCALIPTO XM25206-22,GUIRNALDA DE PINO CO,Unid,Panamá,124785.0,,,2025-10-29 12:04:39.153,6282,2.0,false
250625,250625,BOLSO NAVIDENO C-KIT PINTU 831-D094-2503,Bolso Navideño,Unid,Chile,5860.0,,,2025-09-24 14:13:51.080,6270,0.0,false
215748,215748,VENADO 150-6000011,VENADO 150-6000011,Unid,Panamá,119471.0,,,2024-07-29 11:20:20.367,6257,0.0,false
215057,215057,ESFERA 130-090013,ESFERA 130-090013,Unid,Panamá,19183.0,,,2024-07-19 10:35:51.187,6253,0.0,false
250471,250471,ORNAMENTO 13X15CM DOR 831-XMTX215- 2532B,ORNAMENTO DORADO,Unid,China,3534.0,,,2025-09-24 11:42:42.840,6257,10.0,false
215213,215213,JG BOLAS DECOR 130-1900683,BOLAS 130-1900683,Unid,Panamá,32060.0,,,2024-07-22 15:29:50.650,6253,0.0,false
219586,219586,150-8100951A SANTA DECOR,150-8100951A SANTA D,Unid,Panamá,17015.0,,,2024-09-23 16:10:14.293,6257,1.0,false
256003,256003,KIT ARBOLITO,KIT ARBOLITO,Unid,Paraguay,72727.2725,,,2025-11-18 11:03:55.080,6298,0.0,false
222393,222393,ESTRELLA PUNTERA XP,ESTRELLA PUNTERA XP,Unid,Paraguay,10909.09,,,2024-11-07 11:43:22.233,6256,0.0,false
217153,217153,831-TQ01-2401 COJIN CREMA-VER,COJIN CREMA-VER,Unid,Panamá,82188.0,,,2024-08-23 16:32:00.087,6289,0.0,false
161693,161693,RAMO DECOR 420-592880,RAMO DECOR 420-59288,Unid,Panamá,10545.0,,,2022-09-19 09:44:31.120,7373,0.0,false
254694,254694,PICK DE PINO CON BAYAS QD2506-5354,PICK DE PINO CON BAY,Unid,Panamá,13314.0,,,2025-10-24 15:36:02.750,7370,11.0,false
185614,185614,NIEVE ARTIFICIAL 048-196582,Nieve Artificial 048,Unid,Panamá,12757.0,,,2023-07-14 14:32:44.280,6257,0.0,false
257095,257095,Cajita Navidad Jazmin en Flor 2025,Cajita Navidad Jazmi,Unid,Paraguay,101818.1816,,,2025-12-04 08:33:26.223,6298,2.0,false
250381,250381,GUIRNALDA BAYAS 140CM VE 831-MX2467-2585,GUIRNALDA BAYAS 140C,Unid,China,29047.0,,,2025-09-24 10:54:10.560,6282,5.0,false
215371,215371,BOLA 130-2502146,BOLA 130-2502146,Unid,Panamá,45300.0,,,2024-07-23 10:23:47.477,6253,6.0,false
215579,215579,LINTERNA C/LUZ & MUSICA  200-4300075,LINTERNA 200-4300075,Unid,Panamá,43916.0,,,2024-07-23 15:05:55.420,6285,3.0,false
247139,247139,JG BOLAS 4PZ 10CM 130-5002214,Bolas Decorativas,Unid,Panamá,44229.0,,,2025-08-28 12:18:12.737,6253,30.0,false
215832,215832,REGALO 201-3500062,REGALO 201-3500062,Unid,Panamá,25971.0,,,2024-07-30 10:36:51.810,6257,0.0,false
248083,248083,MINI PINO BASE MADERA VERDE/GRANATE 1075161,MINI PINO BASE MADER,Unid,Brasil,20276.0,,,2025-09-09 10:42:00.410,6256,0.0,false
186924,186924,CASA C/LUZ 200-9800197,CASA C/LUZ 200-98001,Unid,Panamá,70428.0,,,2023-08-07 10:47:38.220,6257,0.0,false
219846,219846,201-7500111 CASA C/LUZ A BATERIA,CASA C/LUZ A BATERIA,Unid,Panamá,33385.0,,,2024-09-26 11:06:18.820,6257,0.0,false
215574,215574,GLOBO D/NIEVE C/MUSICA 200-4300064,GLOBO 200-4300064,Unid,Panamá,269548.0,,,2024-07-23 15:02:24.230,6257,0.0,false
246519,246519,VASO DE VIDRIO DE 350 ML JSR-DEC-24-897,VASO DE VIDRIO DE 35,Unid,China,8039.0,,,2025-08-23 09:09:30.383,6267,0.0,false
161320,161320,RAMA DECOR 140-5200921,RAMA DECOR 140-52009,Unid,Panamá,19164.0,,,2022-09-14 09:38:23.587,7370,1.0,false
160359,160359,JGO BOLA 6PZ 130-2500648,JGO BOLA 6PZ 130-250,Unid,Panamá,32555.0,,,2022-08-24 16:03:46.560,6253,0.0,false
187750,187750,HDNIEVE DECO 150-8000449B,HDNIEVE DECO 150-800,Unid,Panamá,11964.0,,,2023-08-14 10:48:52.350,6255,1.0,false
162678,162678,TAZA 180-1000056,TAZA 180-1000056,Unid,Panamá,16241.0,,,2022-09-28 16:16:46.920,6266,1.0,false
187721,187721,RAMA DECORATIVA 130-7000266,RAMA DECORATIVA 130-,Unid,Panamá,12474.0,,,2023-08-14 09:29:00.720,7370,0.0,false
247254,247254,ADORNO COLGANTE 140-4102189,ADORNO COLGANTE 140-,Unid,Panamá,17373.0,,,2025-08-28 13:47:13.090,7333,42.0,false
222377,222377,vela diseño navidad arbol torzado,Vela arbol torzado,Unid,Paraguay,54545.4533,,,2024-11-07 09:08:42.903,6298,0.0,false
190320,190320,CESTA 201-6100020 GD,CESTA 201-6100020 GD,Unid,Panamá,40629.6,,,2023-10-01 10:36:22.130,6277,0.0,false
248506,248506,POINSETIA DECOR NAV ROJO X23X20CM 140-5803049,Poinsetia Roja Nav,Unid,Panamá,7776.0,,,2025-09-12 10:34:40.317,7373,0.0,false
140109,140109,CAJA NAV. 831-XMTX194-244S-21C,CAJA NAV. 831-XMTX19,Unid,Panamá,9510.0,,,2021-11-10 08:50:37.860,6272,0.0,false
253983,253983,ESTRELLA DECOR 0ML 22X26CM 130-9502693,ESTRELLA DECOR 0ML 2,Unid,Panamá,20884.0,,,2025-10-17 10:46:56.217,6255,9.0,false
218594,218594,831-D011-2403 TIENDA LED SURT3,TIENDA LED SURT3,Unid,Panamá,53434.0,,,2024-09-13 11:31:47.097,6257,1.0,false
215893,215893,BUZON 201-4600057,BUZON 201-4600057,Unid,Panamá,303759.0,,,2024-07-30 11:40:12.337,6257,1.0,false
215557,215557,JG BOLA DECOR 130-5001910,JG BOLA 130-5001910,Unid,Panamá,36473.0,,,2024-07-23 14:33:49.123,6253,0.0,false
247219,247219,RAMA DECOR 140-0300062,Rama Decorativa,Unid,Panamá,15778.0,,,2025-08-28 13:37:30.220,7370,72.0,false
206356,206356,TAZA MIX 500ML JSR- DEC-303,TAZA MIX 500ML JSR-,Unid,China,13998.4117,,,2024-04-11 17:22:17.893,6266,6.0,false
140069,140069,ESFERA NAVIDEÑA 831-XMTX349-082B,ESFERA NAVIDEÑA 831-,Unid,Panamá,6392.6885,,,2021-11-09 16:40:42.013,6253,0.0,false
142907,142907,ARBOL GRANDE DE YUTE,ARBOL GRANDE DE YUTE,Unid,Paraguay,236363.6366,,,2021-12-10 15:26:29.767,6260,0.0,false
247026,247026,JG BOLAS 6PZ 8X8X8CM 130-1900835,Esferas Doradas 6Pz,Unid,Panamá,32396.0,,,2025-08-28 10:46:24.880,6253,36.0,false
214791,214791,ARBOL 65X65X120CM 110-0100181,ARBOL 65X65X120CM,Unid,Panamá,124866.0,,,2024-07-17 10:57:10.183,6259,0.0,false
250779,250779,BOWL AZEVINHO 300ML 1275-111,BOWL AZEVINHO 300ML,Unid,Brasil,14728.0,,,2025-09-25 11:27:23.993,7338,6.0,false
160319,160319,VELA C/ AROMA 046-966819,Vela Aromática,Unid,Panamá,17709.0,,,2022-08-24 13:40:05.723,6298,0.0,false
213358,213358,ALFOMBRA NAVIDEÑA 831-XR03-01-21F,ALFOMBRA NAVIDEÑA,Unid,Panamá,28013.0,,,2024-06-25 14:46:57.843,6257,0.0,false
215055,215055,ESFERA 130-090012,ESFERA 130-090012,Unid,Panamá,19183.0,,,2024-07-19 10:32:27.973,6253,6.0,false
254662,254662,SET SERVILLETA NAVIDEÑA NB2519-7655,SET SERVILLETA NAVID,Unid,Panamá,4264.0,,,2025-10-24 13:38:54.477,6296,35.0,false
250632,250632,JUEGO D-FERIA LED 445CM 1 831-D011-2535,JUEGO D-FERIA LED 44,Unid,China,596036.0,,,2025-09-24 14:23:32.263,6257,0.0,false
217528,217528,CASA C/LUZ 201-2200048,CASA C/LUZ 201-2200,Unid,Panamá,95639.0,,,2024-08-28 11:50:39.043,6257,0.0,false
247995,247995,GUIRNALDA BLANCO/DORADO 33CM 1084884,GUIRNALDA BLANCO/DOR,Unid,Brasil,17180.0,,,2025-09-09 09:17:25.983,6282,0.0,false
187812,187812,FLORERO 200-5400443,FLORERO 200-5400443,Unid,Panamá,82648.0,,,2023-08-14 16:26:18.467,7373,0.0,false
215869,215869,ARBOL DECOR 42X3X66.5CM 201-3900120,ARBOL DECOR 42X3X66.,Unid,Panamá,142515.0,,,2024-07-30 11:10:30.913,6257,2.0,false
250538,250538,FIG ZORRO 28X27X21CM 6 831-XMTX353- 2457,FIG ZORRO 28X27X21CM,Unid,China,80076.0,,,2025-09-24 13:06:26.863,6255,0.0,false
206253,206253,CASCANUECES 50CM JSR-JAN-321,Cascanueces 50cm,Unid,China,100231.3076,,,2024-04-10 17:59:09.520,7340,5.0,false
245740,245740,CAMPANA 47X9X9CM 130-0400025,CAMPANA 47X9X9CM,Unid,Panamá,67917.0,,,2025-08-19 16:13:23.500,6257,0.0,false
246435,246435,ESTRELLA DE NAVIDAD DE 20 X 25 CM JSR-DEC-24-531,Estrella Navideña,Unid,China,22940.0,,,2025-08-23 01:19:59.533,6257,1.0,false
247980,247980,CINTA CUADROS ROJO/GRANATE 1069734,CINTA CUADROS ROJO/G,Unid,Brasil,22573.0,,,2025-09-09 09:03:00.840,6278,53.0,false
247159,247159,JG NACIMIENTO 10 10PZ 100-4900727,JG NACIMIENTO 10 10,Unid,Panamá,619806.0,,,2025-08-28 13:02:27.463,6288,0.0,false
161651,161651,ESPATULA 201-0300251,ESPATULA 201-0300251,Unid,Panamá,14059.0,,,2022-09-17 09:03:49.447,6261,23.0,false
186645,186645,JGO BOLAS 6PZ 130-5000404,JGO BOLAS 6PZ 130-50,Unid,Panamá,33189.0,,,2023-08-03 16:27:16.900,6253,0.0,false
247396,247396,VELA 11X11X12CM 200-9500057,Vela Aromática 11x11,Unid,Panamá,72510.0,,,2025-08-28 15:17:46.457,6298,5.0,false
218627,218627,831-239-2467G ESFERA DISPLAY 6,ESFERA DISPLAY 6,Unid,Panamá,31452.0,,,2024-09-13 14:15:46.440,6253,5.0,false
248390,248390,ESTRELLA HILO BEIGE 22X5X22CM 201-3600202,Estrella Hilo Beige,Unid,Panamá,40134.0,,,2025-09-11 14:05:36.230,7333,4.0,false
217083,217083,RAMA DECOR 140-4101741,Rama Decorativa Roja,Unid,Panamá,22424.0,,,2024-08-23 14:34:51.233,7370,16.0,false
247188,247188,PONSETIA DECOR 22X22X25CM 140-2501441,Poinsetia Decorativa,Unid,Panamá,9736.0,,,2025-08-28 13:24:12.227,7373,0.0,false
247021,247021,JG BOLAS 6PZ 8X8X8CM 130-1900829,Esferas Doradas 6Pz,Unid,Panamá,26017.0,,,2025-08-28 10:42:17.050,6253,6.0,false
219842,219842,201-7500107 ARBOL C/LUZ A BATERIA,ARBOL C/LUZ A BAT,Unid,Panamá,20417.0,,,2024-09-26 11:03:57.720,6257,1.0,false
114731,114731,INDIVIDUAL DIA 38CM 180-0500001,Individual 38cm,Unid,Panamá,10076.7718,,,2020-10-05 12:08:52.657,6290,1.0,false
163580,163580,BOLA NAVIDAD 3PCS NB2230-2522,BOLA NAVIDAD 3PCS NB,Unid,Panamá,46252.25,,,2022-10-05 09:44:45.950,6253,1.0,false
140115,140115,PLATO 831-K002-029,PLATO 831-K002-029,Unid,Paraguay,54390.0,,,2021-11-10 08:56:28.930,6264,16.0,false
162391,162391,FLOR DECOR 140-2500843,FLOR DECOR 140-25008,Unid,Panamá,5741.0826,,,2022-09-26 10:37:32.937,7373,0.0,false
191582,191582,SERVILLETA NB2319-2644,SERVILLETA NB2319-26,Unid,Panamá,7263.0,,,2023-10-17 15:15:08.150,6296,0.0,false
217106,217106,831-K006-2406 TAZA 355ML,TAZA 355ML,Unid,Panamá,14684.0,,,2024-08-23 14:53:36.087,6266,1.0,false
254701,254701,PICK NAVIDEÑO ARTIFICIAL QD2539-2456,PICK NAVIDEÑO ARTIFI,Unid,Panamá,17404.0,,,2025-10-24 16:02:55.070,7373,9.0,false
254550,254550,CASCANUECES DE NAVIDAD NB2519-6962,CASCANUECES DE NAVID,Unid,Panamá,78315.0,,,2025-10-23 16:51:23.680,7340,3.0,false
163569,163569,"CINTA 6,3CM NB22196-13","CINTA 6,3CM NB22196-",Unid,Panamá,25106.8947,,,2022-10-05 09:36:36.530,6278,0.0,false
247117,247117,JG BOLA DECOR 6PZ 8CM 130-5002103,Bolas Decorativas,Unid,Panamá,39110.0,,,2025-08-28 12:09:56.770,6253,40.0,false
217144,217144,831-MX2467-24123A RAMA 40CM ROJO/VERDE,Rama Decorativa 40cm,Unid,Panamá,5951.4754,,,2024-08-23 16:13:39.963,7370,6.0,false
218662,218662,130-9502582 JG BOLA DECOR,130-9502582 JG BOLA,Unid,Panamá,41846.0,,,2024-09-13 15:01:17.490,6253,0.0,false
160338,160338,RENO DECOR 100-0400012,RENO DECOR 100-04000,Unid,Panamá,112652.3076,,,2022-08-24 14:42:38.583,6257,1.0,false
250650,250650,ARBOL LED 45CM TORNA 831-XMTX263- 2416MU,ARBOL LED 45CM TORNA,Unid,China,130153.0,,,2025-09-24 14:48:25.723,6258,0.0,false
250426,250426,RELLENO 79CM DORADO 14 831-AMX018- 2542B,Relleno Dorado 79cm,Unid,China,5085.0,,,2025-09-24 11:21:12.277,7370,0.0,false
186654,186654,JGO BOLAS 4PZ 130-5001176,JGO BOLAS 4PZ 130-50,Unid,Panamá,38706.0,,,2023-08-03 16:54:59.453,6253,3.0,false
219865,219865,201-9200154 LETRERO DECOR,LETRERO DECOR,Unid,Panamá,45617.0,,,2024-09-26 13:46:34.567,6257,0.0,false
215364,215364,BOLA 130-2502139,BOLA 130-2502139,Unid,Panamá,41607.0,,,2024-07-23 10:21:21.553,6253,1.0,false
250298,250298,JGO 12 ESFERAS 8CM BRILL 831-XB021-2512,Juego 12 Esferas 8cm,Unid,China,31545.0,,,2025-09-24 09:54:56.383,6253,0.0,false
162577,162577,POINSETTIA  140-5802205,POINSETTIA  140-5802,Unid,Panamá,8418.0,,,2022-09-28 13:41:52.577,7373,3.0,false
246425,246425,"63 MM, 5 YARDAS / ROLLO DE CINTA JSR-DEC-24-686",Cinta Navideña 63mm,Unid,China,18038.0,,,2025-08-23 00:54:14.880,6278,1.0,false
138339,138339,JUEGO DE PESEBRE GRANDE,JUEGO DE PESEBRE GRA,Unid,Paraguay,476363.64,,,2021-10-14 10:08:42.513,6288,0.0,false
219837,219837,201-7500103 CASA C/LUZ A BATERIA,CASA C/LUZ A BATERIA,Unid,Panamá,25901.0,,,2024-09-26 11:00:40.000,6257,0.0,false
215879,215879,ARBOL DECOR 140-1500645,ARBOL DECOR 140-1500,Unid,Panamá,16931.0,,,2024-07-30 11:21:52.047,6257,0.0,false
247431,247431,PORTAPLATO REDONDO 33CM 180-0700727,PORTAPLATO REDONDO 3,Unid,Panamá,10154.0,,,2025-08-28 15:55:07.300,6265,0.0,false
217326,217326,RAMA DECOR 32CM 140-5802680,RAMA DECOR 32CM,Unid,Panamá,8825.0,,,2024-08-27 10:16:47.190,7370,5.0,false
247454,247454,JG POTES 7PZ 202-1600020,JG POTES 7PZ 202-160,Unid,Panamá,223827.0,,,2025-08-28 16:13:19.037,6261,1.0,false
215566,215566,LAMPARA  C/LUZ 200-4200133,LAMPARA  200-4200133,Unid,Panamá,122784.0,,,2024-07-23 14:54:33.580,6257,0.0,false
161946,161946,MUSGO NATURAL 048-196580,MUSGO NATURAL 048-19,Unid,Panamá,17978.6196,,,2022-09-21 16:49:14.347,6257,4.0,false
248176,248176,ADORNO COLGANTE P/ARBOL SANTA C/AUTO 130-1700015,ADORNO COLGANTE P/AR,Unid,Panamá,11873.0,,,2025-09-09 15:03:09.210,7333,60.0,false
254698,254698,PICK PIÑAS CON HOJAS QD2506-8216,PICK PIÑAS CON HOJAS,Unid,Panamá,34633.0,,,2025-10-24 15:48:53.157,7370,9.0,false
257354,257354,Bolsa Arpillera Llenita - G - Navidad,Bolsa Arpillera Llen,Unid,Paraguay,42545.455,,,2025-12-05 11:27:10.350,6271,0.0,false
247293,247293,RAMA DECOR 140-5201738,Rama Decorativa,Unid,Panamá,15526.0,,,2025-08-28 13:58:56.360,7370,0.0,false
254484,254484,BOLA NAVIDEÑA 30CM ROJO NB2515-909,BOLA NAVIDEÑA 30CM R,Unid,Panamá,117388.0,,,2025-10-23 12:12:42.863,6253,10.0,false
246514,246514,VASO DE VIDRIO DE 400 ML JSR-DEC-24-890,VASO DE VIDRIO DE 40,Unid,China,8627.0,,,2025-08-23 09:06:00.100,6267,5.0,false
213780,213780,BOWL DECORADO SUBLIME 1196-111,BOWL 1196-111,Unid,Brasil,34467.0,,,2024-06-27 11:52:46.293,6262,1.0,false
215182,215182,JG SAGRADA FAMILIA 100-4900682,SAGRADA  100-4900682,Unid,Panamá,478088.0,,,2024-07-22 11:56:36.110,6288,0.0,false
215203,215203,ADORNO COLGANTE 130-1900740,ADORNO 130-1900740,Unid,Panamá,3770.0,,,2024-07-22 14:46:13.973,7333,1.0,false
245932,245932,PLANTA NAV C/POTE X20CM 140-3500043,Planta Navidad Pote,Unid,Panamá,8775.0,,,2025-08-21 10:22:44.493,7373,0.0,false
190560,190560,CAJA  DECOR 200-2100653 CH,CAJA  DECOR 200-2100,Unid,Panamá,55053.75,,,2023-10-04 09:31:09.007,6257,0.0,false
92424,92424,JGO PIÑA DECOR 049-571981,Decoracion Piña,Unid,Panamá,24178.8571,,,2019-09-27 14:49:28.893,6256,3.0,false
247482,247482,RAMA DECOR 32X13X13CM 140-5201729,Rama Decorativa 32cm,Unid,Panamá,8812.0,,,2025-08-29 08:28:06.843,7370,4.0,false
245927,245927,GUIRNALDA 120CM 140-3500008,Guirnalda Navideña,Unid,Panamá,57793.0,,,2025-08-21 10:13:33.933,6282,3.0,false
222585,222585,SERVILLETA ÑAVIDEÑA,SERVILLETA ÑAVIDEÑA,Unid,Paraguay,9008.9785,,,2024-11-13 16:41:05.970,6296,0.0,false
250333,250333,PONSETIA 11P 40X50CM ROJ 831-AMX044- 25280A,PONSETIA 11P 40X50CM,Unid,China,13015.0,,,2025-09-24 10:22:25.513,7373,2.0,false
140076,140076,BERRY PICK 831-MX2467-460,BERRY PICK 831-MX246,Unid,Panamá,6394.575,,,2021-11-09 16:49:14.810,6257,5.0,false
245748,245748,CAJA D/REGALO 20X20X22CM 130-1900776,CAJA D/REGALO,Unid,Panamá,53827.0,,,2025-08-19 16:17:19.927,6274,1.0,false
217375,217375,PORTAPLATO 180-7600240,PORTAPLATO 180-76002,Unid,Panamá,19452.0,,,2024-08-27 14:17:25.280,6265,0.0,false
134762,134762,POINSETIA DECOR 140-5800463,Rama deco,Unid,Panamá,10589.0327,,,2021-08-27 14:18:21.840,7373,8.0,false
248494,248494,PLANTA NAV C/POTE NEGRO 22.5CM 140-5702851,Planta Navideña Pote,Unid,Panamá,12375.0,,,2025-09-12 10:19:54.080,7371,1.0,false
246291,246291,DECORACIÓN NAVIDEÑA 17 X 8 CM JSR-APR-6501,Campana Festiva,Unid,China,10294.0,,,2025-08-22 21:46:11.967,6257,3.0,false
187808,187808,BUZON DECOR 200-4500027,BUZON DECOR 200-4500,Unid,Panamá,109463.0,,,2023-08-14 16:21:31.903,6257,0.0,false
245767,245767,CASCABEL 8X8X8CM 130-2100002,CASCABEL 8X8X8CM,Unid,Panamá,8184.0,,,2025-08-19 16:30:00.937,6257,2.0,false
112625,112625,Caja x 2 Alf de Dulce de leche,Caja x 2 Alf de Dulc,Unid,Paraguay,21818.1816,,,2020-09-07 11:51:35.743,7360,1.0,true
255710,255710,Lapicero y Bolígrafos F,Lapicero y Bolígrafo,Unid,Paraguay,20454.5453,,,2025-11-13 08:33:40.283,6280,0.0,false
248382,248382,RAMA DECOR HOJAS BRILLANTES 20X62X8CM 201-3500345,Rama Decorativa,Unid,Panamá,15468.0,,,2025-09-11 13:51:31.260,7370,2.0,false
163491,163491,ORNAMENTO COLGANTE 831-XMNBC01-369,ORNAMENTO COLGANTE 8,Unid,Panamá,6779.0,,,2022-10-04 14:11:27.480,6257,1.0,false
247266,247266,RAMA DECOR 66X20X5CM 140-4102195,Rama Decorativa Roja,Unid,Panamá,22744.0,,,2025-08-28 13:51:39.633,7370,0.0,false
135208,135208,BOLA C/LUZ A/BAT 201-1500020,Bola c/luz a bateria,Unid,Panamá,172260.0,,,2021-09-01 14:26:43.430,6253,2.0,false
254711,254711,PICK LARGO NAVIDEÑO QD2552-3240,PICK LARGO NAVIDEÑO,Unid,Panamá,7049.0,,,2025-10-24 16:32:05.150,7373,45.0,false
217508,217508,CASA DE MADERA C/LUZ 200-9800235,CASA DE MADERA C/LUZ,Unid,Panamá,58626.0,,,2024-08-28 11:09:21.823,6257,0.0,false
191591,191591,CINTA 2 DISEÑO NB23196-17,CINTA 2 DISEÑO NB231,Unid,Panamá,22394.0,,,2023-10-17 15:30:03.747,6278,0.0,false
248455,248455,ARBOL PEQUEÑO COLGANTE 10X1X11CM 201-850020,Árbol Colgante Verde,Unid,Panamá,14800.0,,,2025-09-12 09:05:59.863,7333,16.0,false
215802,215802,MALLA 130-6600164/25,MALLA 130-6600164/25,Unid,Panamá,22243.0,,,2024-07-30 10:12:07.267,6257,2.0,false
215765,215765,REGALO 200-6900486,Adorno Regalo,Unid,Panamá,23045.0,,,2024-07-29 14:16:34.947,6257,3.0,false
194682,194682,HOME SPRAY 300ML,HOME SPRAY 300ML,Unid,Paraguay,69363.636,,,2023-11-27 11:27:51.440,6280,0.0,false
248500,248500,FLOR MAÑANA D/GLORIA DECOR CREMA 140-5802918,Flor Mañana Crema,Unid,Panamá,8194.0,,,2025-09-12 10:27:03.760,7373,1.0,false
250558,250558,BOTA NAVIDENA 508CM 24 831-CS009-2509,BOTA NAVIDENA 508CM,Unid,China,35512.0,,,2025-09-24 13:19:28.400,6255,0.0,false
217331,217331,POINSETIA DECOR 140-5802738,POINSETIA DECOR 140-,Unid,Panamá,15130.0,,,2024-08-27 10:21:11.150,7373,0.0,false
217266,217266,RAMA DECOR 140-5201560,RAMA DECOR 140-52015,Unid,Panamá,6844.0,,,2024-08-26 15:15:59.747,7370,4.0,false
250394,250394,RELLENO BAYAS-PINA S4-PD 831-MX2467-2531,Relleno Bayas y Piña,Unid,China,7240.0,,,2025-09-24 11:04:49.637,7370,6.0,false
162533,162533,FLOR 140-5702004,FLOR 140-5702004,Unid,Panamá,38266.0,,,2022-09-28 10:15:40.283,7373,4.0,false
215889,215889,RAMA DECOR 140-2501243,RAMA 140-2501243,Unid,Panamá,10987.0,,,2024-07-30 11:33:16.100,7370,0.0,false
218634,218634,831-196-2406 BOTA SURTIDO 2,BOTA SURTIDO 2,Unid,Panamá,9663.5,,,2024-09-13 14:36:30.950,6257,8.0,false
220415,220415,SERVILLETERO HOJA VERDE,SERVILLETERO HOJA VE,Unid,Paraguay,1448.1287,,,2024-10-09 15:38:43.600,6319,2.0,false
190324,190324,CESTA 201-6100017 GD,CESTA 201-6100017 GD,Unid,Panamá,47611.0,,,2023-10-01 10:53:42.433,6277,0.0,false
254820,254820,SOPORTE DE METAL DE 2 NIVELES XM25200-141,SOPORTE DE METAL DE,Unid,Panamá,117125.0,,,2025-10-28 11:42:32.433,6257,8.0,false
171631,171631,BOTE NAVIDEÑO NB2319-2391 GD,BOTE NAVIDEÑO NB231,Unid,Estados Unidos,31465.0,,,2022-12-20 10:24:03.783,6257,4.0,false
246412,246412,"63 MM, CINTA DE 10 YARDAS / ROLLO JSR-DEC-24-651",Cinta Cuadros,Unid,China,10490.0,,,2025-08-23 00:45:15.203,6278,24.0,false
215051,215051,BOLA C/LUZ 130-0200138,BOLA C/LUZ 130-02001,Unid,Panamá,35752.0,,,2024-07-19 10:00:54.123,6253,0.0,false
118582,118582,SERVILLETERO LINEA ESPECIAL,SERVILLETERO LINEA E,Unid,Paraguay,12727.2715,,,2020-11-26 11:24:44.110,6319,9.0,false
246283,246283,DECORACIÓN NAVIDEÑA 29 X 33 CM JSR-DEC-24-483,Adorno Navideño Rojo,Unid,China,14117.0,,,2025-08-22 21:39:13.327,6257,0.0,false
214655,214655,ARBOL 240CM 110-0100282,ARBOL 240CM 110-0100,Unid,Panamá,1063320.0,,,2024-07-12 14:57:23.033,6260,0.0,false
160317,160317,VELA C/ AROMA 046-966816,Vela Aromática,Unid,Panamá,12925.0,,,2022-08-24 13:38:02.070,6298,0.0,false
254807,254807,CESPED VERDE SZ2554-133,CESPED VERDE SZ2554-,Unid,Panamá,22363.0,,,2025-10-28 11:14:17.123,6257,10.0,false
247172,247172,ESTRELLA DECOR  130-1400004,Estrella Decorativa,Unid,Panamá,28369.0,,,2025-08-28 13:13:14.760,6255,0.0,false
250734,250734,PLATO PRINCIPAL MERRY CHRISTMAS  29 CM 7612-101,PLATO PRINCIPAL MERR,Unid,Brasil,17657.0,,,2025-09-25 10:22:04.220,6264,0.0,false
247228,247228,RAMA DECOR 68CM 140-0300099,Rama Decorativa 68cm,Unid,Panamá,12840.0,,,2025-08-28 13:40:23.020,7370,1.0,false
215251,215251,PICK 130-7000394,PICK 130-7000394,Unid,Panamá,31072.0,,,2024-07-22 16:24:47.463,7373,1.0,false
247427,247427,CAMPANA DECOR 137.1X8.9X10.1CM 200-4200078,CAMPANA DECOR 137.1X,Unid,Panamá,97692.0,,,2025-08-28 15:52:32.350,7339,1.0,false
250579,250579,JGO TREN LED 24PZAS 90CM B 831-D065-2510,Tren LED Navideño,Unid,China,86712.0,,,2025-09-24 13:38:18.887,6284,1.0,false
254285,254285,CAJA DOBR BEBIDA CIMA DOUR NEGRA 1UN 19000884,CAJA DOBR BEBIDA CIM,Unid,Brasil,61079.0,,,2025-10-22 10:11:08.890,6273,17.0,false
248045,248045,CORDÓN1000 LUCES FIJAS VERDE BIVOLT 1058388,CORDÓN1000 LUCES FIJ,Unid,Brasil,154218.0,,,2025-09-09 10:02:27.583,6285,8.0,false
254120,254120,RENO DE PAJA HECHADO 33X23X4CM DL2512-148,RENO DE PAJA HECHADO,Unid,Panamá,127395.0,,,2025-10-20 16:01:26.653,6257,0.0,false
248370,248370,CASCABEL DECOR 8X7.50X10CM 201-2200244,CASCABEL DECOR 8X7.5,Unid,Panamá,11037.0,,,2025-09-11 09:08:14.200,7339,1.0,false
217230,217230,RAMA DECOR 140-5101484,Rama Decorativa,Unid,Panamá,21072.0,,,2024-08-26 14:09:35.763,7370,11.0,false
217243,217243,831-D032-2406 COLGANTE P/PUERTA,COLGANTE P/PUERTA,Unid,Panamá,37525.0,,,2024-08-26 14:26:03.900,6255,0.0,false
206077,206077,JGO DE CUCHARA 4PCS NAVIDEÑA JSR-NOV-1034,Cucharas Navideñas,Unid,China,8547.0,,,2024-04-08 16:09:25.923,6268,0.0,false
162209,162209,ARBOL 60CM NB23190-67,ARBOL 60CM NB23190-6,Unid,Panamá,39403.2941,,,2022-09-23 11:03:04.723,6258,2.0,false
217057,217057,831-2771239316S JGO 12 ESFERAS 8CM,JGO 12 ESFERAS 8CM,Unid,Panamá,29978.0,,,2024-08-23 11:46:33.920,6253,0.0,false
215754,215754,BOLA C/LUZ 200-4300054,BOLA 200-4300054,Unid,Panamá,170003.0,,,2024-07-29 13:27:35.357,6253,0.0,false
215407,215407,SANTA 160-7001135,SANTA 160-7001135,Unid,Panamá,505374.0,,,2024-07-23 10:42:17.170,6257,0.0,false
141468,141468,FLOR RSP,FLOR RSP,Unid,Paraguay,22545.4546,,,2021-11-27 15:44:33.640,7373,1.0,false
217343,217343,CASCANUECES 8X6X28CM 160-0300107,CASCANUECES 8X6X28CM,Unid,Panamá,42955.0,,,2024-08-27 10:39:50.757,7340,0.0,false
218682,218682,130-9502612 JG DE BOLAS TIPO CEBOLLA,130-9502612 JG BOLAS,Unid,Panamá,25936.0,,,2024-09-13 15:51:05.580,6253,0.0,false
187809,187809,FLORERO DE MESA 200-5400426,FLORERO DE MESA 200-,Unid,Panamá,69240.0,,,2023-08-14 16:23:37.493,7373,0.0,false
246868,246868,ADORNO COLGANTE 12.5X1X11.5CM 202-2200005,Adorno Colgante 12.5,Unid,Panamá,9449.0,,,2025-08-27 10:16:43.937,7333,20.0,false
215215,215215,JG BOLAS DECOR 130-1900694,BOLAS 130-1900694,Unid,Panamá,30079.0,,,2024-07-22 15:33:41.937,6253,1.0,false
246049,246049,MUERDAGO P/COLGAR 6X6X6CM 200-2000404,Adorno Colgante 6x6,Unid,Panamá,10209.0,,,2025-08-22 10:50:32.050,7333,0.0,false
193552,193552,SET 1 CARTAS PAPA NOEL.,SET CARTA PAPA NOEL,Unid,Paraguay,83863.64,,,2023-11-09 16:01:58.810,6280,0.0,false
191772,191772,FLOR NAVIDEÑO SZ2319-199,FLOR NAVIDEÑO SZ2319,Unid,Estados Unidos,4928.0,,,2023-10-20 13:47:15.313,7373,0.0,false
254076,254076,RENO NAVIDEÑO 27X16X28CM DL2501-282,RENO NAVIDEÑO 27X16X,Unid,Panamá,81973.0,,,2025-10-17 16:08:03.690,6257,0.0,false
236306,236306,231526 FRASCO NAVIDEÑO,Frasco Festivo,Unid,China,24714.0,,,2025-05-07 14:25:25.833,6268,0.0,false
217183,217183,831-BC298-2403 ORNAMENTO HNIEVE,ORNAMENTO HNIEVE,Unid,Panamá,8259.0,,,2024-08-26 09:48:59.397,6257,0.0,false
247305,247305,RAMA DECOR 48CM 140-5702789,Rama Decorativa Roja,Unid,Panamá,12757.0,,,2025-08-28 14:01:50.053,7370,2.0,false
253988,253988,JG BOLAS DECOR 100MM 4PZ 130-9502703,JG BOLAS DECOR 100MM,Unid,Panamá,33241.0,,,2025-10-17 10:50:34.660,6253,15.0,false
163617,163617,"CINTA NAVIDEÑA 2,5x10 NB2236-377","CINTA NAVIDEÑA 2,5x1",Unid,Panamá,15789.0,,,2022-10-05 10:25:32.460,6278,0.0,false
217558,217558,ARBOL DECO 201-8800008,ARBOL DECO 201-88000,Unid,Panamá,54305.0,,,2024-08-28 14:45:20.003,6257,0.0,false
187729,187729,ARBOL DECOR 140-1500436,ARBOL DECOR 140-1500,Unid,Panamá,32499.0,,,2023-08-14 09:59:28.860,6257,0.0,false
248432,248432,RAMA DECOR VERDE TIPO PINO 140-4700626,Rama Pino Verde 140,Unid,Panamá,30101.0,,,2025-09-11 16:22:49.377,7370,8.0,false
135735,135735,JARRON 200-5400256,Jarron,Unid,Panamá,139401.0,,,2021-09-07 10:46:05.827,6257,4.0,false
256123,256123,BOLA NEGRA OPACA/BRILLANTE 10CM 4 PC 1043208,BOLA NEGRA OPACA/BRI,Unid,Brasil,0.0,,,2025-11-19 12:03:06.520,6253,1.0,false
219819,219819,201-2800779 TREN DECO C/LUZ,TREN DECO C/LUZ,Unid,Panamá,93164.0,,,2024-09-26 10:21:57.300,6284,4.0,false
247123,247123,CINTA 9YDS 2.5X823CM 130-5400636,CINTA 9YDS 2.5X823CM,Unid,Panamá,10994.0,,,2025-08-28 12:12:12.160,6278,0.0,false
223096,223096,HOME SPRAY VIDRIO 250ML,HOME SPRAY VIDRIO,Unid,Paraguay,113909.09,,,2024-11-21 08:42:22.230,6298,2.0,false
247546,247546,GUIRNALDA DE NAVIDAD 270CM NB25190-227,Guirnalda Festiva,Unid,Panamá,29028.0,,,2025-08-29 16:32:59.227,6282,0.0,false
162195,162195,ARBOL 270CM NB20190-131,ARBOL 270CM NB20190-,Unid,Panamá,747529.0,,,2022-09-23 09:22:40.380,6260,1.0,false
236926,236926,HK-M9226A CESTA MEDIANO,HK-M9226A CESTA MD,Unid,China,34010.3333,,,2025-05-13 09:35:51.230,6276,6.0,false
250553,250553,FIG NINO-NINA 26CM SURT2 4 831-325-2558,Figuras Navideñas,Unid,China,25685.0,,,2025-09-24 13:14:57.530,6255,0.0,false
254275,254275,BOLSA TRANSP 80X90 NOEL VITOR 11201050,BOLSA TRANSP 80X90 N,Unid,Brasil,4485.0,,,2025-10-22 09:47:36.297,6270,130.0,false
222394,222394,SOMBRERITOS,SOMBRERITOS,Unid,Paraguay,6363.6366,,,2024-11-07 11:44:08.280,6256,0.0,false
246288,246288,DECORACIÓN NAVIDEÑA JSR-APR-5136,DECORACIÓN NAVIDEÑA,Unid,China,1765.0,,,2025-08-22 21:43:36.477,6257,46.0,false
250628,250628,REY MAGO 12CM NATURA 831-XMTX254- 255512,REY MAGO 12CM NATURA,Unid,China,14566.0,,,2025-09-24 14:18:05.170,6257,0.0,false
136611,136611,ARBOL 210CM NB24190-119,Arbol 210cm,Unid,Paraguay,319227.0,,,2021-09-15 15:21:45.753,6258,1.0,false
247096,247096,CINTA 823X6.3CM 130-5400516,CINTA 823X6.3CM 130-,Unid,Panamá,18296.0,,,2025-08-28 12:02:12.610,6278,0.0,false
217222,217222,831-XMSM224-018 TREN NAVIDEÑO MUSICAL,TREN NAVIDEÑO MUSICA,Unid,Panamá,394013.0,,,2024-08-26 10:27:11.413,6284,1.0,false
215775,215775,VELA A/BAT 200-9100069B,VELA 200-9100069B,Unid,Panamá,30127.0,,,2024-07-29 15:09:10.260,6298,0.0,false
250605,250605,BASE P-ARBOL 25X56X56CM D 831-D056-2408G,BASE P-ARBOL 25X56X5,Unid,China,56282.0,,,2025-09-24 13:56:52.647,6256,0.0,false
254823,254823,CAMPANA NAVIDEÑA PARA COLGAR XM25200-25,CAMPANA NAVIDEÑA PAR,Unid,Panamá,25409.0,,,2025-10-28 11:58:35.350,7339,22.0,false
162796,162796,ALFOMBRA 201-6800025,ALFOMBRA 201-6800025,Unid,Panamá,43312.6097,,,2022-09-29 10:35:02.290,6290,0.0,false
246280,246280,DECORACIÓN NAVIDEÑA 18 X 48 CM JSR-DEC-24-413,Muñeco Navideño,Unid,China,29018.0,,,2025-08-22 21:36:52.767,6257,0.0,false
253979,253979,ESCENA C/LUZ C/MOV 24X22CM 201-9500087U,ESCENA C/LUZ C/MOV 2,Unid,Panamá,188226.0,,,2025-10-17 10:43:50.537,6257,3.0,false
206436,206436,CASITA NAVIDEÑA JSR-JAN-R45,Casita Navideña JSR,Unid,China,22651.7551,,,2024-04-12 12:32:57.913,6257,1.0,false
191767,191767,FLOR NAVIDEÑO QD2340-412,FLOR NAVIDEÑO QD2340,Unid,Panamá,13229.0,,,2023-10-20 13:23:17.787,7373,0.0,false
217044,217044,831-AMX006-2418N PONSETIA 37CM CHAMPAGNE,PONSETIA 37CM CHAMPA,Unid,Panamá,5302.0,,,2024-08-23 11:14:13.267,7373,7.0,false
219889,219889,201-9800022 VILLA C/LUZ A BATERIA,VILLA C/LUZ A BAT,Unid,Panamá,30902.0,,,2024-09-26 14:33:59.517,6257,6.0,false
217110,217110,831-K006-2415 COMAL 500 ML,COMAL 500 ML,Unid,Panamá,34059.0,,,2024-08-23 14:59:50.673,6262,0.0,false
246003,246003,FALDA D/ARBOL BRILLANTE 160-7001144,FALDA D/ARBOL 160-70,Unid,Panamá,165113.0,,,2025-08-21 16:47:33.297,6256,0.0,false
248467,248467,CASCABEL VERDE 31X31X37CM 202-1800006,CASCABEL COLGANTE 31,Unid,Panamá,57109.0,,,2025-09-12 09:40:06.277,7339,0.0,false
257543,257543,Aromantizante - Dulces Fiestas - Cookies Navideñas,Aromantizante - Dulc,Unid,Paraguay,100454.546,,,2025-12-09 10:45:44.540,6298,0.0,false
191219,191219,ADORNO NAVIDEÑO,ADORNO NAVIDEÑO,Unid,Panamá,0.0,,,2023-10-12 15:11:27.820,6257,10.0,false
162133,162133,JG BOLA 4PZS 130-2500559,JG BOLA 4PZS 130-250,Unid,Panamá,42687.0,,,2022-09-22 13:56:27.180,6253,0.0,false
194060,194060,Muestra Caminero Blanco Flor de Navidad,Muestra Caminero Bla,Unid,Paraguay,56636.3601,,,2023-11-21 08:53:36.207,6290,0.0,false
217552,217552,JGO TOPPER NAV C/LUZ 201-7800099,JGO TOPPER NAV C/LUZ,Unid,Panamá,128150.0,,,2024-08-28 14:40:30.710,6257,5.0,false
247199,247199,BOLA D/AGUA 7.70X7.80X7.10CM 200-7600242,Esfera Navidad Santa,Unid,Panamá,14687.0,,,2025-08-28 13:28:28.147,6253,0.0,false
250457,250457,RELLENO 82CM DORADO 2 831-AMX044- 25100B,RELLENO 82CM DORADO,Unid,China,10429.0,,,2025-09-24 11:34:14.180,7370,169.0,false
246216,246216,BOLA DE NAVIDAD DE 25 CM JSR-DEC-24-21.,Bola Navidad 25 cm,Unid,China,47057.0,,,2025-08-22 18:31:11.153,6253,39.0,false
217899,217899,SAGRADA FAMILIA DE CELSO,SAGRADA FAMILIA CELS,Unid,Paraguay,181818.18,,,2024-09-04 09:53:27.527,6288,0.0,false
247975,247975,"CINTA CUADROS CRUDO/MARFIL 6,3X914CM 1069711",CINTA CUADROS CRUDO/,Unid,Brasil,14583.0,,,2025-09-09 09:00:04.403,6278,16.0,false
254719,254719,ALFAJOR MAZZEI CB,ALFAJOR MAZZEI CB,Unid,Paraguay,1745.455,,,2025-10-27 11:19:44.273,7360,2.0,true
217100,217100,831-D011-038 VILLA NAVIDEÑA C-LUZ,VILLA NAVIDEÑA C-LUZ,Unid,Panamá,88814.0,,,2024-08-23 14:47:49.947,6257,0.0,false
226031,226031,moño colores AV,moño colores AV,Unid,Paraguay,15000.0,,,2024-12-20 15:46:16.980,6257,2.0,false
163685,163685,MALLA PLASTICO P/ ENVOLTURA 10CM QD2157-872,MALLA PLASTICO P/ EN,Unid,Panamá,29081.0,,,2022-10-05 11:48:19.877,6278,1.0,false
250657,250657,DISPLAY 125PZS SANTA 1 831-XMTX254- 2556,DISPLAY 125PZS SANTA,Unid,China,3388286.0,,,2025-09-24 14:55:13.343,6257,0.0,false
217325,217325,RAMA DECOR 35CM 140-5802674,RAMA DECOR 35CM,Unid,Panamá,8915.0,,,2024-08-27 10:15:59.227,7370,0.0,false
250760,250760,PLATO D PASTEL  M CONTOY 8125-116M,PLATO D PASTEL  M CO,Unid,Brasil,41086.0,,,2025-09-25 11:06:56.780,6264,8.0,false
248314,248314,TAZA HAPPY HOLIDAY 12OZ 180-1000112,TAZA 12OZ 180-100011,Unid,Panamá,13044.0,,,2025-09-10 14:44:50.107,6266,1.0,false
254663,254663,SET SERVILLETA NAVIDEÑA NB2519-7657,SET SERVILLETA NAVID,Unid,Panamá,4264.0,,,2025-10-24 13:40:51.627,6296,1.0,false
254782,254782,PAPA NOEL SZ25131-69,PAPA NOEL SZ25131-69,Unid,Panamá,63524.0,,,2025-10-27 16:40:07.497,6257,0.0,false
247082,247082,CINTA 6CM 130-3400598,CINTA 6CM 130-340059,Unid,Panamá,13763.0,,,2025-08-28 11:55:45.227,6278,4.0,false
191730,191730,CINTA NB2336-95,CINTA NB2336-95,Unid,Panamá,7782.0,,,2023-10-20 11:27:47.980,6278,33.0,false
162136,162136,JG BOLA 6PZS 130-2500597,JG BOLA 6PZS 130-250,Unid,Panamá,34013.0,,,2022-09-22 14:34:17.247,6253,0.0,false
254755,254755,SANTA CLAUS MD 831-XMTX254- 2556,SANTA CLAUS MD 831-X,Unid,Panamá,44577.1378,,,2025-10-27 15:31:17.800,6257,0.0,false
247267,247267,ADORNO COLGANTE 5X5X13.60CM 180-3301076,ADORNO COLGANTE 5X5X,Unid,Panamá,22492.0,,,2025-08-28 13:51:55.743,7333,16.0,false
215451,215451,CASA C/LUZ DECOR A/BAT 130-4200913,CASA 130-4200913,Unid,Panamá,13329.0,,,2024-07-23 11:07:20.533,6257,1.0,false
217123,217123,831-XMVI-090D ARBOL 270CM,831-XMVI-090D ARBOL,Unid,Panamá,1295734.0,,,2024-08-23 15:30:57.690,6260,0.0,false
215455,215455,PORTA RETRATO DECOR 130-5001451,PORTA RETRATO DECOR,Unid,Panamá,11617.0,,,2024-07-23 11:10:26.250,6257,0.0,false
248146,248146,BOLA TUBO BRILLANTE/FOSCA/GLITTER DORADA 1026452,BOLA TUBO BRILLANTE/,Unid,Brasil,34198.0,,,2025-09-09 11:53:06.120,6253,0.0,false
250643,250643,JGO 8 INDIVIDUALES C-PORTAV 831-XK05-A-2,JGO 8 INDIVIDUALES C,Unid,China,12756.0,,,2025-09-24 14:38:09.963,6291,0.0,false
250666,250666,TAZA 115X85X95CM 350ML  831-D015-2511,Taza Festiva 350ml,Unid,China,15773.0,,,2025-09-24 15:05:15.583,6266,1.0,false
247162,247162,FLOR DECOR 140-0300137,Flor Decorativa Roja,Unid,Panamá,10490.0,,,2025-08-28 13:04:55.280,7373,24.0,false
245840,245840,RAMA DECOR 86X20X5CM 140-2200659,Rama Decorativa,Unid,Panamá,37206.0,,,2025-08-20 15:18:11.983,7370,0.0,false
140054,140054,ESFERA NAVIDEÑA 831-XMTX349-098,ESFERA NAVIDEÑA 831-,Unid,Panamá,7540.0,,,2021-11-09 15:21:23.990,6253,1.0,false
246829,246829,CASA DECOR 15X10X18.5CM 201-7700207,CASA DECOR 15X10X18.,Unid,Panamá,107065.0,,,2025-08-27 09:19:17.500,6257,1.0,false
254747,254747,CAJA D/ REGALO CH 202-2500050,CAJA D/ REGALO CH 20,Unid,Panamá,15176.5,,,2025-10-27 15:18:41.067,6272,0.0,false
215168,215168,JG NACIMIENTO 100-0500107,NACIMIENTO 100-05001,Unid,Panamá,172358.0,,,2024-07-22 10:39:59.800,6288,0.0,false
215875,215875,ARBOL DECOR 140-1500628,ARBOL DECOR 140-1500,Unid,Panamá,34672.0,,,2024-07-30 11:16:35.067,6257,0.0,false
217138,217138,831-XWC-02L ALFOMBRA FELIZ NAVIDAD,ALFOMBRA FELIZ NAVI,Unid,Panamá,67708.0,,,2024-08-23 16:02:06.230,6257,0.0,false
117439,117439,Juego de Pesebre 40cm. Ediltrudis Noguera,Juego de Pesebre 40c,Unid,Paraguay,436363.64,,,2020-11-09 14:23:20.287,6288,0.0,false
187680,187680,JGO SAGRADA FAMILIA 100-4900527,JGO SAGRADA FAMILIA,Unid,Panamá,203820.0,,,2023-08-12 11:36:07.527,6288,0.0,false
215568,215568,ADORNO COLGANTE 200-4200142,ADORNO 200-4200142,Unid,Panamá,102002.0,,,2024-07-23 14:56:04.947,7333,0.0,false
217533,217533,CASA C/LUZ 201-2200153,CASA C/LUZ 201-22001,Unid,Panamá,113470.0,,,2024-08-28 11:55:49.100,6257,0.0,false
246053,246053,CAMPANAS MOÑOS 3 SURT 8X8X8CM 200-2000426,CAPANAS 3 SURT 8X8X8,Unid,Panamá,8184.0,,,2025-08-22 10:58:54.430,7339,4.0,false
254724,254724,CERVEZA MUNICH ULTRA,CERVEZA MUNICH ULTRA,Unid,Paraguay,4135.3069,,,2025-10-27 11:37:38.770,7363,54.0,true
248327,248327,AVE ACOSTADA COLGANTE 10X18X11CM 200-2400386,Ave Colgante Roja,Unid,Panamá,43229.0,,,2025-09-10 15:30:24.940,7333,6.0,false
246582,246582,BOLSA DE PAPEL 27 X 21 X 11 CM JSR-APR-6632,BOLSA DE PAPEL 27 X,Unid,China,1274.0,,,2025-08-25 10:33:51.140,6270,0.0,false
247131,247131,JG BOLAS 4PZ 10CM 130-5002150,Esferas Brillantes,Unid,Panamá,42717.0,,,2025-08-28 12:14:54.430,6253,0.0,false
162182,162182,JG BOLA 6PZS 130-2500619,JG BOLA 6PZS 130-250,Unid,Panamá,37671.0,,,2022-09-22 16:41:41.257,6253,3.0,false
248466,248466,CAMPANA ORO COLGANTE 7X7X43CM 202-1000034,Campana Dorada 7x7,Unid,Panamá,55437.0,,,2025-09-12 09:22:24.850,7339,6.0,false
163517,163517,PONSETIA 20CM ROJO 831-AMX044-1861A,Poinsetia Roja 20cm,Unid,Panamá,2758.0,,,2022-10-04 15:19:47.030,7373,0.0,false
217483,217483,BASE P/ARBOL 201-6100033,Base Árbol Rústica,Unid,Panamá,161393.0,,,2024-08-28 10:44:55.023,6256,0.0,false
217450,217450,VELA 200-6400543,VELA 200-6400543,Unid,Panamá,34310.0,,,2024-08-28 10:11:06.587,6298,0.0,false
246513,246513,VASO DE VIDRIO DE 400 ML JSR-DEC-24-889,VASO DE VIDRIO DE 40,Unid,China,8627.0,,,2025-08-23 09:05:15.473,6267,1.0,false
163675,163675,"CINTA NAVIDEÑA 2,5x10 NB2236-553","CINTA NAVIDEÑA 2,5x1",Unid,Panamá,21320.0,,,2022-10-05 11:37:32.603,6278,0.0,false
247382,247382,ZORRO DECOR 15X12X18CM 201-1300252,Zorro Decorativo,Unid,Panamá,30716.0,,,2025-08-28 15:09:12.100,6255,0.0,false
254828,254828,CAMPANA NAVIDEÑA PARA COLGAR XM25200-33,CAMPANA NAVIDEÑA PAR,Unid,Panamá,79446.0,,,2025-10-28 12:08:01.160,7339,0.0,false
163459,163459,PERRO ORNAMENTO 831-XMNBC-0111138R,PERRO ORNAMENTO 831-,Unid,Panamá,16412.0,,,2022-10-04 11:07:17.477,6256,33.0,false
255396,255396,Adorno Navideño Artesanal,Adorno Navideño Arte,Unid,Paraguay,38181.818,,,2025-11-10 14:10:50.790,6257,13.0,false
245786,245786,ADORNO COLGANTE 15X28X13CM 140-0500651,Adorno Colgante Rojo,Unid,Panamá,19236.0,,,2025-08-19 16:38:04.920,6257,0.0,false
187762,187762,CAMINO D/MESA 170-2400090,CAMINO D/MESA 170-24,Unid,Panamá,39202.0,,,2023-08-14 11:13:48.200,6290,0.0,false
118240,118240,Juego de Individuales de Hilo,Jgo de Individuales,Unid,Paraguay,114545.455,,,2020-11-23 11:54:11.570,6291,1.0,false
254487,254487,CASCANUECES DE NAVIDAD NB2519-4895,CASCANUECES DE NAVID,Unid,Panamá,98067.0,,,2025-10-23 13:46:07.543,7340,0.0,false
190321,190321,CESTA 201-6100020 CH,CESTA 201-6100020 CH,Unid,Panamá,27086.4,,,2023-10-01 10:48:25.417,6275,0.0,false
248174,248174,ADORNO COLGANTE P/ARBOL SANTA ROJO 130-1700005,Adorno Colgante,Unid,Panamá,13461.0,,,2025-09-09 14:56:51.140,7333,11.0,false
163358,163358,CAJA D/REGALO NB2219-1758,CAJA D/REGALO NB2219,Unid,Panamá,10169.0,,,2022-09-30 15:51:13.873,6274,4.0,false
222651,222651,ARBOLITO DE CROCHET M VERDE CON ROJO,ARBOLITO CROCHET M,Unid,Paraguay,63272.7266,,,2024-11-14 15:51:20.750,6257,0.0,false
254829,254829,CAMPANA NAVIDEÑA PARA COLGAR XM25200-36,CAMPANA NAVIDEÑA PAR,Unid,Panamá,79446.0,,,2025-10-28 12:09:39.930,7339,0.0,false
248543,248543,COJIN DISEÑO ARBOLES DE NAVIDAD 170-1700006,COJIN DISEÑO ARBOLES,Unid,Panamá,72327.0,,,2025-09-12 11:11:17.193,6289,0.0,false
254672,254672,VELA ÁRBOL DE NAVIDAD NB25195-160,VELA ÁRBOL DE NAVIDA,Unid,Panamá,49510.0,,,2025-10-24 14:06:50.480,6298,0.0,false
191350,191350,PELOTA BLANCA M,PELOTA BLANCA M,Unid,Paraguay,18181.8183,,,2023-10-13 15:33:14.853,6253,0.0,false
220258,220258,TAMBOR CH 201-4600052,TAMBOR CH 201-460005,Unid,Panamá,209694.9,,,2024-10-07 14:16:12.700,6257,1.0,false
215513,215513,JG BOLA DECOR 130-5001787,JG BOLA 130-5001787,Unid,Panamá,42416.0,,,2024-07-23 11:53:57.530,6253,1.0,false
247311,247311,INDIVIDUAL 38X38X1.20CM 180-0600082,Individual Festivo,Unid,Panamá,21485.0,,,2025-08-28 14:04:03.353,6291,38.0,false
215249,215249,CINTA 130-5800363,CINTA 130-5800363,Unid,Panamá,27011.0,,,2024-07-22 16:20:50.610,6278,0.0,false
215044,215044,ADORNO C/LUZ 130-0200111,ADORNO 130-0200111,Unid,Panamá,58628.0,,,2024-07-19 09:46:50.633,6257,2.0,false
253967,253967,ARBOL DECOR C/LUZ 13X24CM 202-3000015,ARBOL DECOR C/LUZ 13,Unid,Panamá,130790.0,,,2025-10-17 10:34:48.707,6259,2.0,false
246398,246398,"63 MM, 50 YARDAS / ROLLO DE CINTA JSR-DEC-24-630",Cinta Poinsettia,Unid,China,71370.0,,,2025-08-23 00:32:07.230,6278,5.0,false
140247,140247,CANASTA 831-AMX027-302,CANASTA 831-AMX027-,Unid,Panamá,82302.0,,,2021-11-11 09:53:21.037,6277,1.0,false
162220,162220,CINTA 130-3400265,CINTA 130-3400265,Unid,Panamá,14440.573,,,2022-09-23 11:39:50.940,6278,26.0,false
219825,219825,201-2800840 CIERVO DECOR,CIERVO DECOR,Unid,Panamá,23361.0,,,2024-09-26 10:34:42.720,6255,1.0,false
257355,257355,Estuche Mini Aura Beige - Navidad,Estuche Mini Aura Be,Unid,Paraguay,40181.8183,,,2025-12-05 11:28:05.607,6280,6.0,false
217527,217527,ADORNO COLGANTE 201-1300189,ADORNO COLGANTE 201,Unid,Panamá,7475.0,,,2024-08-28 11:48:58.137,7333,2.0,false
254528,254528,SET BOLA NAVIDEÑA 10CM ROJO NB2519-6093,SET BOLA NAVIDEÑA 10,Unid,Panamá,19318.0,,,2025-10-23 14:50:18.113,6253,87.0,false
248381,248381,RAMA DECOR GRUESA BLANCA 12X80X12CM 201-3500340,Rama Decorativa,Unid,Panamá,11371.0,,,2025-09-11 13:49:34.340,7370,13.0,false
160592,160592,RAMA 140-1500406,RAMA 140-1500406,Unid,Panamá,14394.0,,,2022-08-30 09:13:13.173,7370,2.0,false
247531,247531,ARBOL 210CM NB25190-129,Árbol Navidad 210 cm,Unid,Panamá,365948.0,,,2025-08-29 15:56:52.327,6260,1.0,false
248397,248397,ESTRELLA D/ARBOL ESPI17.78X6.35X25.40CM 201-820040,Estrella Adorno,Unid,Panamá,67811.0,,,2025-09-11 14:31:17.700,6256,3.0,false
245794,245794,RAMA D/PIÑA DECOR 18X13X71.12CM 140-1301042,Rama Decorativa Piña,Unid,Panamá,30458.0,,,2025-08-19 16:42:44.680,7370,4.0,false
162139,162139,JG BOLA 4PZS 130-2500614,JG BOLA 4PZS 130-250,Unid,Panamá,32988.6986,,,2022-09-22 14:37:09.947,6253,0.0,false
218586,218586,831-D033-2413 JUEGO 4 CASCANUECES,Juego Cascanueces 4,Unid,Panamá,43764.2222,,,2024-09-13 11:13:43.150,6255,2.0,false
256634,256634,Kit 6 posavasos Navidad del Paraguay,Kit 6 posavasos Navi,Unid,Paraguay,57272.7266,,,2025-11-28 14:11:43.683,7365,0.0,false
219845,219845,201-7500110 CASA C/LUZ A BATERIA,CASA C/LUZ A BATERIA,Unid,Panamá,23118.0,,,2024-09-26 11:05:45.650,6257,4.0,false
250566,250566,CAMINO D-MESA 33X176CM 831-XMFE28- 2402Q,CAMINO D-MESA 33X176,Unid,China,31030.0,,,2025-09-24 13:29:59.960,6290,1.0,false
191356,191356,SOMBRERO CHARA,SOMBRERO CHARA,Unid,Paraguay,13636.3638,,,2023-10-13 15:50:09.007,6257,0.0,false
250388,250388,MAGNOLIA 24X30CM 11P  831-AMX001- 25186B,Magnolia Decorativa,Unid,China,9740.0,,,2025-09-24 11:00:26.300,7373,3.0,false
246933,246933,HK-M9207A CESTA BLANCA CH,HK-M9207A CESTA BLAN,Unid,China,3439.7777,,,2025-08-27 14:46:24.223,6275,81.0,false
248161,248161,"SAGRADA FAMILIA GRANATE 21X12X29,5CM 1089911",SAGRADA FAMILIA GRAN,Unid,Brasil,122278.0,,,2025-09-09 12:00:08.613,6288,0.0,false
215256,215256,ADORNO 140-0500532,ADORNO 140-0500532,Unid,Panamá,140823.0,,,2024-07-22 16:34:41.127,6257,0.0,false
247205,247205,BOLA DECOR 8X8X8CM 201-1300261,Bola Decorativa Roja,Unid,Panamá,10743.0,,,2025-08-28 13:30:56.907,6253,0.0,false
247065,247065,PORTAVELA 8.5CM 180-3200107,Portavela Árbol Rojo,Unid,Panamá,13343.0,,,2025-08-28 11:37:46.420,7335,4.0,false
215572,215572,BOLA C/LUZ 200-4300036,BOLA 200-4300036,Unid,Panamá,68947.0,,,2024-07-23 15:01:03.227,6253,1.0,false
257361,257361,Joyero Ginebra Aura Blanca - Navidad,Joyero Ginebra Aura,Unid,Paraguay,57909.09,,,2025-12-05 11:59:17.650,6268,0.0,false
134774,134774,POINSETIA DECOR 140-5800468,Rama deco,Unid,Panamá,8588.0,,,2021-08-27 14:47:33.413,7373,0.0,false
248261,248261,FIGURA NAVIDEÑA BRILLANTE 140-3600011,Figura Brillante,Unid,Panamá,10284.0,,,2025-09-09 16:40:44.870,7370,8.0,false
187675,187675,NACIMIENTO C/ESTABLO 100-0200017,NACIMIENTO C/ESTABLO,Unid,Panamá,194739.0,,,2023-08-12 11:12:27.163,6288,0.0,false
256433,256433,PACK DE ADVIENTO,PACK DE ADVIENTO,Unid,Paraguay,34409.091,,,2025-11-25 14:12:57.617,6298,0.0,false
257356,257356,Estuche Mini Aura Blanca - Navidad,Estuche Mini Aura Bl,Unid,Paraguay,40181.8183,,,2025-12-05 11:29:06.370,6280,0.0,false
217506,217506,CASA C/LUZ A/BAT 200-9800234,CASA C/LUZ A/BAT 200,Unid,Panamá,74928.0,,,2024-08-28 11:08:20.583,6257,0.0,false
245837,245837,ARBOL DECOR 140-1900321,Árbol Decorativo 140,Unid,Panamá,158108.0,,,2025-08-20 15:12:59.930,6258,0.0,false
135066,135066,ADORNO COLGANTE 200-2000206,Adorno colgante,Unid,Panamá,7227.0,,,2021-08-31 15:36:48.720,6257,4.0,false
160339,160339,CABALLO DECOR 100-0400109.,CABALLO DECOR 100-04,Unid,Panamá,135099.0,,,2022-08-24 14:45:45.733,6257,0.0,false
186635,186635,BOLA DECO 130-4200551,BOLA DECO 130-420055,Unid,Panamá,14463.0,,,2023-08-03 15:55:53.987,6253,1.0,false
247430,247430,DISPENSADOR D/JABON 500ML 200-8700142,Dispensador Navidad,Unid,Panamá,17288.0,,,2025-08-28 15:54:40.187,6261,0.0,false
250326,250326,PONSETIA 20X42CM 5P DORA 831-AMX001- 25200B,Ponsetia Dorada,Unid,China,7067.0,,,2025-09-24 10:18:23.867,7373,5.0,false
253962,253962,ADORNO P/COLGAR 0ML 8X8X11CM 130-9502682,ADORNO P/COLGAR 0ML,Unid,Panamá,8353.0,,,2025-10-17 10:31:09.820,7333,5.0,false
250309,250309,JGO 4 ESFERAS 10CM CAJA P 831-239-2477V,JGO 4 ESFERAS 10CM C,Unid,China,28444.0,,,2025-09-24 10:04:54.250,6253,0.0,false
223283,223283,VELA NAVIDEÑA 50GR,VELA NAVIDEÑA 50GR,Unid,Paraguay,18181.818,,,2024-11-22 09:45:33.977,6298,0.0,false
250396,250396,RELLENO 47CM ROJO-DORA 2 831-AMX007-2511,Relleno Rojo 47cm,Unid,China,9740.0,,,2025-09-24 11:05:23.463,7370,8.0,false
219808,219808,200-810020 ESTRELLA DECOR,ESTRELLA DECOR,Unid,Panamá,11312.0,,,2024-09-26 09:57:35.657,6257,0.0,false
247081,247081,CINTA 6CM 130-3400591,CINTA 6CM 130-340059,Unid,Panamá,21318.0,,,2025-08-28 11:55:09.823,6278,0.0,false
247434,247434,PORTAPLATO REDONDO 33CM 180-0700729,PORTAPLATO REDONDO 3,Unid,Panamá,9567.0,,,2025-08-28 15:56:27.603,6265,0.0,false
217250,217250,831-AMX044-1825N POINSETIA 30CM CHAMPAGNE,POINSETIA 30CM CHAMP,Unid,Panamá,10197.0,,,2024-08-26 14:43:31.923,7373,11.0,false
246421,246421,"63 MM, 5 YARDAS / ROLLO DE CINTA JSR-DEC-24-670",Cinta Navideña Verde,Unid,China,28038.0,,,2025-08-23 00:51:16.777,6278,48.0,false
217338,217338,POINSETIA DECOR 140-5802842,POINSETIA DECOR 140-,Unid,Panamá,18372.0,,,2024-08-27 10:29:13.487,7373,0.0,false
246872,246872,ADORNO COLGANTE 11X1X12CM 202-2200015,Adorno Colgante,Unid,Panamá,9450.0,,,2025-08-27 10:21:26.010,7333,0.0,false
245923,245923,PINO D/NAVIDAD FLOR CAFE 60X12X6CM 140-3400257,Rama Pino Navidad,Unid,Panamá,14090.0,,,2025-08-21 10:06:39.767,7370,0.0,false
135369,135369,JGO BOLAS 4PZ 130-5000457,Jgo de bolas,Unid,Panamá,35969.0,,,2021-09-02 11:45:21.970,6253,41.0,false
192838,192838,ESTRELLA DECO 831-MX2467-788,ESTRELLA DECO 831-MX,Unid,Panamá,28245.0,,,2023-10-31 10:35:31.860,6253,0.0,false
245844,245844,RAMA DECOR 2X20X86CM 140-2200850,Rama Decorativa 86cm,Unid,Panamá,34085.0,,,2025-08-20 15:21:27.943,7373,3.0,false
248116,248116,BOLA TUBO LISA/MATE/ARABESCO BLANCO 10CM 1029266,BOLA TUBO LISA/MATE/,Unid,Brasil,38651.0,,,2025-09-09 11:43:20.247,6253,50.0,false
217096,217096,831-D011-2405 JUGUETERIA LED USB,JUGUETERIA LED USB,Unid,Panamá,226271.0,,,2024-08-23 14:44:52.437,6285,0.0,false
248177,248177,ADORNO COLGANTE P/ARBOL TAMBOR 130-1700016,Adorno Tambor,Unid,Panamá,11873.0,,,2025-09-09 15:15:11.757,7333,1.0,false
247110,247110,CINTA 9YDS 2.50X823CM 130-5400598,CINTA 9YDS 2.50X823C,Unid,Panamá,14604.0,,,2025-08-28 12:07:34.130,6278,29.0,false
161340,161340,RAMA DECOR 140-5201113,RAMA DECOR 140-52011,Unid,Panamá,8201.0,,,2022-09-14 11:42:48.987,7370,7.0,false
253966,253966,ANILLO P/SERVILLETA 5X5CM 202-1400002,ANILLO P/SERVILLETA,Unid,Panamá,9137.0,,,2025-10-17 10:34:04.897,6319,28.0,false
135746,135746,BOLA C/LUZ 201-1500021,Bola c/ luz,Unid,Panamá,78692.0,,,2021-09-07 11:00:41.703,6253,1.0,false
217116,217116,RAMA DECOR 140-5101482,RAMA DECOR 140-51014,Unid,Panamá,21253.0,,,2024-08-23 15:03:33.770,7370,0.0,false
186725,186725,POINSETIA DECO 140-4101489,POINSETIA DECO 140-4,Unid,Panamá,15633.0,,,2023-08-04 11:10:03.840,7373,0.0,false
250353,250353,PONSETIA 11P 32X30CM ROJO 831-AMX044- 25219,Ponsetia Roja 32x30,Unid,China,10257.0,,,2025-09-24 10:35:02.450,7373,76.0,false
163375,163375,3PCS/SET BOTE NAVIDEÑO NB2319-2391,3PCS/SET BOTE NAVIDE,Unid,Panamá,62930.0,,,2022-09-30 16:26:39.070,6276,1.0,false
161690,161690,ESCENA C/ LUZ 201-9500029,ESCENA C/ LUZ 201-95,Unid,Panamá,304573.0,,,2022-09-19 09:35:07.827,6257,0.0,false
248471,248471,CASCABEL DORADO COLGANTE 202-1800015,CASCABEL COLGANTE 20,Unid,Panamá,19064.0,,,2025-09-12 09:46:43.447,7339,0.0,false
163621,163621,"CINTA NAVIDEÑA 2,5x10 NB2236-381","CINTA NAVIDEÑA 2,5x1",Unid,Panamá,20250.0,,,2022-10-05 10:29:50.100,6278,54.0,false
255392,255392,CANASTA ROJA GR 831-XDA33-2503,CANASTA ROJA GR 831-,Unid,Estados Unidos,61654.2187,,,2025-11-10 10:29:38.957,6277,0.0,false
217168,217168,831-XMSM223-2421R PICK 12.5CM ROJO,PICK 12.5CM ROJO,Unid,Panamá,7342.0,,,2024-08-24 11:44:34.560,7373,2.0,false
250337,250337,PONSETIA 9P 30X30CM ROJO 831-AMX044- 2552AB,Poinsettia Roja,Unid,China,10429.0,,,2025-09-24 10:24:43.920,7373,24.0,false
216868,216868,RAMA DECOR 140-3400177,RAMA DECOR 140-34001,Unid,Panamá,18552.0,,,2024-08-20 12:05:54.737,7370,0.0,false
194048,194048,Muestra Posavasos Flor de Navidad,Muestra Posavasos Fl,Unid,Paraguay,9545.455,,,2023-11-21 08:23:03.700,6295,0.0,false
215811,215811,ARBOL DECOR 130-7000414,ARBOL DECOR 130-7000,Unid,Panamá,59618.0,,,2024-07-30 10:18:39.890,6257,0.0,false
206462,206462,CASITA NAVIDEÑA JSR-JAN-R73,Casita Navideña JSR,Unid,China,32529.04,,,2024-04-12 12:53:30.207,6257,3.0,false
186677,186677,CINTA 130-5400375,CINTA 130-5400375,Unid,Panamá,18225.0,,,2023-08-04 09:01:56.130,6278,4.0,false
247238,247238,RAMA DECOR 140-2501540,Rama Decorativa,Unid,Panamá,12253.0,,,2025-08-28 13:43:30.870,7370,3.0,false
219697,219697,170-3000383 COJIN 76X22CM,COJIN 170-3000383,Unid,Panamá,99880.0,,,2024-09-25 14:44:17.217,6289,0.0,false
162246,162246,BOLA 130-5000557,BOLA 130-5000557,Unid,Panamá,45664.0,,,2022-09-23 14:10:20.800,6253,43.0,false
215532,215532,ARBOL DECOR 200-2100788,ARBOL DECOR 200-2100,Unid,Panamá,40138.0,,,2024-07-23 13:41:33.717,6257,0.0,false
247049,247049,JG BOLAS 3PZ 12X12X36CM 130-2502447,Esferas Navideñas,Unid,Panamá,38019.0,,,2025-08-28 11:04:35.780,6253,1.0,false
192759,192759,ESFERA 831-XMNBBC14-134-10,ESFERA 831-XMNBBC14-,Unid,Panamá,8464.0,,,2023-10-30 16:23:19.443,6253,7.0,false
135360,135360,JGO BOLAS 4PZ 130-5000455,Jgo de bolas,Unid,Panamá,35969.0,,,2021-09-02 11:27:02.603,6253,67.0,false
114796,114796,VELA C/LUZ LED 200-9100070B,Vela c/ luz led,Unid,Panamá,35795.0,,,2020-10-06 09:18:38.610,6298,0.0,false
218635,218635,130-9502525 JG BOLA DECOR,130-9502525 JG BOLA,Unid,Panamá,29429.0,,,2024-09-13 14:36:59.273,6253,0.0,false
256450,256450,IMAGENES DE 15CM,IMAGENES DE 15CM,Unid,Paraguay,159090.91,,,2025-11-25 16:05:32.687,6288,3.0,false
187715,187715,POINSETIA DECOR 140-4101580,POINSETIA DECOR 140-,Unid,Panamá,14510.0,,,2023-08-14 09:13:01.590,7373,1.0,false
246399,246399,"63 MM, CINTA DE 10 YARDAS / ROLLO JSR-DEC-24-631",Cinta Navidad 63mm,Unid,China,15392.0,,,2025-08-23 00:32:54.400,6278,5.0,false
247048,247048,JG BOLAS 6PZ 10X10X60CM 130-2502446,Bolas Navideñas 6Pz,Unid,Panamá,48342.0,,,2025-08-28 11:03:46.263,6253,4.0,false
215904,215904,CASCABEL 202-1000001,CASCABEL 202-1000001,Unid,Panamá,304318.0,,,2024-07-30 11:52:03.207,6256,0.0,false
187052,187052,VILLA C/LUZ 201-9800016,VILLA C/LUZ 201-9800,Unid,Panamá,191610.0,,,2023-08-07 16:27:24.110,6257,2.0,false
219904,219904,202-0100025 PORTAVELAS,PORTAVELAS 202-01000,Unid,Panamá,113211.0,,,2024-09-26 14:53:39.903,6257,0.0,false
215899,215899,PONSETIA DECOR 140-2501273,PONSETIA 140-2501273,Unid,Panamá,9906.0,,,2024-07-30 11:47:19.343,7373,4.0,false
247151,247151,GUIRNALDA 119X22X22CM 140-5201591,GUIRNALDA 119X22X22C,Unid,Panamá,54216.0,,,2025-08-28 12:55:34.170,6282,0.0,false
215404,215404,BOLA 130-2502240,BOLA 130-2502240,Unid,Panamá,221905.0,,,2024-07-23 10:40:01.107,6253,9.0,false
246207,246207,BOLA DE NAVIDAD DE 30 CM JSR-DEC-24-5.,BOLA DE NAVIDAD DE 3,Unid,China,47056.0,,,2025-08-22 18:23:08.793,6253,115.0,false
217246,217246,831-AMX001-24108I POINSETIA 34X30CM,POINSETIA 34X30CM,Unid,Panamá,12848.0,,,2024-08-26 14:35:57.457,7373,1.0,false
191801,191801,POSAPLATO XM23171-291,POSAPLATO XM23171-29,Unid,Panamá,7177.0,,,2023-10-20 16:21:12.177,6264,2.0,false
187717,187717,FLOR DECOR 140-5201147,FLOR DECOR 140-52011,Unid,Panamá,13237.0,,,2023-08-14 09:21:55.457,7373,2.0,false
219850,219850,1051272 BOLA TERCIOPELO SETX4,BOLA TERCIOPELO,Unid,Brasil,65145.0,,,2024-09-26 11:08:54.500,6253,0.0,false
247246,247246,ADORNO COLGANTE 11X14X5.5CM 130-5002258,Adorno Colgante Caña,Unid,Panamá,9819.0,,,2025-08-28 13:45:32.850,7333,0.0,false
247317,247317,POINSETTIA DECOR 35X29X5CM 140-4102041,Flor Poinsettia Roja,Unid,Panamá,15274.0,,,2025-08-28 14:12:10.410,7373,28.0,false
248429,248429,AVE DECOR NAVIDEÑA ROJO 140-4700603,Ave Decorativa Roja,Unid,Panamá,30937.0,,,2025-09-11 16:12:33.217,6255,0.0,false
187752,187752,COLGADOR D/PUERTA 150-8000456A,COLGADOR D/PUERTA,Unid,Panamá,27917.0,,,2023-08-14 10:54:55.210,6257,0.0,false
247076,247076,BOLA DECOR 8X8X8CM 130-4200965,Esfera Decorativa,Unid,Panamá,14435.0,,,2025-08-28 11:48:29.767,6253,0.0,false
250856,250856,SAGRADA FAMILIA M,SAGRADA FAMILIA M,Unid,Paraguay,327272.73,,,2025-09-25 13:40:07.800,6288,1.0,false
250354,250354,PONSETIA 8P 25X30CM ROJO- 831-AMX044- 25221,Poinsetia Roja 25x30,Unid,China,6550.0,,,2025-09-24 10:35:37.063,7373,103.0,false
187778,187778,PORTAPLATO 180-0700208,PORTAPLATO 180-07002,Unid,Panamá,14934.0,,,2023-08-14 11:50:50.640,6265,0.0,false
215876,215876,ARBOL DECOR 140-1500641,ARBOL DECOR 140-1500,Unid,Panamá,46830.0,,,2024-07-30 11:17:23.547,6257,0.0,false
254709,254709,PICK CORTO NAVIDEÑO QD2552-3229,PICK CORTO NAVIDEÑO,Unid,Panamá,7831.0,,,2025-10-24 16:28:41.300,7370,21.0,false
246508,246508,2 PCS JUEGO DE CUCHARA Y TENEDOR JSR-DEC-24-863,2 PCS JUEGO DE CUCHA,Unid,China,7844.0,,,2025-08-23 08:56:14.307,6263,0.0,false
162567,162567,POINSETTIA 140-5802007,POINSETTIA 140-58020,Unid,Panamá,16071.0,,,2022-09-28 11:40:39.040,7373,4.0,false
217312,217312,PICK DECOR 140-5702476,Adorno Navideño,Unid,Panamá,21343.0,,,2024-08-27 09:17:44.937,7373,35.0,false
250311,250311,JGO 6 ESFERAS 8CM CAJA  831-239-2476Z18,Juego Esferas Azules,Unid,China,22582.0,,,2025-09-24 10:06:05.467,6253,0.0,false
247191,247191,BOLA TIPO GOTA DE VIDRIO COLGANTE 10CM 180-3301034,Bola Gota Vidrio,Unid,Panamá,14604.0,,,2025-08-28 13:25:25.853,6253,0.0,false
213368,213368,ALFOMBRA NAVIDEÑA 831-XR03-01-21N,ALFOMBRA NAVIDEÑA,Unid,Panamá,46332.0,,,2024-06-25 15:11:16.480,6257,0.0,false
247234,247234,RAMA DECOR 83CM 140-0300114,Rama Decorativa,Unid,Panamá,13176.0,,,2025-08-28 13:42:21.283,7370,5.0,false
246497,246497,VASO DE WHISKY DE 525 ML JSR-DEC-24-765.,VASO DE WHISKY,Unid,China,21763.0,,,2025-08-23 08:42:48.550,6267,0.0,false
175763,175763,GIFT CARD 50.000 NAVIDAD,GIFT CARD 50.000,Unid,Paraguay,0.0,,,2023-03-08 15:09:21.447,7364,0.0,false
192761,192761,ORNAMENTO ESTRELLA 831-XMTX215-407A,ORNAMENTO ESTRELLA 8,Unid,Panamá,5960.0,,,2023-10-30 16:27:03.793,6257,0.0,false
160752,160752,PICK POINETTIA 140-5100975,PICK POINETTIA 140-5,Unid,Panamá,6695.0,,,2022-09-01 11:37:15.747,7373,2.0,false
222655,222655,SET DE 6 BASTONCITOS GRUESOS,SET6 BASTONCITO GRUE,Unid,Paraguay,87272.725,,,2024-11-14 15:55:11.720,6255,0.0,false
257376,257376,VINCHA FELIZ AÑO NUEVO VIN-FELIZIANO/2026EST,VINCHA FELIZ AÑO NUE,Unid,Paraguay,4431.8181,,,2025-12-06 09:16:00.010,6257,4.0,false
191342,191342,ESTRELLA BLANCA G,ESTRELLA BLANCA G,Unid,Paraguay,13636.3635,,,2023-10-13 15:05:48.843,6257,17.0,false
248345,248345,JG VELA C/AROMA 12PZ 15.8X12X2.2CM 200-9600254,Set 12 Velas Aroma,Unid,Panamá,31020.0,,,2025-09-10 16:29:58.633,6298,4.0,false
247436,247436,PORTAPLATO 33X33X2CM 180-0700737,PORTAPLATO 33X33X2CM,Unid,Panamá,11833.0,,,2025-08-28 15:57:47.550,6265,6.0,false
257364,257364,Neceser Lucia Arena Gold - Navidad,Neceser Lucia Arena,Unid,Paraguay,117000.0,,,2025-12-05 12:02:34.437,6268,0.0,false
218603,218603,831-D015-2401A VASO C-TAPA,VASO C-TAPA,Unid,Panamá,11771.0,,,2024-09-13 11:49:37.197,6267,0.0,false
247319,247319,POINSETTIA DECOR 45X32X6CM 140-4102075,Flor Poinsettia Roja,Unid,Panamá,22241.0,,,2025-08-28 14:13:27.093,7373,17.0,false
254765,254765,COJINES DE NAVIDAD QD2564-37,COJINES DE NAVIDAD Q,Unid,Panamá,57433.0,,,2025-10-27 15:59:45.590,6289,0.0,false
257359,257359,Joyero Aura Beige - Navidad,Joyero Aura Beige -,Unid,Paraguay,101636.3633,,,2025-12-05 11:57:51.507,6268,0.0,false
186927,186927,CINTA DECOR 201-0300549,CINTA DECOR 201-0300,Unid,Panamá,7272.0,,,2023-08-07 10:59:54.000,6278,0.0,false
215014,215014,BOLA DECOR 121-0100004,BOLA 121-0100004,Unid,Panamá,89879.0,,,2024-07-19 08:49:15.403,6253,25.0,false
215219,215219,CINTA 130-3400515,CINTA 130-3400515,Unid,Panamá,25973.0,,,2024-07-22 15:39:32.337,6278,1.0,false
140280,140280,CAJA NAVIDEÑA DECO 831-XMTX194-244S-21D,CAJA NAVIDEÑA DECO 8,Unid,Panamá,9510.0,,,2021-11-11 12:25:20.023,6274,9.0,false
250561,250561,CASCANUECES 95X285X8CM T 831-D030-2402,Cascanueces Plateado,Unid,China,52233.0,,,2025-09-24 13:23:50.343,7340,4.0,false
248323,248323,JG ARBOLES C/LUZ 3PZ A/BAT2 20X20X80CM 200-2100939,JG ARBOLES C/LUZ 3PZ,Unid,Panamá,150507.0,,,2025-09-10 14:58:53.590,6260,0.0,false
166449,166449,SERVILLETERO ALEGRIA,Servilletero Festivo,Unid,Paraguay,11454.5456,,,2022-10-20 10:23:25.850,6296,10.0,false
160373,160373,JGO BOLA 6PZ 130-2500698,JGO BOLA 6PZ 130-250,Unid,Panamá,26000.0,,,2022-08-24 16:28:15.780,6253,0.0,false
217149,217149,831-P006-14GR PORTAPLATO VERDE,PORTAPLATO VERDE,Unid,Panamá,9177.0,,,2024-08-23 16:21:51.263,6265,1.0,false
215881,215881,ADORNO D/PARED 201-3900128,ADORNO 201-3900128,Unid,Panamá,140153.0,,,2024-07-30 11:23:49.753,6257,7.0,false
217419,217419,ANGEL DECOR 200-2100791,ANGEL DECOR 200-2100,Unid,Panamá,71234.0,,,2024-08-28 09:25:55.147,6257,0.0,false
247142,247142,JG BOLAS 4PZ 130-5002222,Bolas Doradas 4Pz,Unid,Panamá,44985.0,,,2025-08-28 12:19:02.237,6253,17.0,false
191375,191375,BAILARINA MD,BAILARINA MD,Unid,Paraguay,36363.6375,,,2023-10-13 16:17:36.103,6257,0.0,false
246268,246268,DECORACIÓN NAVIDEÑA DE 20 CM JSR-DEC-24-323,DECORACIÓN NAVIDEÑA,Unid,China,2549.0,,,2025-08-22 21:05:19.600,6257,0.0,false
247230,247230,RAMA DECOR 84CM 140-0300103,Rama Decorativa 84cm,Unid,Panamá,11917.0,,,2025-08-28 13:40:58.203,7370,0.0,false
256004,256004,KIT PESEBRE,KIT PESEBRE,Unid,Paraguay,72727.2725,,,2025-11-18 11:05:21.677,6298,0.0,false
222315,222315,ANGEL GORDO PORTA VELA,ANGEL GORDO PORTA VE,Unid,Paraguay,329090.91,,,2024-11-05 09:43:17.493,6255,0.0,false
247304,247304,RAMA DECOR 58CM 140-5702740,Rama Decorativa 58cm,Unid,Panamá,17792.0,,,2025-08-28 14:01:15.330,7370,48.0,false
135477,135477,LINTERNA 200-9100111,Linterna a bateria,Unid,Panamá,65271.0,,,2021-09-02 16:06:21.747,6257,1.0,false
192381,192381,831-2771-239316-23H ESFERA,ESFERA 831-2771-2393,Unid,Panamá,29978.0,,,2023-10-26 10:21:45.353,6253,2.0,false
163888,163888,VELA CUADRADA 5X15 NAVIDAD,VELA CUADRADA 5X15 N,Unid,Brasil,32969.0,,,2022-10-06 14:22:14.960,6298,0.0,false
250736,250736,FUENTE MERRY CHRISTMAS 34.4CM 7612-122,FUENTE MERRY CHRISTM,Unid,Brasil,49375.0,,,2025-09-25 10:26:52.457,7338,0.0,false
246260,246260,DECORACIÓN NAVIDEÑA JSR-DEC-24-273,Decoración Navidad,Unid,China,9607.0,,,2025-08-22 20:50:48.040,7333,0.0,false
223411,223411,AD32 / Pesebre M,AD32 / Pesebre M,Unid,Paraguay,350000.0,,,2024-11-22 16:26:53.570,6288,1.0,false
248089,248089,ARBOL LED348 LUCES CALIDAS BLANCO 130CM 1071807,ARBOL LED348 LUCES C,Unid,Brasil,239022.0,,,2025-09-09 10:50:04.833,6259,0.0,false
218619,218619,100-0200099 JG NACIMIENTO,100-0200099 JG NACIM,Unid,Panamá,340474.0,,,2024-09-13 13:58:14.350,6288,0.0,false
245960,245960,SANTA DECOR ALTO 20X10X68CM 150-8101048,Santa Decorativo,Unid,Panamá,103015.0,,,2025-08-21 14:20:49.860,6286,0.0,false
215194,215194,ESFERA C/LUZ  120-2000178,ESFERA 120-2000178,Unid,Panamá,109463.0,,,2024-07-22 14:29:40.367,6253,0.0,false
250550,250550,FIG SANTA-HNIEVE 4064CM  831-CS007-2401,Figura Santa y Nieve,Unid,China,102399.0,,,2025-09-24 13:13:15.193,6255,0.0,false
215433,215433,CINTA 130-3400564,CINTA 130-3400564,Unid,Panamá,23054.0,,,2024-07-23 10:53:55.680,6278,0.0,false
247472,247472,DISPENSADOR D/JABON 200-8700141,DISPENSADOR D/JABON,Unid,Panamá,16700.0,,,2025-08-28 16:30:15.800,6261,1.0,false
248344,248344,POINSETTIAROJA DECOR 15.24X6.99X30.48C 140-3600043,Poinsetia Roja Decor,Unid,Panamá,9949.0,,,2025-09-10 16:29:04.013,7370,0.0,false
247298,247298,ADORNO COLGANTE 16X16X16CM 202-2600027,Adorno Colgante 16cm,Unid,Panamá,55810.0,,,2025-08-28 13:59:35.887,7333,0.0,false
118348,118348,SAGRADA FAMILIA 5CM,SAGRADA FAMILIA 5CM,Unid,Paraguay,72727.2725,,,2020-11-25 10:04:28.393,6288,0.0,false
250763,250763,PLATO DE SITIO AZEVINHO 34 CM 1275-319,PLATO DE SITIO AZEVI,Unid,Brasil,40084.0,,,2025-09-25 11:09:58.190,6264,0.0,false
246247,246247,TAZA DE 350 ML JSR-DEC-24-169,TAZA 350 ML,Unid,China,9215.0,,,2025-08-22 19:47:59.140,6266,0.0,false
254531,254531,SET BOLA NAVIDEÑA 8CM ROSA GOLD NB2519-6178,SET BOLA NAVIDEÑA 8C,Unid,Panamá,15054.0,,,2025-10-23 15:08:17.973,6253,87.0,false
248159,248159,TOPIARIA BASE YUTE MARRÓN 30CM 1072453,TOPIARIA BASE YUTE M,Unid,Brasil,40088.0,,,2025-09-09 11:59:06.727,6256,1.0,false
215796,215796,CINTA 130-5400555,CINTA 130-5400555,Unid,Panamá,16211.0,,,2024-07-30 10:07:06.113,6278,0.0,false
254451,254451,SET BOLA NAVIDEÑA 7CM PLATA PEARL NB2515-1553,SET BOLA NAVIDEÑA 7C,Unid,Panamá,18012.0,,,2025-10-23 10:27:45.410,6253,3.0,false
217550,217550,JGO TREN NAV C/LUZ 201-7800092,JGO TREN NAV C/LUZ,Unid,Panamá,167145.0,,,2024-08-28 14:38:31.080,6284,1.0,false
246308,246308,SERVILLETA 16.5 X 16.5 CM 20 PCS JSR-APR25-18,SERVILLETA 20 PCS,Unid,China,3137.0,,,2025-08-22 22:15:58.240,6319,0.0,false
203512,203512,1196-122  FUENTE SUBLIME,1196-122  FUENTE SUB,Unid,Brasil,67633.0,,,2024-02-21 10:34:02.880,6264,4.0,false
223440,223440,SETx6 ESFERAS DORADAS 5CM LRH5006ABC,SETx6 ESFERA DORADA,Unid,Paraguay,4772.727,,,2024-11-23 09:37:25.720,6253,0.0,false
247106,247106,CINTA 6.3CM x 9YDS 130-5400594,CINTA 6.3CM x 9YDS 1,Unid,Panamá,17037.0,,,2025-08-28 12:06:28.210,6278,2.0,false
135373,135373,JGO BOLAS 6PZ 130-5000460,Jgo de bolas,Unid,Panamá,33600.0,,,2021-09-02 11:49:42.477,6253,38.0,false
250466,250466,ORNAMENTO 104CM MULTIC S3 831-D113-2511,Ornamento Navideño,Unid,China,9566.0,,,2025-09-24 11:41:03.350,6257,0.0,false
160571,160571,RAMA DECOR 140-1500248,RAMA DECOR 140-15002,Unid,Panamá,13641.0,,,2022-08-27 09:04:17.993,7370,1.0,false
253991,253991,JG NACIMIENTO 11PZ11.5CM 026-490378,JG NACIMIENTO 11PZ11,Unid,Panamá,169685.0,,,2025-10-17 10:52:45.643,6288,0.0,false
219881,219881,201-9500069 TIENDA D/JUGUETES C/LUZ,TIENDA D/JUGUETES,Unid,Panamá,174285.0,,,2024-09-26 14:24:55.113,6257,0.0,false
163632,163632,"CINTA NAVIDEÑA 2,5x10 NB2236-479","CINTA NAVIDEÑA 2,5x1",Unid,Panamá,16248.3554,,,2022-10-05 10:45:34.497,6278,21.0,false
246317,246317,SERVILLETA 16.5 X 16.5 CM 20 PCS JSR-APR25-28,SERVILLETA 16.5 X 16,Unid,China,3137.25,,,2025-08-22 22:29:37.513,7365,2.0,false
247325,247325,LAZO DECOR 60CM 130-5800489,LAZO DECOR 60CM 130-,Unid,Panamá,79061.0,,,2025-08-28 14:15:57.173,6278,0.0,false
254794,254794,PICK NAVIDEÑO SZ2519-2157,PICK NAVIDEÑO SZ2519,Unid,Panamá,14357.0,,,2025-10-28 10:35:48.503,7370,2.0,false
171289,171289,BOLSA ESTRELLA PLATA 25X37,BOLSA ESTRELLA PLATA,Unid,Paraguay,354.5455,,,2022-12-15 11:12:52.090,6271,100.0,false
246036,246036,INDIVIDUAL CIRCULOS 38X38X0.10CM 180-0500286,INDIVIDUAL 38X38X0.1,Unid,Panamá,7340.0,,,2025-08-22 09:45:47.190,6291,0.0,false
245953,245953,VENADO DECOR 45X30X115CM 35X18X68CM 150-6000053,VENADO DECOR 45X30X1,Unid,Panamá,98291.0,,,2025-08-21 13:56:05.460,6286,0.0,false
215224,215224,JG BOLA  130-5001756,JG BOLA  130-5001756,Unid,Panamá,27389.0,,,2024-07-22 15:47:56.500,6253,13.0,false
213772,213772,PLATO DE SITIO SOLDADOS 1255-119,PLATO 1255-119,Unid,Brasil,62236.0,,,2024-06-27 13:59:04.917,6264,0.0,false
246228,246228,BUZON NAVIDEÑA 52 X 19 CM JSR-DEC-24-44,BUZON NAVIDEÑA 52 X,Unid,China,329403.0,,,2025-08-22 19:07:00.383,6257,0.0,false
248015,248015,ESFERA CON ACEBO BLANCO/VERDE/ROJO 12CM 1081909,ESFERA CON ACEBO BLA,Unid,Brasil,24671.0,,,2025-09-09 09:30:12.357,6253,78.0,false
247128,247128,CINTA 6.3CM X 9YDS 130-5800433,CINTA 6.3CM X 9YDS 1,Unid,Panamá,21149.0,,,2025-08-28 12:13:50.937,6278,0.0,false
250284,250284,JGO 12 ESFERAS 8CM BRILL- 831-XB021-24B,Juego 12 Esferas 8cm,Unid,China,31545.0,,,2025-09-24 09:46:36.200,6253,2.0,false
257545,257545,Aromatizante - Navidad del paraguay - Flor de coco,Aromatizante - Navid,Unid,Paraguay,100454.546,,,2025-12-09 10:48:41.890,6298,0.0,false
254463,254463,CAJA GORRO NOEL HOHO P 1020649,CAJA GORRO NOEL P,Unid,Brasil,10493.325,,,2025-10-23 11:04:29.127,6272,6.0,false
250574,250574,JGO TREN LED 13PZAS 90CM B 831-D065-2508,Tren Navideño LED,Unid,China,106710.0,,,2025-09-24 13:35:35.730,6284,0.0,false
251624,251624,VELA ARBOL NAVIDEÑO M 157GR,VELA ARBOL NAVIDEÑO,Unid,Paraguay,15040.0,,,2025-10-07 16:02:38.653,6298,0.0,false
215202,215202,JG BOLAS 130-1900709,Esferas Navideñas,Unid,Panamá,31640.0,,,2024-07-22 14:44:53.170,6253,0.0,false
218596,218596,831-XDA13-30 RUEDA FORTUNA ROJO VERDE,RUEDA FORTUNA,Unid,Panamá,153129.0,,,2024-09-13 11:36:38.827,6257,0.0,false
250369,250369,PONSETIA 28X30CM 8P ROJO 831-AMX001- 25252C,Poinsettia Roja,Unid,China,5947.0,,,2025-09-24 10:45:33.687,7373,5.0,false
246220,246220,BOLA DE NAVIDAD DE 20 CM JSR-DEC-24-25.,Bola Navidad Dorada,Unid,China,23528.0,,,2025-08-22 18:34:45.647,6253,23.0,false
219878,219878,1750700 CINTA A CUADROS NAVIDAD,CINTA A CUADROS NAV,Unid,Brasil,32453.0,,,2024-09-26 14:22:34.897,6278,1.0,false
246058,246058,CAMPANAS ROJAS 22X12X6.50CM 200-2000449,CAPANAS 22X12X6.50CM,Unid,Panamá,14090.0,,,2025-08-22 11:08:03.193,7339,2.0,false
246528,246528,HILO 2MM ESPESOR 100 METROS 80JSR-FEB-1116,HILO 2MM 100M,Unid,China,4412.0,,,2025-08-23 09:36:09.783,6280,0.0,false
162368,162368,RAMA DECOR  140-2500671,RAMA DECOR  140-2500,Unid,Panamá,8078.0,,,2022-09-26 08:50:29.973,7370,0.0,false
248218,248218,ESTRELLA COLGANTE C/TEXTURA 140-0500640,Estrella Brillante,Unid,Panamá,41723.0,,,2025-09-09 15:48:57.330,7333,0.0,false
224610,224610,CERAMICA NAVIDEÑA PEQUEÑA,CERAMICA NAVIDEÑA CH,Unid,Paraguay,120272.7266,,,2024-12-10 11:10:09.813,6298,0.0,false
250293,250293,JGO10CMX4ESFERAS PINTADA  831-239-2552G,Esferas Navideñas,Unid,China,24652.0,,,2025-09-24 09:51:58.017,6253,3.0,false
248491,248491,PICK DECOR ROJO 89CM 140-5702418,Pick Decor Rojo 89cm,Unid,Panamá,16639.0,,,2025-09-12 10:16:06.403,7370,33.0,false
217198,217198,831-BC298-2407 ORNAMENTO NAVIDAD,ORNAMENTO NAVIDAD,Unid,Panamá,7953.0,,,2024-08-26 09:58:50.933,6257,4.0,false
248424,248424,GUIRNALDA HOJAS VERDES 140-4700583,Guirnalda Verde,Unid,Panamá,89383.0,,,2025-09-11 15:41:27.450,6282,0.0,false
161315,161315,POINSETIA 140-5200730,POINSETIA 140-520073,Unid,Panamá,14980.0,,,2022-09-14 09:13:10.177,7373,1.0,false
162355,162355,RAMA DECOR 140-2500537,RAMA DECOR 140-25005,Unid,Panamá,5357.0,,,2022-09-26 08:37:38.240,7370,2.0,false
247171,247171,ESTRELLA A/BAT  C/LUZ A/BAT2 130-1400003,Estrella Dorada Luz,Unid,Panamá,29625.0,,,2025-08-28 13:12:41.517,6255,1.0,false
217366,217366,TAZA 12ML 180-1000113,TAZA 12ML 180-100011,Unid,Panamá,13598.0,,,2024-08-27 11:41:00.413,6266,0.0,false
247252,247252,RAMA DECOR 48CM 140-3300013,Rama Decorativa 48cm,Unid,Panamá,17205.0,,,2025-08-28 13:46:59.530,7370,4.0,false
219815,219815,201-0500082 PLACA D/PARED,PLACA D/PARED,Unid,Panamá,50397.0,,,2024-09-26 10:04:17.143,6257,0.0,false
222395,222395,LATA CIRCULAR NAVIDEÑO 03660-41,LATA CIRCULAR NAVIDE,Unid,Paraguay,12272.7275,,,2024-11-07 11:52:00.327,6274,0.0,false
246025,246025,JG ACCESORIO P/VINO 3PZ 16.5X14.5X4CM,Set Elegante Vino,Unid,Panamá,31386.0,,,2025-08-22 09:20:33.877,6261,0.0,false
247012,247012,JG BOLAS 6PZ 130-1900788,JG BOLAS 6PZ 130-190,Unid,Panamá,27864.0,,,2025-08-28 10:34:50.917,6253,38.0,false
247010,247010,JG BOLAS DECOR 4PZ 10X10X10CM 130-1900720,Bolas Decorativas,Unid,Panamá,34493.0,,,2025-08-28 10:33:11.793,6253,4.0,false
254460,254460,CAJA DE JENGIBRE P 1020651,CAJA DE JENGIBRE P 1,Unid,Brasil,12772.125,,,2025-10-23 11:02:13.107,6272,7.0,false
186620,186620,CINTA 130-3400448,CINTA 130-3400448,Unid,Panamá,22990.0,,,2023-08-03 15:20:54.010,6278,80.0,false
217231,217231,RAMA DECOR 140-5101497,RAMA DECOR 140-51014,Unid,Panamá,8015.0,,,2024-08-26 14:11:02.097,7370,0.0,false
218628,218628,130-350005 CINTA,130-350005 CINTA,Unid,Panamá,143657.0,,,2024-09-13 14:28:53.543,6278,28.0,false
236313,236313,JSR-35611-39 BOWL CON FLORES,BOWL CON FLORES,Unid,China,4017.0,,,2025-05-07 15:10:27.500,6268,10.0,false
247169,247169,ESTRELLA A/BAT  C/LUZ A/BAT2  130-1400001,Estrella Dorada Luz,Unid,Panamá,47167.0,,,2025-08-28 13:11:31.217,6255,1.0,false
219814,219814,1015724 BOLA RAYADA SETX6,BOLA RAYADA SETX6,Unid,Brasil,74247.0,,,2024-09-26 10:02:31.160,6253,0.0,false
215444,215444,CAMPANA DECOR 130-4200820,CAMPANA 130-4200820,Unid,Panamá,12878.0,,,2024-07-23 11:02:37.653,7339,32.0,false
186622,186622,CINTA 130-3400470,CINTA 130-3400470,Unid,Panamá,14463.0,,,2023-08-03 15:25:36.900,6278,35.0,false
163662,163662,Tallo de Flor Navideña 32cm QD2239-144,Tallo de Flor Navide,Unid,Panamá,20250.0,,,2022-10-05 11:22:38.043,7370,9.0,false
217272,217272,831-XB022R JGO 12 ESFERAS B/M/E TUBO,JGO 12 ESFERAS B/M/E,Unid,Panamá,30182.0,,,2024-08-26 15:23:30.830,6253,0.0,false
218649,218649,130-9502540 JG BOLA DECOR,130-9502540 JG BOLA,Unid,Panamá,40374.0,,,2024-09-13 14:50:13.713,6253,1.0,false
247542,247542,ARBOL 270CM NB25190-151.,ARBOL 270CM NB25190-,Unid,Panamá,827365.0,,,2025-08-29 16:20:37.600,6260,6.0,false
62928,62928,LUZ 200LED 8FUNC C:VERD/F:BL FRIO 20MTS 220V,Luz LED 200 8,Unid,Paraguay,133626.1817,,,2017-10-30 14:44:58.820,6285,7.0,false
186925,186925,CASA C/LUZ 200-9800198,CASA C/LUZ 200-98001,Unid,Panamá,49080.0,,,2023-08-07 10:50:29.110,6257,0.0,false
257395,257395,Bandolera Caramelo Navidad,Bandolera Caramelo N,Unid,Paraguay,157772.7275,,,2025-12-09 08:06:40.613,6268,0.0,false
247438,247438,PICK DECOR 201-1300248,Adorno Navideño,Unid,Panamá,25765.0,,,2025-08-28 15:59:46.467,7370,2.0,false
163570,163570,"CINTA 6,3CM NB22196-14","CINTA 6,3CM NB22196-",Unid,Panamá,25334.0,,,2022-10-05 09:37:43.090,6278,41.0,false
219613,219613,7.600.180 LAZO ILUMINADO TERCIOPELO ROJO 180CM,LAZO TERCIOPELO ROJO,Unid,Brasil,6010532.0,,,2024-09-24 14:38:56.423,6268,0.0,false
162531,162531,PICK 140-5701995,PICK 140-5701995,Unid,Panamá,7908.0,,,2022-09-28 09:50:49.570,7373,2.0,false
186822,186822,BOLA C/LUZ 200-2000284,BOLA C/LUZ 200-20002,Unid,Panamá,12791.0,,,2023-08-05 10:13:58.410,6253,1.0,false
190542,190542,ARBOL NAV. 200-2100638 MD,ARBOL NAV. 200-21006,Unid,Panamá,60483.5,,,2023-10-04 08:42:59.423,6257,0.0,false
219683,219683,150-8100955A SANTA DECO 20X18X47CM,SANTA DECO 20X18X47C,Unid,Panamá,78358.0,,,2024-09-25 13:48:36.767,6257,0.0,false
161343,161343,RAMA DECOR 140-5201119,RAMA DECOR 140-52011,Unid,Panamá,17156.0,,,2022-09-14 11:52:36.670,7370,0.0,false
236924,236924,HK-M9226A CESTA CHICO,HK-M9226A CESTA CH,Unid,China,25507.75,,,2025-05-13 09:34:13.233,6275,1.0,false
218618,218618,831-239-2454Z11 JGO 8 ESFERAS,JGO 8 ESFERAS,Unid,Panamá,12967.0,,,2024-09-13 13:57:42.333,6253,0.0,false
217241,217241,831-D032-2403 COLGANTE P/BOTAS,COLGANTE P/BOTAS,Unid,Panamá,63936.0,,,2024-08-26 14:24:54.600,7333,0.0,false
246434,246434,ESTRELLA DE NAVIDAD DE 20 X 25 CM JSR-DEC-24-530,Estrella Brillante,Unid,China,22940.0,,,2025-08-23 01:16:01.083,6257,5.0,false
219803,219803,200-7200005 JGO VILLA C/LUZ A BATERIA,JGO VILLA C/LUZ,Unid,Panamá,183117.0,,,2024-09-26 09:48:50.707,6257,0.0,false
248335,248335,ARBOL DECOR 10X10X30CM 200-2900201,Árbol Decorativo,Unid,Panamá,26840.0,,,2025-09-10 15:48:27.033,6259,0.0,false
18703,18703,RENO DORADO MX24,RENO DORADO MX24,Unid,Paraguay,74372.725,,,2014-11-26 18:19:13.220,6257,0.0,false
250429,250429,RELLENO 72CM PLATEADO  831-AMX018- 2541C,Relleno Plateado,Unid,China,5517.0,,,2025-09-24 11:22:20.477,7370,38.0,false
217065,217065,831-28-2408 CORONA 50.8CM VERDE,CORONA 50.8CM VERDE,Unid,Panamá,124812.0,,,2024-08-23 14:06:11.197,7372,0.0,false
245994,245994,SANTA DECOR REGALO SENTADO 22X11X70CM 150-8101128,SANTA DECOR 22X11X70,Unid,Panamá,73992.0,,,2025-08-21 16:35:42.670,6286,0.0,false
162210,162210,ARBOL 90CM NB23190-68,ARBOL 90CM NB23190-6,Unid,Panamá,60151.1112,,,2022-09-23 11:04:45.323,6258,3.0,false
217265,217265,RAMA DECOR 140-5201559,RAMA DECOR 140-52015,Unid,Panamá,22604.0,,,2024-08-26 15:12:21.637,7370,8.0,false
246438,246438,ALFOMBRA DE NAVIDAD DE 120 CM JSR-DEC-24-539,ALFOMBRA DE NAVIDAD,Unid,China,67448.0,,,2025-08-23 01:26:47.770,6439,2.0,false
162298,162298,FLOR DECOR 140-1500451,FLOR DECOR 140-15004,Unid,Panamá,13521.0,,,2022-09-23 16:53:14.800,7373,0.0,false
162709,162709,BANDEJA 180-3100041,BANDEJA 180-3100041,Unid,Panamá,59354.0,,,2022-09-28 16:34:13.590,6263,7.0,false
217423,217423,CAJA D/REGALO DECOR 200-2100809,CAJA D/REGALO DECOR,Unid,Panamá,205110.0,,,2024-08-28 09:30:02.743,6273,0.0,false
224344,224344,ESTRELLA NAVIDEÑA 15CM KH015-18,ESTRELLA NAVIDEÑA 15,Unid,Paraguay,2727.2725,,,2024-12-06 10:00:13.083,6256,0.0,false
254803,254803,ESTRELLA TOPE DE ARBOL CON PURPURINA SZ2550-365,ESTRELLA TOPE DE ARB,Unid,Panamá,35589.0,,,2025-10-28 11:05:28.503,6256,2.0,false
136614,136614,ARBOL 210C NB24190-129,ARBOL 210C NB24190-1,Unid,Panamá,434956.2706,,,2021-09-15 15:39:20.030,6260,3.0,false
215516,215516,JG BOLA DECOR 130-5001790,JG BOLA 130-5001790,Unid,Panamá,49892.0,,,2024-07-23 11:57:36.480,6253,10.0,false
215759,215759,LETRERO 200-4500035,LETRERO 200-4500035,Unid,Panamá,515279.0,,,2024-07-29 13:44:02.427,6257,1.0,false
250583,250583,ADORNO RENO LED 40CM TRANS 831-D030-2523,ADORNO RENO LED 40CM,Unid,China,158599.0,,,2025-09-24 13:41:24.787,6255,0.0,false
247366,247366,ARBOL DECOR 8X8X30.50CM 180-2500058,Árbol Decorativo,Unid,Panamá,30214.0,,,2025-08-28 14:50:00.253,6259,1.0,false
248274,248274,COJIN 500G BLANCO DETALLE DORADO 170-2701139,COJIN 500G 170-27011,Unid,Panamá,100756.0,,,2025-09-10 11:19:32.057,6289,0.0,false
192384,192384,ESFERA 831-XB044GG,ESFERA 831-XB044GG,Unid,Panamá,41633.0,,,2023-10-26 10:36:34.283,6253,0.0,false
215534,215534,JG CAJAS 200-2100807,CAJAS 200-2100807,Unid,Panamá,177837.0,,,2024-07-23 13:44:15.280,6273,0.0,false
221606,221606,BANDEJA DE CRISTAL GR 201-7600026,BANDEJA DE CRISTAL G,Unid,Panamá,92147.0625,,,2024-10-28 11:25:19.860,6262,0.0,false
191798,191798,PORTA PLATO XM23147-99,PORTA PLATO,Unid,Panamá,12624.0,,,2023-10-20 16:14:42.043,6265,0.0,false
250649,250649,PORTAPLATO 33X33X2CM ROJO 831-BC308-2508,Portaplato Rojo 33cm,Unid,China,11119.0,,,2025-09-24 14:47:01.117,6265,0.0,false
254728,254728,BALDE DECORATIVO CH 201-4600081.,BALDE DECORATIVO CH,Unid,Panamá,99560.25,,,2025-10-27 13:40:54.370,6272,0.0,false
160400,160400,JGO BOLA 4PZ 130-5000447,JGO BOLA 4PZ 130-500,Unid,Panamá,48623.0,,,2022-08-25 08:55:40.833,6253,1.0,false
135230,135230,TREN NAV. C/LUZ MUSICA 201-7800023,TREN NAV. C/LUZ MUSI,Unid,Panamá,344877.7777,,,2021-09-01 15:00:05.240,6257,0.0,false
248391,248391,GUIRNALDA X120CM 201-3600209,GUIRNALDA X120CM 201,Unid,Panamá,55939.0,,,2025-09-11 14:08:36.130,6282,0.0,false
248328,248328,AVE PARADA DECOR 10X18X15CM 200-2400387,Ave Decorativa Roja,Unid,Panamá,43897.0,,,2025-09-10 15:32:59.380,7333,8.0,false
250668,250668,JGO 50 GANCHOS DECO 63CM  831-D120-2512,Juego 50 Ganchos,Unid,China,2154.0,,,2025-09-24 15:07:35.460,6257,0.0,false
254269,254269,BOLSA TRANSP 72X90 ROJA 11200140,BOLSA TRANSP 72X90 R,Unid,Brasil,4244.0,,,2025-10-22 09:34:20.370,6270,86.0,false
214653,214653,CASCANUECES 049-414004,CASCANUECES 049-4140,Unid,Panamá,152072.0,,,2024-07-12 14:53:26.270,7340,0.0,false
217438,217438,ARDILLA DECO 201-3400247,ARDILLA DECO 201-340,Unid,Panamá,43767.0,,,2024-08-28 09:47:56.900,6255,0.0,false
160828,160828,RAMA DECOR 140-5101186,RAMA DECOR 140-51011,Unid,Panamá,30797.0,,,2022-09-02 11:48:45.470,7370,5.0,false
186637,186637,ESTRELLA DECO 130-4200589,ESTRELLA DECO 130-42,Unid,Panamá,19228.0,,,2023-08-03 16:00:07.150,6257,3.0,false
250281,250281,JGO 12 ESFERAS 8CM BRILL 831-XB023-25B1,Juego 12 Esferas 8cm,Unid,China,33529.0,,,2025-09-24 09:44:43.213,6253,0.0,false
135389,135389,JGO BOLA DECOR 130-9501319,Jgo bola,Unid,Panamá,33425.0,,,2021-09-02 12:18:57.103,6253,31.0,false
162212,162212,JG BOLA 4PZ 130-2500751,JG BOLA 4PZ 130-2500,Unid,Panamá,45748.0,,,2022-09-23 11:24:44.713,6253,2.0,false
215836,215836,FLOR 201-3500243,FLOR 201-3500243,Unid,Panamá,17189.0,,,2024-07-30 10:39:50.987,7373,4.0,false
248319,248319,ESTRELLA DECOR 20X5X25CM 200-2100872,Estrella Decorativa,Unid,Panamá,23746.0,,,2025-09-10 14:52:50.217,6256,0.0,false
192367,192367,PUNTA DE ARBOL 831-DO12-023L-G,PUNTA DE ARBOL 831-D,Unid,Panamá,31614.0,,,2023-10-25 16:56:31.130,6257,0.0,false
140202,140202,ALMOHADON HOHOHO,ALMOHADON HOHOHO,Unid,Paraguay,51545.455,,,2021-11-10 15:55:05.030,6289,1.0,false
160323,160323,VELA C/ AROMA 046-966823,Vela Aromática,Unid,Panamá,25346.0,,,2022-08-24 14:07:35.650,6298,0.0,false
246282,246282,DECORACIÓN NAVIDEÑA 29 X 33 CM JSR-DEC-24-482,Lazo Navideño JSR,Unid,China,14117.0,,,2025-08-22 21:38:35.420,6257,0.0,false
219700,219700,180-0700651 PORTAPLATO,PORTAPLATO 180-07006,Unid,Panamá,10117.0,,,2024-09-25 14:51:27.057,6265,1.0,false
226030,226030,Corona Navidad bombones,Corona Navidad bombo,Unid,Paraguay,21818.1818,,,2024-12-20 15:40:28.410,6257,1.0,false
254469,254469,BOLA NAVIDEÑA 15CM ROJO NB2515-762,BOLA NAVIDEÑA 15CM R,Unid,Panamá,13140.0,,,2025-10-23 11:17:46.197,6253,8.0,false
217141,217141,831-P006-29S PORTAPLATO,PORTAPLATO,Unid,Panamá,11013.0,,,2024-08-23 16:10:10.600,6265,0.0,false
247443,247443,ÁRBOL DE NAVIDAD 12X12X20CM 201-5400043,ÁRBOL DE NAVIDAD 12X,Unid,Panamá,76457.0,,,2025-08-28 16:03:07.277,6258,6.0,false
162213,162213,JG BOLA 6PZ 130-2500768,JG BOLA 6PZ 130-2500,Unid,Panamá,42092.0,,,2022-09-23 11:25:38.920,6253,2.0,false
217432,217432,CASCANUECES 200-4100194,CASCANUECES 200-4100,Unid,Panamá,144814.0,,,2024-08-28 09:39:14.920,7340,0.0,false
248180,248180,JG BASTON COLGANTE 6PZ 14CM 130-5001888,Bastones Colgantes,Unid,Panamá,17057.0,,,2025-09-09 15:27:09.100,7333,0.0,false
254798,254798,PORTA VELA C/3 SOPORTES SZ2519-2604,PORTA VELA C/3 SOPOR,Unid,Panamá,105987.0,,,2025-10-28 10:42:43.857,7335,0.0,false
186686,186686,ARBOL DECO 130-7000228,ARBOL DECO 130-70002,Unid,Panamá,32269.0,,,2023-08-04 09:28:11.537,6257,1.0,false
247116,247116,CINTA 6.3CM x 9YDS 130-5400621.,CINTA 6.3CM x 9YDS 1,Unid,Panamá,20309.0,,,2025-08-28 12:09:45.530,6278,0.0,false
186616,186616,CINTA 130-3400269,CINTA 130-3400269,Unid,Panamá,10699.9096,,,2023-08-03 15:15:35.337,6278,8.0,false
248110,248110,JG ADORNO P/ARBOL 3PZ ESFERAS SURT 130-0500181,Adornos Esferas 3P,Unid,Panamá,45738.0,,,2025-09-09 11:40:23.160,6256,36.0,false
217435,217435,CASCANUECES 200-4100283,CASCANUECES 200-4100,Unid,Panamá,157694.0,,,2024-08-28 09:42:14.923,7340,0.0,false
247309,247309,INDIVIDUAL 38X38X0.20CM 180-0600079,INDIVIDUAL 38X38X0.2,Unid,Panamá,11917.0,,,2025-08-28 14:03:24.370,6291,0.0,false
215793,215793,CALENDARIO 201-0900129,CALENDARIO 201-09001,Unid,Panamá,64788.0,,,2024-07-30 10:04:26.783,6257,0.0,false
163648,163648,Talle Navideño 35cm QD2206-688,Talle Navideño 35cm,Unid,Panamá,8474.0,,,2022-10-05 11:13:31.050,7370,2.0,false
169545,169545,BOLSA 60X75 NAVIDAD RUSTICA 53621,BOLSA 60X75 NAVIDAD,Unid,Paraguay,3454.5454,,,2022-11-23 09:23:24.750,6269,13.0,false
254454,254454,SET BOLA NAVIDEÑA 15CM ROJO NB2515-1731,SET BOLA NAVIDEÑA 15,Unid,Panamá,40463.0,,,2025-10-23 10:37:56.753,6253,0.0,false
193571,193571,SET 2 SOBRE FORRADO.,SET 2 SOBRE FORRADO,Unid,Paraguay,109090.91,,,2023-11-10 15:35:55.580,6280,0.0,false
247314,247314,RAMA DECOR 22X21CM 140-5702942,Rama Decorativa 22cm,Unid,Panamá,3524.0,,,2025-08-28 14:04:43.927,7370,23.0,false
247179,247179,ESTRELLA 202-2900034B,Estrella Festiva 202,Unid,Panamá,14099.0,,,2025-08-28 13:17:16.787,6255,0.0,false
250372,250372,PONSETIA 19X30CM 5P ROJO 831-AMX001- 25166C,PONSETIA 19X30CM 5P,Unid,China,4740.0,,,2025-09-24 10:47:17.247,7373,144.0,false
246224,246224,BOLA DE NAVIDAD DE 30 CM JSR-DEC-24-27.,BOLA DE NAVIDAD DE 3,Unid,China,78428.0,,,2025-08-22 18:45:44.793,6253,82.0,false
247429,247429,CAMPANA 200-4200153,CAMPANA 200-4200153,Unid,Panamá,90056.0,,,2025-08-28 15:53:18.440,7339,0.0,false
217290,217290,831-XMFE104-258-221 FALDA D-ARBOL,FALDA D-ARBOL,Unid,Panamá,111352.0,,,2024-08-26 16:32:55.577,6256,0.0,false
246507,246507,2 PCS JUEGO DE CUCHARA Y TENEDOR JSR-DEC-24-862,Cuchara y Tenedor,Unid,China,7844.0,,,2025-08-23 08:55:33.603,6263,0.0,false
254470,254470,BOLA NAVIDEÑA 15CM DORADO NB2515-763,BOLA NAVIDEÑA 15CM D,Unid,Panamá,13140.0,,,2025-10-23 11:21:04.320,6253,1.0,false
215576,215576,GLOBO D/NIEVE CON LUZ  200-4300073,GLOBO 200-4300073,Unid,Panamá,269548.0,,,2024-07-23 15:04:12.410,6257,0.0,false
250633,250633,PORTA TARJETA CAS 3X18CM  831-TN008-2433,Porta Tarjeta 3x18,Unid,China,4999.0,,,2025-09-24 14:24:07.463,6257,4.0,false
248033,248033,COLGANTE CORAZÓN/ESTRELLA/BASTÓN/ARBOL 10C 1085232,COLGANTE CORAZÓN/EST,Unid,Brasil,12685.0,,,2025-09-09 09:41:18.967,7333,297.0,false
218670,218670,831-XK05-24A JGO 8 INDIVIDUALES C/ PORTAVASO,INDIVIDUALES C/ PORT,Unid,Panamá,12784.0,,,2024-09-13 15:19:58.500,6291,0.0,false
254707,254707,PICK DE FLOR NAVIDEÑA ROJO QD2552-3078,PICK DE FLOR NAVIDEÑ,Unid,Panamá,8876.0,,,2025-10-24 16:22:16.563,7373,8.0,false
162265,162265,CINTA 130-5400213,CINTA 130-5400213,Unid,Panamá,25340.0,,,2022-09-23 15:06:22.897,6278,0.0,false
250329,250329,ARREGLO PONSETIA 70CM ROJO 19 831-F002-2505,ARREGLO PONSETIA 70C,Unid,China,22841.0,,,2025-09-24 10:20:07.647,7373,147.0,false
192814,192814,BOTA 831-TQ01-05-23B1,BOTA 831-TQ01-05-23B,Unid,Panamá,48285.0,,,2023-10-31 09:32:00.580,6256,1.0,false
246323,246323,SERVILLETA 16.5 X 16.5 CM 20 PCS JSR-APR25-36,Servilleta 16.5 CM,Unid,China,3137.0,,,2025-08-22 22:35:04.247,7365,6.0,false
250360,250360,PONSETIA 9P 30X30CM ROJO  831-AMX044- 2511A,Poinsetia Roja 30x30,Unid,China,7412.0,,,2025-09-24 10:40:12.383,7373,87.0,false
217270,217270,RAMA DECOR 140-5201576,RAMA DECOR 140-5201,Unid,Panamá,8825.0,,,2024-08-26 15:19:49.667,7370,1.0,false
250399,250399,RELLENO 80CM ROJO-DORA 831-AMX001- 2540C,RELLENO 80CM ROJO-DO,Unid,China,11119.0,,,2025-09-24 11:07:05.400,7370,12.0,false
162512,162512,RAMA 79CM 140-5701253,Rama Decorativa 79cm,Unid,Panamá,15816.0,,,2022-09-28 09:15:44.437,7370,101.0,false
247422,247422,CENTRO DECOR 180-3200078,CENTRO DECOR 180-320,Unid,Panamá,43642.0,,,2025-08-28 15:48:22.380,6257,1.0,false
215273,215273,RAMA 140-2200794,RAMA 140-2200794,Unid,Panamá,33245.0,,,2024-07-23 09:12:52.487,7370,43.0,false
248247,248247,POINSETIA DECOR DORADO 140-3100015,Poinsetia Dorada,Unid,Panamá,6438.0,,,2025-09-09 16:23:00.717,7370,0.0,false
248058,248058,MINI BOX PERRO BUFANDA GRANATE/ROJO 1078632,MINI BOX PERRO BUFAN,Unid,Brasil,13783.0,,,2025-09-09 10:22:12.340,6257,0.0,false
162302,162302,FLOR DECO 140-2500194,FLOR DECO 140-250019,Unid,Panamá,8758.0,,,2022-09-24 08:25:39.503,7373,0.0,false
191215,191215,JGO DE PESEBRE 30848,JGO DE PESEBRE 30848,Unid,Paraguay,188363.6366,,,2023-10-12 14:06:00.080,6288,0.0,false
163660,163660,Tallo de Flor Navideña 29cm QD2239-140,Tallo de Flor,Unid,Panamá,17930.0,,,2022-10-05 11:21:20.630,7370,0.0,false
247262,247262,RAMA DECOR 25X25X6CM 140-4102176,Rama Decorativa 25cm,Unid,Panamá,17876.0,,,2025-08-28 13:50:30.143,7370,46.0,false
162131,162131,BOLA 130-2500150.,BOLA 130-2500150,Unid,Panamá,22619.0,,,2022-09-22 13:42:20.703,6253,1.0,false
247215,247215,ADORNO COLGANTE P/ARBOL 130-1700014,Colgante Festivo,Unid,Panamá,11833.0,,,2025-08-28 13:35:57.473,7333,45.0,false
248377,248377,RAMA DECOR HOJAS FINAS PLATA 201-3500323,Rama Decorativa,Unid,Panamá,13880.0,,,2025-09-11 10:58:21.887,7370,30.0,false
245998,245998,FALDA D/ARBOL FLOR BEIGE 122X122X1CM 160-4503626,Falda Árbol Beige,Unid,Panamá,116430.0,,,2025-08-21 16:41:15.553,6256,0.0,false
248228,248228,MAGNOLIA DECOR BLANCO 140-1200029,MAGNOLIA DECOR BLANC,Unid,Panamá,20987.0,,,2025-09-09 15:57:26.983,7373,18.0,false
246875,246875,CASA DECOR C/LUZ A/BAT3 10.5X9.8X16.8CM 202-510001,CASA DECOR C/LUZ A/B,Unid,Panamá,33074.0,,,2025-08-27 10:26:22.400,6257,0.0,false
256017,256017,ESTABLO REDONDO P/PESEBRE,ESTABLO REDONDO P/PE,Unid,Paraguay,31818.18,,,2025-11-18 15:43:18.087,6288,0.0,false
248102,248102,ESTRELLA C/LUZ 40X40X0.3CM 120-2000375B,Estrella Decorativa,Unid,Panamá,27927.0,,,2025-09-09 11:28:19.093,6257,6.0,false
187754,187754,BOTA HNIEVE 150-8000457B,BOTA HNIEVE 150-8000,Unid,Panamá,42681.0,,,2023-08-14 10:56:42.530,6257,0.0,false
162217,162217,JG BOLA 4PZ 130-2500773,JG BOLA 4PZ 130-2500,Unid,Panamá,42687.0,,,2022-09-23 11:32:01.940,6253,0.0,false
255160,255160,ANGEL CHICO B.A.,ANGEL CHICO B.A.,Unid,Paraguay,109090.91,,,2025-11-05 08:57:56.773,6288,0.0,false
254279,254279,CAJA RECT GLAM GOLD M 35X25X14 1UN 13006057,CAJA RECT GLAM GOLD,Unid,Brasil,20159.0,,,2025-10-22 09:57:15.437,6273,7.0,false
218632,218632,130-9502522 JG BOLA DECOR,130-9502522 JG BOLA,Unid,Panamá,24923.0,,,2024-09-13 14:34:11.760,6253,0.0,false
215393,215393,SANTA 160-4503402,SANTA 160-4503402,Unid,Panamá,129200.0,,,2024-07-23 10:35:08.753,6257,0.0,false
187811,187811,FLORERO 200-5400442,FLORERO 200-5400442,Unid,Panamá,63386.0,,,2023-08-14 16:25:33.067,7373,0.0,false
163500,163500,CANASTA 831-AMX027-320,CANASTA 831-AMX027-3,Unid,Panamá,38536.0,,,2022-10-04 14:38:40.090,6277,2.0,false
215314,215314,BOLA  C/LUZ 130-2501277,BOLA  130-2501277,Unid,Panamá,10897.0,,,2024-07-23 09:40:43.920,6253,0.0,false
256040,256040,ARBOL ENSUEÑO DE CROCHET VERDE CON ROJO MEDIUM,ARBOL ENSUEÑO DE CRO,Unid,Paraguay,65454.545,,,2025-11-19 09:30:03.740,6257,0.0,false
250322,250322,ESFERA 40CM ROJO 24 831-D105-2501R,Esfera Roja 40cm,Unid,China,108950.0,,,2025-09-24 10:12:37.933,6253,14.0,false
140031,140031,PESEBRE GRANDE BEA ALLEN,PESEBRE GRANDE BEA A,Unid,Paraguay,700000.0,,,2021-11-09 14:48:03.460,6288,0.0,false
248502,248502,FLOR MAÑANA D/GLORIA DECOR ROJO 140-5802920,Flor Roja Navidad,Unid,Panamá,8194.0,,,2025-09-12 10:28:22.580,7373,1.0,false
191346,191346,AJAKA G,AJAKA G,Unid,Paraguay,7272.7275,,,2023-10-13 15:19:08.230,6276,0.0,false
247464,247464,PLACA D/PARED 202-1900010,Placa Colgante,Unid,Panamá,88964.0,,,2025-08-28 16:21:12.633,7333,21.0,false
255161,255161,ANGEL CON SAGRADA FAMILIA,ANGEL CON SAGRADA FA,Unid,Paraguay,327272.7266,,,2025-11-05 08:58:19.080,6288,0.0,false
162792,162792,BASE P/ARBOL 201-6100009,BASE P/ARBOL 201-610,Unid,Panamá,199226.5161,,,2022-09-29 10:25:28.580,6256,0.0,false
246273,246273,DECORACIÓN NAVIDEÑA 3 M JSR-DEC-24-337,Banderines Navideños,Unid,China,2157.0,,,2025-08-22 21:20:03.430,6257,2.0,false
247555,247555,GUIRNALDA NAVIDEÑA 9FT X 10 NB25190-304,Guirnalda Navideña,Unid,Panamá,35631.0,,,2025-08-29 16:59:05.730,6282,0.0,false
219884,219884,201-9500072 TIENDA D/JUGUETES C/LUZ,TIENDA D/JUGUETES C/,Unid,Panamá,144943.0,,,2024-09-26 14:27:10.227,6257,0.0,false
246810,246810,ALFOMBRA 60X40X1.50CM 201-6800110,ALFOMBRA 60X40X1.50C,Unid,Panamá,37883.0,,,2025-08-27 09:03:00.047,6439,0.0,false
215050,215050,BOMBILLO DECOR 130-0200123,BOMBILLO 130-0200123,Unid,Panamá,48900.0,,,2024-07-19 09:59:15.000,6257,14.0,false
220251,220251,"CAJA X 6 MEGA ALFAJORES - NAVIDAD 2025",Mega Alfajores,Unid,Paraguay,47727.2727,,,2024-10-04 15:22:27.397,7360,1.0,true
254805,254805,ESTRELLA PARA COLGAR CON PURPURINA SZ2550-436,ESTRELLA PARA COLGAR,Unid,Panamá,8179.0,,,2025-10-28 11:09:59.603,6256,0.0,false
245921,245921,PINO D/NAVIDAD PICUDO 60X15X4CM 140-3400254,Rama Navideña Picuda,Unid,Panamá,11137.0,,,2025-08-21 09:59:27.063,7370,0.0,false
160395,160395,JGO BOLA 4PZ 130-2500757,JGO BOLA 4PZ 130-250,Unid,Panamá,37645.92,,,2022-08-25 08:41:37.360,6253,0.0,false
217436,217436,HOMBRE D/NIEVE DECO 201-3400243,HOMBRE D/NIEVE DECO,Unid,Panamá,52142.0,,,2024-08-28 09:42:22.250,6255,0.0,false
191775,191775,FLOR NAVIDEÑA SZ2319-216,FLOR NAVIDEÑA SZ2319,Unid,Panamá,4928.0,,,2023-10-20 14:30:21.220,7373,0.0,false
256011,256011,KIT COLGANTE AROMATICO,KIT COLGANTE AROMATI,Unid,Paraguay,15454.5458,,,2025-11-18 11:14:21.337,6298,1.0,false
250314,250314,JGO 4 ESFERAS 10CM CAJA 831-239-2477Z23,Juego Esferas Bronce,Unid,China,28444.0,,,2025-09-24 10:07:52.547,6253,1.0,false
215536,215536,ARBOL DECOR 20X20X50CM 200-2900176,ARBOL DECOR 20X20X50,Unid,Panamá,82450.0,,,2024-07-23 13:46:36.027,6257,0.0,false
163364,163364,CAJA D/REGALO NB2219-1768,CAJA D/REGALO NB2219,Unid,Panamá,15878.0,,,2022-09-30 15:57:35.943,6274,8.0,false
220254,220254,TAMBOR GD 201-4600052,TAMBOR GD 201-460005,Unid,Panamá,690840.5,,,2024-10-07 14:13:43.480,6257,0.0,false
257379,257379,VINCHA AÑO NUEVO VIN-FELIZIANO-S,VINCHA AÑO NUEVO,Unid,Paraguay,4431.818,,,2025-12-06 09:18:18.037,6257,8.0,false
248341,248341,GLOBO D/NIEVE NIÑO DIVINO 10X10X13CM 200-7400034,GLOBO D/NIEVE 10X10X,Unid,Panamá,78010.0,,,2025-09-10 16:26:31.353,6257,0.0,false
186806,186806,LINTERNA C/LUZ 180-3300435,LINTERNA C/LUZ 180-3,Unid,Panamá,54757.0,,,2023-08-05 09:38:27.230,6257,0.0,false
221594,221594,CAJA D/REGALO MD 200-2100810,CAJA D/REGALO MD,Unid,Panamá,57070.6666,,,2024-10-28 10:48:24.807,6273,0.0,false
136763,136763,CORONA NAVIDEÑA NB24190-274,CORONA NAVIDEÑA,Unid,Panamá,16756.8545,,,2021-09-17 10:50:05.533,6282,0.0,false
160724,160724,RAMA DECOR 140-4101279,RAMA DECOR 140-41012,Unid,Panamá,17574.0,,,2022-08-31 17:09:25.720,7370,0.0,false
221386,221386,ESTRELLA CHICA,ESTRELLA CHICA,Unid,Paraguay,14545.4545,,,2024-10-22 14:01:23.950,6257,3.0,false
248366,248366,CASA NAV. C/LUZ 19X16X26CM 201-2200225,CASA NAV. C/LUZ 19X1,Unid,Panamá,84531.0,,,2025-09-11 09:03:57.240,6257,0.0,false
162614,162614,VINCHA 170-3100145,VINCHA 170-3100145,Unid,Panamá,12840.0,,,2022-09-28 15:25:05.263,6257,5.0,false
186694,186694,BOLA DECO 130-9500369,BOLA DECO 130-950036,Unid,Panamá,11202.0,,,2023-08-04 09:53:45.193,6253,1.0,false
256447,256447,REPISAS,REPISAS,Unid,Paraguay,45454.545,,,2025-11-25 16:01:54.167,6288,4.0,false
160633,160633,RAMA DECOR 140-4100889,RAMA DECOR 140-41008,Unid,Panamá,12218.0,,,2022-08-30 11:12:41.400,7370,1.0,false
62947,62947,MICRODOT 30LED BLANCO CALIDO 3MTS F:COBRE,Guirnalda LED 3mts,Unid,Paraguay,28282.3968,,,2017-10-30 15:05:16.840,6285,16.0,false
160842,160842,POINSETTIA DECOR 140-5101270,POINSETTIA DECOR 140,Unid,Panamá,32136.0,,,2022-09-02 13:49:33.073,7373,1.0,false
214788,214788,ARBOL 60CM 110-0100045,ARBOL 60CM 110-01000,Unid,Panamá,15583.0,,,2024-07-17 10:51:30.020,6257,1.0,false
254527,254527,SET BOLA NAVIDEÑA 8CM ROJO NB2519-6085,SET BOLA NAVIDEÑA 8C,Unid,Panamá,19318.0,,,2025-10-23 14:46:58.973,6253,67.0,false
186839,186839,ADORNO COLGANTE 200-3200110,ADORNO COLGANTE 200-,Unid,Panamá,21150.0,,,2023-08-05 10:48:33.607,6257,18.0,false
250421,250421,RELLENO BAYAS-CAMPANA 64 831-MX2467-2516,Relleno Bayas,Unid,China,12067.0,,,2025-09-24 11:18:22.357,7370,0.0,false
246823,246823,CAJA DECO 201-7300036,CAJA DECO 201-730003,Unid,Panamá,62517.0,,,2025-08-27 09:11:10.940,6268,4.0,false
135420,135420,PORTAPLATO 180-0700201,Portaplato,Unid,Panamá,9650.0,,,2021-09-02 14:44:59.417,6268,1.0,false
217448,217448,VELA 200-6400542,VELA 200-6400542,Unid,Panamá,34310.0,,,2024-08-28 10:10:07.483,6298,0.0,false
250491,250491,PICK 22CM ROJO-DORA- 831-MXMAS67- 25157P,PICK 22CM ROJO-DORA-,Unid,China,2241.0,,,2025-09-24 11:51:55.430,7370,0.0,false
215884,215884,ADORNO D/PARED 201-3900131,ADORNO 201-3900131,Unid,Panamá,70737.0,,,2024-07-30 11:25:20.697,6257,0.0,false
217341,217341,CASCANUECES 17X12X60CM 160-0300105,CASCANUECES 17X12X60,Unid,Panamá,119407.0,,,2024-08-27 10:34:35.720,7340,0.0,false
250474,250474,ORNAMENTO 7X10CM DORA 831-XMTX215- 2509B,Ornamento Dorado,Unid,China,5257.0,,,2025-09-24 11:43:49.320,6257,0.0,false
246503,246503,"ABRIDOR DE BOTELLA 10,6 CM JSR-DEC-24-852",Abridor Muñeco Nieve,Unid,China,7844.0,,,2025-08-23 08:49:15.843,7337,0.0,false
194683,194683,VELA AROMATICA 175GR,VELA AROMATICA 175GR,Unid,Paraguay,60454.546,,,2023-11-27 11:28:26.433,6298,0.0,false
140056,140056,ESFERA NAVIDEÑA 831-XMTX349-085A,ESFERA NAVIDEÑA 831-,Unid,Paraguay,14921.0,,,2021-11-09 15:32:48.137,6253,1.0,false
254769,254769,ADORNO NAVIDEÑO PARA COLGAR ST2526-250,ADORNO NAVIDEÑO PARA,Unid,Panamá,13487.0,,,2025-10-27 16:04:12.570,7333,0.0,false
250384,250384,GUIRNALDA 3PIES 108PUNTAS  831-XMVI-094S,Guirnalda Navideña,Unid,China,31719.0,,,2025-09-24 10:55:45.950,6282,0.0,false
250665,250665,TAZA NAVIDENA 94CM BLANCO 831-K006-2502,Taza Navideña Blanca,Unid,China,15084.0,,,2025-09-24 15:04:00.550,6266,0.0,false
247036,247036,BOLAS 8CM EN CAJA PVC 6PZS 130-2502283,Bolas Adorno 8cm,Unid,Panamá,30129.0,,,2025-08-28 10:54:40.700,6253,61.0,false
256598,256598,VELA AROMATICA FLOR DE COCO 175GR,VELA AROMATICA 175GR,Unid,Paraguay,59818.182,,,2025-11-28 08:43:30.580,6298,0.0,false
223448,223448,JGO 4PCS ESFERA NAVIDEÑA,JGO 4PCS ESFERA NAVI,Unid,Paraguay,0.0,,,2024-11-25 10:39:53.790,6253,0.0,false
217336,217336,POINSETIA DECOR 140-5802810,POINSETIA DECOR 140-,Unid,Panamá,11077.0,,,2024-08-27 10:27:50.253,7373,0.0,false
254265,254265,SERVILLETA POA NOEL ROJA 20HJ 19001143,SERVILLETA POA NOEL,Unid,Brasil,11734.0,,,2025-10-22 09:26:52.160,6296,0.0,false
217420,217420,ARBOL DECO 20X70CM 201-2200216,ARBOL DECO 20X70CM,Unid,Panamá,36203.0,,,2024-08-28 09:27:49.800,6257,1.0,false
163360,163360,CAJA D/REGALO NB2219-1759,CAJA D/REGALO NB2219,Unid,Panamá,16235.0,,,2022-09-30 15:53:23.927,6274,36.0,false
163487,163487,ESFERAS 831-XMTX349-267,ESFERAS 831-XMTX349,Unid,Panamá,9187.0,,,2022-10-04 13:42:32.257,6253,53.0,false
219838,219838,201-7500104 CASA C/LUZ A BATERIA,CASA C/LUZ A BATERIA,Unid,Panamá,24054.72,,,2024-09-26 11:01:22.490,6257,1.0,false
247513,247513,CORONA 20X6 NB25190-7,CORONA 20X6 NB25190-,Unid,Panamá,42756.0,,,2025-08-29 14:53:25.853,7372,2.0,false
161338,161338,PICK DECOR 140-5201109,PICK DECOR 140-52011,Unid,Panamá,7783.0,,,2022-09-14 11:40:11.370,7373,0.0,false
250375,250375,PONSETIA 19X32CM 5P CREM 831-AMX001- 25165B,PONSETIA 19X32CM 5P,Unid,China,4654.0,,,2025-09-24 10:49:00.733,7373,16.0,false
246264,246264,DECORACIÓN NAVIDEÑA JSR-DEC-24-303,DECORACIÓN NAVIDEÑA,Unid,China,3922.0,,,2025-08-22 20:56:26.973,6257,0.0,false
217245,217245,831-D052-2404A1 BOLSA DE REGALO,BOLSA DE REGALO,Unid,Panamá,9993.0,,,2024-08-26 14:33:20.193,6271,4.0,false
77276,77276,MICRODOT 30LED- BLANCO CALIDO 3MTS F:PLATA,Microdot 30 LED 3m,Unid,Paraguay,28289.6866,,,2018-10-16 09:17:43.990,6285,3.0,false
246256,246256,TAZA DE 350 ML JSR-DEC-24-183,TAZA DE 350 ML,Unid,CALIFORNIA,13920.0,,,2025-08-22 20:46:51.580,6266,1.0,false
254652,254652,INDIVIDUALES NAVIDEÑOS DORADO NB2519-7599,INDIVIDUALES NAVIDEÑ,Unid,Panamá,9050.0,,,2025-10-24 11:59:10.333,6291,0.0,false
217368,217368,JGO COPAS 4PCS 240ML 180-2900520,JGO COPAS 4PCS 240ML,Unid,Panamá,119596.0,,,2024-08-27 11:47:05.920,6267,1.0,false
246878,246878,CASA DECOR 13.7X13.5X15.6CM 202-5100013,CASA DECOR 13.7X13.5,Unid,Panamá,39992.0,,,2025-08-27 10:36:14.360,6257,1.0,false
248315,248315,TAZAS 11OZ 4 SURT 180-1000119,Tazas Navideñas 11oz,Unid,Panamá,8111.0,,,2025-09-10 14:46:00.660,6266,1.0,false
215306,215306,SANTA 150-8101007A,SANTA 150-8101007A,Unid,Panamá,71211.0,,,2024-07-23 09:37:42.880,6257,0.0,false
248460,248460,MALL C/LUZ C/MUS C/MOV A/BAT3 201-9400087U,Adorno Navidad,Unid,Panamá,126425.0,,,2025-09-12 09:10:04.890,6257,2.0,false
250746,250746,PLATO PARA PASTEL P AZEVINHO 1275-316P,PLATO PARA PASTEL P,Unid,Brasil,36990.0,,,2025-09-25 10:54:49.287,6264,0.0,false
160715,160715,POINSETTIA DECOR 140-4101198,POINSETTIA DECOR 140,Unid,Panamá,9875.0,,,2022-08-31 16:48:25.130,7373,0.0,false
246105,246105,VELA VERDE 7.5X7.5X11CM 200-9600381,Vela Verde Navidad,Unid,Panamá,16959.0,,,2025-08-22 14:20:24.660,6298,0.0,false
247183,247183,CASCABELES 202-1000015,CASCABELES 202-10000,Unid,Panamá,85688.0,,,2025-08-28 13:20:27.130,7339,0.0,false
236303,236303,231523 PLATO NAVIDEÑO,Plato Festivo,Unid,China,28010.0,,,2025-05-07 14:08:58.030,6268,73.0,false
247301,247301,ADORNO COLGANTE 28X28X8CM 202-2600028,Adorno Estrella 28cm,Unid,Panamá,47168.0,,,2025-08-28 14:00:09.100,7333,0.0,false
247322,247322,LAZO DECOR 100CM 130-5800487,LAZO DECOR 100CM 130,Unid,Panamá,262364.0,,,2025-08-28 14:14:41.807,6278,0.0,false
245832,245832,ADORNO COLGANTE 40X4X2CM 140-1900302,Adorno Colgante 40cm,Unid,Panamá,10293.0,,,2025-08-20 15:07:49.287,6257,1.0,false
215205,215205,JG BOLAS 130-2501939,JG BOLAS 130-2501939,Unid,Panamá,37801.0,,,2024-07-22 14:49:46.837,6253,0.0,false
248127,248127,BOLA BRILLANTE PLATEADA 12CM JG 1072766,BOLA BRILLANTE PLATE,Unid,Brasil,23996.0,,,2025-09-09 11:48:28.430,6253,82.0,false
135334,135334,CINTA 130-3400263,CINTA 130-3400263,Unid,Panamá,11959.545,,,2021-09-02 10:24:55.893,6278,1.0,false
215766,215766,BOLA 200-6900487,BOLA 200-6900487,Unid,Panamá,19550.0,,,2024-07-29 14:19:09.607,6253,1.0,false
187016,187016,REGALO DECO 201-3700062,REGALO DECO 201-3700,Unid,Panamá,20983.0,,,2023-08-07 15:40:34.780,6257,0.0,false
215561,215561,JG BOLA DECOR 130-5001912,JG BOLA 130-5001912,Unid,Panamá,36473.0,,,2024-07-23 14:44:05.770,6253,1.0,false
163630,163630,"CINTA NAVIDEÑA 2,5x10 NB2236-472","CINTA NAVIDEÑA 2,5x1",Unid,Panamá,13623.1578,,,2022-10-05 10:43:56.230,6278,40.0,false
215233,215233,RENO 130-5001871,RENO 130-5001871,Unid,Panamá,139964.0,,,2024-07-22 15:57:33.777,6257,0.0,false
248389,248389,ESFERA BEIGE DECOR 10X10X10CM 201-3600201,Esfera Beige 10 cm,Unid,Panamá,29766.0,,,2025-09-11 14:02:15.563,7333,51.0,false
246227,246227,TRINEO 20 X 27 X 13 CM JSR-DEC-24-42,TRINEO 20 X 27 X 13,Unid,China,172543.0,,,2025-08-22 19:05:58.023,6257,0.0,false
217088,217088,831-D011-2429 TIENDA D-REGALO LED,TIENDA D-REGALO LED,Unid,Panamá,213530.0,,,2024-08-23 14:38:51.193,6285,0.0,false
248060,248060,OSO SURT. ROJO/VERDE 1049717,OSO SURT. ROJO/VERDE,Unid,Brasil,23073.0,,,2025-09-09 10:23:39.460,6257,4.0,false
119053,119053,PLATO D/FORCE GA820-6A717,PLATO D/FORCE GA820-,Unid,Paraguay,20357.9925,,,2020-12-04 10:52:17.047,6264,0.0,false
186676,186676,CINTA 130-5400348,CINTA 130-5400348,Unid,Panamá,19001.0,,,2023-08-04 09:00:29.077,6278,0.0,false
217097,217097,831-XMVI-090B ARBOL 210CM,ARBOL 210CM 831-XMVI,Unid,Panamá,744790.0,,,2024-08-23 14:46:21.063,6260,0.0,false
163699,163699,PLATO PLASTICO 33x33x2CM XM22171-122,PLATO PLASTICO 33x33,Unid,Panamá,10703.0,,,2022-10-05 13:23:04.110,6264,0.0,false
218666,218666,831-2788-239101429A-R ESFERA BRILLANTE,ESFERA BRILLANTE,Unid,Panamá,51228.0,,,2024-09-13 15:08:05.610,6253,1.0,false
215539,215539,CASA C/LUZ  200-3300035,CASA 200-3300035,Unid,Panamá,170940.0,,,2024-07-23 14:00:43.757,6257,0.0,false
256013,256013,CAPIBARA,CAPIBARA,Unid,Paraguay,63636.36,,,2025-11-18 15:37:44.250,6288,0.0,false
248373,248373,CASA COLGANTE 13X7.50X14CM 201-2200275,CASA COLGANTE 13X7.5,Unid,Panamá,25251.0,,,2025-09-11 09:26:42.543,7333,3.0,false
192859,192859,831-XWB09 BOLSA P/ ORNAMENTOS,BOLSA P/ ORNAMENTOS,Unid,Panamá,95932.1578,,,2023-10-31 11:26:01.640,6269,0.0,false
160661,160661,RAMA DECOR 140-4101090,RAMA DECOR 140-41010,Unid,Panamá,16152.0,,,2022-08-31 15:22:01.047,7370,0.0,false
217173,217173,831-TQ01-2411 COJIN BCO-ROJO-VER,COJIN BCO-ROJO-VER,Unid,Panamá,83922.0,,,2024-08-26 09:27:24.177,6289,0.0,false
215209,215209,JG ARBOLES DECOR 130-2501991,ARBOLES 130-2501991,Unid,Panamá,19497.0,,,2024-07-22 15:20:31.463,6257,0.0,false
163471,163471,JGO 2 UTENSILIOS DE COCINA 831-XDA03-015,JGO 2 UTENSILIOS DE,Unid,Panamá,45492.0,,,2022-10-04 11:38:51.697,6268,18.0,false
246407,246407,"63 MM, 50 YARDAS / ROLLO DE CINTA JSR-DEC-24-646",Cinta Roja Copos 50Y,Unid,China,64606.0,,,2025-08-23 00:41:48.763,6278,0.0,false
163498,163498,ESTRELLA ORNAMENTO 831-XMNBC-0111161C,ESTRELLA ORNAMENTO 8,Unid,Panamá,10169.0,,,2022-10-04 14:34:04.883,6256,1.0,false
217145,217145,831-P006-2415 PORTAPLATO MULTICO,PORTAPLATO MULTICO,Unid,Panamá,11319.0,,,2024-08-23 16:16:40.883,6265,2.0,false
255175,255175,SAGRADA FAMILIA GR B.A.,SAGRADA FAMILIA GR B,Unid,Paraguay,172727.27,,,2025-11-05 09:15:12.440,6288,0.0,false
250642,250642,JGO 8 INDIVIDUALES C-PORTAV 831-XK05-A-1,JGO 8 INDIVIDUALES C,Unid,China,12756.0,,,2025-09-24 14:37:34.953,6291,0.0,false
256667,256667,TAMBOR NAVIDEÑO GR XM25144-38,TAMBOR NAVIDEÑO GR X,Unid,Panamá,136967.5,,,2025-11-29 08:21:06.563,6257,2.0,false
248398,248398,CAJA D/REGALO ROJA ORO 10X10X14CM 201-840056,CAJA D/REGALO DECOR,Unid,Panamá,70318.0,,,2025-09-11 14:35:12.107,6272,0.0,false
186840,186840,ADORNO COLGANTE 200-3200111,ADORNO COLGANTE 200-,Unid,Panamá,32938.0,,,2023-08-05 10:49:09.650,7333,0.0,false
215323,215323,BOLA 130-2501877,BOLA 130-2501877,Unid,Panamá,42417.0,,,2024-07-23 09:44:44.620,6253,1.0,false
258975,258975,PORTA VELA 10.5X10.5X24.5CM 437-5020136,PORTA VELA,Unid,Panamá,40966.0,,,2025-12-22 17:04:52.237,6257,34.0,false
191400,191400,ALAS DE ANGEL,ALAS DE ANGEL,Unid,Paraguay,200000.0,,,2023-10-16 08:29:27.450,6255,2.0,false
163481,163481,ORNAMENTO ESTRELLA 831-XMTX349-234,ORNAMENTO ESTRELLA 8,Unid,Panamá,4549.0,,,2022-10-04 12:03:55.487,6256,0.0,false
246877,246877,CASA DECOR C/LUZ A/BAT3 11.2X8X21CM 202-5100012,CASA DECOR C/LUZ A/B,Unid,Panamá,37124.0,,,2025-08-27 10:30:28.927,6257,1.0,false
164423,164423,CAJA GD  200-2100583,CAJA GD  200-2100583,Unid,Panamá,107436.64,,,2022-10-11 10:59:18.350,6260,0.0,false
248275,248275,CAMINO D/MESA BLANCO DETALLE BLANCO 170-2701140,CAMINO D/MESA 170-27,Unid,Panamá,113465.0,,,2025-09-10 11:21:13.070,6290,0.0,false
250661,250661,ARBOL DECO 515CM DORADO-O 831-D067-2505,ARBOL DECO 515CM DOR,Unid,China,114129.0,,,2025-09-24 14:59:36.637,6260,0.0,false
250489,250489,PICK 40CM ROJO-BLANC 831-XMTX215- 25109S,PICK 40CM ROJO-BLANC,Unid,China,15515.0,,,2025-09-24 11:50:47.350,7370,0.0,false
162782,162782,BOLA COLGANTE 201-3500053,BOLA COLGANTE 201-35,Unid,Panamá,23045.0,,,2022-09-29 09:52:34.800,6253,4.0,false
160589,160589,RAMA 140-1500397,RAMA 140-1500397,Unid,Panamá,17825.0,,,2022-08-30 09:03:45.173,7370,14.0,false
256036,256036,ARBOL DE BUENA NOCHE MAXI,ARBOL DE BUENA NOCHE,Unid,Panamá,87272.7266,,,2025-11-19 09:26:14.233,6257,0.0,false
250559,250559,BOTA NAVIDENA 508CM 24 831-CS009-2511,BOTA NAVIDENA 508CM,Unid,China,33184.0,,,2025-09-24 13:20:02.480,6255,0.0,false
254806,254806,GANCHO DE METAL CON PURPURINA SZ2550-453,GANCHO DE METAL CON,Unid,Panamá,8528.0,,,2025-10-28 11:12:25.110,6257,0.0,false
250325,250325,PONSETIA 30X20CM 8P DORA 831-AMX001- 25201B,PONSETIA 30X20CM 8P,Unid,China,12756.0,,,2025-09-24 10:17:49.337,7373,179.0,false
221597,221597,CAJA D/REGALO MD 200-2100799,CAJA D/REGALO MD,Unid,Panamá,66102.0,,,2024-10-28 11:01:19.373,6273,0.0,false
254741,254741,CANASTA NAVIDAD CH VER 831-XDA33-2502,CANASTA NAVIDAD CH V,Unid,China,25065.5625,,,2025-10-27 14:22:28.523,6275,3.0,false
191344,191344,ESTRELLA NEGRA P,ESTRELLA NEGRA P,Unid,Paraguay,9090.9091,,,2023-10-13 15:07:48.923,6257,0.0,false
254797,254797,PORTA VELA WREATH C/ 4 SOPORTES SZ2519-2597,PORTA VELA WREATH C/,Unid,Panamá,39593.0,,,2025-10-28 10:38:22.897,7335,1.0,false
160405,160405,JG BOLA 4PZ 130-5000513,JG BOLA 4PZ 130-5000,Unid,Panamá,43350.0,,,2022-08-25 10:16:45.997,6253,0.0,false
247452,247452,POTE 36X11.50X13.80CM 202-1600005,POTE 36X11.50X13.80C,Unid,Panamá,86954.0,,,2025-08-28 16:11:26.870,6257,0.0,false
186800,186800,ADORNO COLGANTE 180-2200231,ADORNO COLGANTE 180-,Unid,Panamá,5935.0,,,2023-08-05 09:19:47.947,7333,3.0,false
245700,245700,INDIVIDUAL 38X0.6CM 085-825707,INDIVIDUAL 38X0.6CM,Unid,Panamá,7593.0,,,2025-08-19 15:54:17.783,6291,0.0,false
248332,248332,OSO DECOR 16X16X25CM 200-2400398,Oso Decorativo,Unid,Panamá,58613.0,,,2025-09-10 15:43:31.670,6255,0.0,false
135376,135376,CINTA 2SURT 130-5400228,CINTA 2SURT 130-5400,Unid,Panamá,15966.175,,,2021-09-02 11:53:07.423,6278,11.0,false
187726,187726,RAMA DECOR 140-1300751,RAMA DECOR 140-13007,Unid,Panamá,30208.0,,,2023-08-14 09:36:41.130,7370,0.0,false
247209,247209,ADORNO COLGANTE P/ARBOL 5.70X4.90X15CM 130-1700001,Adorno Colgante,Unid,Panamá,14015.0,,,2025-08-28 13:32:49.697,7333,0.0,false
215567,215567,CINTA 130-5400450,CINTA 130-5400450,Unid,Panamá,24225.0,,,2024-07-23 14:55:01.183,6278,0.0,false
222352,222352,BOLSA 52X70 NOEL VICTORIANO 87065,BOLSA 52X70 NOEL VIC,Unid,Paraguay,2872.7272,,,2024-11-05 16:02:55.977,6271,38.0,false
142991,142991,ESTRELLA DE HIERRO. VELERO,ESTRELLA DE HIERRO.,Unid,Paraguay,152727.2733,,,2021-12-11 08:55:45.357,6288,2.0,false
217165,217165,831-MX2467-2417S POINSETIA 23CM ROJO/VERDE,POINSETIA 23CM RJ/VD,Unid,Panamá,4078.0,,,2024-08-24 08:32:36.793,7373,7.0,false
253995,253995,PORTAVELA 10X11CM 201-3900151,PORTAVELA 10X11CM 20,Unid,Panamá,41681.0,,,2025-10-17 10:55:40.570,7335,0.0,false
218656,218656,831-D049-2412 JGO 4 PAPEL D-REGALO,JGO 4 PAPEL D-REGALO,Unid,Panamá,24831.0,,,2024-09-13 14:55:58.417,6268,0.0,false
250548,250548,FIG SANTA-SRA 30CM DORAD 831-321-2505H,Figura Santa Dorada,Unid,China,24652.0,,,2025-09-24 13:12:07.050,6255,1.0,false
254126,254126,BOLAS NAVIDEÑAS 8CM ROJO C/PULPURINA NB2515-1153,BOLAS NAVIDEÑAS ROJO,Unid,Panamá,14357.0,,,2025-10-20 16:23:34.640,6253,0.0,false
219568,219568,130-9502626 JG BOLA DECOR,130-9502626 JG BOLA,Unid,Panamá,24923.0,,,2024-09-23 15:40:48.333,6253,0.0,false
247315,247315,LAZO DECOR 34CM 130-5800485,Lazo Rojo 34cm,Unid,Panamá,23080.0,,,2025-08-28 14:08:50.590,6278,0.0,false
215898,215898,ALFOMBRA 201-6800059,ALFOMBRA 201-6800059,Unid,Panamá,52324.0,,,2024-07-30 11:47:07.940,6257,1.0,false
247465,247465,JG REPISA 3NIV 27X27X51CM 202-2900018,JG REPISA 3NIV 27X27,Unid,Panamá,79391.0,,,2025-08-28 16:21:50.683,6257,0.0,false
161632,161632,BUZON DECOR 200-4500004,BUZON DECOR 200-4500,Unid,Panamá,109463.0,,,2022-09-16 16:33:48.000,6257,0.0,false
248385,248385,CASA DECOR 18.50X23.50X28CM 201-3500360,CASA DECOR 18.50X23.,Unid,Panamá,100332.0,,,2025-09-11 13:55:57.243,6257,0.0,false
217431,217431,CASCANUECES 200-4100193,CASCANUECES 200-4100,Unid,Panamá,66013.0,,,2024-08-28 09:38:15.303,7340,0.0,false
257352,257352,Bolsa Arpillera Celebra - G - Navidad,Bolsa Arpillera Cele,Unid,Paraguay,42545.455,,,2025-12-05 11:25:23.257,6269,0.0,false
136785,136785,CORONA NAVIDEÑA NB24190-285,CORONA NAVIDEÑA,Unid,Panamá,49318.125,,,2021-09-17 11:07:32.373,7372,0.0,false
254647,254647,INDIVIDUALES NAVIDEÑOS DORADO NB2519-7590,INDIVIDUALES NAVIDEÑ,Unid,Panamá,10355.0,,,2025-10-24 11:47:13.740,6291,78.0,false
215803,215803,ADORNO P/COLGAR ARBOL 130-7000355,ADORNO P/COLGAR,Unid,Panamá,12968.0,,,2024-07-30 10:12:59.503,6256,0.0,false
246235,246235,ESTRELLA DE NAVIDAD DE 12 CM JSR-DEC-24-69,Estrella Roja 12 cm,Unid,China,10686.0,,,2025-08-22 19:31:42.627,6257,27.0,false
254779,254779,TREN DE NAVIDAD CON SONIDO Y LUZ 4PCS X 1.5V SZ251,TREN DE NAVIDAD CON,Unid,Panamá,217370.0,,,2025-10-27 16:24:14.480,6284,0.0,false
160810,160810,RAMA DECOR 140-5101171,RAMA DECOR 140-51011,Unid,Panamá,14813.0,,,2022-09-02 10:57:57.760,7370,0.0,false
245717,245717,JG NAV NACIMIENTO 8PZ 8PZ9.7CM 100-0500380,Pesebre Navidad 8Pz,Unid,Panamá,69098.0,,,2025-08-19 16:03:16.167,6288,0.0,false
247524,247524,ARBOL 210CM NB25190-96,ARBOL 210CM NB25190-,Unid,Panamá,442974.0,,,2025-08-29 15:37:34.923,6260,1.0,false
219856,219856,201-9200071 LINTERNA,LINTERNA 201-9200071,Unid,Panamá,45526.0,,,2024-09-26 11:20:31.690,6257,0.0,false
247087,247087,CINTA 6CM 130-3400618,CINTA 6CM 130-340061,Unid,Panamá,18381.0,,,2025-08-28 11:58:06.197,6278,0.0,false
247144,247144,JG BOLA DECOR 6PZ 130-5002223,Bolas Decorativas,Unid,Panamá,43390.0,,,2025-08-28 12:19:51.850,6253,4.0,false
256050,256050,ARBOL LAZO DE CROCHET BEIGE SMALL,ARBOL LAZO DE CROCHE,Unid,Paraguay,56000.0,,,2025-11-19 09:56:11.667,6257,0.0,false
135311,135311,BOLA DECOR 130-1200032,Bola deco,Unid,Panamá,17189.0,,,2021-09-02 09:31:38.493,6253,2.0,false
250535,250535,FIG OSO 22X23X21CM 8 831-XMTX353- 2456,FIG OSO 22X23X21CM 8,Unid,China,73952.0,,,2025-09-24 13:04:44.470,6255,0.0,false
246340,246340,"CINTA DE 6,3 CM X 10 YARDAS JSR-DEC-24-499","CINTA DE 6,3 CM X 10",Unid,China,15686.0,,,2025-08-22 23:21:27.143,6278,0.0,false
217134,217134,831-D015-2412 VASO TEQUILA 62ML,VASO TEQUILA 62ML,Unid,Panamá,5506.0,,,2024-08-23 15:48:32.607,6267,3.0,false
254834,254834,GUIRNALDA CON 5 CAMPANAS XM25200-78,GUIRNALDA CON 5 CAMP,Unid,Panamá,60392.0,,,2025-10-28 13:36:13.627,6282,2.0,false
192744,192744,JUEGO 12  ESFERAS 831-XB021G,JUEGO 12  ESFERAS 83,Unid,Panamá,31095.0,,,2023-10-30 15:40:12.230,6268,2.0,false
254294,254294,CIERRE PRATICO PLATA 100UN 509,CIERRE PRATICO PLATA,Unid,Brasil,15646.0,,,2025-10-22 10:22:17.123,6270,0.0,false
161344,161344,RAMA DECOR 140-5201121,RAMA DECOR 140-52011,Unid,Panamá,17156.0,,,2022-09-14 11:53:54.207,7370,7.0,false
250432,250432,RELLENO 75CM TORNASOL 1 831-AMX018-2553I,Relleno Tornasol,Unid,China,6206.0,,,2025-09-24 11:24:02.360,7370,1.0,false
254464,254464,CAJA GORRO NOEL HOHO M 1020649,CAJA GORRO NOEL M,Unid,Brasil,15157.025,,,2025-10-23 11:05:04.127,6273,14.0,false
217252,217252,831-XB035Z14 JGO 4 ESFERAS BRILLANTE,JGO 4 ESFERAS BRILLA,Unid,Panamá,20696.0,,,2024-08-26 14:58:25.100,6253,0.0,false
217127,217127,831-D015-2407 VASO ESFERA 392 ML,VASO ESFERA 392 ML,Unid,Panamá,13154.0,,,2024-08-23 15:39:17.393,6267,1.0,false
248064,248064,RAMA GRANDE HOJAS VERDE 61CM 1006727,RAMA GRANDE HOJAS VE,Unid,Brasil,7991.0,,,2025-09-09 10:27:12.633,7370,2.0,false
254882,254882,ESTACA DE METAL CON SANTA MERRY CHRISTMAS XM2597-2,ESTACA DE METAL CON,Unid,Panamá,47860.0,,,2025-10-29 13:43:33.903,6257,0.0,false
190323,190323,CESTA 201-6100013 CH,CESTA 201-6100013 CH,Unid,Panamá,23909.2,,,2023-10-01 10:51:16.320,6275,0.0,false
215498,215498,ADORNO COLGANTE 130-5001667,ADORNO 130-5001667,Unid,Panamá,10447.0,,,2024-07-23 11:39:36.690,7333,0.0,false
193381,193381,ADORNO NAVIDEÑO,ADORNO NAVIDEÑO,Unid,Paraguay,14181.8143,,,2023-11-08 10:36:40.667,6257,1.0,false
246059,246059,CAMPANAS DORADAS 22X12X6.50CM 200-2000450,CAPANAS 22X12X6.50CM,Unid,Panamá,14090.0,,,2025-08-22 11:10:05.610,7339,0.0,false
