sku,proveedor_id,ultima_fecha_compra,ultimo_precio_pyg,ultima_cantidad,total_cantidad_historica,total_lineas_compra
215907,364,2024-10-18,0.63,288.0,288.0,1
217491,364,2025-08-29,16.03,20.0,40.0,2
248330,364,2025-09-19,3.13,96.0,96.0,1
248039,3659,2025-10-24,3.05,45.0,45.0,1
247309,364,2025-08-29,1.42,100.0,100.0,1
248159,3659,2025-10-30,2.79,72.0,72.0,1
142552,2613,2024-12-09,6136.36364,24.0,24.0,1
78360,1362,2024-12-03,909090.90909,1.0,1.0,1
236309,1654,2025-07-14,1.84,36.0,36.0,1
248141,3659,2025-10-30,2.41,96.0,96.0,1
248019,3659,2025-10-24,1.75,144.0,144.0,1
246331,1654,2025-08-22,0.67,100.0,100.0,1
257100,3712,2025-12-06,57272.72727,20.0,20.0,1
257543,2127,2025-12-17,100454.54545,5.0,5.0,1
215919,364,2025-11-24,12.93,4.0,8.0,2
246330,1654,2025-08-22,0.62,100.0,100.0,1
217145,1393,2024-10-14,1.11,150.0,150.0,1
247157,364,2025-08-29,44.27,4.0,4.0,1
250299,1393,2025-09-26,3.06,54.0,54.0,1
217435,364,2024-10-18,17.51,6.0,6.0,1
247523,3960,2025-09-22,29.78,18.0,18.0,1
256007,4110,2025-12-01,100000.0,2.0,2.0,1
248525,364,2025-09-19,3.52,54.0,54.0,1
246873,364,2025-09-08,1.99,96.0,96.0,1
248358,364,2025-09-19,11.43,4.0,4.0,1
247267,364,2025-08-29,2.68,48.0,48.0,1
248082,3659,2025-10-24,1.61,144.0,144.0,1
215555,364,2024-11-07,9.32,12.0,12.0,1
220545,3069,2024-12-21,13636.36364,12.0,142.0,7
217544,364,2024-10-18,6.59,8.0,8.0,1
79011,1362,2025-11-26,109090.90909,5.0,10.0,2
215012,364,2024-10-18,4.18,72.0,72.0,1
192859,1393,2024-10-14,9.5,18.0,18.0,1
215522,364,2024-10-01,16.92,6.0,6.0,1
215010,364,2024-10-18,15.13,20.0,20.0,1
214654,364,2025-08-29,3.34,144.0,288.0,2
254075,1926,2025-11-24,8.47,8.0,8.0,1
117083,1362,2024-10-04,268636.36364,4.0,4.0,1
247081,364,2025-08-29,2.54,96.0,96.0,1
222315,1362,2024-11-05,329090.90909,2.0,2.0,1
218590,1393,2024-11-07,14.12,12.0,12.0,1
247302,364,2025-08-29,1.1,144.0,144.0,1
221871,1362,2024-10-30,1800000.0,2.0,2.0,1
234025,1654,2025-07-14,3.73,24.0,24.0,1
248167,3659,2025-10-30,4.31,128.0,128.0,1
254784,3069,2025-12-17,127272.72727,1.0,26.0,7
217072,1393,2024-10-14,2.0,240.0,240.0,1
247198,364,2025-08-29,1.0,192.0,192.0,1
205740,941,2025-11-11,10909.09091,12.0,22.0,2
250330,1393,2025-09-26,0.32,480.0,480.0,1
215808,364,2024-10-18,2.78,48.0,48.0,1
215871,364,2024-10-18,2.96,48.0,48.0,1
246273,1654,2025-08-22,0.22,100.0,100.0,1
217498,364,2024-10-18,10.29,12.0,12.0,1
217506,364,2024-10-18,8.32,12.0,12.0,1
250354,1393,2025-09-26,0.76,360.0,360.0,1
254292,3659,2025-10-22,1.56,250.0,250.0,1
247275,364,2025-08-29,4.2,48.0,48.0,1
245957,364,2025-09-08,2.01,96.0,96.0,1
250381,1393,2025-09-26,3.37,120.0,120.0,1
254786,1926,2025-11-24,8.76,24.0,24.0,1
254714,1926,2025-11-24,1.04,360.0,360.0,1
217432,364,2024-10-18,16.08,6.0,6.0,1
217040,1393,2024-10-14,0.71,240.0,240.0,1
245837,364,2025-09-08,18.74,12.0,12.0,1
217330,364,2024-10-18,1.68,120.0,120.0,1
248519,364,2025-09-19,6.93,24.0,24.0,1
217294,1393,2024-10-14,1.33,48.0,48.0,1
254282,3659,2025-10-22,2.66,20.0,20.0,1
206875,364,2024-10-01,6.96,16.0,20.0,2
247025,364,2025-08-29,3.13,72.0,72.0,1
247375,364,2025-08-29,4.66,12.0,12.0,1
215540,364,2024-10-01,12.22,8.0,8.0,1
217351,364,2024-10-18,11.27,18.0,18.0,1
247372,364,2025-08-29,12.47,16.0,16.0,1
215016,364,2024-10-18,11.79,18.0,18.0,1
217226,1393,2024-10-14,2.59,36.0,36.0,1
217243,1393,2024-10-14,3.68,48.0,48.0,1
219893,364,2024-11-07,4.6,32.0,32.0,1
220922,1074,2024-11-07,9545.45455,36.0,68.0,2
247213,364,2025-08-29,1.63,144.0,144.0,1
254641,1926,2025-11-24,3.89,24.0,24.0,1
247343,364,2025-08-29,0.53,288.0,288.0,1
247050,364,2025-08-29,4.65,72.0,72.0,1
215203,364,2024-11-07,0.41,144.0,144.0,1
215431,364,2024-10-18,3.32,48.0,48.0,1
256011,4110,2025-12-01,15454.54545,12.0,12.0,1
247042,364,2025-08-29,4.86,36.0,36.0,1
222377,3544,2024-11-08,54545.45455,3.0,3.0,1
248031,3659,2025-10-24,3.48,108.0,108.0,1
254722,29,2025-12-20,2833.52212,1.0,11.0,2
248033,3659,2025-10-24,1.27,360.0,360.0,1
62921,370,2025-10-10,48654.54545,120.0,240.0,2
247369,364,2025-08-29,1.21,24.0,24.0,1
248079,3659,2025-10-24,4.75,18.0,18.0,1
219905,364,2024-11-07,2.33,48.0,48.0,1
218662,364,2024-11-07,4.55,18.0,18.0,1
214788,364,2024-10-01,1.65,40.0,40.0,1
76705,1393,2025-09-26,1.71,72.0,72.0,1
246025,364,2025-09-08,3.72,48.0,48.0,1
250327,1393,2025-09-26,0.97,240.0,240.0,1
247540,3960,2025-09-22,6.99,36.0,36.0,1
254279,3659,2025-10-22,2.01,40.0,40.0,1
206356,1654,2025-07-14,1.36,48.0,96.0,2
245832,364,2025-09-08,1.22,96.0,96.0,1
248494,364,2025-09-19,1.48,72.0,72.0,1
246440,1654,2025-08-22,6.88,24.0,24.0,1
256052,2502,2025-11-21,71272.72727,2.0,2.0,1
245911,364,2025-09-08,1.21,192.0,192.0,1
215444,364,2024-10-18,1.43,134.0,134.0,1
248424,364,2025-09-19,10.69,18.0,18.0,1
144850,941,2024-11-15,1818.18182,435.0,735.0,2
250437,1393,2025-09-26,0.94,288.0,288.0,1
247040,364,2025-08-29,3.97,48.0,48.0,1
247520,3960,2025-09-22,2.77,48.0,48.0,1
247318,364,2025-08-29,2.32,144.0,144.0,1
166442,2798,2025-12-11,38181.81818,7.0,29.0,5
250373,1393,2025-09-26,0.74,240.0,240.0,1
217154,1393,2025-09-26,9.41,10.0,20.0,2
62925,370,2025-10-10,71200.0,72.0,144.0,2
247354,364,2025-08-29,7.5,24.0,24.0,1
217257,364,2024-10-18,0.79,576.0,576.0,1
219882,364,2024-11-07,15.59,6.0,6.0,1
216870,364,2024-10-18,1.76,108.0,108.0,1
250347,1393,2025-09-26,0.74,240.0,240.0,1
245927,364,2025-09-08,6.85,36.0,36.0,1
217418,364,2024-10-18,2.94,48.0,48.0,1
114243,364,2025-11-24,0.31,192.0,384.0,2
217138,1393,2024-10-14,6.64,18.0,18.0,1
246294,1654,2025-08-22,0.46,100.0,100.0,1
219818,364,2024-11-07,6.31,6.0,6.0,1
245943,364,2025-09-08,1.13,192.0,192.0,1
217553,364,2024-10-18,8.88,24.0,24.0,1
194148,941,2024-10-21,18181.81818,24.0,24.0,1
217448,364,2024-10-18,3.81,12.0,12.0,1
250484,1393,2025-09-26,0.78,72.0,72.0,1
247089,364,2025-08-29,2.37,48.0,48.0,1
221232,941,2025-11-11,4545.45455,12.0,30.0,2
215879,364,2024-10-18,1.88,36.0,36.0,1
246502,1654,2025-08-22,1.12,50.0,50.0,1
257353,639,2025-12-09,34863.63636,6.0,6.0,1
220253,1654,2025-07-14,5.4,48.0,48.0,1
217275,1393,2024-10-14,4.03,12.0,12.0,1
246260,1654,2025-08-22,0.98,50.0,50.0,1
248475,364,2025-09-19,6.31,12.0,12.0,1
217061,1393,2024-10-14,1.38,200.0,200.0,1
253995,364,2025-11-24,4.79,18.0,18.0,1
247147,364,2025-08-29,4.3,48.0,48.0,1
247408,364,2025-08-29,6.23,12.0,12.0,1
217231,364,2024-10-18,0.89,648.0,648.0,1
217455,364,2024-10-18,35.16,2.0,2.0,1
247252,364,2025-08-29,2.05,144.0,144.0,1
254724,4047,2025-12-23,4545.45455,5.0,5.0,1
215390,364,2024-10-18,12.75,12.0,12.0,1
217266,364,2024-10-18,0.76,576.0,576.0,1
254803,1926,2025-11-24,4.09,24.0,24.0,1
254484,1926,2025-11-24,13.49,16.0,16.0,1
217219,1393,2024-10-14,14.68,36.0,36.0,1
245920,364,2025-09-08,6.55,16.0,16.0,1
187825,364,2024-10-01,6.52,24.0,24.0,1
247034,364,2025-08-29,20.33,6.0,6.0,1
219837,364,2025-09-08,3.07,48.0,96.0,2
247978,3659,2025-10-24,1.46,72.0,72.0,1
246729,364,2025-09-08,1.79,48.0,48.0,1
217350,364,2024-10-18,8.24,18.0,18.0,1
258975,364,2026-03-16,5.27,36.0,36.0,1
217089,364,2024-10-18,2.34,72.0,72.0,1
248382,364,2025-09-19,1.85,96.0,96.0,1
206308,1654,2025-07-14,97.39,2.0,4.0,2
215451,364,2024-10-18,1.48,132.0,132.0,1
247121,364,2025-08-29,4.9,72.0,72.0,1
215903,364,2024-10-01,7.54,48.0,48.0,1
217245,1393,2024-10-14,0.98,500.0,500.0,1
219796,3659,2024-10-22,2.4,24.0,24.0,1
246102,364,2025-09-08,3.98,24.0,24.0,1
250652,1393,2025-09-26,30.89,1.0,1.0,1
217307,1393,2024-10-14,3.37,38.0,38.0,1
248071,3659,2025-10-24,25.27,20.0,20.0,1
167889,2501,2025-11-19,41045.45455,200.0,320.0,6
216873,364,2024-10-18,2.34,144.0,144.0,1
223442,2613,2024-12-09,4772.72727,24.0,30.0,2
191358,941,2024-11-15,9090.90909,25.0,42.0,2
217451,364,2024-10-18,2.34,24.0,24.0,1
250571,1393,2025-09-26,5.31,48.0,48.0,1
256006,4110,2025-12-01,100000.0,2.0,2.0,1
248343,364,2025-09-19,14.47,8.0,8.0,1
245951,364,2025-09-08,9.87,12.0,12.0,1
254673,1926,2025-11-24,2.45,72.0,72.0,1
254863,3784,2025-12-17,35000.0,8.0,17.0,3
194053,2941,2025-12-20,56636.36364,2.0,8.0,4
215882,364,2024-10-18,2.02,96.0,96.0,1
250311,1393,2025-09-26,2.62,24.0,24.0,1
217227,1393,2024-10-14,2.34,36.0,36.0,1
247320,364,2025-08-29,2.47,72.0,72.0,1
245989,364,2025-09-08,11.1,12.0,12.0,1
215508,364,2024-10-18,4.86,48.0,48.0,1
254814,1926,2025-11-24,1.49,108.0,108.0,1
247194,364,2025-08-29,0.71,504.0,504.0,1
215880,364,2025-08-29,4.52,36.0,72.0,2
247543,3960,2025-09-22,40.82,24.0,24.0,1
247100,364,2025-08-29,4.15,48.0,48.0,1
245976,364,2025-09-08,11.1,12.0,12.0,1
217246,1393,2024-10-14,1.26,240.0,240.0,1
125152,94,2025-12-23,9090.90909,36.0,562.0,11
219874,3659,2024-10-22,3.79,15.0,15.0,1
245726,364,2025-09-08,5.35,36.0,36.0,1
247033,364,2025-08-29,16.79,6.0,6.0,1
247175,364,2025-08-29,1.39,96.0,96.0,1
217086,364,2024-10-18,2.16,144.0,144.0,1
219847,3659,2024-10-22,5.44,12.0,12.0,1
257048,129,2025-12-03,90909.09091,2.0,2.0,1
217216,1393,2024-10-14,5.39,24.0,24.0,1
245684,364,2025-09-08,34.86,6.0,6.0,1
215875,364,2024-10-18,3.85,36.0,36.0,1
250659,1393,2025-09-26,4.57,48.0,48.0,1
248029,3659,2025-10-24,3.37,48.0,48.0,1
219572,364,2024-11-07,2.08,36.0,36.0,1
246067,364,2025-09-08,3.32,48.0,48.0,1
194055,2941,2025-12-17,101818.18182,4.0,10.0,4
217533,364,2024-10-18,12.6,4.0,4.0,1
250383,1393,2025-09-26,8.79,36.0,36.0,1
246338,1654,2025-08-22,1.6,50.0,50.0,1
247526,3960,2025-09-22,4.23,48.0,48.0,1
217135,1393,2024-10-14,2.62,12.0,12.0,1
217481,364,2024-10-18,2.86,24.0,24.0,1
248231,364,2025-09-19,1.5,144.0,144.0,1
248375,364,2025-09-19,1.66,120.0,120.0,1
250744,3515,2025-11-28,6.14,12.0,12.0,1
247227,364,2025-08-29,1.84,48.0,48.0,1
256630,2941,2025-12-17,19090.90909,10.0,10.0,1
247377,364,2025-08-29,3.02,24.0,24.0,1
195124,1362,2024-12-17,189090.90909,8.0,25.0,6
246736,364,2025-09-08,1.59,72.0,72.0,1
254716,975,2025-10-28,10836.36364,3.0,3.0,1
247037,364,2025-08-29,3.79,72.0,72.0,1
247475,364,2025-08-29,4.79,24.0,24.0,1
258438,2501,2025-12-19,139361.81818,11.0,11.0,1
206462,1654,2025-07-14,3.16,48.0,96.0,2
250476,1393,2025-09-26,0.61,72.0,72.0,1
248158,364,2025-09-19,1.34,108.0,108.0,1
217153,1393,2024-10-14,8.06,10.0,10.0,1
219860,364,2024-11-07,4.0,24.0,24.0,1
206440,1654,2025-07-14,2.68,48.0,96.0,2
217509,364,2024-10-18,47.5,2.0,2.0,1
218630,364,2024-11-07,8.58,48.0,48.0,1
256413,3418,2025-12-19,94818.18182,15.0,15.0,1
206442,1654,2025-07-14,3.16,48.0,96.0,2
187803,364,2025-09-19,3.58,24.0,24.0,1
223248,2728,2024-11-22,26363.63636,100.0,100.0,1
256633,2941,2025-12-20,152727.27273,3.0,6.0,2
215204,364,2024-11-07,4.02,24.0,24.0,1
246749,364,2025-09-08,0.84,144.0,144.0,1
247052,364,2025-08-29,5.15,48.0,48.0,1
245994,364,2025-09-08,8.77,12.0,12.0,1
247266,364,2025-08-29,2.71,72.0,72.0,1
247353,364,2025-08-29,11.19,12.0,12.0,1
162196,1926,2024-09-17,62.1,18.0,18.0,1
217295,1393,2024-10-14,4.17,57.0,57.0,1
247996,3659,2025-10-24,7.29,150.0,150.0,1
248370,364,2025-09-19,1.32,128.0,128.0,1
247057,364,2025-08-29,4.46,48.0,48.0,1
248011,3659,2025-10-24,3.31,960.0,960.0,1
166445,2798,2025-12-02,35000.0,3.0,5.0,2
250376,1393,2025-09-26,0.71,288.0,288.0,1
247118,364,2025-08-29,1.31,48.0,48.0,1
256013,129,2025-11-18,63636.36364,1.0,1.0,1
247973,3659,2025-10-24,0.86,72.0,72.0,1
136789,1926,2024-09-17,2.7,72.0,72.0,1
250632,1393,2025-09-26,69.15,2.0,2.0,1
246513,1654,2025-08-22,0.88,50.0,50.0,1
218627,1393,2024-11-07,3.42,24.0,24.0,1
257870,2941,2025-12-20,25454.54545,8.0,8.0,1
250467,1393,2025-09-26,0.78,24.0,24.0,1
217438,364,2024-10-18,4.86,36.0,36.0,1
250544,1393,2025-09-26,4.63,24.0,24.0,1
247214,364,2025-08-29,4.44,72.0,72.0,1
245761,364,2025-09-08,2.53,36.0,36.0,1
255412,2798,2025-11-12,26727.27273,8.0,8.0,1
218657,364,2024-11-07,3.29,36.0,36.0,1
246879,364,2025-09-08,2.27,48.0,48.0,1
160317,364,2025-08-29,1.54,96.0,240.0,2
247226,364,2025-08-29,1.45,120.0,120.0,1
193571,3406,2024-11-11,109090.90909,5.0,5.0,1
160316,364,2025-08-29,10.84,12.0,60.0,2
215772,364,2024-10-01,2.03,64.0,64.0,1
250639,1393,2025-09-26,10.53,12.0,12.0,1
255562,2798,2025-11-12,26727.27273,8.0,8.0,1
248315,364,2025-09-19,0.97,144.0,144.0,1
217431,364,2024-10-18,7.33,12.0,12.0,1
250287,1393,2025-09-26,2.82,36.0,36.0,1
257356,639,2026-02-06,40181.81818,6.0,20.0,4
223096,3418,2024-12-12,113909.09091,3.0,8.0,2
186676,364,2024-10-18,2.11,48.0,48.0,1
217331,364,2024-10-18,1.68,120.0,120.0,1
248152,3659,2025-10-30,29.06,6.0,6.0,1
213337,1393,2024-07-22,4.57,10.0,10.0,1
254869,1926,2025-11-24,2.87,36.0,36.0,1
187834,364,2024-10-01,5.54,48.0,48.0,1
247528,3960,2025-09-22,11.23,60.0,60.0,1
254128,1926,2025-11-24,1.65,72.0,72.0,1
255133,2663,2025-12-22,76363.63636,6.0,12.0,2
215570,364,2024-10-18,2.59,48.0,48.0,1
247030,364,2025-08-29,5.03,48.0,48.0,1
247114,364,2025-08-29,4.93,48.0,48.0,1
214653,364,2025-08-29,18.12,6.0,30.0,2
215759,364,2024-10-01,54.56,2.0,2.0,1
194060,2941,2025-12-17,56636.36364,4.0,5.0,2
215191,364,2024-11-07,77.44,12.0,12.0,1
215205,364,2024-11-07,4.11,24.0,24.0,1
118582,94,2026-03-27,12727.27273,122.0,1043.0,18
219807,364,2024-11-07,4.89,48.0,48.0,1
254643,1926,2025-11-24,0.36,360.0,360.0,1
254671,1926,2025-11-24,5.69,8.0,8.0,1
247032,364,2025-08-29,13.01,9.0,9.0,1
246059,364,2025-09-08,1.67,108.0,108.0,1
246060,364,2025-09-08,1.17,144.0,144.0,1
247186,364,2025-08-29,1.17,144.0,144.0,1
248429,364,2025-09-19,3.7,48.0,48.0,1
139792,1362,2025-11-26,99545.45455,16.0,27.0,2
247183,364,2025-08-29,10.21,10.0,10.0,1
215240,364,2024-10-01,2.27,72.0,72.0,1
254821,1926,2025-11-24,2.92,36.0,36.0,1
247028,364,2025-08-29,1.19,120.0,120.0,1
219851,3659,2024-10-22,6.62,12.0,12.0,1
217505,364,2024-10-18,3.89,24.0,24.0,1
222651,2502,2024-12-13,63272.72727,13.0,45.0,3
245946,364,2025-09-08,11.11,24.0,24.0,1
253969,364,2025-11-24,5.22,12.0,12.0,1
250594,1393,2025-09-26,7.12,20.0,20.0,1
248052,3659,2025-10-24,42.81,6.0,6.0,1
254275,3659,2025-10-22,0.4472,250.0,250.0,1
187017,364,2024-10-18,2.32,144.0,144.0,1
215863,364,2024-10-01,2.77,75.0,75.0,1
247137,364,2025-08-29,4.66,48.0,48.0,1
191357,941,2025-11-11,13636.36364,18.0,36.0,2
215306,364,2024-10-01,7.54,12.0,12.0,1
254807,1926,2025-11-24,2.57,144.0,144.0,1
250390,1393,2025-09-26,0.91,240.0,240.0,1
170030,2484,2024-12-06,36363.63636,20.0,20.0,1
250648,1393,2025-09-26,5.74,6.0,6.0,1
248390,364,2025-09-19,4.8,32.0,32.0,1
247291,364,2025-08-29,0.71,288.0,288.0,1
215791,364,2024-11-07,3.26,96.0,144.0,2
213756,3515,2024-08-07,4.17,96.0,96.0,1
203500,3515,2025-11-28,1.76,24.0,60.0,2
250359,1393,2025-09-26,1.16,288.0,288.0,1
246259,1654,2025-08-22,0.88,48.0,48.0,1
247035,364,2025-08-29,3.77,72.0,72.0,1
247217,364,2025-08-29,1.88,96.0,96.0,1
247062,364,2025-08-29,2.06,24.0,24.0,1
125128,94,2024-11-14,59000.0,10.0,10.0,1
247558,3960,2025-09-22,50.95,24.0,24.0,1
215535,364,2025-08-29,33.98,2.0,6.0,2
217550,364,2024-10-18,18.56,12.0,12.0,1
247516,3960,2025-09-22,50.71,12.0,12.0,1
246830,364,2025-09-08,6.54,24.0,24.0,1
247058,364,2025-08-29,4.31,48.0,48.0,1
254822,1926,2025-11-24,2.92,36.0,36.0,1
246832,364,2025-09-08,4.94,24.0,24.0,1
187823,364,2024-10-01,10.42,8.0,8.0,1
254125,1926,2025-11-24,1.54,72.0,72.0,1
254812,1926,2025-11-24,3.62,144.0,144.0,1
248504,364,2025-09-19,0.94,192.0,192.0,1
248327,364,2025-09-19,5.17,48.0,48.0,1
247060,364,2025-08-29,4.31,96.0,96.0,1
250405,1393,2025-09-26,0.99,240.0,240.0,1
254283,3659,2025-10-22,1.56,100.0,100.0,1
217044,1393,2024-10-14,0.52,288.0,288.0,1
217083,364,2024-10-18,2.49,72.0,72.0,1
217356,364,2024-10-18,1.07,192.0,192.0,1
215043,364,2024-10-18,1.06,48.0,48.0,1
250386,1393,2025-09-26,1.19,144.0,144.0,1
246289,1654,2025-08-22,0.35,100.0,100.0,1
247170,364,2025-08-29,4.77,12.0,12.0,1
245960,364,2025-09-08,12.21,12.0,12.0,1
254718,29,2025-12-20,3847.993,65.0,95.0,2
215869,364,2024-10-01,15.09,6.0,6.0,1
247514,3960,2025-09-22,7.48,120.0,120.0,1
253976,364,2025-11-24,3.57,24.0,24.0,1
254293,3659,2025-10-22,1.56,250.0,250.0,1
62913,370,2025-10-10,101745.45455,48.0,96.0,2
219824,364,2024-11-07,5.08,48.0,48.0,1
257382,1074,2025-12-06,2386.36364,34.0,34.0,1
247359,364,2025-08-29,2.18,96.0,96.0,1
217434,364,2024-10-18,8.43,12.0,12.0,1
247533,3960,2025-09-22,2.92,144.0,144.0,1
247385,364,2025-08-29,5.37,24.0,24.0,1
192470,1362,2024-11-11,509090.90909,1.0,3.0,2
246321,1654,2025-08-22,0.32,200.0,200.0,1
247167,364,2025-08-29,2.26,72.0,72.0,1
250316,1393,2025-09-26,1.85,24.0,24.0,1
254672,1926,2025-11-24,5.69,8.0,8.0,1
214789,364,2024-10-01,18.8,3.0,3.0,1
217168,1393,2024-10-14,0.72,288.0,288.0,1
222676,941,2024-11-15,13636.36364,12.0,12.0,1
218680,364,2024-11-07,3.64,18.0,18.0,1
246051,364,2025-09-08,1.75,108.0,108.0,1
246769,364,2025-09-08,6.17,36.0,36.0,1
254818,1926,2025-11-24,4.13,36.0,36.0,1
217152,1393,2024-10-14,12.05,50.0,50.0,1
250760,3515,2025-11-28,4.91,12.0,12.0,1
248320,364,2025-09-19,2.84,48.0,48.0,1
247189,364,2025-08-29,1.07,160.0,160.0,1
219698,364,2024-11-07,13.53,8.0,8.0,1
250320,1393,2025-09-26,4.7,18.0,18.0,1
250337,1393,2025-09-26,1.21,240.0,240.0,1
117082,1362,2025-10-20,136363.63636,5.0,10.0,2
215891,364,2025-08-29,11.65,12.0,18.0,2
219894,364,2024-11-07,5.27,24.0,24.0,1
218619,364,2024-11-07,37.02,9.0,9.0,1
248511,364,2025-09-19,1.63,108.0,108.0,1
247112,364,2025-08-29,4.93,48.0,48.0,1
248050,3659,2025-10-24,1.88,1152.0,1152.0,1
248272,364,2025-09-19,24.03,6.0,6.0,1
217183,1393,2024-10-14,0.81,288.0,288.0,1
255175,1362,2025-11-07,172727.27273,1.0,1.0,1
161556,364,2025-08-29,1.68,96.0,96.0,1
247173,364,2025-08-29,2.28,48.0,48.0,1
246257,1654,2025-08-22,0.88,48.0,48.0,1
255414,941,2025-11-11,10909.09091,18.0,18.0,1
217051,1393,2024-10-14,11.39,12.0,12.0,1
218641,364,2024-11-07,3.07,72.0,72.0,1
250746,3515,2025-11-28,4.42,12.0,12.0,1
215305,364,2024-10-01,8.16,12.0,12.0,1
248057,3659,2025-10-24,0.98,720.0,720.0,1
257095,3712,2025-12-06,101818.18182,30.0,30.0,1
254872,1926,2025-11-24,15.63,10.0,10.0,1
247063,364,2025-08-29,2.21,24.0,24.0,1
246855,364,2025-09-08,19.96,4.0,4.0,1
219615,3655,2024-11-27,58.62,2.0,2.0,1
217139,1393,2024-10-14,4.45,20.0,20.0,1
215199,364,2024-11-07,9.9,16.0,16.0,1
170288,2202,2024-12-17,127272.72727,6.0,13.0,4
254718,556,2025-12-19,4000.0,39.0,39.0,1
246420,1654,2025-08-22,2.31,48.0,48.0,1
171283,3102,2024-11-11,1527.27273,50.0,50.0,1
203497,3515,2025-11-28,1.76,48.0,84.0,2
217279,1393,2024-10-14,0.82,288.0,288.0,1
247218,364,2025-08-29,0.31,240.0,240.0,1
247234,364,2025-08-29,1.57,96.0,96.0,1
222455,1362,2025-11-04,156363.63636,3.0,8.0,2
215393,364,2024-10-01,13.68,12.0,12.0,1
217104,364,2024-10-18,2.38,72.0,72.0,1
221230,941,2025-11-11,3636.36364,18.0,36.0,2
248401,364,2025-09-19,10.69,12.0,12.0,1
250662,1393,2025-09-26,4.12,128.0,128.0,1
245998,364,2025-09-08,13.8,12.0,12.0,1
192208,1362,2025-11-28,363636.36364,1.0,11.0,7
217546,364,2025-08-29,29.43,8.0,24.0,2
247216,364,2025-08-29,0.31,240.0,240.0,1
246048,364,2025-09-08,0.92,216.0,216.0,1
186917,364,2024-10-18,2.67,72.0,72.0,1
215790,364,2024-10-01,5.58,48.0,48.0,1
250408,1393,2025-09-26,0.99,240.0,240.0,1
247349,364,2025-08-29,14.58,12.0,12.0,1
215001,364,2024-10-18,10.79,12.0,12.0,1
250486,1393,2025-09-26,0.45,72.0,72.0,1
194410,364,2024-11-07,66.03,8.0,8.0,1
222584,975,2024-11-14,9008.97867,25.0,25.0,1
247151,364,2025-08-29,6.46,36.0,36.0,1
206447,1654,2025-07-14,5.07,48.0,96.0,2
250570,1393,2025-09-26,5.85,48.0,48.0,1
246220,1654,2025-08-22,2.4,200.0,200.0,1
215816,364,2024-10-18,2.9,72.0,72.0,1
219613,3655,2024-11-27,532.5701,4.0,4.0,1
256053,2502,2025-11-21,56000.0,2.0,2.0,1
250581,1393,2025-09-26,16.88,6.0,6.0,1
246422,1654,2025-08-22,1.58,48.0,48.0,1
248354,364,2025-09-19,2.01,24.0,24.0,1
254709,1926,2025-11-24,0.9,240.0,240.0,1
247471,364,2025-08-29,6.66,12.0,12.0,1
219835,364,2024-11-07,5.21,24.0,24.0,1
220926,1074,2024-10-15,12272.72727,24.0,24.0,1
246274,1654,2025-08-22,0.22,100.0,100.0,1
248271,364,2025-09-19,21.38,6.0,6.0,1
250763,3515,2025-11-28,4.79,12.0,12.0,1
246203,1654,2025-08-22,0.26,432.0,432.0,1
255128,2663,2025-11-24,34363.63636,12.0,12.0,1
215833,364,2024-10-01,2.04,72.0,72.0,1
215443,364,2024-10-01,7.57,16.0,16.0,1
186924,364,2024-10-18,7.82,12.0,12.0,1
247548,3960,2025-09-22,3.05,72.0,72.0,1
218585,1393,2024-11-07,8.12,24.0,24.0,1
246875,364,2025-09-08,3.92,24.0,24.0,1
215222,364,2024-10-01,2.65,48.0,48.0,1
256009,4110,2025-12-01,36363.63636,4.0,4.0,1
198083,3418,2024-12-12,24818.18182,10.0,40.0,4
219587,364,2024-11-07,1.85,96.0,96.0,1
250673,1393,2025-09-26,16.73,8.0,8.0,1
254759,1926,2025-11-24,1.23,48.0,48.0,1
194056,2941,2025-12-17,28636.36364,4.0,8.0,3
246291,1654,2025-08-22,1.05,48.0,48.0,1
222316,1362,2024-11-05,796363.63636,1.0,1.0,1
136611,1926,2024-09-17,25.65,12.0,12.0,1
219846,364,2024-11-07,3.63,36.0,36.0,1
217164,1393,2024-10-14,0.63,360.0,360.0,1
219866,3659,2024-10-22,1.23,12.0,12.0,1
215402,364,2024-10-18,12.64,12.0,12.0,1
248021,3659,2025-10-24,3.12,48.0,48.0,1
253987,364,2025-11-24,4.52,18.0,18.0,1
247417,364,2025-08-29,8.32,10.0,10.0,1
208441,941,2025-11-11,5454.54545,12.0,25.0,2
215899,364,2024-10-18,1.1,144.0,144.0,1
217529,364,2024-10-18,2.65,48.0,48.0,1
219841,3659,2024-10-22,5.44,12.0,12.0,1
247432,364,2025-08-29,18.21,4.0,4.0,1
247047,364,2025-08-29,4.96,32.0,32.0,1
245992,364,2025-09-08,8.85,12.0,12.0,1
250649,1393,2025-09-26,1.29,120.0,120.0,1
250616,1393,2025-09-26,7.29,40.0,40.0,1
246209,1654,2025-08-22,0.99,192.0,192.0,1
247161,364,2025-08-29,1.23,144.0,144.0,1
62927,370,2025-10-10,125745.45455,48.0,168.0,3
247065,364,2025-08-29,1.59,36.0,36.0,1
219805,364,2024-11-07,36.1,4.0,4.0,1
257044,129,2025-12-03,18181.81818,2.0,2.0,1
215256,364,2024-10-01,14.91,6.0,6.0,1
217464,364,2024-10-18,5.24,32.0,32.0,1
247205,364,2025-08-29,1.28,144.0,144.0,1
218626,364,2024-11-07,3.26,96.0,96.0,1
215815,364,2024-10-18,11.43,12.0,12.0,1
213769,3515,2024-08-07,9.09,12.0,12.0,1
217288,1393,2025-09-26,5.33,25.0,75.0,2
214793,364,2024-10-01,3.16,48.0,48.0,1
246253,1654,2025-08-22,1.42,48.0,48.0,1
222655,2502,2024-11-15,87272.72727,2.0,2.0,1
246399,1654,2025-08-22,1.57,48.0,48.0,1
250629,1393,2025-09-26,5.89,12.0,12.0,1
218634,1393,2025-09-26,1.12,72.0,144.0,2
217242,364,2024-10-18,1.61,108.0,108.0,1
236307,1654,2025-07-14,1.28,96.0,96.0,1
215246,364,2024-10-18,0.64,144.0,144.0,1
246397,1654,2025-08-22,1.57,96.0,96.0,1
247232,364,2025-08-29,1.56,96.0,96.0,1
248177,364,2025-09-19,1.42,144.0,144.0,1
248183,364,2025-09-19,0.77,48.0,48.0,1
246207,1654,2025-08-22,4.8,200.0,200.0,1
217282,1393,2024-10-14,1.53,240.0,240.0,1
250670,1393,2025-09-26,1.19,72.0,72.0,1
248073,3659,2025-10-24,3.24,54.0,54.0,1
247351,364,2025-08-29,7.33,24.0,24.0,1
250355,1393,2025-09-26,0.96,240.0,240.0,1
206307,1654,2025-07-14,97.39,2.0,4.0,2
245682,364,2025-09-08,12.57,24.0,24.0,1
247054,364,2025-08-29,4.25,48.0,48.0,1
248003,3659,2025-10-24,3.24,120.0,120.0,1
247090,364,2025-08-29,1.72,96.0,96.0,1
257395,639,2025-12-18,157772.72727,4.0,4.0,1
217225,1393,2024-10-14,1.84,24.0,24.0,1
219687,364,2024-11-07,5.96,24.0,24.0,1
217539,364,2024-10-18,18.19,8.0,8.0,1
254533,1926,2025-11-24,2.29,96.0,96.0,1
246779,364,2025-09-08,7.67,16.0,16.0,1
250535,1393,2025-09-26,8.58,8.0,8.0,1
246252,1654,2025-08-22,1.42,48.0,48.0,1
254852,1926,2025-11-24,10.74,16.0,16.0,1
254660,1926,2025-11-24,0.49,144.0,144.0,1
247092,364,2025-08-29,4.78,48.0,48.0,1
248089,3659,2025-10-24,23.93,6.0,6.0,1
250579,1393,2025-09-26,10.06,24.0,24.0,1
217513,364,2024-10-18,64.76,2.0,2.0,1
217458,364,2024-10-18,11.51,12.0,12.0,1
218581,1393,2024-11-07,404.52,1.0,1.0,1
213764,3515,2024-08-07,11.69,12.0,12.0,1
250451,1393,2025-09-26,0.79,144.0,144.0,1
247307,364,2025-08-29,1.25,100.0,100.0,1
62923,370,2024-10-04,130763.63636,180.0,180.0,1
250449,1393,2025-09-26,0.81,144.0,144.0,1
247991,3659,2025-10-24,1.28,72.0,72.0,1
247056,364,2025-08-29,4.65,72.0,72.0,1
219685,364,2024-11-07,9.68,24.0,24.0,1
248234,364,2025-09-19,2.95,72.0,72.0,1
245947,364,2025-09-08,1.53,144.0,144.0,1
215768,364,2024-10-01,3.03,72.0,72.0,1
245950,364,2025-09-08,10.64,16.0,16.0,1
250360,1393,2025-09-26,0.86,288.0,288.0,1
253964,364,2025-11-24,4.15,12.0,12.0,1
247013,364,2025-08-29,4.21,72.0,72.0,1
247105,364,2025-08-29,1.85,48.0,48.0,1
250583,1393,2025-09-26,18.4,6.0,6.0,1
215553,364,2024-10-01,1.63,40.0,40.0,1
217097,1393,2024-10-14,73.04,12.0,12.0,1
246870,364,2025-09-08,2.7,48.0,48.0,1
217116,364,2024-10-18,2.36,84.0,84.0,1
246872,364,2025-09-08,1.12,144.0,144.0,1
250429,1393,2025-09-26,0.64,144.0,144.0,1
217259,1393,2024-10-14,1.33,36.0,36.0,1
247017,364,2025-08-29,3.42,96.0,96.0,1
250668,1393,2025-09-26,0.25,120.0,120.0,1
215049,364,2024-10-18,5.43,48.0,48.0,1
215247,364,2024-10-01,2.5,72.0,72.0,1
250562,1393,2025-09-26,8.2,9.0,9.0,1
254640,1926,2025-11-24,17.85,4.0,4.0,1
248319,364,2025-09-19,2.84,48.0,48.0,1
254124,1926,2025-11-24,1.18,192.0,192.0,1
254469,1926,2025-11-24,1.51,64.0,64.0,1
250371,1393,2025-09-26,0.55,288.0,288.0,1
250397,1393,2025-09-26,1.13,240.0,240.0,1
247331,364,2025-08-29,3.08,18.0,18.0,1
118583,1040,2026-04-20,59090.90909,6.0,623.0,62
191346,941,2025-11-11,7272.72727,12.0,12.0,1
217249,1393,2024-10-14,1.1,240.0,240.0,1
247467,364,2025-08-29,10.78,24.0,24.0,1
215182,364,2024-10-01,50.62,8.0,8.0,1
217169,1393,2024-10-14,0.74,288.0,288.0,1
247068,364,2025-08-29,3.57,64.0,64.0,1
246211,1654,2025-08-22,0.99,192.0,192.0,1
222394,941,2025-11-11,6363.63636,12.0,30.0,2
257094,3712,2025-12-06,101818.18182,35.0,35.0,1
219850,3659,2024-10-22,5.44,12.0,12.0,1
161358,364,2025-09-08,9.61,18.0,18.0,1
248058,3659,2025-10-24,1.38,240.0,240.0,1
219690,364,2024-11-07,6.41,24.0,24.0,1
219859,364,2024-11-07,2.03,72.0,72.0,1
246735,364,2025-09-08,0.91,96.0,96.0,1
217366,364,2024-10-18,1.51,36.0,36.0,1
219888,364,2024-11-07,3.45,48.0,48.0,1
248170,364,2025-09-19,1.53,144.0,144.0,1
221248,1074,2024-12-11,3409.09091,60.0,120.0,2
215866,364,2024-10-01,6.12,12.0,12.0,1
250414,1393,2025-09-26,0.72,144.0,144.0,1
247053,364,2025-08-29,4.07,48.0,48.0,1
254257,3659,2025-10-22,0.1496,300.0,300.0,1
215510,364,2024-10-18,4.86,48.0,48.0,1
217184,1393,2024-10-14,0.81,288.0,288.0,1
217276,1393,2024-10-14,4.03,12.0,12.0,1
247196,364,2025-08-29,0.7,240.0,240.0,1
254719,975,2025-10-28,1745.45455,2.0,2.0,1
219812,364,2024-11-07,1.46,96.0,96.0,1
217109,364,2024-10-18,2.92,72.0,72.0,1
248388,364,2025-09-19,1.01,240.0,240.0,1
246432,1654,2025-08-22,7.84,24.0,24.0,1
218567,1393,2024-11-07,1.66,144.0,144.0,1
222645,2502,2024-11-15,138909.09091,7.0,7.0,1
218655,364,2024-11-07,4.1,18.0,18.0,1
248119,3659,2025-10-30,1.04,72.0,72.0,1
166450,2798,2025-10-28,11454.54545,3.0,30.0,3
250643,1393,2025-09-26,1.48,40.0,40.0,1
79824,1362,2025-12-17,276363.63636,2.0,2.0,1
215411,364,2024-10-18,3.23,96.0,96.0,1
215564,364,2024-10-01,17.73,3.0,3.0,1
248303,364,2025-09-19,1.53,120.0,120.0,1
219862,364,2025-09-08,4.46,12.0,24.0,2
222652,2502,2024-12-13,79272.72727,7.0,39.0,3
250431,1393,2025-09-26,0.81,144.0,144.0,1
248318,364,2025-09-19,23.51,6.0,6.0,1
246805,364,2025-09-08,4.49,12.0,12.0,1
250398,1393,2025-09-26,0.96,240.0,240.0,1
224306,3604,2024-12-06,5.85,6.0,6.0,1
248036,3659,2025-10-24,12.72,48.0,48.0,1
206076,1654,2025-07-14,0.72,48.0,72.0,2
245977,364,2025-09-08,24.8,8.0,8.0,1
224347,2613,2024-12-09,4772.72727,360.0,560.0,2
248016,3659,2025-10-24,1.22,192.0,192.0,1
217136,1393,2024-10-14,6.69,24.0,24.0,1
246877,364,2025-09-08,4.4,24.0,24.0,1
247010,364,2025-08-29,4.11,72.0,72.0,1
215276,364,2024-10-01,4.04,36.0,36.0,1
245984,364,2025-09-08,7.62,12.0,12.0,1
250538,1393,2025-09-26,9.29,6.0,6.0,1
247264,364,2025-08-29,2.03,72.0,72.0,1
215003,364,2024-11-07,4.92,12.0,12.0,1
256629,2941,2025-12-17,56636.36364,8.0,8.0,1
215894,364,2024-10-18,0.95,192.0,192.0,1
247012,364,2025-08-29,3.32,48.0,48.0,1
246295,1654,2025-08-22,0.46,100.0,100.0,1
217102,364,2024-10-18,1.97,144.0,144.0,1
194675,3418,2024-04-16,54727.27273,12.0,18.0,2
136785,1926,2024-09-17,4.05,60.0,60.0,1
218604,1393,2024-11-07,1.15,240.0,240.0,1
247164,364,2025-08-29,1.82,120.0,120.0,1
160395,364,2024-10-18,4.16,48.0,48.0,1
217122,1393,2024-10-14,92.68,24.0,24.0,1
215912,364,2024-10-01,6.03,30.0,30.0,1
250641,1393,2025-09-26,0.73,144.0,144.0,1
248279,364,2025-09-19,8.55,24.0,24.0,1
254266,3659,2025-10-22,0.238,300.0,300.0,1
254287,3659,2025-10-22,6.09,30.0,30.0,1
246510,1654,2025-08-22,0.8,50.0,50.0,1
191343,941,2025-11-11,10909.09091,24.0,48.0,2
254695,1926,2025-11-24,1.23,240.0,240.0,1
254713,1926,2025-11-24,1.04,360.0,360.0,1
219858,364,2024-11-07,5.26,24.0,24.0,1
247550,3960,2025-09-22,3.6,96.0,96.0,1
256051,2502,2025-11-21,99636.36364,2.0,2.0,1
217268,1393,2024-10-14,2.96,48.0,48.0,1
217514,364,2024-10-18,2.9,120.0,120.0,1
219861,364,2024-11-07,3.18,48.0,48.0,1
254871,1926,2025-11-24,7.55,48.0,48.0,1
254280,3659,2025-10-22,2.66,40.0,40.0,1
220919,1074,2024-10-29,13636.36364,35.0,81.0,2
215221,364,2024-10-01,2.31,96.0,96.0,1
213737,3515,2024-08-07,4.78,96.0,96.0,1
251624,3069,2025-11-21,15040.0,10.0,19.0,3
254670,1926,2025-11-24,2.7,24.0,24.0,1
254685,1926,2025-11-24,1.65,96.0,96.0,1
215547,364,2024-10-01,1.45,40.0,40.0,1
248317,364,2025-09-19,6.6,48.0,48.0,1
247141,364,2025-08-29,8.98,16.0,16.0,1
257097,3712,2025-12-06,41363.63636,20.0,20.0,1
247202,364,2025-08-29,1.25,144.0,144.0,1
248121,3659,2025-10-30,3.0,60.0,60.0,1
253990,364,2025-11-24,4.92,12.0,12.0,1
213744,3515,2024-08-07,4.79,48.0,48.0,1
245916,364,2025-09-08,1.56,96.0,96.0,1
215289,364,2024-10-01,7.89,24.0,24.0,1
248054,3659,2025-10-24,224.24,4.0,4.0,1
246053,364,2025-09-08,0.97,192.0,192.0,1
250291,1393,2025-09-26,2.19,48.0,48.0,1
248337,364,2025-09-19,7.72,12.0,12.0,1
246528,1654,2025-08-22,0.45,100.0,100.0,1
253971,364,2025-11-24,3.26,54.0,54.0,1
254449,1926,2025-11-24,1.98,120.0,120.0,1
140370,2728,2024-12-07,11818.18182,39.0,151.0,2
215743,364,2024-10-01,39.11,3.0,3.0,1
250459,1393,2025-09-26,1.43,144.0,144.0,1
248537,364,2025-09-19,7.41,24.0,24.0,1
250543,1393,2025-09-26,9.1,12.0,12.0,1
250585,1393,2025-09-26,10.36,12.0,12.0,1
218624,1393,2024-11-07,1.6,48.0,48.0,1
247240,364,2025-08-29,2.81,96.0,96.0,1
215901,364,2024-10-01,5.55,48.0,48.0,1
255002,4080,2025-12-12,34772.72727,30.0,51.0,2
255144,4077,2025-11-05,89090.90909,12.0,12.0,1
161642,364,2025-09-08,1.26,96.0,96.0,1
247379,364,2025-08-29,2.18,48.0,48.0,1
194672,364,2024-10-01,3.16,48.0,48.0,1
248387,364,2025-09-19,1.87,120.0,120.0,1
218605,1393,2024-11-07,2.22,84.0,84.0,1
224344,2613,2024-12-09,2727.27273,20.0,30.0,2
256014,129,2025-12-03,54545.45455,6.0,10.0,2
250593,1393,2025-09-26,13.08,16.0,16.0,1
247428,364,2025-08-29,1.23,72.0,72.0,1
254290,3659,2025-10-22,2.33,40.0,40.0,1
217261,364,2024-10-18,1.17,144.0,144.0,1
222746,1362,2025-11-07,205454.54545,2.0,6.0,2
250626,1393,2025-09-26,0.6,360.0,360.0,1
253973,364,2025-11-24,7.09,20.0,20.0,1
223411,4243,2026-03-11,350000.0,1.0,1.0,1
246333,1654,2025-08-22,1.52,24.0,24.0,1
217232,364,2024-10-18,0.78,240.0,240.0,1
246231,1654,2025-08-22,17.28,8.0,8.0,1
247405,364,2025-08-29,0.78,240.0,240.0,1
189929,3102,2024-11-11,2872.72727,50.0,50.0,1
247294,364,2025-08-29,2.55,72.0,72.0,1
219813,364,2024-11-07,4.67,24.0,24.0,1
215556,364,2024-11-07,9.24,12.0,12.0,1
222348,3102,2024-11-11,2036.36364,50.0,50.0,1
248049,3659,2025-10-24,1.61,72.0,72.0,1
254824,1926,2025-11-24,2.92,36.0,36.0,1
217045,1393,2024-10-14,0.71,240.0,240.0,1
250625,1393,2025-09-26,0.68,72.0,72.0,1
247994,3659,2025-10-24,1.54,240.0,240.0,1
215228,364,2024-10-01,5.4,48.0,48.0,1
250304,1393,2025-09-26,1.63,48.0,48.0,1
247388,364,2025-08-29,18.1,12.0,12.0,1
254531,1926,2025-11-24,1.73,96.0,96.0,1
217042,1393,2024-10-14,0.72,288.0,288.0,1
191985,116,2025-11-27,120272.72727,2.0,6.0,3
248043,3659,2025-10-24,19.17,12.0,12.0,1
246582,1654,2025-08-22,0.13,100.0,100.0,1
247427,364,2025-08-29,11.64,24.0,24.0,1
248023,3659,2025-10-24,3.39,45.0,45.0,1
257047,129,2025-12-03,54545.45455,3.0,3.0,1
254655,1926,2025-11-24,0.49,144.0,144.0,1
250660,1393,2025-09-26,8.48,8.0,8.0,1
256631,2941,2025-12-20,101818.18182,3.0,7.0,2
215397,364,2024-10-01,7.72,12.0,12.0,1
248086,3659,2025-10-24,3.23,36.0,36.0,1
215046,364,2024-10-18,6.65,48.0,48.0,1
222459,1040,2025-12-24,35454.54545,24.0,160.0,10
245965,364,2025-09-08,1.87,96.0,96.0,1
246771,364,2025-09-08,2.54,96.0,96.0,1
250334,1393,2025-09-26,1.41,288.0,288.0,1
248377,364,2025-09-19,1.66,120.0,120.0,1
206319,1654,2024-05-28,5.11,50.0,50.0,1
223283,3069,2024-12-20,18181.81818,20.0,80.0,3
217106,1393,2024-10-14,1.44,48.0,48.0,1
219700,364,2024-11-07,1.1,144.0,144.0,1
246284,1654,2025-08-22,1.2,50.0,50.0,1
219586,364,2024-11-07,1.85,96.0,96.0,1
215198,364,2024-11-07,2.35,24.0,24.0,1
236304,1654,2025-07-14,3.68,24.0,24.0,1
246213,1654,2025-08-22,0.99,192.0,192.0,1
247460,364,2025-08-29,8.85,32.0,32.0,1
135230,364,2025-08-29,41.44,8.0,20.0,2
215251,364,2024-10-01,3.29,144.0,144.0,1
247462,364,2025-08-29,13.55,12.0,12.0,1
217316,364,2024-10-18,5.12,24.0,24.0,1
247977,3659,2025-10-24,1.46,72.0,72.0,1
217176,1393,2024-10-14,1.46,48.0,48.0,1
215526,364,2024-11-07,0.48,360.0,360.0,1
248385,364,2025-09-19,12.0,6.0,6.0,1
257545,2127,2025-12-17,100454.54545,5.0,5.0,1
215537,364,2025-08-29,7.53,24.0,48.0,2
255131,2663,2025-11-24,99272.72727,6.0,6.0,1
245922,364,2025-09-08,1.44,96.0,96.0,1
215754,364,2024-10-01,18.0,6.0,6.0,1
250461,1393,2025-09-26,1.2,144.0,144.0,1
214655,364,2024-10-18,118.07,4.0,4.0,1
248107,3659,2025-10-30,3.24,60.0,60.0,1
160323,364,2025-08-29,3.02,72.0,72.0,1
213867,3606,2024-08-07,3.82,24.0,24.0,1
215749,364,2024-10-01,7.23,16.0,16.0,1
217155,1393,2024-10-14,3.05,96.0,96.0,1
246750,364,2025-09-08,0.98,144.0,144.0,1
246269,1654,2025-08-22,0.39,100.0,100.0,1
254774,1926,2025-11-24,5.22,24.0,24.0,1
215888,364,2024-11-07,19.83,6.0,8.0,2
215773,364,2025-08-29,2.21,48.0,192.0,2
206249,1654,2025-07-14,146.09,7.0,9.0,2
215467,364,2024-10-01,2.84,24.0,24.0,1
248335,364,2025-09-19,3.21,72.0,72.0,1
247225,364,2025-08-29,3.88,24.0,24.0,1
245730,364,2025-09-08,3.16,96.0,96.0,1
247510,3960,2025-09-22,16.38,24.0,24.0,1
247345,364,2025-08-29,0.44,288.0,288.0,1
215516,364,2024-10-18,5.54,48.0,48.0,1
194150,941,2025-11-11,13636.36364,12.0,12.0,1
219869,3659,2024-10-22,1.23,24.0,24.0,1
247329,364,2025-08-29,1.75,96.0,96.0,1
219578,364,2024-11-07,1.85,96.0,96.0,1
187843,364,2025-09-08,4.01,48.0,48.0,1
215498,364,2024-10-18,1.16,96.0,96.0,1
248322,364,2025-09-19,21.34,6.0,6.0,1
248353,364,2025-09-19,2.96,60.0,60.0,1
215836,364,2024-10-01,1.82,240.0,240.0,1
217427,364,2024-10-18,14.04,6.0,6.0,1
248486,364,2025-09-19,0.9,192.0,192.0,1
257098,3712,2025-12-06,41363.63636,20.0,20.0,1
246773,364,2025-09-08,10.7,24.0,24.0,1
219619,3655,2024-11-27,80.19,2.0,2.0,1
246334,1654,2025-08-22,1.52,24.0,24.0,1
247401,364,2025-08-29,2.53,72.0,72.0,1
219856,364,2024-11-07,4.95,12.0,12.0,1
247522,3960,2025-09-22,14.93,24.0,24.0,1
248373,364,2025-09-19,3.02,64.0,64.0,1
246206,1654,2025-08-22,3.68,396.0,396.0,1
215898,364,2024-10-01,5.54,24.0,24.0,1
246078,364,2025-09-08,20.77,12.0,12.0,1
215514,364,2024-10-18,5.09,48.0,48.0,1
248363,364,2025-09-19,8.46,12.0,12.0,1
246281,1654,2025-08-22,2.96,50.0,50.0,1
246526,1654,2025-08-22,0.45,100.0,100.0,1
217171,1393,2025-09-26,2.02,24.0,72.0,2
222348,3525,2024-12-16,1636.36364,150.0,150.0,1
247364,364,2025-08-29,0.79,216.0,216.0,1
217267,364,2024-10-18,2.31,72.0,72.0,1
218615,1393,2024-11-07,2.56,20.0,20.0,1
215876,364,2024-10-18,5.2,24.0,24.0,1
215577,364,2024-10-18,1.8,48.0,48.0,1
247999,3659,2025-10-24,7.21,16.0,16.0,1
246881,364,2025-09-08,2.05,48.0,48.0,1
218618,1393,2024-11-07,1.41,48.0,48.0,1
217440,364,2024-10-18,8.38,16.0,16.0,1
248161,3659,2025-10-30,8.51,24.0,24.0,1
257046,129,2025-12-03,36363.63636,1.0,1.0,1
250404,1393,2025-09-26,0.99,240.0,240.0,1
250734,3515,2025-11-28,2.11,96.0,96.0,1
251625,3069,2025-11-21,7240.0,10.0,19.0,3
250283,1393,2025-09-26,7.17,18.0,18.0,1
246254,1654,2025-08-22,1.42,48.0,48.0,1
246417,1654,2025-08-22,0.9,96.0,96.0,1
247262,364,2025-08-29,2.13,144.0,144.0,1
247553,3960,2025-09-22,6.24,60.0,60.0,1
247048,364,2025-08-29,5.76,32.0,32.0,1
247192,364,2025-08-29,0.9,216.0,216.0,1
248336,364,2025-09-19,18.1,6.0,6.0,1
217220,1393,2024-10-14,14.87,36.0,36.0,1
248316,364,2025-09-19,1.71,144.0,144.0,1
248249,364,2025-09-19,2.04,96.0,96.0,1
247319,364,2025-08-29,2.65,72.0,72.0,1
79016,1362,2025-10-27,741818.18182,1.0,1.0,1
217360,364,2024-10-18,7.6,12.0,12.0,1
247997,3659,2025-10-24,8.54,72.0,72.0,1
194047,2941,2025-12-17,25454.54545,6.0,30.0,3
217263,1393,2024-10-14,2.94,48.0,48.0,1
218644,364,2024-11-07,3.45,24.0,24.0,1
215404,364,2024-10-18,24.64,12.0,12.0,1
250385,1393,2025-09-26,1.11,240.0,240.0,1
247445,364,2025-08-29,14.89,18.0,18.0,1
256017,129,2025-11-18,31818.18182,2.0,2.0,1
246578,1654,2025-08-22,0.1,100.0,100.0,1
248329,364,2025-09-19,6.63,32.0,32.0,1
136786,1926,2024-09-17,5.4,42.0,42.0,1
248325,364,2025-09-19,13.59,12.0,12.0,1
217422,364,2024-10-18,2.88,32.0,32.0,1
247120,364,2025-08-29,1.31,48.0,48.0,1
257360,639,2025-12-23,57909.09091,6.0,18.0,3
250635,1393,2025-09-26,1.15,72.0,72.0,1
250669,1393,2025-09-26,3.1,24.0,24.0,1
254064,1926,2025-11-24,1.65,72.0,72.0,1
250631,1393,2025-09-26,30.16,4.0,4.0,1
248345,364,2025-09-19,3.71,48.0,48.0,1
217420,364,2024-10-18,4.02,24.0,24.0,1
206066,1654,2024-05-28,3.67,48.0,48.0,1
236313,1654,2025-07-14,0.39,90.0,90.0,1
217312,364,2024-10-18,2.37,144.0,144.0,1
248171,364,2025-09-19,3.88,60.0,60.0,1
247297,364,2025-08-29,0.81,240.0,240.0,1
245925,364,2025-09-08,0.91,240.0,240.0,1
248116,3659,2025-10-30,2.69,72.0,72.0,1
247263,364,2025-08-29,2.37,36.0,36.0,1
184076,1040,2026-01-26,47272.72727,8.0,44.0,7
217119,1393,2024-10-14,7.02,12.0,12.0,1
217899,1362,2024-09-04,181818.18182,1.0,1.0,1
248496,364,2025-09-19,1.03,192.0,192.0,1
254832,1926,2025-11-24,31.36,6.0,6.0,1
236308,1654,2025-07-14,1.28,48.0,48.0,1
246883,364,2025-09-08,17.71,6.0,6.0,1
250288,1393,2025-09-26,2.35,48.0,48.0,1
247542,3960,2025-09-22,78.95,20.0,20.0,1
222347,3102,2024-11-11,1054.54545,50.0,50.0,1
247055,364,2025-08-29,4.25,72.0,72.0,1
215904,364,2024-10-01,32.22,2.0,2.0,1
191592,1926,2025-11-24,1.81,36.0,36.0,1
254878,1926,2025-11-24,0.86,72.0,72.0,1
248069,3659,2025-10-24,16.94,100.0,100.0,1
250315,1393,2025-09-26,2.19,24.0,24.0,1
223439,2613,2024-12-09,4090.90909,22.0,32.0,2
224471,2613,2024-12-09,19772.72727,30.0,30.0,1
248113,3659,2025-10-30,1.56,72.0,72.0,1
215854,364,2024-10-01,2.08,216.0,216.0,1
250770,3515,2025-11-28,2.03,24.0,24.0,1
250554,1393,2025-09-26,11.22,24.0,24.0,1
245806,364,2025-09-08,1.21,96.0,96.0,1
246758,364,2025-09-08,1.93,72.0,72.0,1
255004,4080,2025-11-04,34772.72727,21.0,21.0,1
247310,364,2025-08-29,3.46,36.0,36.0,1
248063,3659,2025-10-24,1.24,240.0,240.0,1
246860,364,2025-09-08,5.29,24.0,24.0,1
250340,1393,2025-09-26,0.72,240.0,240.0,1
248397,364,2025-09-19,8.11,32.0,32.0,1
247024,364,2025-08-29,3.23,108.0,108.0,1
258248,639,2025-12-23,70909.09091,8.0,16.0,2
246512,1654,2025-08-22,0.88,50.0,50.0,1
217067,1393,2024-10-14,2.46,144.0,144.0,1
248154,3659,2025-10-30,40.82,6.0,6.0,1
254637,2127,2025-12-03,141818.18182,2.0,7.0,2
247073,364,2025-08-29,5.84,54.0,54.0,1
254291,3659,2025-10-22,1.56,200.0,200.0,1
191400,1362,2025-10-14,200000.0,2.0,11.0,6
215385,364,2024-10-18,4.84,36.0,36.0,1
246287,1654,2025-08-22,0.67,100.0,100.0,1
248017,3659,2025-10-24,2.47,144.0,144.0,1
247448,364,2025-08-29,7.51,24.0,24.0,1
217049,1393,2024-10-14,11.39,12.0,12.0,1
217247,1393,2024-10-14,0.83,144.0,144.0,1
250759,3515,2025-11-28,1.76,48.0,48.0,1
246233,1654,2025-08-22,1.09,48.0,48.0,1
245924,364,2025-09-08,1.88,120.0,120.0,1
170642,1227,2024-11-14,21283.63636,300.0,300.0,1
215295,364,2024-10-01,1.85,96.0,96.0,1
217108,364,2024-10-18,2.02,72.0,72.0,1
248281,364,2025-09-19,13.73,10.0,10.0,1
256433,147,2025-12-01,34409.09091,10.0,10.0,1
257376,1074,2025-12-06,4431.81818,83.0,83.0,1
247403,364,2025-08-29,1.11,72.0,72.0,1
254281,3659,2025-10-22,2.01,20.0,20.0,1
248241,364,2025-09-19,0.94,240.0,240.0,1
257400,639,2025-12-23,42545.45455,6.0,6.0,1
247298,364,2025-08-29,6.65,24.0,24.0,1
247457,364,2025-08-29,10.85,12.0,12.0,1
246493,1654,2025-08-22,1.2,100.0,100.0,1
254679,1926,2025-11-24,3.8,36.0,36.0,1
219868,3659,2024-10-22,1.23,12.0,12.0,1
215382,364,2024-10-18,4.84,36.0,36.0,1
217283,364,2024-10-18,0.64,288.0,288.0,1
217236,1393,2024-10-14,1.55,240.0,240.0,1
116214,77,2025-11-19,7909.09091,72.0,72.0,1
215767,364,2024-10-01,2.35,48.0,48.0,1
253983,364,2025-11-24,2.4,120.0,120.0,1
222584,1926,2025-11-24,1.15,200.0,200.0,1
193913,3069,2024-11-07,30000.0,6.0,6.0,1
253981,364,2025-11-24,133.9,1.0,1.0,1
213720,3515,2024-08-07,4.17,72.0,72.0,1
254708,1926,2025-11-24,0.9,240.0,240.0,1
225018,1362,2024-12-12,40000.0,10.0,10.0,1
190694,1926,2024-09-17,2.7,32.0,32.0,1
218575,1393,2024-11-07,6.29,12.0,12.0,1
250412,1393,2025-09-26,1.97,72.0,72.0,1
256010,4110,2025-12-01,59090.90909,4.0,4.0,1
218616,1393,2024-11-07,0.63,72.0,72.0,1
247361,364,2025-08-29,7.15,24.0,24.0,1
222677,941,2024-11-15,10909.09091,11.0,11.0,1
219814,3659,2024-10-22,6.2,12.0,12.0,1
248469,364,2025-09-19,6.92,16.0,16.0,1
215465,364,2025-09-08,5.2,30.0,45.0,2
218654,364,2024-11-07,4.69,32.0,32.0,1
206075,1654,2025-07-14,0.83,48.0,72.0,2
254077,1926,2025-11-24,8.41,16.0,16.0,1
191362,941,2024-11-15,10909.09091,18.0,42.0,2
250553,1393,2025-09-26,2.98,48.0,48.0,1
217101,364,2024-10-18,2.55,72.0,72.0,1
245740,364,2025-09-08,8.05,24.0,24.0,1
221386,1362,2025-11-12,14545.45455,20.0,52.0,3
215565,364,2024-10-01,13.0,6.0,6.0,1
250480,1393,2025-09-26,1.62,72.0,72.0,1
246863,364,2025-09-08,7.15,12.0,12.0,1
217121,1393,2024-10-14,3.95,12.0,12.0,1
246214,1654,2025-08-22,1.04,200.0,200.0,1
256025,2974,2025-11-26,40909.09091,6.0,6.0,1
194683,3418,2024-12-12,60454.54545,17.0,65.0,4
215554,364,2024-11-07,9.32,12.0,12.0,1
247184,364,2025-08-29,2.81,24.0,24.0,1
246056,364,2025-09-08,0.97,192.0,192.0,1
250393,1393,2025-09-26,1.02,192.0,192.0,1
247258,364,2025-08-29,2.37,72.0,72.0,1
217525,364,2024-10-18,1.25,144.0,144.0,1
246234,1654,2025-08-22,1.09,48.0,48.0,1
246495,1654,2025-08-22,1.12,50.0,50.0,1
254809,1926,2025-11-24,51.42,2.0,2.0,1
247381,364,2025-08-29,2.84,48.0,48.0,1
250572,1393,2025-09-26,23.03,12.0,12.0,1
250742,3515,2025-11-28,4.91,12.0,12.0,1
250637,1393,2025-09-26,9.91,10.0,10.0,1
118348,1362,2025-08-25,72727.27273,4.0,4.0,1
250645,1393,2025-09-26,1.93,200.0,200.0,1
254286,3659,2025-10-22,6.09,30.0,30.0,1
206368,1654,2025-07-14,1.79,24.0,48.0,2
215185,364,2024-10-01,16.32,24.0,24.0,1
217430,364,2024-10-18,8.8,12.0,12.0,1
253989,364,2025-11-24,5.14,48.0,48.0,1
219857,3659,2024-10-22,3.82,6.0,6.0,1
62953,370,2025-10-10,48654.54545,800.0,1600.0,2
248326,364,2025-09-19,12.08,12.0,12.0,1
248539,364,2025-09-19,13.14,12.0,12.0,1
254831,1926,2025-11-24,18.75,12.0,12.0,1
250294,1393,2025-09-26,4.3,24.0,24.0,1
248012,3659,2025-10-24,2.56,144.0,144.0,1
250430,1393,2025-09-26,0.59,144.0,144.0,1
248464,364,2025-09-19,13.12,12.0,12.0,1
247314,364,2025-08-29,0.42,480.0,480.0,1
215455,364,2024-10-18,1.29,120.0,120.0,1
253966,364,2025-11-24,1.05,120.0,120.0,1
254663,1926,2025-11-24,0.49,144.0,144.0,1
247220,364,2025-08-29,0.5,386.0,386.0,1
190690,1926,2024-09-17,1.35,32.0,32.0,1
247306,364,2025-08-29,0.81,288.0,288.0,1
250432,1393,2025-09-26,0.72,144.0,144.0,1
215757,364,2024-10-01,12.31,8.0,8.0,1
250433,1393,2025-09-26,0.64,144.0,144.0,1
246505,1654,2025-08-22,2.0,50.0,50.0,1
247443,364,2025-08-29,9.11,12.0,12.0,1
245941,364,2025-09-08,1.17,144.0,144.0,1
254458,1926,2025-11-24,1.87,108.0,108.0,1
217043,1393,2024-10-14,0.66,288.0,288.0,1
219823,364,2024-11-07,6.59,24.0,24.0,1
245724,364,2025-09-08,27.19,4.0,4.0,1
136613,1926,2024-09-17,24.3,120.0,120.0,1
256033,2502,2025-11-21,142545.45455,4.0,4.0,1
248001,3659,2025-10-24,1.9,288.0,288.0,1
217473,364,2024-10-18,4.67,12.0,12.0,1
218597,1393,2024-11-07,19.21,6.0,6.0,1
217111,364,2024-10-18,2.54,72.0,72.0,1
247051,364,2025-08-29,4.46,72.0,72.0,1
245958,364,2025-09-08,2.76,48.0,48.0,1
246865,364,2025-09-08,18.22,12.0,12.0,1
219808,364,2024-11-07,1.23,96.0,96.0,1
245685,364,2025-09-08,41.12,4.0,4.0,1
215864,364,2024-10-18,6.02,24.0,24.0,1
246431,1654,2025-08-22,7.2,24.0,24.0,1
254646,1926,2025-11-24,0.68,200.0,200.0,1
219890,364,2024-11-07,5.08,36.0,36.0,1
247974,3659,2025-10-24,3.0,72.0,72.0,1
247208,364,2025-08-29,3.45,54.0,54.0,1
213753,3515,2024-08-07,4.78,198.0,198.0,1
192496,3390,2025-11-15,2545454.54545,1.0,2.0,2
219278,3654,2024-10-22,172.88,1.0,1.0,1
215211,364,2024-11-07,11.25,9.0,9.0,1
250558,1393,2025-09-26,4.12,24.0,24.0,1
217424,364,2024-10-18,1.74,48.0,48.0,1
247201,364,2025-08-29,1.4,288.0,288.0,1
250389,1393,2025-09-26,0.87,360.0,360.0,1
250565,1393,2025-09-26,7.64,57.0,57.0,1
215821,364,2024-10-01,3.0,60.0,60.0,1
215466,364,2024-11-07,6.62,10.0,10.0,1
250363,1393,2025-09-26,1.29,240.0,240.0,1
253970,364,2025-11-24,5.03,12.0,12.0,1
215031,364,2024-10-18,4.31,36.0,36.0,1
248420,364,2025-09-19,6.21,24.0,24.0,1
218645,364,2024-11-07,3.81,36.0,36.0,1
217081,364,2024-10-18,2.23,144.0,144.0,1
215083,364,2024-10-18,3.8,36.0,36.0,1
219891,364,2024-11-07,4.9,24.0,24.0,1
245979,364,2025-09-08,1.87,96.0,96.0,1
246506,1654,2025-08-22,2.0,50.0,50.0,1
142559,2613,2024-12-09,4090.90909,28.0,68.0,2
248132,3659,2025-10-30,2.68,72.0,72.0,1
247174,364,2025-08-29,5.55,24.0,24.0,1
247039,364,2025-08-29,3.77,48.0,48.0,1
215886,364,2024-10-18,2.9,60.0,60.0,1
247469,364,2025-08-29,6.74,12.0,12.0,1
254265,3659,2025-10-22,1.17,60.0,60.0,1
215806,364,2024-10-18,5.61,36.0,36.0,1
217062,1393,2024-10-14,5.46,24.0,24.0,1
254659,1926,2025-11-24,0.49,144.0,144.0,1
247426,364,2025-08-29,6.55,12.0,12.0,1
203484,3515,2024-05-08,4.78,96.0,96.0,1
256015,129,2025-11-18,22727.27273,2.0,2.0,1
250736,3515,2025-11-28,5.9,25.0,25.0,1
250452,1393,2025-09-26,0.99,240.0,240.0,1
254499,1926,2025-11-24,1.38,72.0,72.0,1
247450,364,2025-08-29,9.74,12.0,12.0,1
248523,364,2025-09-19,3.25,54.0,54.0,1
246498,1654,2025-08-22,2.06,48.0,48.0,1
213722,3515,2024-08-07,4.79,48.0,48.0,1
255134,2663,2025-12-22,141272.72727,3.0,9.0,2
215884,364,2024-10-01,7.49,12.0,12.0,1
217100,1393,2024-10-14,8.71,16.0,16.0,1
246223,1654,2025-08-22,4.8,100.0,100.0,1
247446,364,2025-08-29,7.51,24.0,24.0,1
250738,3515,2025-11-28,1.86,72.0,72.0,1
250328,1393,2025-09-26,1.08,240.0,240.0,1
254702,1926,2025-11-24,2.16,192.0,192.0,1
216867,364,2024-10-18,1.22,288.0,288.0,1
187808,364,2024-10-01,11.59,8.0,8.0,1
254717,975,2025-10-28,8363.63636,2.0,2.0,1
248339,364,2025-09-19,11.75,12.0,12.0,1
247117,364,2025-08-29,4.66,48.0,48.0,1
215575,364,2024-10-18,1.8,24.0,24.0,1
255169,1362,2025-11-07,1818181.81818,1.0,1.0,1
223570,3712,2025-11-07,38181.81818,10.0,94.0,4
245917,364,2025-09-08,2.18,24.0,24.0,1
246747,364,2025-09-08,0.74,144.0,144.0,1
245996,364,2025-09-08,15.2,8.0,8.0,1
247097,364,2025-08-29,5.29,48.0,48.0,1
246858,364,2025-09-08,4.57,16.0,16.0,1
248332,364,2025-09-19,7.01,32.0,32.0,1
217075,1393,2024-10-14,358.44,1.0,1.0,1
247171,364,2025-08-29,3.53,24.0,24.0,1
254274,3659,2025-10-22,0.4472,250.0,250.0,1
220930,1074,2024-10-15,27272.72727,4.0,4.0,1
222347,3525,2024-12-16,2000.0,50.0,50.0,1
248312,364,2025-09-19,1.14,96.0,96.0,1
247482,364,2025-08-29,1.05,96.0,96.0,1
206253,1654,2025-07-14,9.74,24.0,48.0,2
254652,1926,2025-11-24,1.04,300.0,300.0,1
215910,364,2024-10-01,33.98,4.0,4.0,1
254661,1926,2025-11-24,0.49,144.0,144.0,1
250657,1393,2025-09-26,393.1,1.0,1.0,1
248389,364,2025-09-19,3.56,96.0,96.0,1
246063,364,2025-09-08,12.56,14.0,14.0,1
248300,364,2025-09-19,8.29,10.0,10.0,1
246581,1654,2025-08-22,0.1,100.0,100.0,1
218665,1393,2024-11-07,5.57,12.0,12.0,1
246031,364,2025-09-08,5.4,16.0,16.0,1
217056,1393,2024-10-14,0.77,144.0,144.0,1
250335,1393,2025-09-26,1.41,288.0,288.0,1
248115,3659,2025-10-30,1.1,72.0,72.0,1
248491,364,2025-09-19,1.99,96.0,96.0,1
218668,1393,2024-11-07,5.57,12.0,12.0,1
254647,1926,2025-11-24,1.19,300.0,300.0,1
215192,364,2024-11-07,44.15,12.0,12.0,1
256039,2502,2025-11-21,94545.45455,4.0,4.0,1
246058,364,2025-09-08,1.67,108.0,108.0,1
213759,3515,2024-08-07,4.17,96.0,96.0,1
193552,3406,2024-11-11,83863.63636,5.0,5.0,1
217047,1393,2024-10-14,10.61,24.0,24.0,1
247394,364,2025-08-29,3.41,72.0,72.0,1
256031,2502,2025-11-21,107636.36364,2.0,2.0,1
217093,1393,2024-10-14,1.21,288.0,288.0,1
250531,1393,2025-09-26,13.08,6.0,6.0,1
250607,1393,2025-09-26,1.09,144.0,144.0,1
256027,2974,2025-11-26,13636.36364,29.0,29.0,1
250448,1393,2025-09-26,0.72,144.0,144.0,1
215520,364,2024-10-01,0.84,72.0,72.0,1
218663,1393,2024-11-07,11.39,12.0,12.0,1
247282,364,2025-08-29,1.77,96.0,96.0,1
192947,2501,2025-11-19,164227.27273,24.0,40.0,4
218628,364,2024-11-07,15.62,48.0,48.0,1
248151,3659,2025-10-30,3.0,48.0,48.0,1
256049,2502,2025-11-21,71272.72727,2.0,2.0,1
246878,364,2025-09-08,4.74,16.0,16.0,1
248192,364,2025-09-19,7.94,8.0,8.0,1
246587,1654,2025-08-22,0.25,50.0,50.0,1
250539,1393,2025-09-26,16.42,4.0,4.0,1
254550,1926,2025-11-24,9.0,12.0,12.0,1
218603,1393,2024-11-07,1.28,24.0,24.0,1
256034,2502,2025-11-21,107636.36364,4.0,4.0,1
215796,364,2024-10-18,1.8,24.0,24.0,1
247513,3960,2025-09-22,4.08,96.0,96.0,1
217531,364,2024-10-18,1.79,96.0,96.0,1
254262,1926,2025-11-24,2.03,90.0,90.0,1
247009,364,2025-08-29,3.59,96.0,96.0,1
246047,364,2025-09-08,1.14,96.0,96.0,1
217534,364,2025-09-19,11.92,16.0,32.0,2
218667,1393,2024-11-07,5.57,12.0,12.0,1
246721,364,2025-09-08,9.85,18.0,18.0,1
254486,1926,2025-11-24,5.45,50.0,50.0,1
247158,364,2025-08-29,37.68,6.0,6.0,1
247334,364,2025-08-29,1.62,96.0,96.0,1
215546,364,2024-10-01,7.38,40.0,40.0,1
215795,364,2024-10-01,6.86,12.0,12.0,1
256040,2502,2025-11-21,65454.54545,4.0,4.0,1
250313,1393,2025-09-26,2.62,24.0,24.0,1
250602,1393,2025-09-26,16.5,12.0,12.0,1
250667,1393,2025-09-26,1.34,72.0,72.0,1
254535,1926,2025-11-24,2.29,96.0,96.0,1
215908,364,2024-10-18,0.62,288.0,288.0,1
215218,364,2024-10-01,3.44,48.0,48.0,1
248224,364,2025-09-19,2.86,72.0,72.0,1
248340,364,2025-09-19,0.91,264.0,264.0,1
257355,639,2026-04-14,40181.81818,6.0,24.0,4
257367,639,2025-12-23,8272.72727,10.0,22.0,2
246585,1654,2025-08-22,0.25,50.0,50.0,1
221872,1362,2026-03-16,181818.18182,1.0,6.0,2
247015,364,2025-08-29,3.42,96.0,96.0,1
250338,1393,2025-09-26,1.02,288.0,288.0,1
217064,1393,2024-10-14,3.04,96.0,96.0,1
247162,364,2025-08-29,1.25,288.0,288.0,1
218639,364,2024-11-07,3.18,72.0,72.0,1
62893,370,2025-10-10,50836.36364,850.0,1700.0,2
246766,364,2025-09-08,2.76,64.0,64.0,1
254654,1926,2025-11-24,0.49,144.0,144.0,1
248263,364,2025-09-19,0.82,264.0,264.0,1
206079,1654,2025-07-14,0.72,48.0,72.0,2
215230,364,2024-10-01,1.67,96.0,96.0,1
215293,364,2024-10-01,1.85,96.0,96.0,1
254079,1926,2025-11-24,2.25,128.0,128.0,1
250463,1393,2025-09-26,0.81,24.0,24.0,1
248425,364,2025-09-19,4.66,36.0,36.0,1
247078,364,2025-08-29,1.28,48.0,48.0,1
255413,941,2025-11-18,1363.63636,240.0,360.0,2
215017,364,2024-10-18,11.79,18.0,18.0,1
247333,364,2025-08-29,1.24,96.0,96.0,1
215195,364,2024-11-07,0.99,192.0,192.0,1
224474,2613,2024-12-09,5454.54545,140.0,140.0,1
218650,1393,2024-11-07,2.19,72.0,72.0,1
219883,364,2024-11-07,16.46,6.0,6.0,1
221870,1362,2025-10-20,240000.0,20.0,35.0,3
250655,1393,2025-09-26,30.95,4.0,4.0,1
248126,364,2025-09-19,3.93,48.0,48.0,1
246261,1654,2025-08-22,0.98,50.0,50.0,1
247360,364,2025-08-29,4.79,60.0,60.0,1
247981,3659,2025-10-24,1.54,72.0,72.0,1
219897,364,2024-11-07,10.84,6.0,6.0,1
217068,1393,2024-10-14,0.7,360.0,360.0,1
215809,364,2024-10-01,8.45,24.0,24.0,1
248417,364,2025-09-19,10.69,12.0,12.0,1
206284,1654,2025-07-14,3.73,24.0,48.0,2
246246,1654,2025-08-22,0.94,48.0,48.0,1
166454,2798,2025-10-28,11454.54545,6.0,32.0,3
217271,1393,2024-10-14,2.94,48.0,48.0,1
248037,3659,2025-10-24,0.69,96.0,96.0,1
250425,1393,2025-09-26,0.55,720.0,720.0,1
246266,1654,2025-08-22,0.4,100.0,100.0,1
215890,364,2024-10-18,1.17,144.0,144.0,1
217319,364,2024-10-18,0.69,288.0,288.0,1
218564,1393,2024-11-07,1.66,144.0,144.0,1
250618,1393,2025-09-26,11.91,30.0,30.0,1
246509,1654,2025-08-22,0.8,50.0,50.0,1
218591,1393,2024-11-07,14.12,12.0,12.0,1
247400,364,2025-08-29,0.62,72.0,72.0,1
248053,3659,2025-10-24,471.61,3.0,3.0,1
246094,364,2025-09-08,20.81,4.0,4.0,1
217166,1393,2024-10-14,2.55,60.0,60.0,1
248051,3659,2025-10-24,15.28,6.0,6.0,1
138339,1362,2024-12-03,476363.63636,1.0,1.0,1
250336,1393,2025-09-26,1.01,240.0,240.0,1
222648,2502,2024-11-15,129454.54545,4.0,4.0,1
220928,1074,2024-10-15,18409.09091,8.0,8.0,1
215560,364,2024-10-18,3.9,48.0,48.0,1
248221,364,2025-09-19,4.96,40.0,40.0,1
257049,129,2025-12-03,45454.54545,1.0,1.0,1
247237,364,2025-08-29,4.84,24.0,24.0,1
217163,1393,2024-10-14,0.84,288.0,288.0,1
135165,364,2025-06-12,7.97,10.0,10.0,1
250290,1393,2025-09-26,2.61,36.0,36.0,1
250423,1393,2025-09-26,1.13,288.0,288.0,1
247536,3960,2025-09-22,13.57,50.0,50.0,1
247020,364,2025-08-29,4.11,72.0,72.0,1
247185,364,2025-08-29,1.9,144.0,144.0,1
246791,364,2025-09-08,9.6,32.0,32.0,1
92410,364,2024-10-18,6.76,48.0,48.0,1
248542,364,2025-09-19,10.56,12.0,12.0,1
248270,364,2025-09-19,4.84,24.0,24.0,1
217273,1393,2024-10-14,2.94,48.0,48.0,1
218649,364,2024-11-07,4.39,32.0,32.0,1
255710,2974,2025-12-13,20454.54545,30.0,70.0,4
217547,364,2024-10-18,19.27,40.0,40.0,1
256008,4110,2025-12-01,136363.63636,2.0,2.0,1
245709,364,2025-09-08,3.86,24.0,24.0,1
250647,1393,2025-09-26,13.61,6.0,6.0,1
248009,3659,2025-10-24,2.03,240.0,240.0,1
247200,364,2025-08-29,1.4,288.0,288.0,1
215297,364,2024-10-01,10.25,12.0,12.0,1
247270,364,2025-08-29,2.31,48.0,48.0,1
160430,364,2025-09-08,0.58,96.0,384.0,2
220936,1074,2024-10-15,12272.72727,115.0,115.0,1
250301,1393,2025-09-26,3.3,16.0,16.0,1
215523,364,2024-10-01,16.41,6.0,6.0,1
256004,4110,2025-12-01,72727.27273,4.0,4.0,1
250350,1393,2025-09-26,0.82,288.0,288.0,1
248156,3659,2025-10-30,83.59,12.0,12.0,1
217070,1393,2024-10-14,0.74,240.0,240.0,1
250674,1393,2025-09-26,2.64,96.0,96.0,1
215916,364,2024-10-01,6.27,32.0,32.0,1
253984,364,2025-11-24,3.4,36.0,36.0,1
222647,2502,2024-12-13,152727.27273,1.0,5.0,2
250658,1393,2025-09-26,3.81,22.0,22.0,1
253982,364,2025-11-24,195.58,1.0,1.0,1
247127,364,2025-08-29,2.21,72.0,72.0,1
116947,1362,2024-12-09,163636.36364,1.0,4.0,3
219822,364,2024-11-07,6.59,24.0,24.0,1
250488,1393,2025-09-26,0.45,72.0,72.0,1
247293,364,2025-08-29,1.85,120.0,120.0,1
217352,364,2024-10-18,5.02,24.0,24.0,1
217229,1393,2024-10-14,1.92,84.0,84.0,1
248164,3659,2025-10-30,9.32,24.0,24.0,1
248127,3659,2025-10-30,1.67,96.0,96.0,1
219614,3655,2024-11-27,45.12,2.0,2.0,1
217141,1393,2024-10-14,1.08,150.0,150.0,1
215509,364,2024-10-18,4.77,48.0,48.0,1
217495,364,2024-10-18,5.53,24.0,24.0,1
215281,364,2024-10-01,1.67,120.0,120.0,1
215897,364,2024-10-18,1.5,120.0,120.0,1
250676,1393,2025-09-26,0.83,144.0,144.0,1
257399,639,2025-12-18,164272.72727,4.0,4.0,1
203498,3515,2025-11-28,1.76,48.0,84.0,2
217250,1393,2024-10-14,1.0,240.0,240.0,1
203486,3515,2024-05-08,7.95,24.0,24.0,1
217290,1393,2024-10-14,10.92,24.0,24.0,1
226030,2974,2024-12-21,21818.18182,16.0,16.0,1
215763,364,2024-10-01,3.42,48.0,48.0,1
254547,1926,2025-11-24,17.85,4.0,4.0,1
245794,364,2025-09-08,3.61,72.0,72.0,1
247330,364,2025-08-29,1.75,96.0,96.0,1
248521,364,2025-09-19,1.63,108.0,108.0,1
250761,3515,2025-11-28,4.42,12.0,12.0,1
215499,364,2024-10-18,1.16,96.0,96.0,1
217363,364,2024-10-18,0.91,36.0,36.0,1
248182,364,2025-09-19,1.19,48.0,48.0,1
219584,364,2024-11-07,2.69,48.0,48.0,1
140031,1362,2024-11-11,700000.0,1.0,2.0,2
245786,364,2025-09-08,2.28,96.0,96.0,1
217048,1393,2024-10-14,0.72,288.0,288.0,1
96532,94,2024-11-14,8909.09091,24.0,24.0,1
247311,364,2025-08-29,2.56,60.0,60.0,1
217175,1393,2025-09-26,1.07,72.0,216.0,2
217206,1393,2024-10-14,2.35,24.0,24.0,1
246108,364,2025-09-08,13.3,18.0,18.0,1
246279,1654,2025-08-22,2.96,50.0,50.0,1
170641,1227,2024-11-14,12741.81818,300.0,300.0,1
247014,364,2025-08-29,3.44,72.0,72.0,1
222656,2502,2024-11-15,100363.63636,4.0,4.0,1
245933,364,2025-09-08,6.79,24.0,24.0,1
215820,364,2024-10-01,14.37,12.0,12.0,1
187844,364,2025-09-08,4.85,24.0,24.0,1
217530,364,2024-10-18,1.79,96.0,96.0,1
246871,364,2025-09-08,5.02,32.0,32.0,1
217198,1393,2024-10-14,0.78,288.0,288.0,1
215225,364,2024-10-01,0.91,144.0,144.0,1
247324,364,2025-08-29,2.14,72.0,72.0,1
250369,1393,2025-09-26,0.69,240.0,240.0,1
254076,1926,2025-11-24,9.42,16.0,16.0,1
218658,364,2024-11-07,4.01,16.0,16.0,1
250339,1393,2025-09-26,0.96,240.0,240.0,1
247410,364,2025-08-29,6.02,24.0,24.0,1
248474,364,2025-09-19,5.3,24.0,24.0,1
247043,364,2025-08-29,6.01,16.0,16.0,1
218587,1393,2025-09-26,5.69,48.0,96.0,2
247412,364,2025-08-29,9.3,12.0,12.0,1
246068,364,2025-09-08,16.63,4.0,4.0,1
250362,1393,2025-09-26,1.13,240.0,240.0,1
247519,3960,2025-09-22,6.79,24.0,24.0,1
253961,364,2025-11-24,23.43,2.0,2.0,1
215326,364,2024-10-01,9.43,12.0,12.0,1
248386,364,2025-09-19,3.81,12.0,12.0,1
219277,3654,2024-10-22,172.88,1.0,1.0,1
189724,1926,2024-09-17,20.25,40.0,40.0,1
254810,1926,2025-11-24,31.48,12.0,12.0,1
253963,364,2025-11-24,2.37,48.0,48.0,1
169545,3102,2024-11-11,3454.54545,50.0,50.0,1
246412,1654,2025-08-22,1.07,48.0,48.0,1
246733,364,2025-09-08,1.67,96.0,96.0,1
246340,1654,2025-08-22,1.6,50.0,50.0,1
254667,1926,2025-11-24,5.02,36.0,36.0,1
245743,364,2025-09-08,3.68,24.0,24.0,1
246293,1654,2025-08-22,0.46,100.0,100.0,1
247323,364,2025-08-29,2.21,72.0,72.0,1
246219,1654,2025-08-22,1.04,200.0,200.0,1
250457,1393,2025-09-26,1.21,240.0,240.0,1
250474,1393,2025-09-26,0.61,72.0,72.0,1
220132,364,2024-11-07,0.5,400.0,400.0,1
217269,364,2024-10-18,4.29,48.0,48.0,1
248273,364,2025-09-19,2.45,72.0,72.0,1
247437,364,2025-08-29,1.32,144.0,144.0,1
250491,1393,2025-09-26,0.26,384.0,384.0,1
218593,1393,2024-11-07,13.5,6.0,6.0,1
254471,1926,2025-11-24,1.51,32.0,32.0,1
246003,364,2025-09-08,19.57,12.0,12.0,1
217340,364,2024-10-18,1.69,120.0,120.0,1
248535,364,2025-09-19,5.98,24.0,24.0,1
136342,1926,2024-09-17,58.05,40.0,40.0,1
136763,1926,2024-09-17,1.35,108.0,108.0,1
215813,364,2024-10-18,9.03,32.0,32.0,1
254126,1926,2025-11-24,1.65,72.0,72.0,1
215865,364,2024-10-01,9.02,12.0,12.0,1
246271,1654,2025-08-22,0.77,100.0,100.0,1
245906,364,2025-09-08,2.42,36.0,36.0,1
219840,364,2024-11-07,2.93,36.0,36.0,1
246283,1654,2025-08-22,1.44,50.0,50.0,1
246407,1654,2025-08-22,6.59,24.0,24.0,1
213745,3515,2024-08-07,4.17,60.0,60.0,1
136625,1926,2024-09-17,1.35,108.0,108.0,1
246022,364,2025-09-08,4.29,2.0,2.0,1
93952,370,2025-12-04,48654.54545,50.0,850.0,3
246020,364,2025-09-08,3.68,36.0,36.0,1
250638,1393,2025-09-26,10.53,10.0,10.0,1
247363,364,2025-08-29,2.51,48.0,48.0,1
254674,1926,2025-11-24,4.6,24.0,24.0,1
140202,2798,2025-12-11,51545.45455,2.0,53.0,8
219697,364,2024-11-07,10.86,10.0,10.0,1
217437,364,2024-10-18,4.86,36.0,36.0,1
246410,1654,2025-08-22,1.09,48.0,48.0,1
256054,2502,2025-11-21,165818.18182,4.0,4.0,1
247067,364,2025-08-29,6.67,12.0,12.0,1
224470,2613,2024-12-09,6136.36364,24.0,24.0,1
187682,364,2025-08-29,1.53,120.0,180.0,2
255003,4080,2025-12-12,34772.72727,30.0,51.0,2
247476,364,2025-08-29,9.33,32.0,32.0,1
237390,364,2025-06-12,5.55,12.0,12.0,1
215420,364,2024-10-18,2.75,48.0,48.0,1
255384,3712,2025-12-06,41363.63636,30.0,39.0,2
247023,364,2025-08-29,3.1,96.0,96.0,1
254537,1926,2025-11-24,1.87,96.0,96.0,1
247096,364,2025-08-29,2.18,96.0,96.0,1
257366,639,2025-12-23,8272.72727,10.0,32.0,3
250343,1393,2025-09-26,1.13,240.0,240.0,1
247106,364,2025-08-29,2.03,48.0,48.0,1
217414,364,2024-10-18,1.33,288.0,288.0,1
254828,1926,2025-11-24,9.13,16.0,16.0,1
250302,1393,2025-09-26,3.3,16.0,16.0,1
256632,2941,2025-12-20,38181.81818,4.0,8.0,2
218589,1393,2025-09-26,8.43,24.0,48.0,2
248061,3659,2025-10-24,1.09,240.0,240.0,1
247254,364,2025-08-29,2.07,72.0,72.0,1
246775,364,2025-09-08,2.45,128.0,128.0,1
250534,1393,2025-09-26,6.63,72.0,72.0,1
250545,1393,2025-09-26,4.63,24.0,24.0,1
248466,364,2025-09-19,6.63,14.0,14.0,1
206357,1654,2025-07-14,1.79,24.0,48.0,2
213751,3515,2024-08-07,7.95,24.0,24.0,1
247064,364,2025-08-29,1.59,36.0,36.0,1
250595,1393,2025-09-26,15.29,12.0,12.0,1
215392,364,2024-10-18,12.75,12.0,12.0,1
215489,364,2024-11-07,1.25,72.0,72.0,1
219845,364,2025-09-08,2.74,48.0,96.0,2
215433,364,2024-10-18,2.56,48.0,48.0,1
246263,1654,2025-08-22,0.4,100.0,100.0,1
247368,364,2025-08-29,4.94,36.0,36.0,1
219875,3659,2024-10-22,1.92,12.0,12.0,1
248015,3659,2025-10-24,2.47,144.0,144.0,1
247111,364,2025-08-29,1.48,24.0,24.0,1
247374,364,2025-08-29,3.7,24.0,24.0,1
215389,364,2024-10-01,22.0,8.0,8.0,1
247188,364,2025-08-29,1.16,160.0,160.0,1
203490,3515,2024-05-08,11.94,6.0,6.0,1
217052,1393,2024-10-14,11.39,12.0,12.0,1
247154,364,2025-08-29,3.5,48.0,48.0,1
206254,1654,2025-07-14,9.74,24.0,28.0,2
257096,3712,2025-12-06,101818.18182,20.0,20.0,1
219616,3655,2024-11-27,80.19,2.0,2.0,1
246819,364,2025-09-19,4.27,24.0,36.0,2
250482,1393,2025-09-26,1.52,72.0,72.0,1
247103,364,2025-08-29,1.76,48.0,48.0,1
160319,364,2025-08-29,2.11,108.0,216.0,2
250323,1393,2025-09-26,16.24,16.0,16.0,1
217091,1393,2024-10-14,19.72,6.0,6.0,1
254529,1926,2025-11-24,1.67,96.0,96.0,1
246511,1654,2025-08-22,0.88,50.0,50.0,1
247066,364,2025-08-29,2.08,24.0,24.0,1
186674,364,2024-10-18,2.0,144.0,144.0,1
219689,364,2024-11-07,1.85,96.0,96.0,1
215253,364,2024-10-01,2.4,24.0,24.0,1
217456,364,2024-10-18,11.51,12.0,12.0,1
250321,1393,2025-09-26,13.51,24.0,24.0,1
246215,1654,2025-08-22,2.4,200.0,200.0,1
219817,364,2024-11-07,11.27,6.0,6.0,1
206285,1654,2025-07-14,3.73,24.0,48.0,2
215242,364,2024-10-01,2.67,48.0,48.0,1
215401,364,2024-10-18,24.83,12.0,12.0,1
246335,1654,2025-08-22,1.6,50.0,50.0,1
254776,1926,2025-11-24,6.22,24.0,24.0,1
247470,364,2025-08-29,14.38,18.0,18.0,1
254465,1926,2025-11-24,2.03,90.0,90.0,1
247472,364,2025-08-29,1.99,24.0,24.0,1
215484,364,2024-11-07,1.08,144.0,144.0,1
245983,364,2025-09-08,8.85,12.0,12.0,1
246076,364,2025-09-08,11.74,6.0,6.0,1
237338,364,2025-06-12,4.44,11.0,11.0,1
248369,364,2025-09-19,1.41,64.0,64.0,1
246224,1654,2025-08-22,8.0,100.0,100.0,1
247525,3960,2025-09-22,2.81,48.0,48.0,1
217110,1393,2024-10-14,3.34,24.0,24.0,1
247421,364,2025-08-29,8.15,10.0,10.0,1
224472,2613,2024-12-09,14318.18182,30.0,30.0,1
215220,364,2024-10-01,2.56,48.0,48.0,1
215917,364,2024-10-01,2.67,48.0,48.0,1
247159,364,2025-08-29,73.85,2.0,2.0,1
247249,364,2025-08-29,1.94,72.0,72.0,1
248022,3659,2025-10-24,0.62,96.0,96.0,1
256018,129,2025-11-18,31818.18182,1.0,1.0,1
246107,364,2025-09-08,2.01,24.0,24.0,1
213357,1393,2024-07-22,4.52,10.0,10.0,1
217137,1393,2024-10-14,1.5,119.0,119.0,1
217140,1393,2024-10-14,2.94,60.0,60.0,1
187034,1926,2024-09-17,62.1,12.0,12.0,1
215080,364,2024-10-18,3.5,24.0,24.0,1
215438,364,2024-10-18,0.82,232.0,232.0,1
215745,364,2024-10-01,3.92,48.0,48.0,1
248104,364,2025-09-19,2.53,72.0,72.0,1
223444,2613,2024-11-23,4772.72727,20.0,20.0,1
217457,364,2024-10-18,14.42,8.0,8.0,1
217308,1393,2024-10-14,0.58,96.0,96.0,1
254772,1926,2025-11-24,4.05,48.0,48.0,1
215918,364,2024-10-01,2.67,48.0,48.0,1
215762,364,2024-10-01,11.13,16.0,16.0,1
247131,364,2025-08-29,5.09,24.0,24.0,1
254799,1926,2025-11-24,18.62,16.0,16.0,1
247473,364,2025-08-29,2.04,24.0,24.0,1
215216,364,2024-11-07,4.26,32.0,32.0,1
250604,1393,2025-09-26,12.96,18.0,18.0,1
217545,364,2024-10-18,12.66,18.0,18.0,1
248411,364,2025-09-19,6.72,25.0,25.0,1
247387,364,2025-08-29,5.37,24.0,24.0,1
222749,1362,2024-12-02,45454.54545,4.0,13.0,2
215196,364,2024-11-07,4.52,48.0,48.0,1
206318,1654,2024-05-28,5.11,50.0,50.0,1
218664,364,2024-11-07,2.48,72.0,72.0,1
221229,941,2025-11-11,3636.36364,24.0,42.0,2
247386,364,2025-08-29,8.2,16.0,16.0,1
254789,1926,2025-11-24,1.97,72.0,72.0,1
215236,364,2024-10-01,5.46,48.0,48.0,1
215197,364,2024-11-07,2.3,48.0,48.0,1
247016,364,2025-08-29,3.55,72.0,72.0,1
186925,364,2024-10-18,5.45,24.0,24.0,1
215819,364,2024-10-01,4.32,80.0,80.0,1
217085,364,2024-10-18,1.83,144.0,144.0,1
217367,364,2024-10-18,1.51,36.0,36.0,1
254706,1926,2025-11-24,0.63,576.0,576.0,1
258743,4144,2025-12-22,9090.90909,72.0,72.0,1
254122,1926,2025-11-24,12.04,8.0,8.0,1
246328,1654,2025-08-22,0.58,100.0,100.0,1
218617,1393,2024-11-07,3.42,24.0,24.0,1
254806,1926,2025-11-24,0.98,96.0,96.0,1
254528,1926,2025-11-24,2.22,96.0,96.0,1
203488,3515,2024-05-08,4.17,60.0,60.0,1
187805,364,2024-10-01,11.9,24.0,24.0,1
213789,3515,2024-08-07,4.78,96.0,96.0,1
247022,364,2025-08-29,3.23,72.0,72.0,1
217527,364,2024-10-18,0.83,216.0,216.0,1
254483,1926,2025-11-24,13.49,16.0,16.0,1
254787,1926,2025-11-24,1.71,288.0,288.0,1
250388,1393,2025-09-26,1.13,240.0,240.0,1
250555,1393,2025-09-26,2.05,96.0,96.0,1
246437,1654,2025-08-22,4.67,24.0,24.0,1
248174,364,2025-09-19,1.61,144.0,144.0,1
246240,1654,2025-08-22,2.53,94.0,94.0,1
186598,364,2025-09-08,69.67,2.0,2.0,1
250422,1393,2025-09-26,1.24,288.0,288.0,1
215447,364,2025-08-29,1.06,188.0,376.0,2
256035,2502,2025-11-21,88727.27273,4.0,4.0,1
247168,364,2025-08-29,1.55,96.0,96.0,1
162220,364,2024-10-18,1.61,48.0,48.0,1
217556,364,2024-10-18,9.19,9.0,9.0,1
247093,364,2025-08-29,2.01,96.0,96.0,1
161633,364,2025-09-08,57.82,4.0,4.0,1
254875,1926,2025-11-24,7.45,24.0,24.0,1
246782,364,2025-09-08,66.54,6.0,6.0,1
162813,364,2024-10-18,20.51,24.0,24.0,1
222653,2502,2024-12-06,161454.54545,9.0,13.0,2
206248,1654,2025-07-14,146.09,5.0,7.0,2
245931,364,2025-09-08,0.9,120.0,120.0,1
217486,364,2024-10-18,14.65,25.0,25.0,1
217483,364,2025-08-29,19.23,20.0,40.0,2
248365,364,2025-09-19,8.72,24.0,24.0,1
257365,639,2025-12-23,117000.0,4.0,12.0,3
215515,364,2024-10-18,4.92,48.0,48.0,1
215852,364,2024-10-01,1.46,100.0,100.0,1
136617,1926,2024-09-17,5.4,144.0,144.0,1
245959,364,2025-09-08,10.46,12.0,12.0,1
215541,364,2025-08-29,17.9,8.0,16.0,2
217218,1393,2024-10-14,20.5,16.0,16.0,1
248243,364,2025-09-19,0.95,240.0,240.0,1
245928,364,2025-09-08,2.18,96.0,96.0,1
215850,364,2024-10-01,1.46,100.0,100.0,1
222745,1362,2024-11-18,31818.18182,11.0,11.0,1
250348,1393,2025-09-26,0.54,432.0,432.0,1
250440,1393,2025-09-26,1.24,144.0,144.0,1
219895,364,2024-11-07,4.25,32.0,32.0,1
245910,364,2025-09-08,1.17,96.0,96.0,1
250318,1393,2025-09-26,1.85,24.0,24.0,1
215252,364,2024-10-01,3.11,48.0,48.0,1
246408,1654,2025-08-22,1.09,96.0,96.0,1
217073,1393,2024-10-14,3.81,32.0,32.0,1
217442,364,2024-10-18,3.1,96.0,96.0,1
248055,3659,2025-10-24,2.11,240.0,240.0,1
247242,364,2025-08-29,1.79,96.0,96.0,1
250465,1393,2025-09-26,0.63,24.0,24.0,1
213332,1393,2025-10-13,3.0,30.0,40.0,2
217046,1393,2024-10-14,14.85,8.0,8.0,1
245689,364,2025-09-08,12.7,18.0,18.0,1
247236,364,2025-08-29,1.84,72.0,72.0,1
187845,364,2024-11-07,6.58,12.0,12.0,1
250421,1393,2025-09-26,1.4,360.0,360.0,1
248110,364,2025-09-19,5.47,48.0,48.0,1
247027,364,2025-08-29,4.0,72.0,72.0,1
226031,2974,2024-12-21,15000.0,19.0,19.0,1
215008,364,2024-10-18,4.61,12.0,12.0,1
247972,3659,2025-10-24,1.8,72.0,72.0,1
215822,364,2024-10-01,6.39,48.0,48.0,1
246424,1654,2025-08-22,1.73,48.0,48.0,1
247538,3960,2025-09-22,30.9,100.0,100.0,1
236312,1654,2025-07-14,1.92,36.0,36.0,1
215300,364,2024-10-01,10.61,12.0,12.0,1
246256,1654,2025-08-22,1.42,48.0,48.0,1
248471,364,2025-09-19,2.28,64.0,64.0,1
254656,1926,2025-11-24,0.49,144.0,144.0,1
247344,364,2025-08-29,0.66,288.0,288.0,1
215811,364,2024-10-18,6.62,30.0,30.0,1
77276,370,2025-10-10,28290.90909,600.0,1200.0,2
215792,364,2024-10-01,18.11,12.0,12.0,1
217412,364,2024-10-18,3.18,48.0,48.0,1
217478,364,2024-10-18,3.15,24.0,24.0,1
218656,1393,2024-11-07,2.7,48.0,48.0,1
254454,1926,2025-11-24,4.65,48.0,48.0,1
257099,3712,2025-12-06,57272.72727,30.0,30.0,1
219873,3659,2024-10-22,2.46,24.0,24.0,1
248120,3659,2025-10-30,1.51,120.0,120.0,1
254788,1926,2025-11-24,0.96,288.0,288.0,1
218636,364,2024-11-07,3.19,36.0,36.0,1
217521,364,2024-10-18,2.96,48.0,48.0,1
248261,364,2025-09-19,1.23,144.0,144.0,1
247182,364,2025-08-29,13.47,12.0,12.0,1
248199,364,2025-09-19,3.83,36.0,36.0,1
217523,364,2024-10-18,2.96,48.0,48.0,1
247038,364,2025-08-29,3.59,48.0,48.0,1
247140,364,2025-08-29,7.99,16.0,16.0,1
215434,364,2024-10-01,8.58,10.0,10.0,1
217105,364,2024-10-18,2.46,144.0,144.0,1
248516,364,2025-09-19,2.39,80.0,80.0,1
250661,1393,2025-09-26,13.24,2.0,2.0,1
254820,1926,2025-11-24,13.46,16.0,16.0,1
248123,3659,2025-10-30,2.14,72.0,72.0,1
215024,364,2024-10-18,5.46,24.0,24.0,1
215183,364,2024-10-01,3.83,24.0,24.0,1
215229,364,2024-10-18,3.56,72.0,72.0,1
217080,364,2024-10-18,2.71,72.0,72.0,1
248518,364,2025-09-19,3.25,54.0,54.0,1
246001,364,2025-09-08,13.29,24.0,24.0,1
250489,1393,2025-09-26,1.8,48.0,48.0,1
217320,364,2024-10-18,1.77,192.0,192.0,1
254530,1926,2025-11-24,1.73,96.0,96.0,1
245919,364,2025-09-08,1.08,96.0,96.0,1
250426,1393,2025-09-26,0.59,144.0,144.0,1
248180,364,2025-09-19,2.04,72.0,72.0,1
254065,1926,2025-11-24,1.65,36.0,36.0,1
247143,364,2025-08-29,8.79,16.0,16.0,1
220251,2032,2025-11-26,47727.27273,200.0,522.0,6
217549,364,2024-10-18,13.7,18.0,18.0,1
217060,1393,2024-10-14,1.13,228.0,228.0,1
254697,1926,2025-11-24,2.33,80.0,80.0,1
247391,364,2025-08-29,5.37,24.0,24.0,1
217415,364,2024-10-18,2.46,72.0,72.0,1
246229,1654,2025-08-22,21.6,6.0,6.0,1
247332,364,2025-08-29,1.24,96.0,96.0,1
248280,364,2025-09-19,10.9,10.0,10.0,1
256634,2941,2025-12-17,57272.72727,4.0,4.0,1
247152,364,2025-08-29,12.17,12.0,12.0,1
221418,224,2024-11-15,40727.27273,6.0,16.0,2
246776,364,2025-09-08,6.53,24.0,24.0,1
246292,1654,2025-08-22,0.46,100.0,100.0,1
246515,1654,2025-08-22,1.49,48.0,48.0,1
217180,1393,2024-10-14,5.36,20.0,20.0,1
218642,364,2024-11-07,3.64,32.0,32.0,1
248367,364,2025-09-19,12.88,8.0,8.0,1
254825,1926,2025-11-24,5.79,16.0,16.0,1
256448,4114,2025-11-25,63636.36364,6.0,6.0,1
217151,1393,2024-10-14,5.73,48.0,48.0,1
247995,3659,2025-10-24,1.72,160.0,160.0,1
247084,364,2025-08-29,1.54,48.0,48.0,1
250305,1393,2025-09-26,2.86,36.0,36.0,1
250551,1393,2025-09-26,9.09,48.0,48.0,1
62947,370,2025-10-10,28290.90909,600.0,1200.0,2
219821,364,2024-11-07,6.57,24.0,24.0,1
254705,1926,2025-11-24,0.63,576.0,576.0,1
246208,1654,2025-08-22,0.35,216.0,216.0,1
186616,364,2024-10-18,1.25,48.0,48.0,1
215445,364,2024-10-01,9.73,10.0,10.0,1
247197,364,2025-08-29,1.81,108.0,108.0,1
215747,364,2024-10-01,1.26,144.0,144.0,1
246290,1654,2025-08-22,1.05,48.0,48.0,1
194059,2941,2025-12-17,41363.63636,4.0,8.0,3
217373,364,2024-10-18,1.2,96.0,96.0,1
136615,1926,2024-09-17,52.65,15.0,15.0,1
250319,1393,2025-09-26,1.75,36.0,36.0,1
246413,1654,2025-08-22,1.08,96.0,96.0,1
250281,1393,2025-09-26,3.89,24.0,24.0,1
192381,1393,2024-10-14,2.94,48.0,48.0,1
254634,2127,2025-11-03,141818.18182,4.0,4.0,1
254718,975,2025-12-17,5000.0,30.0,71.0,3
254721,975,2025-10-28,7200.0,2.0,2.0,1
215432,364,2024-10-18,2.56,48.0,48.0,1
247130,364,2025-08-29,1.9,72.0,72.0,1
250401,1393,2025-09-26,1.36,240.0,240.0,1
215424,364,2024-11-07,1.59,96.0,96.0,1
254827,1926,2025-11-24,5.79,16.0,16.0,1
247980,3659,2025-10-24,2.26,72.0,72.0,1
247429,364,2025-08-29,10.73,8.0,8.0,1
247435,364,2025-08-29,1.21,24.0,24.0,1
246075,364,2025-09-08,7.79,12.0,12.0,1
250456,1393,2025-09-26,1.19,240.0,240.0,1
248028,3659,2025-10-24,3.28,45.0,45.0,1
219820,364,2024-11-07,6.57,24.0,24.0,1
214787,364,2024-10-01,12.5,16.0,16.0,1
215254,364,2024-10-01,3.78,12.0,12.0,1
248492,364,2025-09-19,1.99,96.0,96.0,1
247358,364,2025-08-29,1.83,48.0,48.0,1
246272,1654,2025-08-22,0.37,100.0,100.0,1
167888,2501,2025-12-19,161863.63636,33.0,129.0,6
217065,1393,2024-10-14,12.24,12.0,12.0,1
246004,364,2025-09-08,3.34,36.0,36.0,1
248378,364,2025-09-19,1.35,120.0,120.0,1
246264,1654,2025-08-22,0.4,100.0,100.0,1
221247,1074,2024-12-11,5454.54545,12.0,24.0,2
247413,364,2025-08-29,6.38,12.0,12.0,1
254683,1926,2025-11-24,1.41,240.0,240.0,1
246850,364,2025-09-08,5.39,24.0,24.0,1
196068,3525,2024-12-16,2181.81818,150.0,150.0,1
246519,1654,2025-08-22,0.82,48.0,48.0,1
136344,1926,2024-09-17,5.4,24.0,24.0,1
247113,364,2025-08-29,1.31,48.0,48.0,1
247146,364,2025-08-29,8.92,18.0,18.0,1
250285,1393,2025-09-26,5.58,36.0,36.0,1
254693,1926,2025-11-24,1.11,288.0,288.0,1
248032,3659,2025-10-24,2.90075,144.0,144.0,1
215572,364,2024-10-01,7.3,12.0,12.0,1
250406,1393,2025-09-26,0.99,240.0,240.0,1
250324,1393,2025-09-26,1.18,288.0,288.0,1
215329,364,2024-10-01,9.43,12.0,12.0,1
219836,3659,2024-10-22,3.82,12.0,12.0,1
217173,1393,2024-10-14,8.23,10.0,10.0,1
218600,1393,2024-11-07,3.76,12.0,12.0,1
215231,364,2025-08-29,3.38,96.0,144.0,2
248006,3659,2025-10-24,8.56,36.0,36.0,1
217281,364,2024-10-18,1.12,192.0,192.0,1
222583,1926,2025-11-24,0.68,200.0,200.0,1
217181,1393,2024-10-14,0.97,288.0,288.0,1
245913,364,2025-09-08,1.66,96.0,96.0,1
250382,1393,2025-09-26,2.66,108.0,108.0,1
254648,1926,2025-11-24,1.19,300.0,300.0,1
217252,1393,2024-10-14,2.03,12.0,12.0,1
248004,3659,2025-10-24,0.77,180.0,180.0,1
245846,364,2025-09-08,4.54,48.0,48.0,1
215029,364,2024-10-18,4.31,36.0,36.0,1
215227,364,2024-10-18,3.5,96.0,96.0,1
247206,364,2025-08-29,1.28,144.0,144.0,1
246400,1654,2025-08-22,1.57,96.0,96.0,1
215260,364,2024-10-01,2.86,48.0,48.0,1
247430,364,2025-08-29,2.06,24.0,24.0,1
258977,364,2026-03-16,4.32,36.0,36.0,1
217334,364,2024-10-18,1.09,180.0,180.0,1
217543,364,2024-10-18,8.28,6.0,6.0,1
254687,1926,2025-11-24,0.54,288.0,288.0,1
222354,3102,2024-11-11,4727.27273,90.0,90.0,1
217536,364,2025-08-29,13.47,24.0,48.0,2
218607,1393,2024-11-07,16.82,3.0,3.0,1
254854,1926,2025-11-24,12.46,12.0,12.0,1
247350,364,2025-08-29,0.64,316.0,316.0,1
246761,364,2025-09-08,6.09,24.0,24.0,1
215193,364,2024-10-01,65.58,12.0,12.0,1
250345,1393,2025-09-26,0.59,240.0,240.0,1
215545,364,2024-10-01,0.83,216.0,216.0,1
215571,364,2024-10-01,5.17,24.0,24.0,1
217058,1393,2024-10-14,2.02,60.0,60.0,1
218625,1393,2024-11-07,3.36,24.0,24.0,1
250528,1393,2025-09-26,5.99,24.0,24.0,1
215831,364,2024-10-01,6.76,12.0,12.0,1
250325,1393,2025-09-26,1.48,240.0,240.0,1
255396,612,2025-12-17,38181.81818,10.0,23.0,2
247989,3659,2025-10-24,1.82,72.0,72.0,1
245982,364,2025-09-08,10.46,12.0,12.0,1
247975,3659,2025-10-24,1.46,72.0,72.0,1
219855,3659,2024-10-22,3.82,6.0,6.0,1
215427,364,2024-10-18,2.31,48.0,48.0,1
246217,1654,2025-08-22,8.0,100.0,100.0,1
247305,364,2025-08-29,1.52,144.0,144.0,1
245718,364,2025-09-08,27.73,8.0,8.0,1
217262,364,2024-10-18,1.38,180.0,180.0,1
250419,1393,2025-09-26,2.34,120.0,120.0,1
247109,364,2025-08-29,5.14,48.0,48.0,1
254761,1926,2025-11-24,6.02,48.0,48.0,1
250298,1393,2025-09-26,3.66,24.0,24.0,1
215902,364,2024-10-18,0.95,192.0,192.0,1
255382,3712,2025-11-14,25454.54545,30.0,54.0,2
245787,364,2025-09-08,10.99,18.0,18.0,1
192207,1362,2025-11-28,272727.27273,1.0,13.0,11
219581,364,2024-11-07,1.98,96.0,96.0,1
62912,370,2025-12-04,101745.45455,100.0,1700.0,3
250615,1393,2025-09-26,16.22,20.0,20.0,1
248360,364,2025-09-19,11.43,4.0,4.0,1
215521,364,2024-10-01,3.51,6.0,6.0,1
247556,3960,2025-09-22,122.54,8.0,8.0,1
219784,3659,2024-10-22,3.19,24.0,24.0,1
224348,2613,2024-12-09,4090.90909,612.0,812.0,2
217054,1393,2024-10-14,4.21,24.0,24.0,1
217165,1393,2024-10-14,0.4,576.0,576.0,1
245770,364,2025-09-08,1.99,64.0,64.0,1
186946,364,2024-10-18,12.97,12.0,12.0,1
247094,364,2025-08-29,2.18,24.0,24.0,1
218623,1393,2024-11-07,2.35,48.0,48.0,1
250548,1393,2025-09-26,2.86,72.0,72.0,1
215200,364,2024-10-01,1.7,48.0,48.0,1
217292,1393,2024-10-14,1.47,72.0,72.0,1
217223,1393,2025-09-26,33.43,4.0,16.0,2
214990,364,2024-10-18,10.43,20.0,20.0,1
254536,1926,2025-11-24,1.87,96.0,96.0,1
247406,364,2025-08-29,3.92,72.0,72.0,1
216872,364,2024-10-18,1.45,144.0,144.0,1
218595,1393,2024-11-07,17.36,8.0,8.0,1
255172,1362,2025-11-07,81818.18182,6.0,6.0,1
245966,364,2025-09-08,3.54,48.0,48.0,1
250577,1393,2025-09-26,11.0,24.0,24.0,1
247532,3960,2025-09-22,52.35,15.0,15.0,1
217125,1393,2024-10-14,11.39,12.0,12.0,1
247212,364,2025-08-29,1.42,144.0,144.0,1
247339,364,2025-08-29,3.78,48.0,48.0,1
255892,77,2025-11-19,10500.0,96.0,96.0,1
215261,364,2024-10-01,6.27,30.0,30.0,1
253979,364,2025-11-24,21.63,6.0,6.0,1
217555,364,2024-10-18,10.65,9.0,9.0,1
220918,1227,2024-10-15,2093456.36364,4.0,4.0,1
194052,2941,2025-12-20,56636.36364,1.0,6.0,3
250284,1393,2025-09-26,3.66,24.0,24.0,1
236303,1654,2025-07-14,2.72,108.0,108.0,1
245929,364,2025-09-08,1.0,144.0,144.0,1
215237,364,2024-10-01,5.22,48.0,48.0,1
215512,364,2024-10-18,4.86,48.0,48.0,1
215797,364,2024-10-18,2.12,48.0,48.0,1
134100,364,2025-08-29,1.54,96.0,144.0,2
246227,1654,2025-08-22,17.6,6.0,6.0,1
245991,364,2025-09-08,3.54,48.0,48.0,1
194407,364,2024-10-18,10.21,12.0,18.0,2
246282,1654,2025-08-22,1.44,50.0,50.0,1
247126,364,2025-08-29,4.79,72.0,72.0,1
217076,364,2024-10-18,1.74,144.0,144.0,1
247993,3659,2025-10-24,0.86,300.0,300.0,1
254658,1926,2025-11-24,0.49,144.0,144.0,1
247222,364,2025-08-29,1.88,96.0,96.0,1
215562,364,2024-10-18,3.9,48.0,48.0,1
250533,1393,2025-09-26,9.41,36.0,36.0,1
254826,1926,2025-11-24,5.79,16.0,16.0,1
247177,364,2025-08-29,0.81,226.0,226.0,1
248465,364,2025-09-19,5.24,36.0,36.0,1
247347,364,2025-08-29,2.84,96.0,96.0,1
194149,941,2025-11-11,4545.45455,12.0,12.0,1
257871,2941,2025-12-20,9545.45455,6.0,6.0,1
247530,3960,2025-09-22,23.87,120.0,120.0,1
247257,364,2025-08-29,2.53,144.0,144.0,1
247986,3659,2025-10-24,2.03,72.0,72.0,1
215807,364,2024-10-01,12.41,6.0,6.0,1
217425,364,2025-08-29,20.4,6.0,24.0,2
250411,1393,2025-09-26,0.78,288.0,288.0,1
250478,1393,2025-09-26,0.59,72.0,72.0,1
215284,364,2024-10-01,5.45,24.0,24.0,1
247518,3960,2025-09-22,3.51,12.0,12.0,1
254816,1926,2025-11-24,3.84,36.0,36.0,1
217417,364,2024-10-18,4.1,36.0,36.0,1
248426,364,2025-09-19,2.94,64.0,64.0,1
215047,364,2024-10-18,6.65,48.0,48.0,1
250739,3515,2025-11-28,6.51,12.0,12.0,1
247464,364,2025-08-29,10.6,24.0,24.0,1
248026,3659,2025-10-24,0.78,96.0,96.0,1
247018,364,2025-08-29,3.55,72.0,72.0,1
254478,1926,2025-11-24,4.0,24.0,24.0,1
254707,1926,2025-11-24,1.02,360.0,360.0,1
215417,364,2024-11-07,1.84,48.0,48.0,1
215524,364,2024-10-01,15.05,6.0,6.0,1
246286,1654,2025-08-22,0.67,50.0,50.0,1
215207,364,2024-11-07,3.49,96.0,96.0,1
246496,1654,2025-08-22,1.12,50.0,50.0,1
224924,2502,2024-12-13,225454.54545,7.0,7.0,1
217255,1393,2024-10-14,3.41,24.0,24.0,1
215758,364,2024-10-01,42.46,2.0,2.0,1
215014,364,2024-10-18,9.98,32.0,32.0,1
215219,364,2024-10-01,2.75,48.0,48.0,1
250364,1393,2025-09-26,0.96,240.0,240.0,1
247390,364,2025-08-29,85.96,3.0,3.0,1
217270,364,2024-10-18,0.98,60.0,60.0,1
163517,1393,2025-09-26,0.32,480.0,480.0,1
220920,1074,2024-10-29,10227.27273,8.0,28.0,2
215057,364,2024-10-18,2.13,36.0,36.0,1
256032,2502,2025-11-21,88727.27273,2.0,2.0,1
254078,1926,2025-11-24,7.61,24.0,24.0,1
247191,364,2025-08-29,1.74,96.0,96.0,1
215511,364,2024-10-18,4.95,48.0,48.0,1
218632,364,2024-11-07,2.71,36.0,36.0,1
245963,364,2025-09-08,8.64,12.0,12.0,1
215574,364,2024-10-01,28.54,4.0,4.0,1
247549,3960,2025-09-22,5.97,48.0,48.0,1
245915,364,2025-09-08,0.9,192.0,192.0,1
194058,2941,2025-12-17,149545.45455,3.0,9.0,4
215909,364,2024-10-01,33.42,4.0,4.0,1
215213,364,2024-10-18,3.56,72.0,72.0,1
248157,3659,2025-10-30,148.71,6.0,6.0,1
248077,3659,2025-10-24,3.81,60.0,60.0,1
247241,364,2025-08-29,1.36,96.0,96.0,1
217092,364,2024-10-18,2.33,72.0,72.0,1
219901,364,2024-11-07,12.18,6.0,6.0,1
246097,364,2025-09-08,14.15,4.0,4.0,1
217286,1393,2025-09-26,4.12,50.0,100.0,2
247085,364,2025-08-29,2.56,48.0,48.0,1
206252,1654,2025-07-14,9.74,24.0,48.0,2
250529,1393,2025-09-26,11.55,12.0,12.0,1
218629,1393,2024-11-07,2.76,96.0,96.0,1
220546,3069,2024-10-11,63000.0,20.0,20.0,1
248143,3659,2025-10-30,2.41,96.0,96.0,1
250297,1393,2025-09-26,7.17,6.0,6.0,1
247425,364,2025-08-29,33.29,3.0,3.0,1
245704,364,2025-09-08,1.42,60.0,60.0,1
256046,2502,2025-11-21,65454.54545,4.0,4.0,1
215812,364,2024-10-18,5.83,24.0,24.0,1
247108,364,2025-08-29,3.2,48.0,48.0,1
217433,364,2024-10-18,5.24,24.0,24.0,1
246415,1654,2025-08-22,1.08,96.0,96.0,1
254664,1926,2025-11-24,0.49,144.0,144.0,1
215810,364,2024-10-18,1.32,144.0,144.0,1
215748,364,2024-10-01,12.65,12.0,12.0,1
248536,364,2025-09-19,7.41,24.0,24.0,1
217055,1393,2024-10-14,8.91,12.0,12.0,1
194050,2941,2025-12-20,28636.36364,1.0,31.0,5
247135,364,2025-08-29,4.91,48.0,48.0,1
254802,1926,2025-11-24,0.98,128.0,128.0,1
247178,364,2025-08-29,7.52,24.0,24.0,1
254798,1926,2025-11-24,12.18,9.0,9.0,1
247123,364,2025-08-29,1.31,48.0,48.0,1
256016,129,2025-11-18,50000.0,1.0,1.0,1
250333,1393,2025-09-26,1.51,240.0,240.0,1
248538,364,2025-09-19,2.39,80.0,80.0,1
247204,364,2025-08-29,1.7,108.0,108.0,1
254651,1926,2025-11-24,1.19,300.0,300.0,1
247971,3659,2025-10-24,1.69,72.0,72.0,1
247072,364,2025-08-29,2.75,81.0,81.0,1
219896,364,2024-11-07,6.41,16.0,16.0,1
236300,1654,2025-07-14,2.24,36.0,36.0,1
250762,3515,2025-11-28,2.06,96.0,96.0,1
248371,364,2025-09-19,13.71,12.0,12.0,1
254690,1926,2025-11-24,0.44,288.0,288.0,1
215462,364,2024-10-01,4.7,32.0,32.0,1
248301,364,2025-09-19,9.65,10.0,10.0,1
219843,364,2024-11-07,3.62,72.0,72.0,1
246055,364,2025-09-08,0.91,192.0,192.0,1
217436,364,2024-10-18,5.79,36.0,36.0,1
215332,364,2024-10-01,9.43,12.0,12.0,1
215458,364,2024-10-18,4.58,48.0,48.0,1
254080,1926,2025-11-24,8.06,32.0,32.0,1
222679,941,2025-11-18,2727.27273,24.0,72.0,2
247337,364,2025-08-29,1.54,72.0,72.0,1
250665,1393,2025-09-26,1.75,48.0,48.0,1
215558,364,2025-08-29,6.76,24.0,48.0,2
247110,364,2025-08-29,1.74,48.0,48.0,1
215775,364,2024-10-01,3.19,24.0,24.0,1
248172,364,2025-09-19,3.88,36.0,36.0,1
254452,1926,2025-11-24,1.69,72.0,72.0,1
254881,1926,2025-11-24,1.32,108.0,108.0,1
255129,2663,2025-12-22,53454.54545,8.0,20.0,2
250634,1393,2025-09-26,1.09,96.0,96.0,1
215279,364,2024-11-07,9.16,16.0,16.0,1
215764,364,2024-10-01,2.44,128.0,128.0,1
217314,364,2024-10-18,0.51,288.0,288.0,1
254450,1926,2025-11-24,1.65,108.0,108.0,1
215215,364,2024-10-18,3.34,72.0,72.0,1
247070,364,2025-08-29,7.11,12.0,12.0,1
219826,364,2024-11-07,9.56,12.0,12.0,1
250289,1393,2025-09-26,3.3,32.0,32.0,1
250620,1393,2025-09-26,6.3,50.0,50.0,1
246069,364,2025-09-08,12.56,14.0,14.0,1
222351,3102,2024-11-11,3454.54545,50.0,50.0,1
194735,3406,2024-11-11,109090.90909,5.0,5.0,1
217059,1393,2024-10-14,2.82,24.0,24.0,1
217156,1393,2024-10-14,2.9,96.0,96.0,1
256036,2502,2025-11-21,87272.72727,3.0,3.0,1
247104,364,2025-08-29,5.02,72.0,72.0,1
250314,1393,2025-09-26,3.3,16.0,16.0,1
247990,3659,2025-10-24,1.69,72.0,72.0,1
215858,364,2024-10-18,2.44,64.0,64.0,1
217235,364,2024-10-18,8.03,48.0,48.0,1
217344,364,2024-10-18,8.31,10.0,10.0,1
248412,364,2025-09-19,1.34,132.0,132.0,1
218660,364,2024-11-07,3.2,16.0,16.0,1
220921,1074,2024-10-15,12954.54545,40.0,40.0,1
247181,364,2025-08-29,9.18,48.0,48.0,1
114796,364,2024-10-01,3.79,36.0,36.0,1
256050,2502,2025-11-21,56000.0,2.0,2.0,1
247380,364,2025-08-29,6.75,12.0,12.0,1
247423,364,2025-08-29,6.57,16.0,16.0,1
250591,1393,2025-09-26,12.15,16.0,16.0,1
219870,3659,2024-10-22,1.23,24.0,24.0,1
250384,1393,2025-09-26,3.68,72.0,72.0,1
219854,3659,2024-10-22,6.62,6.0,6.0,1
245975,364,2025-09-08,5.86,24.0,24.0,1
215872,364,2024-10-18,3.86,48.0,48.0,1
248467,364,2025-09-19,6.83,16.0,16.0,1
217318,364,2025-08-29,1.04,192.0,384.0,2
248430,364,2025-09-19,3.78,48.0,48.0,1
250541,1393,2025-09-26,10.27,12.0,12.0,1
250563,1393,2025-09-26,16.85,6.0,6.0,1
250612,1393,2025-09-26,5.26,24.0,24.0,1
218635,364,2024-11-07,3.2,32.0,32.0,1
254817,1926,2025-11-24,3.84,36.0,36.0,1
250331,1393,2025-09-26,1.24,240.0,240.0,1
215870,364,2024-10-18,2.65,80.0,80.0,1
248145,364,2025-09-19,5.25,24.0,24.0,1
248346,364,2025-09-19,3.05,48.0,48.0,1
218596,1393,2024-11-07,16.65,16.0,16.0,1
250504,1393,2025-09-26,2.92,60.0,60.0,1
246525,1654,2025-08-22,0.45,400.0,400.0,1
248136,3659,2025-10-30,1.93,128.0,128.0,1
246317,1654,2025-08-22,0.32,50.0,50.0,1
254765,1926,2025-11-24,6.6,16.0,16.0,1
217063,1393,2024-10-14,7.66,12.0,12.0,1
254724,29,2025-12-19,3863.63636,11.0,11.0,1
217413,364,2024-10-18,3.18,48.0,48.0,1
250307,1393,2025-09-26,3.06,18.0,18.0,1
217348,364,2024-10-18,4.92,24.0,24.0,1
248024,3659,2025-10-24,1.11,96.0,96.0,1
247371,364,2025-08-29,17.41,12.0,12.0,1
191401,1362,2026-02-04,259090.90909,2.0,27.0,9
186609,364,2025-08-29,1.19,120.0,240.0,2
217124,1393,2024-10-14,7.86,12.0,12.0,1
247317,364,2025-08-29,1.82,144.0,144.0,1
250737,3515,2025-11-28,4.91,12.0,12.0,1
250640,1393,2025-09-26,0.73,144.0,144.0,1
248251,364,2025-09-19,2.79,60.0,60.0,1
192364,1393,2024-10-14,2.0,288.0,288.0,1
217272,1393,2024-10-14,2.96,48.0,48.0,1
247259,364,2025-08-29,1.77,96.0,96.0,1
248020,3659,2025-10-24,0.7,96.0,96.0,1
215235,364,2024-10-01,12.92,6.0,6.0,1
256037,2502,2025-11-21,76363.63636,3.0,3.0,1
255173,1362,2025-11-07,72727.27273,6.0,6.0,1
218659,364,2024-11-07,3.7,18.0,18.0,1
215212,364,2024-11-07,11.25,9.0,9.0,1
246762,364,2025-09-08,6.38,32.0,32.0,1
214790,364,2024-10-01,27.27,3.0,3.0,1
246876,364,2025-09-08,3.03,24.0,24.0,1
250636,1393,2025-09-26,1.12,24.0,24.0,1
217066,1393,2024-10-14,5.54,48.0,48.0,1
254645,1926,2025-11-24,0.64,180.0,180.0,1
136622,1926,2024-09-17,51.3,80.0,80.0,1
214993,364,2024-10-18,6.3,40.0,40.0,1
254481,1926,2025-11-24,4.0,24.0,24.0,1
247346,364,2025-08-29,0.55,288.0,288.0,1
247512,3960,2025-09-22,58.47,24.0,24.0,1
217087,364,2024-10-18,2.27,72.0,72.0,1
186850,364,2024-10-01,5.26,48.0,48.0,1
215527,364,2024-10-01,9.12,24.0,24.0,1
218606,1393,2025-09-26,42.98,6.0,18.0,2
217241,1393,2024-10-14,6.27,24.0,24.0,1
219879,364,2024-11-07,16.71,6.0,6.0,1
246732,364,2025-09-08,0.66,72.0,72.0,1
254781,1926,2025-11-24,7.3,36.0,36.0,1
247312,364,2025-08-29,0.92,240.0,240.0,1
248108,3659,2025-10-30,0.98,144.0,144.0,1
246514,1654,2025-08-22,0.88,50.0,50.0,1
219876,3659,2024-10-22,2.26,24.0,24.0,1
136345,1926,2024-09-17,8.1,60.0,60.0,1
254129,1926,2025-11-24,1.65,108.0,108.0,1
246770,364,2025-09-08,3.8,48.0,48.0,1
248432,364,2025-09-19,3.6,48.0,48.0,1
247145,364,2025-08-29,4.45,48.0,48.0,1
250556,1393,2025-09-26,2.69,96.0,96.0,1
247074,364,2025-08-29,3.14,72.0,72.0,1
136769,1926,2024-09-17,2.7,108.0,108.0,1
250377,1393,2025-09-26,0.54,192.0,192.0,1
247139,364,2025-08-29,5.27,48.0,48.0,1
215336,364,2024-10-18,4.95,48.0,48.0,1
218579,1393,2024-11-07,3.6,36.0,36.0,1
250549,1393,2025-09-26,8.25,64.0,64.0,1
217278,1393,2025-09-26,3.19,120.0,264.0,2
248247,364,2025-09-19,0.77,144.0,144.0,1
248502,364,2025-09-19,0.98,192.0,192.0,1
247049,364,2025-08-29,4.53,32.0,32.0,1
219570,364,2024-11-07,3.2,16.0,16.0,1
246848,364,2025-09-08,1.57,64.0,64.0,1
250469,1393,2025-09-26,0.89,24.0,24.0,1
254538,1926,2025-11-24,1.77,96.0,96.0,1
219838,364,2025-09-08,2.84,48.0,96.0,2
254638,2127,2025-12-03,141818.18182,2.0,7.0,2
218586,1393,2025-09-26,5.07,52.0,104.0,2
248423,364,2025-09-19,2.64,60.0,60.0,1
247163,364,2025-08-29,1.95,144.0,144.0,1
223162,1362,2025-10-24,454545.45455,1.0,3.0,3
247531,3960,2025-09-22,34.92,40.0,40.0,1
253978,364,2025-11-24,20.8,6.0,6.0,1
217502,364,2024-10-18,5.27,24.0,24.0,1
247029,364,2025-08-29,4.81,48.0,48.0,1
222650,2502,2024-12-13,49454.54545,17.0,49.0,3
254259,3659,2025-10-22,5.66,20.0,20.0,1
247441,364,2025-08-29,164.63,2.0,2.0,1
194048,2941,2025-12-17,9545.45455,2.0,4.0,3
250372,1393,2025-09-26,0.55,288.0,288.0,1
253994,364,2025-11-24,4.79,18.0,18.0,1
213767,3515,2024-08-07,10.38,12.0,12.0,1
246823,364,2025-09-08,7.41,4.0,4.0,1
194682,3418,2024-11-22,69363.63636,5.0,21.0,3
206320,1654,2024-05-28,5.11,50.0,50.0,1
221185,2501,2025-11-19,117318.18182,24.0,64.0,5
245748,364,2025-09-08,6.38,12.0,12.0,1
246033,364,2025-09-08,3.43,96.0,96.0,1
248505,364,2025-09-19,1.56,120.0,120.0,1
218622,1393,2024-11-07,3.42,24.0,24.0,1
206069,1654,2024-05-28,5.4,24.0,24.0,1
250442,1393,2025-09-26,1.21,240.0,240.0,1
187833,364,2024-10-01,5.22,48.0,48.0,1
213866,3606,2024-08-07,5.6,24.0,24.0,1
218599,1393,2024-11-07,10.56,6.0,6.0,1
215081,364,2024-10-18,2.13,36.0,36.0,1
215333,364,2024-10-18,4.86,48.0,48.0,1
217099,364,2024-10-18,1.98,144.0,144.0,1
79448,1362,2025-11-26,109090.90909,1.0,5.0,3
215450,364,2024-10-01,7.68,10.0,10.0,1
246501,1654,2025-08-22,0.88,50.0,50.0,1
194680,3418,2024-04-16,50272.72727,2.0,11.0,2
223099,3418,2025-12-19,87181.81818,8.0,36.0,3
206255,1654,2025-07-14,9.74,24.0,48.0,2
186931,364,2024-11-07,2.29,72.0,72.0,1
218652,364,2024-11-07,3.63,36.0,36.0,1
250420,1393,2025-09-26,1.67,240.0,240.0,1
246204,1654,2025-08-22,0.8,448.0,448.0,1
219877,3659,2024-10-22,4.55,6.0,6.0,1
248262,364,2025-09-19,0.87,264.0,264.0,1
203512,3515,2024-08-07,7.95,24.0,48.0,2
217285,364,2024-10-18,1.91,288.0,288.0,1
248543,364,2025-09-19,8.65,20.0,20.0,1
219884,364,2024-11-07,15.76,6.0,6.0,1
246323,1654,2025-08-22,0.32,200.0,200.0,1
217224,1393,2024-10-14,1.6,24.0,24.0,1
218637,1393,2025-09-26,3.23,48.0,96.0,2
215461,364,2024-10-01,6.6,24.0,24.0,1
217450,364,2024-10-18,3.81,12.0,12.0,1
245802,364,2025-09-08,1.23,96.0,96.0,1
219701,364,2024-11-07,1.1,144.0,144.0,1
250309,1393,2025-09-26,3.3,16.0,16.0,1
248541,364,2025-09-19,1.91,48.0,48.0,1
247373,364,2025-08-29,18.07,6.0,6.0,1
254278,3659,2025-10-22,2.66,60.0,60.0,1
248527,364,2025-09-19,3.52,54.0,54.0,1
247452,364,2025-08-29,10.36,4.0,4.0,1
223446,2613,2024-11-28,29090.90909,47.0,81.0,2
254475,1926,2025-11-24,4.0,24.0,24.0,1
253992,364,2025-11-24,5.76,12.0,12.0,1
250564,1393,2025-09-26,4.91,52.0,52.0,1
217146,1393,2024-10-14,0.78,192.0,192.0,1
219806,364,2024-11-07,6.63,48.0,48.0,1
246754,364,2025-09-08,1.7,24.0,24.0,1
255234,1894,2025-11-14,540909.09091,1.0,1.0,1
219825,364,2024-11-07,2.54,64.0,64.0,1
217428,364,2024-10-18,18.79,8.0,8.0,1
246339,1654,2025-08-22,1.6,50.0,50.0,1
254269,3659,2025-10-22,0.4232,200.0,200.0,1
250492,1393,2025-09-26,1.72,64.0,64.0,1
246216,1654,2025-08-22,4.8,100.0,100.0,1
248431,364,2025-09-19,3.17,60.0,60.0,1
250367,1393,2025-09-26,0.82,288.0,288.0,1
253986,364,2025-11-24,4.74,48.0,48.0,1
220923,1074,2024-10-15,17727.27273,24.0,24.0,1
217078,364,2024-10-18,2.07,72.0,72.0,1
222393,941,2024-11-07,10909.09091,5.0,5.0,1
186812,364,2024-10-01,0.85,72.0,72.0,1
215395,364,2024-10-18,24.83,12.0,12.0,1
219683,364,2024-11-07,8.52,24.0,24.0,1
222646,2502,2024-11-15,128727.27273,7.0,7.0,1
250490,1393,2025-09-26,2.62,36.0,36.0,1
217421,364,2024-10-18,22.02,6.0,6.0,1
219833,364,2024-11-07,28.46,12.0,12.0,1
215457,364,2024-10-01,2.65,48.0,48.0,1
215566,364,2024-10-01,13.0,6.0,6.0,1
254870,1926,2025-11-24,2.66,72.0,72.0,1
215054,364,2024-10-18,3.97,24.0,24.0,1
215259,364,2024-10-01,3.68,48.0,48.0,1
254797,1926,2025-11-24,4.55,48.0,48.0,1
254127,1926,2025-11-24,1.65,108.0,108.0,1
196068,3102,2024-11-11,2618.18182,50.0,50.0,1
248246,364,2025-09-19,0.43,480.0,480.0,1
257354,639,2025-12-09,42545.45455,6.0,6.0,1
215538,364,2024-10-01,4.02,48.0,48.0,1
254819,1926,2025-11-24,19.83,8.0,8.0,1
217453,364,2024-10-18,2.34,24.0,24.0,1
246409,1654,2025-08-22,4.15,24.0,24.0,1
247230,364,2025-08-29,1.42,120.0,120.0,1
219844,364,2024-11-07,3.62,72.0,72.0,1
219864,3659,2024-10-22,1.23,12.0,12.0,1
245945,364,2025-09-08,1.48,144.0,144.0,1
247545,3960,2025-09-22,4.91,120.0,120.0,1
254549,1926,2025-11-24,8.5,12.0,12.0,1
218651,364,2024-11-07,3.97,24.0,24.0,1
253991,364,2025-11-24,19.5,8.0,8.0,1
247273,364,2025-08-29,2.84,48.0,48.0,1
219809,364,2024-11-07,1.04,96.0,96.0,1
248427,364,2025-09-19,12.3,4.0,4.0,1
250672,1393,2025-09-26,15.26,8.0,8.0,1
219887,364,2024-11-07,5.99,36.0,36.0,1
256598,3418,2025-12-19,59818.18182,21.0,36.0,2
219827,3659,2024-10-22,1.23,12.0,12.0,1
215082,364,2024-10-18,3.75,48.0,48.0,1
246576,1654,2025-08-22,64.0,3.0,3.0,1
250530,1393,2025-09-26,8.96,18.0,18.0,1
246052,364,2025-09-08,0.97,192.0,192.0,1
245914,364,2025-09-08,2.23,48.0,48.0,1
246784,364,2025-09-08,78.67,2.0,2.0,1
246278,1654,2025-08-22,0.18,100.0,100.0,1
246054,364,2025-09-08,1.22,144.0,144.0,1
250434,1393,2025-09-26,1.18,144.0,144.0,1
254724,556,2025-12-19,3636.36364,2.0,2.0,1
247461,364,2025-08-29,34.92,2.0,2.0,1
248362,364,2025-09-19,7.78,12.0,12.0,1
246050,364,2025-09-08,0.74,240.0,240.0,1
217234,364,2024-10-18,0.77,288.0,288.0,1
250654,1393,2025-09-26,1.7,120.0,120.0,1
218621,1393,2024-11-07,2.94,48.0,48.0,1
190680,1926,2024-09-17,29.7,3.0,3.0,1
254758,1926,2025-11-24,3.07,36.0,36.0,1
247418,364,2025-08-29,3.31,48.0,48.0,1
118346,1362,2025-12-22,58181.81818,3.0,28.0,6
250351,1393,2025-09-26,1.02,144.0,144.0,1
215881,364,2024-10-01,14.84,8.0,8.0,1
217228,1393,2024-10-14,3.41,24.0,24.0,1
247551,3960,2025-09-22,5.06,60.0,60.0,1
250663,1393,2025-09-26,2.84,22.0,22.0,1
250536,1393,2025-09-26,7.82,16.0,16.0,1
215559,364,2024-10-01,17.73,3.0,3.0,1
247061,364,2025-08-29,12.96,9.0,9.0,1
250656,1393,2025-09-26,13.66,12.0,12.0,1
256450,4114,2025-11-25,159090.90909,3.0,3.0,1
206455,1654,2025-07-14,3.63,10.0,58.0,2
215887,364,2024-10-18,1.64,108.0,108.0,1
259243,364,2026-03-16,3.81,24.0,24.0,1
7450007442502,364,2025-09-08,26.0,8.0,16.0,2
222654,2502,2024-12-06,87272.72727,5.0,11.0,2
254289,3659,2025-10-22,2.33,40.0,40.0,1
217315,364,2024-10-18,5.12,24.0,24.0,1
217291,1393,2024-10-14,1.71,200.0,200.0,1
250601,1393,2025-09-26,13.03,18.0,18.0,1
248259,364,2025-09-19,0.73,240.0,240.0,1
247392,364,2025-08-29,87.25,3.0,3.0,1
215206,364,2024-11-07,3.81,96.0,96.0,1
246814,364,2025-09-08,4.49,12.0,12.0,1
215563,364,2024-10-18,0.96,192.0,192.0,1
250368,1393,2025-09-26,0.92,288.0,288.0,1
254268,3659,2025-10-22,0.312,200.0,200.0,1
136343,1926,2024-09-17,4.05,36.0,36.0,1
220924,1074,2024-11-07,15679.41387,19.0,53.0,3
250391,1393,2025-09-26,0.86,192.0,192.0,1
246507,1654,2025-08-22,0.8,50.0,50.0,1
248035,3659,2025-10-24,0.73,480.0,480.0,1
258994,364,2026-03-16,11.52,24.0,24.0,1
250374,1393,2025-09-26,0.74,240.0,240.0,1
246242,1654,2025-08-22,1.69,60.0,60.0,1
250735,3515,2025-11-28,2.11,24.0,24.0,1
217339,364,2024-10-18,1.63,120.0,120.0,1
248324,364,2025-09-19,2.72,96.0,96.0,1
247021,364,2025-08-29,3.1,96.0,96.0,1
247399,364,2025-08-29,1.18,72.0,72.0,1
246436,1654,2025-08-22,1.2,96.0,96.0,1
254876,1926,2025-11-24,0.86,72.0,72.0,1
217112,364,2025-08-29,3.63,54.0,108.0,2
245681,364,2025-09-08,38.15,4.0,4.0,1
215561,364,2024-10-18,4.05,48.0,48.0,1
215801,364,2024-10-18,2.47,40.0,40.0,1
257335,4129,2025-12-10,2500.0,140.0,140.0,1
254120,1926,2025-11-24,14.64,12.0,12.0,1
218602,1393,2024-11-07,1.33,72.0,72.0,1
247342,364,2025-08-29,7.31,24.0,24.0,1
250357,1393,2025-09-26,1.04,240.0,240.0,1
217537,364,2024-10-18,10.84,24.0,24.0,1
217443,364,2024-10-18,7.29,24.0,24.0,1
217113,1393,2024-10-14,1.66,48.0,48.0,1
254874,1926,2025-11-24,14.34,16.0,16.0,1
248041,3659,2025-10-24,3.44,45.0,45.0,1
248392,364,2025-09-19,8.09,8.0,8.0,1
217202,1393,2024-10-14,5.39,24.0,24.0,1
217551,364,2024-10-18,14.01,18.0,18.0,1
254066,1926,2025-11-24,9.69,8.0,8.0,1
248260,364,2025-09-19,0.73,240.0,240.0,1
254676,1926,2025-11-24,3.26,48.0,48.0,1
217554,364,2024-10-18,6.65,24.0,24.0,1
254455,1926,2025-11-24,4.65,24.0,24.0,1
246312,1654,2025-08-22,0.3,160.0,160.0,1
248081,3659,2025-10-24,1.27,240.0,240.0,1
222658,2502,2024-12-06,109090.90909,3.0,5.0,2
215258,364,2024-10-01,1.64,48.0,48.0,1
215576,364,2024-10-01,28.54,4.0,4.0,1
246239,1654,2025-08-22,1.57,48.0,48.0,1
254678,1926,2025-11-24,4.47,36.0,36.0,1
217300,1393,2024-10-14,5.16,20.0,20.0,1
190685,1926,2024-09-17,21.6,10.0,10.0,1
246847,364,2025-09-08,4.94,24.0,24.0,1
246885,364,2025-09-08,2.03,96.0,96.0,1
161632,364,2024-10-01,11.59,8.0,8.0,1
187016,364,2024-10-18,2.33,72.0,72.0,1
250439,1393,2025-09-26,1.01,240.0,240.0,1
166438,2798,2026-02-03,17181.81818,22.0,73.0,4
248130,3659,2025-10-30,1.22,72.0,72.0,1
218594,1393,2024-11-07,5.81,54.0,54.0,1
136340,1926,2024-09-17,37.8,40.0,40.0,1
247095,364,2025-08-29,5.32,48.0,48.0,1
246406,1654,2025-08-22,1.6,96.0,96.0,1
219834,364,2024-11-07,6.5,16.0,16.0,1
246255,1654,2025-08-22,1.42,48.0,48.0,1
217079,1393,2024-10-14,5.78,24.0,24.0,1
217277,1393,2024-10-14,1.6,48.0,48.0,1
217050,1393,2024-10-14,10.18,12.0,12.0,1
248014,3659,2025-10-24,1.43,192.0,192.0,1
170643,1227,2024-11-14,31249.09091,100.0,100.0,1
217260,1393,2024-10-14,2.11,36.0,36.0,1
254487,1926,2025-11-24,11.27,12.0,12.0,1
247322,364,2025-08-29,31.26,4.0,4.0,1
215233,364,2024-10-01,14.82,6.0,6.0,1
255563,2798,2025-11-12,26727.27273,8.0,8.0,1
246329,1654,2025-08-22,0.58,100.0,100.0,1
203483,3515,2024-05-08,4.42,6.0,6.0,1
217313,364,2024-10-18,1.06,192.0,192.0,1
217254,364,2024-10-18,1.55,120.0,120.0,1
222391,941,2024-11-07,16363.63636,5.0,5.0,1
248059,3659,2025-10-24,3.83,72.0,72.0,1
217322,364,2024-10-18,1.63,120.0,120.0,1
250358,1393,2025-09-26,1.48,288.0,288.0,1
250546,1393,2025-09-26,5.59,24.0,24.0,1
162200,1926,2024-09-17,29.7,40.0,40.0,1
250597,1393,2025-09-26,5.28,16.0,16.0,1
248350,364,2025-09-19,9.31,18.0,18.0,1
254694,1926,2025-11-24,1.53,240.0,240.0,1
250526,1393,2025-09-26,13.0,12.0,12.0,1
217508,364,2024-10-18,6.51,12.0,12.0,1
246398,1654,2025-08-22,7.28,48.0,48.0,1
254474,1926,2025-11-24,4.0,48.0,48.0,1
246005,364,2025-09-08,1.02,96.0,96.0,1
256026,2974,2025-11-20,40909.09091,5.0,5.0,1
254468,1926,2025-11-24,2.03,90.0,90.0,1
247308,364,2025-08-29,1.02,192.0,192.0,1
217343,364,2024-10-18,4.77,16.0,16.0,1
247277,364,2025-08-29,0.94,192.0,192.0,1
163511,1393,2024-10-14,1.86,288.0,288.0,1
215051,364,2024-10-18,3.97,24.0,24.0,1
250653,1393,2025-09-26,1.7,120.0,120.0,1
194054,2941,2026-01-28,18454.54545,1.0,13.0,3
247083,364,2025-08-29,2.38,48.0,48.0,1
206257,1654,2025-07-14,3.9,52.0,100.0,2
250568,1393,2025-09-26,4.94,57.0,57.0,1
254834,1926,2025-11-24,6.94,30.0,30.0,1
250599,1393,2025-09-26,5.28,16.0,16.0,1
247335,364,2025-08-29,1.22,96.0,96.0,1
253960,364,2025-11-24,31.9,4.0,4.0,1
217090,364,2024-10-18,3.98,36.0,36.0,1
247076,364,2025-08-29,1.72,114.0,114.0,1
247436,364,2025-08-29,1.41,120.0,120.0,1
215805,364,2024-10-18,11.62,8.0,8.0,1
217077,1393,2024-10-14,16.07,12.0,12.0,1
247215,364,2025-08-29,1.41,144.0,144.0,1
247459,364,2025-08-29,12.6,24.0,24.0,1
254489,2798,2025-12-02,22272.72727,12.0,23.0,3
206358,1654,2025-07-14,1.79,24.0,48.0,2
219618,3655,2024-11-27,58.62,2.0,2.0,1
247537,3960,2025-09-22,22.15,10.0,10.0,1
217371,364,2024-10-18,13.28,18.0,18.0,1
117439,1362,2024-12-17,436363.63636,1.0,1.0,1
247223,364,2025-08-29,3.88,24.0,24.0,1
215371,364,2024-10-18,5.03,36.0,36.0,1
215579,364,2024-10-01,4.65,24.0,24.0,1
215861,364,2024-10-01,11.2,36.0,36.0,1
246799,364,2025-09-08,4.27,24.0,24.0,1
206256,1654,2025-07-14,13.8,12.0,24.0,2
250592,1393,2025-09-26,14.23,12.0,12.0,1
246218,1654,2025-08-22,0.56,200.0,200.0,1
248468,364,2025-09-19,6.83,16.0,16.0,1
245944,364,2025-09-08,1.83,108.0,108.0,1
247211,364,2025-08-29,3.76,72.0,72.0,1
250542,1393,2025-09-26,9.03,12.0,12.0,1
160318,364,2025-08-29,1.54,144.0,288.0,2
215867,364,2024-10-18,9.62,12.0,12.0,1
135478,364,2025-09-08,0.97,144.0,144.0,1
250332,1393,2025-09-26,0.82,360.0,360.0,1
250557,1393,2025-09-26,4.54,48.0,48.0,1
256042,2502,2025-11-21,65454.54545,2.0,2.0,1
247248,364,2025-08-29,0.65,300.0,300.0,1
215832,364,2024-10-01,2.75,12.0,12.0,1
217342,364,2024-10-18,8.41,12.0,12.0,1
215013,364,2024-10-18,9.98,32.0,32.0,1
191345,941,2025-11-11,5454.54545,12.0,30.0,2
217336,364,2024-10-18,1.23,144.0,144.0,1
246425,1654,2025-08-22,1.84,48.0,48.0,1
217274,1393,2024-10-14,2.94,48.0,48.0,1
163499,1393,2024-10-14,5.2,20.0,20.0,1
247420,364,2025-08-29,1.43,144.0,144.0,1
245981,364,2025-09-08,3.54,48.0,48.0,1
246326,1654,2025-08-22,1.36,102.0,102.0,1
221419,224,2024-11-15,13090.90909,20.0,60.0,2
217233,364,2024-10-18,1.8,144.0,144.0,1
250454,1393,2025-09-26,0.34,288.0,288.0,1
246210,1654,2025-08-22,0.35,216.0,216.0,1
135415,364,2025-09-08,2.96,72.0,72.0,1
254704,1926,2025-11-24,1.35,144.0,144.0,1
213761,3515,2024-08-07,4.79,48.0,48.0,1
247422,364,2025-08-29,5.2,12.0,12.0,1
213772,3515,2024-08-07,7.53,10.0,10.0,1
248040,3659,2025-10-24,3.39,45.0,45.0,1
246741,364,2025-09-08,1.58,48.0,48.0,1
215430,364,2024-10-01,9.78,10.0,10.0,1
254642,1926,2025-11-24,3.89,24.0,24.0,1
248062,3659,2025-10-24,1.54,360.0,360.0,1
215378,364,2024-10-18,4.75,36.0,36.0,1
247115,364,2025-08-29,2.42,48.0,48.0,1
247246,364,2025-08-29,1.17,96.0,96.0,1
217333,364,2024-10-18,1.09,180.0,180.0,1
217309,1393,2025-09-26,15.63,12.0,24.0,2
248276,364,2025-09-19,11.34,12.0,12.0,1
107966,1393,2025-10-13,1.25,22.0,22.0,1
257361,639,2026-02-06,57909.09091,4.0,19.0,4
217297,1393,2024-10-14,7.8,12.0,12.0,1
166448,2798,2025-01-03,11136.36364,12.0,88.0,7
215273,364,2024-10-01,3.52,96.0,96.0,1
247160,364,2025-08-29,1.23,144.0,144.0,1
247280,364,2025-08-29,1.38,96.0,96.0,1
248124,3659,2025-10-30,1.95,72.0,72.0,1
219829,364,2025-09-08,7.99,32.0,48.0,2
245987,364,2025-09-08,10.22,12.0,12.0,1
246228,1654,2025-08-22,33.6,6.0,6.0,1
254804,1926,2025-11-24,4.09,24.0,24.0,1
223440,2613,2024-11-23,4772.72727,10.0,10.0,1
258166,975,2025-12-15,9917.1295,1.0,1.0,1
247134,364,2025-08-29,12.57,24.0,24.0,1
247071,364,2025-08-29,3.9,64.0,64.0,1
215314,364,2024-10-18,1.21,120.0,120.0,1
245990,364,2025-09-08,1.87,96.0,96.0,1
254779,1926,2025-11-24,24.98,8.0,8.0,1
248044,3659,2025-10-24,10.7,24.0,24.0,1
250745,3515,2025-11-28,4.91,12.0,12.0,1
247541,3960,2025-09-22,62.61,20.0,20.0,1
215241,364,2024-10-01,2.27,72.0,72.0,1
250487,1393,2025-09-26,0.45,72.0,72.0,1
247156,364,2025-08-29,36.56,4.0,4.0,1
222674,941,2024-11-15,22727.27273,12.0,12.0,1
247165,364,2025-08-29,1.58,120.0,120.0,1
246433,1654,2025-08-22,8.8,24.0,24.0,1
254882,1926,2025-11-24,5.5,36.0,36.0,1
250547,1393,2025-09-26,7.68,24.0,24.0,1
247087,364,2025-08-29,2.19,48.0,48.0,1
247149,364,2025-08-29,16.01,12.0,12.0,1
215803,364,2024-10-18,1.44,132.0,132.0,1
217157,1393,2024-10-14,0.84,288.0,288.0,1
247326,364,2025-08-29,2.38,72.0,72.0,1
247384,364,2025-08-29,5.33,36.0,36.0,1
215765,364,2024-10-01,2.44,128.0,128.0,1
248342,364,2025-09-19,0.84,216.0,216.0,1
246275,1654,2025-08-22,0.22,100.0,100.0,1
219832,364,2024-11-07,22.2,12.0,12.0,1
248374,364,2025-09-19,2.01,96.0,96.0,1
219279,3654,2024-10-22,99.62,1.0,1.0,1
247465,364,2025-08-29,9.46,6.0,6.0,1
250466,1393,2025-09-26,1.11,24.0,24.0,1
248118,364,2025-09-19,3.98,96.0,96.0,1
248328,364,2025-09-19,5.25,48.0,48.0,1
217129,1393,2024-10-14,1.29,72.0,72.0,1
203493,3515,2025-11-28,2.06,96.0,192.0,2
217170,1393,2025-09-26,1.15,36.0,108.0,2
246237,1654,2025-08-22,1.57,48.0,48.0,1
254868,1926,2025-11-24,12.46,12.0,12.0,1
248500,364,2025-09-19,0.98,192.0,192.0,1
215519,364,2024-10-18,4.83,48.0,48.0,1
213743,3515,2024-08-07,4.17,72.0,72.0,1
247069,364,2025-08-29,5.06,48.0,48.0,1
257552,2127,2025-12-17,47272.72727,5.0,5.0,1
218610,1393,2024-11-07,2.61,20.0,20.0,1
247006,364,2025-08-29,0.91,144.0,144.0,1
247125,364,2025-08-29,2.52,72.0,72.0,1
247998,3659,2025-10-24,7.6,60.0,60.0,1
215539,364,2024-10-01,18.1,4.0,4.0,1
247315,364,2025-08-29,2.75,54.0,54.0,1
215452,364,2024-10-01,9.82,16.0,16.0,1
256047,2502,2025-11-21,50909.09091,4.0,4.0,1
162211,1926,2024-09-17,41.85,18.0,18.0,1
248125,3659,2025-10-30,1.67,64.0,64.0,1
247366,364,2025-08-29,3.6,24.0,24.0,1
247383,364,2025-08-29,5.33,36.0,36.0,1
245909,364,2025-09-08,21.67,2.0,2.0,1
247547,3960,2025-09-22,4.52,144.0,144.0,1
247327,364,2025-08-29,2.3,144.0,144.0,1
257396,639,2025-12-18,157772.72727,4.0,4.0,1
250417,1393,2025-09-26,1.11,240.0,240.0,1
222349,3102,2024-11-11,2872.72727,50.0,50.0,1
250527,1393,2025-09-26,5.02,24.0,24.0,1
222355,3102,2024-11-11,6363.63636,44.0,44.0,1
219908,364,2024-11-07,5.16,18.0,18.0,1
218684,364,2024-11-07,2.82,36.0,36.0,1
245717,364,2025-09-08,8.19,16.0,16.0,1
215766,364,2024-10-01,2.07,48.0,48.0,1
215862,364,2024-10-01,2.77,75.0,75.0,1
217230,364,2024-10-18,2.34,84.0,84.0,1
248046,3659,2025-10-24,8.31,312.0,312.0,1
247416,364,2025-08-29,15.14,8.0,8.0,1
185614,364,2025-08-29,1.52,72.0,72.0,1
215860,364,2024-10-18,6.63,32.0,32.0,1
248072,3659,2025-10-24,37.78,12.0,12.0,1
250365,1393,2025-09-26,1.19,240.0,240.0,1
248398,364,2025-09-19,8.41,12.0,12.0,1
166452,2798,2025-10-28,11454.54545,7.0,41.0,3
215015,364,2024-10-18,11.79,18.0,18.0,1
248030,3659,2025-10-24,3.13,112.0,112.0,1
221246,1074,2024-12-11,6136.36364,12.0,24.0,2
221227,941,2024-10-21,9090.90909,24.0,24.0,1
254730,2974,2025-12-11,5113.63636,14.0,188.0,5
213358,1393,2025-10-13,3.25,40.0,60.0,2
246322,1654,2025-08-22,0.32,200.0,200.0,1
218640,1393,2024-11-07,1.97,144.0,144.0,1
250424,1393,2025-09-26,1.5,120.0,120.0,1
247979,3659,2025-10-24,1.59,72.0,72.0,1
248010,3659,2025-10-24,1.79,240.0,240.0,1
245912,364,2025-09-08,3.87,24.0,24.0,1
247129,364,2025-08-29,4.58,72.0,72.0,1
217123,1393,2024-10-14,127.07,24.0,24.0,1
247454,364,2025-08-29,26.67,4.0,4.0,1
220931,1074,2024-11-07,47727.27273,20.0,24.0,2
248165,364,2025-09-19,2.56,96.0,96.0,1
250403,1393,2025-09-26,1.09,120.0,120.0,1
217317,364,2025-08-29,7.52,24.0,48.0,2
217098,364,2024-10-18,2.56,96.0,96.0,1
250356,1393,2025-09-26,1.04,240.0,240.0,1
246416,1654,2025-08-22,4.15,24.0,24.0,1
187806,364,2024-10-01,29.09,12.0,12.0,1
217512,364,2024-10-18,55.58,4.0,4.0,1
247325,364,2025-08-29,9.42,12.0,12.0,1
215255,364,2024-10-01,4.56,24.0,24.0,1
248149,3659,2025-10-30,0.9,36.0,36.0,1
248218,364,2025-09-19,4.99,36.0,36.0,1
248275,364,2025-09-19,13.57,24.0,24.0,1
254295,3659,2025-10-22,46.8,1.0,1.0,1
255168,1362,2026-01-23,109090.90909,3.0,5.0,3
247521,3960,2025-09-22,4.58,48.0,48.0,1
214652,364,2024-10-18,4.83,48.0,48.0,1
215226,364,2024-10-01,5.28,48.0,48.0,1
250436,1393,2025-09-26,1.04,240.0,240.0,1
246285,1654,2025-08-22,1.2,50.0,50.0,1
245905,364,2025-09-08,2.42,36.0,36.0,1
222376,3544,2024-11-08,54545.45455,3.0,3.0,1
217347,364,2024-10-18,8.98,12.0,12.0,1
250370,1393,2025-09-26,1.08,240.0,240.0,1
246401,1654,2025-08-22,2.37,96.0,96.0,1
219691,364,2025-09-19,15.89,8.0,16.0,2
247169,364,2025-08-29,5.62,24.0,24.0,1
136614,1926,2024-09-17,35.1,120.0,120.0,1
246212,1654,2025-08-22,0.35,216.0,216.0,1
213723,3515,2024-08-07,4.79,48.0,48.0,1
236314,1654,2025-07-14,0.93,40.0,40.0,1
217379,364,2024-10-18,5.8,18.0,18.0,1
217542,364,2024-10-18,1.69,96.0,96.0,1
248408,364,2025-09-19,10.8,16.0,16.0,1
247535,3960,2025-09-22,10.21,36.0,36.0,1
247431,364,2025-08-29,1.21,96.0,96.0,1
222583,975,2024-11-14,9008.97867,36.0,36.0,1
247365,364,2025-08-29,1.9,72.0,72.0,1
217326,364,2024-10-18,0.98,192.0,192.0,1
221420,224,2024-11-15,25454.54545,23.0,63.0,3
215798,364,2024-10-18,3.22,40.0,40.0,1
215777,364,2024-10-01,5.03,24.0,24.0,1
247031,364,2025-08-29,1.99,64.0,64.0,1
248025,3659,2025-10-24,3.54,48.0,48.0,1
257364,639,2025-12-18,117000.0,6.0,12.0,2
255130,2663,2025-12-22,84000.0,7.0,13.0,2
248366,364,2025-09-19,10.11,16.0,16.0,1
246061,364,2025-09-08,3.32,36.0,36.0,1
162197,1926,2024-09-17,78.3,18.0,18.0,1
217053,1393,2024-10-14,1.56,120.0,120.0,1
219853,3659,2024-10-22,6.62,12.0,12.0,1
217375,364,2024-10-18,2.16,144.0,144.0,1
222659,2502,2024-12-06,104727.27273,5.0,8.0,2
253996,364,2025-11-24,0.98,48.0,48.0,1
248083,3659,2025-10-24,2.03,72.0,72.0,1
215407,364,2024-10-01,53.51,3.0,3.0,1
248066,364,2025-09-19,24.29,8.0,8.0,1
247209,364,2025-08-29,1.67,144.0,144.0,1
247393,364,2025-08-29,5.37,24.0,24.0,1
205739,941,2025-11-11,10909.09091,12.0,22.0,2
217323,364,2024-10-18,1.63,120.0,120.0,1
215359,364,2024-10-18,2.12,24.0,24.0,1
247075,364,2025-08-29,2.68,64.0,64.0,1
248163,3659,2025-10-30,6.65,36.0,36.0,1
247102,364,2025-08-29,5.6,48.0,48.0,1
245970,364,2025-09-08,10.46,12.0,12.0,1
257401,639,2025-12-18,42545.45455,6.0,6.0,1
246884,364,2025-09-08,3.4,48.0,48.0,1
250540,1393,2025-09-26,7.99,16.0,16.0,1
223445,2613,2024-12-09,10909.09091,74.0,131.0,3
215569,364,2024-10-18,2.12,72.0,72.0,1
246768,364,2025-09-08,6.45,48.0,48.0,1
219815,364,2024-11-07,5.48,12.0,12.0,1
248166,3659,2025-10-30,8.02,16.0,16.0,1
254877,1926,2025-11-24,0.86,72.0,72.0,1
205926,1654,2024-05-28,5.4,24.0,24.0,1
215573,364,2024-10-18,2.22,48.0,48.0,1
206457,1654,2025-07-14,1.56,48.0,96.0,2
250300,1393,2025-09-26,2.74,72.0,72.0,1
246247,1654,2025-08-22,0.94,48.0,48.0,1
255383,3712,2025-12-06,38181.81818,40.0,104.0,3
217172,1393,2025-09-26,4.8,12.0,36.0,2
247008,364,2025-08-29,0.91,144.0,144.0,1
248111,3659,2025-10-30,1.69,54.0,54.0,1
215379,364,2024-10-18,4.26,32.0,32.0,1
218666,1393,2024-11-07,5.57,12.0,12.0,1
250286,1393,2025-09-26,2.18,48.0,48.0,1
250394,1393,2025-09-26,0.84,288.0,288.0,1
194057,2941,2025-12-17,56636.36364,1.0,2.0,2
250415,1393,2025-09-26,1.04,240.0,240.0,1
217329,364,2024-10-18,1.68,120.0,120.0,1
219886,364,2025-09-08,42.61,2.0,4.0,2
245923,364,2025-09-08,1.67,96.0,96.0,1
215817,364,2024-10-18,1.83,96.0,96.0,1
246497,1654,2025-08-22,2.22,48.0,48.0,1
256511,3784,2025-12-22,63636.36364,6.0,21.0,3
246730,364,2025-09-08,1.73,72.0,72.0,1
257379,1074,2025-12-06,4431.81818,25.0,25.0,1
247983,3659,2025-10-24,1.82,72.0,72.0,1
247468,364,2025-08-29,5.72,24.0,24.0,1
245844,364,2025-09-08,4.04,36.0,36.0,1
92424,364,2024-10-18,2.69,108.0,108.0,1
217057,1393,2024-10-14,2.94,48.0,48.0,1
217071,1393,2024-10-14,8.18,24.0,24.0,1
222395,1074,2024-11-07,12272.72727,12.0,12.0,1
187857,364,2024-10-01,2.94,48.0,48.0,1
215360,364,2024-10-01,9.43,24.0,24.0,1
248333,364,2025-09-19,6.58,36.0,36.0,1
191350,941,2024-10-21,18181.81818,12.0,12.0,1
247233,364,2025-08-29,1.31,96.0,96.0,1
218631,1393,2024-11-07,3.15,96.0,96.0,1
247407,364,2025-08-29,14.92,8.0,8.0,1
219816,364,2024-11-07,9.89,4.0,4.0,1
250776,3515,2025-11-28,5.77,15.0,15.0,1
247434,364,2025-08-29,1.14,96.0,96.0,1
247179,364,2025-08-29,1.68,96.0,96.0,1
187846,364,2024-11-07,3.19,24.0,24.0,1
192211,1362,2025-11-28,145454.54545,1.0,9.0,4
248105,3659,2025-10-30,3.24,60.0,60.0,1
222649,2502,2024-11-15,124363.63636,4.0,4.0,1
215429,364,2024-10-18,2.66,144.0,144.0,1
246404,1654,2025-08-22,9.45,24.0,24.0,1
254689,1926,2025-11-24,0.44,288.0,288.0,1
215372,364,2024-10-18,5.03,36.0,36.0,1
215896,364,2024-10-01,5.31,10.0,10.0,1
250642,1393,2025-09-26,1.48,40.0,40.0,1
217500,364,2024-10-18,7.08,12.0,12.0,1
248048,3659,2025-10-24,9.32,48.0,48.0,1
248372,364,2025-09-19,14.11,18.0,18.0,1
142546,2613,2024-12-09,39545.45455,4.0,4.0,1
250361,1393,2025-09-26,0.87,360.0,360.0,1
256044,2502,2025-11-21,50909.09091,2.0,2.0,1
250312,1393,2025-09-26,3.3,16.0,16.0,1
250485,1393,2025-09-26,0.78,72.0,72.0,1
217237,364,2024-10-18,2.01,216.0,216.0,1
217429,364,2024-10-18,15.53,12.0,12.0,1
246583,1654,2025-08-22,0.14,100.0,100.0,1
248065,3659,2025-10-24,3.89,72.0,72.0,1
215793,364,2024-10-01,6.86,12.0,12.0,1
217127,1393,2024-10-14,1.29,72.0,72.0,1
217088,1393,2024-10-14,20.94,6.0,6.0,1
217179,1393,2024-10-14,13.81,8.0,8.0,1
203509,3515,2024-08-07,4.78,96.0,192.0,2
217365,364,2024-10-18,1.51,36.0,36.0,1
248488,364,2025-09-19,0.96,96.0,96.0,1
215238,364,2024-10-01,6.8,24.0,24.0,1
215419,364,2024-11-07,1.84,48.0,48.0,1
215877,364,2024-10-18,3.92,36.0,36.0,1
217107,364,2024-10-18,2.36,144.0,144.0,1
248548,364,2025-09-19,2.39,72.0,72.0,1
246402,1654,2025-08-22,10.19,24.0,24.0,1
118345,1362,2026-03-16,72727.27273,9.0,21.0,6
217299,1393,2024-10-14,8.64,12.0,12.0,1
247116,364,2025-08-29,2.42,48.0,48.0,1
246828,364,2025-09-08,9.94,24.0,24.0,1
247451,364,2025-08-29,17.75,8.0,8.0,1
215217,364,2024-11-07,4.33,72.0,72.0,1
246000,364,2025-09-08,11.84,24.0,24.0,1
217134,1393,2024-10-14,0.54,144.0,144.0,1
219839,364,2024-11-07,4.15,48.0,48.0,1
215859,364,2024-10-01,9.4,32.0,32.0,1
206451,1654,2025-07-14,2.2,48.0,96.0,2
246002,364,2025-09-08,13.21,24.0,24.0,1
253962,364,2025-11-24,0.96,72.0,72.0,1
222657,2502,2024-11-15,161454.54545,5.0,5.0,1
254534,1926,2025-11-24,2.29,96.0,96.0,1
246405,1654,2025-08-22,2.0,96.0,96.0,1
219686,364,2024-11-07,5.96,24.0,24.0,1
247235,364,2025-08-29,1.31,96.0,96.0,1
217287,1393,2025-09-26,9.4,20.0,60.0,2
250293,1393,2025-09-26,2.86,36.0,36.0,1
254791,1926,2025-11-24,10.1,12.0,12.0,1
254813,1926,2025-11-24,1.09,144.0,144.0,1
247987,3659,2025-10-24,1.75,72.0,72.0,1
250619,1393,2025-09-26,5.33,50.0,50.0,1
186918,364,2024-10-01,1.7,144.0,144.0,1
246245,1654,2025-08-22,1.69,60.0,60.0,1
250769,3515,2025-11-28,2.06,96.0,96.0,1
246438,1654,2025-08-22,6.88,24.0,24.0,1
248551,364,2025-09-19,1.82,72.0,72.0,1
247166,364,2025-08-29,1.58,120.0,120.0,1
215439,364,2024-10-01,9.66,10.0,10.0,1
246504,1654,2025-08-22,0.8,50.0,50.0,1
248075,3659,2025-10-24,9.29,12.0,12.0,1
219871,3659,2024-10-22,3.3,24.0,24.0,1
248038,3659,2025-10-24,0.39,96.0,96.0,1
226032,2974,2024-12-21,44318.18182,10.0,10.0,1
254823,1926,2025-11-24,2.92,36.0,36.0,1
247555,3960,2025-09-22,3.4,108.0,108.0,1
248018,3659,2025-10-24,2.43,144.0,144.0,1
247444,364,2025-08-29,9.11,12.0,12.0,1
222680,941,2025-11-18,22727.27273,3.0,7.0,2
217377,364,2024-10-18,16.66,8.0,8.0,1
161690,364,2025-11-24,35.0,4.0,8.0,2
248546,364,2025-09-19,9.99,12.0,12.0,1
248146,3659,2025-10-30,2.38,48.0,48.0,1
254542,1926,2025-11-24,1.73,96.0,96.0,1
247336,364,2025-08-29,1.99,36.0,36.0,1
224345,2613,2024-12-09,4545.45455,20.0,30.0,2
217144,1393,2025-09-26,0.69,360.0,720.0,2
246235,1654,2025-08-22,1.09,48.0,48.0,1
254703,1926,2025-11-24,1.55,384.0,384.0,1
215532,364,2024-10-01,4.25,24.0,24.0,1
217103,1393,2024-10-14,21.87,4.0,4.0,1
215201,364,2024-10-01,1.82,48.0,48.0,1
218580,1393,2024-11-07,3.6,36.0,36.0,1
218678,364,2024-11-07,4.01,16.0,16.0,1
215905,364,2024-10-18,0.95,192.0,192.0,1
217519,364,2024-10-18,2.96,48.0,48.0,1
246414,1654,2025-08-22,4.15,24.0,24.0,1
134101,364,2025-08-29,2.11,72.0,108.0,2
217150,1393,2024-10-14,0.38,720.0,720.0,1
248109,3659,2025-10-30,1.06,72.0,72.0,1
245715,364,2025-09-08,144.26,2.0,2.0,1
245735,364,2025-09-08,1.27,96.0,96.0,1
254700,1926,2025-11-24,2.24,48.0,48.0,1
219863,3659,2024-10-22,1.23,12.0,12.0,1
253988,364,2025-11-24,3.82,24.0,24.0,1
203504,3515,2025-11-28,1.83,24.0,36.0,2
216866,364,2024-10-18,1.41,144.0,144.0,1
217258,1393,2024-10-14,4.1,36.0,36.0,1
218682,364,2024-11-07,2.82,72.0,72.0,1
62900,370,2025-10-10,50836.36364,108.0,216.0,2
222644,2502,2024-11-15,170909.09091,7.0,7.0,1
250664,1393,2025-09-26,2.84,36.0,36.0,1
248482,364,2025-09-19,1.73,120.0,120.0,1
222585,975,2024-11-14,9008.97867,20.0,20.0,1
219804,364,2024-11-07,55.13,2.0,2.0,1
254715,975,2025-10-28,20070.78785,3.0,3.0,1
248480,364,2025-09-19,0.88,192.0,192.0,1
219852,3659,2024-10-22,6.62,3.0,3.0,1
247238,364,2025-08-29,1.46,144.0,144.0,1
246049,364,2025-09-08,1.21,108.0,108.0,1
217332,364,2024-10-18,1.09,180.0,180.0,1
248067,3659,2025-10-24,6.67,30.0,30.0,1
247440,364,2025-08-29,27.21,6.0,6.0,1
247243,364,2025-08-29,1.51,144.0,144.0,1
219819,364,2024-11-07,10.13,16.0,16.0,1
250344,1393,2025-09-26,0.89,240.0,240.0,1
250552,1393,2025-09-26,4.63,24.0,24.0,1
250666,1393,2025-09-26,1.83,48.0,48.0,1
254725,975,2025-10-28,7600.0,2.0,2.0,1
246276,1654,2025-08-22,0.13,100.0,100.0,1
254808,1926,2025-11-24,51.74,4.0,4.0,1
247442,364,2025-08-29,7.51,24.0,24.0,1
186826,364,2024-10-01,18.63,16.0,16.0,1
215244,364,2024-10-01,1.88,72.0,72.0,1
247984,3659,2025-10-24,2.11,72.0,72.0,1
218633,364,2024-11-07,3.2,32.0,32.0,1
217496,364,2024-10-18,9.11,18.0,18.0,1
247098,364,2025-08-29,4.37,48.0,48.0,1
246258,1654,2025-08-22,0.88,48.0,48.0,1
246074,364,2025-09-08,9.05,12.0,12.0,1
215055,364,2024-10-18,2.13,36.0,36.0,1
246589,1654,2025-08-22,0.02,2000.0,2000.0,1
224473,2613,2024-12-09,4772.72727,459.0,459.0,1
245677,364,2025-09-08,29.64,6.0,6.0,1
215500,364,2024-10-18,4.07,48.0,48.0,1
256038,2502,2025-11-21,61818.18182,3.0,3.0,1
206274,1654,2025-07-14,3.73,24.0,48.0,2
224610,3418,2025-11-24,120272.72727,14.0,44.0,2
254801,1926,2025-11-24,3.7,24.0,24.0,1
215287,364,2024-10-01,7.89,24.0,24.0,1
246270,1654,2025-08-22,0.46,100.0,100.0,1
219878,3659,2024-10-22,2.71,24.0,24.0,1
245938,364,2025-09-08,0.86,240.0,240.0,1
222390,941,2024-11-07,18181.81818,5.0,5.0,1
217370,364,2024-10-18,13.87,18.0,18.0,1
219842,364,2024-11-07,2.22,72.0,72.0,1
245907,364,2025-09-08,3.51,36.0,36.0,1
250503,1393,2025-09-26,2.92,60.0,60.0,1
247355,364,2025-08-29,6.93,24.0,24.0,1
221387,1362,2024-10-23,17454.54545,12.0,12.0,1
250352,1393,2025-09-26,0.81,144.0,144.0,1
217256,364,2024-10-18,3.42,96.0,96.0,1
217082,1393,2024-10-14,8.68,12.0,12.0,1
254276,3659,2025-10-22,0.0466,2000.0,2000.0,1
248106,3659,2025-10-30,2.46,72.0,72.0,1
215557,364,2024-10-18,4.05,48.0,48.0,1
246500,1654,2025-08-22,0.62,50.0,50.0,1
256003,4110,2025-12-01,72727.27273,4.0,4.0,1
256355,2974,2025-12-19,13545.45455,40.0,100.0,2
215045,364,2024-10-18,6.51,48.0,48.0,1
217439,364,2024-10-18,5.03,24.0,24.0,1
247321,364,2025-08-29,2.18,72.0,72.0,1
247352,364,2025-08-29,7.35,36.0,36.0,1
215053,364,2024-10-18,3.97,24.0,24.0,1
248117,3659,2025-10-30,1.25,120.0,120.0,1
246262,1654,2025-08-22,0.4,100.0,100.0,1
247982,3659,2025-10-24,2.11,72.0,72.0,1
247026,364,2025-08-29,3.86,96.0,96.0,1
250675,1393,2025-09-26,0.66,720.0,720.0,1
254288,3659,2025-10-22,1.77,40.0,40.0,1
162205,1926,2024-09-17,4.05,48.0,48.0,1
247546,3960,2025-09-22,2.77,60.0,60.0,1
187681,364,2024-10-01,20.0,2.0,2.0,1
215243,364,2024-10-01,2.67,48.0,48.0,1
247195,364,2025-08-29,1.45,120.0,120.0,1
214648,364,2025-08-29,94.72,2.0,6.0,2
247544,3960,2025-09-22,3.5,72.0,72.0,1
254548,1926,2025-11-24,8.5,12.0,12.0,1
248355,364,2025-09-19,1.97,90.0,90.0,1
248047,3659,2025-10-24,15.99,60.0,60.0,1
247439,364,2025-08-29,7.51,24.0,24.0,1
245798,364,2025-09-08,2.93,72.0,72.0,1
215856,364,2024-10-01,2.08,108.0,108.0,1
254644,1926,2025-11-24,0.51,240.0,240.0,1
254284,3659,2025-10-22,4.15,20.0,20.0,1
254657,1926,2025-11-24,0.49,144.0,144.0,1
254263,3659,2025-10-22,0.4472,100.0,100.0,1
219867,364,2024-11-07,19.64,6.0,6.0,1
248168,364,2025-09-19,2.56,96.0,96.0,1
192858,1362,2024-11-11,407272.72727,2.0,3.0,2
135336,364,2024-10-18,1.29,48.0,48.0,1
215818,364,2024-10-01,4.32,80.0,80.0,1
217528,364,2024-10-18,10.62,16.0,16.0,1
215533,364,2024-10-01,19.27,8.0,8.0,1
248393,364,2025-09-19,3.57,48.0,48.0,1
247255,364,2025-08-29,1.95,72.0,72.0,1
247397,364,2025-08-29,7.53,36.0,36.0,1
258439,2501,2025-12-19,98870.90909,24.0,24.0,1
215893,364,2025-08-29,35.53,4.0,8.0,2
246232,1654,2025-08-22,22.08,4.0,4.0,1
247007,364,2025-08-29,0.91,144.0,144.0,1
247396,364,2025-08-29,8.64,12.0,12.0,1
192946,2501,2025-11-19,164227.27273,24.0,44.0,4
247328,364,2025-08-29,2.57,72.0,72.0,1
245713,364,2025-09-08,3.48,72.0,72.0,1
218653,1393,2024-11-07,1.01,72.0,72.0,1
246082,364,2025-09-08,2.88,32.0,32.0,1
215317,364,2024-10-01,2.94,48.0,48.0,1
248515,364,2025-09-19,2.39,80.0,80.0,1
218598,1393,2024-11-07,1.5,48.0,48.0,1
219889,364,2024-11-07,3.36,48.0,48.0,1
136612,1926,2024-09-17,10.8,60.0,60.0,1
217338,364,2024-10-18,2.04,96.0,96.0,1
215804,364,2024-10-01,9.61,12.0,12.0,1
250559,1393,2025-09-26,3.85,24.0,24.0,1
248088,3659,2025-10-24,17.29,6.0,6.0,1
246724,364,2025-09-08,9.76,18.0,18.0,1
217445,364,2024-10-18,8.46,16.0,16.0,1
254459,1926,2025-11-24,1.54,108.0,108.0,1
217369,364,2024-10-18,9.92,18.0,18.0,1
247019,364,2025-08-29,3.97,96.0,96.0,1
217558,364,2024-10-18,6.03,16.0,16.0,1
217311,1393,2025-09-26,1.3,48.0,144.0,2
248302,364,2025-09-19,6.25,12.0,12.0,1
257402,639,2025-12-23,42545.45455,6.0,6.0,1
163541,1393,2024-11-07,1.65,144.0,144.0,1
256043,2502,2025-11-21,94545.45455,2.0,2.0,1
250574,1393,2025-09-26,12.38,18.0,18.0,1
214792,364,2024-10-01,8.75,16.0,16.0,1
217264,364,2024-10-18,1.42,144.0,144.0,1
219880,3659,2024-10-22,2.52,24.0,24.0,1
254879,1926,2025-11-24,0.86,72.0,72.0,1
246759,364,2025-09-08,0.97,72.0,72.0,1
215453,364,2024-10-18,1.1,120.0,120.0,1
215776,364,2024-10-01,4.26,36.0,36.0,1
248364,364,2025-09-19,5.34,24.0,24.0,1
218643,1393,2024-11-07,1.13,240.0,240.0,1
219703,364,2024-11-07,3.59,12.0,12.0,1
250650,1393,2025-09-26,15.1,9.0,9.0,1
246244,1654,2025-08-22,1.69,60.0,60.0,1
247231,364,2025-08-29,1.68,96.0,96.0,1
247463,364,2025-08-29,8.95,20.0,20.0,1
206077,1654,2025-07-14,0.83,48.0,72.0,2
246880,364,2025-09-08,3.96,24.0,24.0,1
215208,364,2024-11-07,0.59,105.0,105.0,1
224845,1074,2024-12-11,2386.36364,60.0,60.0,1
136623,1926,2024-09-17,5.4,204.0,204.0,1
247414,364,2025-08-29,7.62,12.0,12.0,1
255415,941,2025-11-11,9090.90909,12.0,12.0,1
246882,364,2025-09-08,3.72,32.0,32.0,1
250427,1393,2025-09-26,0.59,144.0,144.0,1
247539,3960,2025-09-22,50.95,60.0,60.0,1
246423,1654,2025-08-22,1.58,48.0,48.0,1
247091,364,2025-08-29,1.91,48.0,48.0,1
246265,1654,2025-08-22,0.4,100.0,100.0,1
222440,3069,2024-12-13,15909.09091,5.0,12.0,2
215448,364,2024-10-01,13.16,8.0,8.0,1
217084,1393,2024-10-14,21.66,6.0,6.0,1
217167,1393,2024-10-14,0.72,288.0,288.0,1
246251,1654,2025-08-22,1.42,48.0,48.0,1
246080,364,2025-09-08,2.88,32.0,32.0,1
218638,364,2024-11-07,3.19,36.0,36.0,1
223441,2613,2024-11-23,4090.90909,6.0,6.0,1
217174,1393,2024-10-14,8.23,10.0,10.0,1
248344,364,2025-09-19,1.19,288.0,288.0,1
248532,364,2025-09-19,5.98,24.0,24.0,1
217222,1393,2024-10-14,38.64,12.0,12.0,1
224475,2613,2024-12-09,9545.45455,24.0,24.0,1
246421,1654,2025-08-22,2.86,96.0,96.0,1
215320,364,2024-10-01,12.17,12.0,12.0,1
250605,1393,2025-09-26,6.53,12.0,12.0,1
217251,1393,2024-10-14,1.0,240.0,240.0,1
247304,364,2025-08-29,2.12,96.0,96.0,1
253974,364,2025-11-24,9.58,18.0,18.0,1
191344,941,2025-11-11,9090.90909,12.0,36.0,2
250628,1393,2025-09-26,1.69,36.0,36.0,1
215405,364,2024-10-01,24.6,8.0,8.0,1
246243,1654,2025-08-22,1.69,60.0,60.0,1
247474,364,2025-08-29,12.52,20.0,20.0,1
217503,364,2024-10-18,9.08,12.0,12.0,1
254833,1926,2025-11-24,17.08,8.0,8.0,1
215900,364,2024-10-18,0.95,192.0,192.0,1
217239,364,2024-10-18,2.01,108.0,108.0,1
254665,1926,2025-11-24,0.49,144.0,144.0,1
247340,364,2025-08-29,6.11,24.0,24.0,1
248323,364,2025-09-19,18.0,8.0,8.0,1
215169,364,2024-10-01,36.18,6.0,6.0,1
215363,364,2024-10-18,4.62,36.0,36.0,1
215413,364,2024-10-01,8.41,12.0,12.0,1
248506,364,2025-09-19,0.93,180.0,180.0,1
246518,1654,2025-08-22,0.82,48.0,48.0,1
143189,2798,2025-10-28,66818.18182,2.0,34.0,8
250537,1393,2025-09-26,7.47,16.0,16.0,1
247142,364,2025-08-29,5.36,48.0,48.0,1
219830,364,2024-11-07,12.9,12.0,12.0,1
246035,364,2025-09-08,0.87,96.0,96.0,1
214791,364,2024-10-01,13.22,1.0,1.0,1
248150,3659,2025-10-30,0.98,36.0,36.0,1
247219,364,2025-08-29,1.88,96.0,96.0,1
248122,3659,2025-10-30,1.37,144.0,144.0,1
248175,364,2025-09-19,1.76,144.0,144.0,1
248498,364,2025-09-19,1.71,144.0,144.0,1
245999,364,2025-09-08,11.17,24.0,24.0,1
221313,147,2025-12-22,150000.0,4.0,37.0,6
250292,1393,2025-09-26,4.91,8.0,8.0,1
253972,364,2025-11-24,6.51,40.0,40.0,1
247303,364,2025-08-29,5.43,32.0,32.0,1
250856,1362,2025-12-22,327272.72727,1.0,2.0,2
218676,364,2024-11-07,3.22,72.0,72.0,1
250326,1393,2025-09-26,0.82,240.0,240.0,1
136624,1926,2024-09-17,4.05,132.0,132.0,1
245955,364,2025-09-08,8.03,8.0,8.0,1
215525,364,2024-10-01,19.76,6.0,6.0,1
246248,1654,2025-08-22,0.94,48.0,48.0,1
217177,1393,2024-10-14,42.95,4.0,4.0,1
246411,1654,2025-08-22,4.15,24.0,24.0,1
192209,1362,2025-12-09,90909.09091,4.0,7.0,2
221417,224,2024-10-23,42181.81818,10.0,10.0,1
246777,364,2025-09-08,7.67,16.0,16.0,1
248139,3659,2025-10-30,1.93,128.0,128.0,1
215423,364,2024-10-18,2.9,48.0,48.0,1
254532,1926,2025-11-24,1.73,96.0,96.0,1
219910,364,2024-11-07,4.58,12.0,12.0,1
248160,3659,2025-10-30,0.98,144.0,144.0,1
254722,975,2025-12-17,4090.90909,16.0,72.0,3
254650,1926,2025-11-24,1.23,300.0,300.0,1
247088,364,2025-08-29,2.37,144.0,144.0,1
250379,1393,2025-09-26,1.72,50.0,50.0,1
215794,364,2024-10-18,2.12,24.0,24.0,1
246499,1654,2025-08-22,0.62,50.0,50.0,1
217212,1393,2024-10-14,2.12,36.0,36.0,1
166920,2941,2025-12-20,9545.45455,1.0,18.0,4
247059,364,2025-08-29,4.31,48.0,48.0,1
245918,364,2025-09-08,2.0,24.0,24.0,1
254653,1926,2025-11-24,1.04,300.0,300.0,1
136787,1926,2024-09-17,2.7,48.0,48.0,1
248338,364,2025-09-19,51.0,2.0,2.0,1
247356,364,2025-08-29,53.62,12.0,12.0,1
254277,3659,2025-10-22,2.01,60.0,60.0,1
215291,364,2024-10-01,7.04,24.0,24.0,1
254544,1926,2025-11-24,0.33,360.0,360.0,1
254675,1926,2025-11-24,1.81,36.0,36.0,1
215756,364,2024-10-01,18.04,6.0,6.0,1
215440,364,2024-10-18,1.4,138.0,138.0,1
253975,364,2025-11-24,3.57,24.0,24.0,1
206251,1654,2025-07-14,146.09,6.0,8.0,2
207171,1654,2024-05-28,0.53,138.0,138.0,1
250317,1393,2025-09-26,1.88,36.0,36.0,1
255561,2798,2025-11-12,26727.27273,8.0,8.0,1
253993,364,2025-11-24,8.71,12.0,12.0,1
190377,1926,2024-09-17,16.2,10.0,10.0,1
250353,1393,2025-09-26,1.19,240.0,240.0,1
254830,1926,2025-11-24,21.21,12.0,12.0,1
247409,364,2025-08-29,17.88,8.0,8.0,1
246332,1654,2025-08-22,1.52,24.0,24.0,1
247438,364,2025-08-29,3.07,72.0,72.0,1
191353,941,2024-10-21,27272.72727,12.0,12.0,1
248027,3659,2025-10-24,3.34,45.0,45.0,1
254285,3659,2025-10-22,6.09,30.0,30.0,1
248064,3659,2025-10-24,0.8,240.0,240.0,1
248169,364,2025-09-19,2.63,54.0,54.0,1
254264,3659,2025-10-22,1.17,60.0,60.0,1
217240,364,2024-10-18,1.82,108.0,108.0,1
217559,364,2024-10-18,21.02,4.0,4.0,1
215842,364,2025-09-19,2.84,50.0,100.0,2
97121,1362,2025-12-17,295454.54545,1.0,1.0,1
256616,1656,2025-12-05,118181.81818,3.0,12.0,2
245930,364,2025-09-08,1.04,120.0,120.0,1
215513,364,2024-10-18,4.71,48.0,48.0,1
254668,1926,2025-11-24,8.13,36.0,36.0,1
254688,1926,2025-11-24,0.54,288.0,288.0,1
247411,364,2025-08-29,8.53,12.0,12.0,1
254829,1926,2025-11-24,9.13,16.0,16.0,1
254851,1926,2025-11-24,10.74,16.0,16.0,1
246046,364,2025-09-08,4.61,24.0,24.0,1
250387,1393,2025-09-26,1.19,240.0,240.0,1
246205,1654,2025-08-22,1.6,405.0,405.0,1
255160,1362,2025-11-07,109090.90909,2.0,2.0,1
248470,364,2025-09-19,5.03,24.0,24.0,1
250346,1393,2025-09-26,0.69,240.0,240.0,1
217548,364,2024-10-18,17.52,16.0,16.0,1
217335,364,2024-10-18,2.56,72.0,72.0,1
246579,1654,2025-08-22,0.13,100.0,100.0,1
256635,2941,2026-01-28,25454.54545,1.0,25.0,2
250396,1393,2025-09-26,1.13,240.0,240.0,1
236305,1654,2025-07-14,1.28,144.0,144.0,1
254873,1926,2025-11-24,2.0,72.0,72.0,1
215044,364,2024-10-18,6.51,48.0,48.0,1
215249,364,2024-10-01,2.86,48.0,48.0,1
217327,364,2024-10-18,1.87,96.0,96.0,1
217518,364,2024-10-18,2.03,96.0,96.0,1
216868,364,2024-10-18,2.06,108.0,108.0,1
217178,1393,2024-10-14,3.78,120.0,120.0,1
247107,364,2025-08-29,4.8,48.0,48.0,1
250755,3515,2025-11-28,1.76,72.0,72.0,1
250447,1393,2025-09-26,0.77,144.0,144.0,1
217355,364,2024-10-18,7.6,12.0,12.0,1
248102,364,2025-09-19,3.34,48.0,48.0,1
236310,1654,2025-07-14,1.92,36.0,36.0,1
246026,364,2025-09-08,3.72,48.0,48.0,1
217324,364,2024-10-18,2.12,96.0,96.0,1
246439,1654,2025-08-22,4.67,24.0,24.0,1
254649,1926,2025-11-24,1.23,300.0,300.0,1
218620,1393,2024-11-07,4.58,12.0,12.0,1
219904,364,2024-11-07,12.31,6.0,6.0,1
215223,364,2024-10-01,1.13,144.0,144.0,1
247988,3659,2025-10-24,1.75,72.0,72.0,1
217041,1393,2024-10-14,9.23,12.0,12.0,1
247378,364,2025-08-29,3.17,24.0,24.0,1
215250,364,2025-08-29,3.28,96.0,240.0,2
250435,1393,2025-09-26,1.48,144.0,144.0,1
246503,1654,2025-08-22,0.8,50.0,50.0,1
247316,364,2025-08-29,7.44,12.0,12.0,1
247447,364,2025-08-29,9.2,20.0,20.0,1
246868,364,2025-09-08,1.12,288.0,288.0,1
215437,364,2024-10-01,7.48,10.0,10.0,1
215529,364,2024-10-01,11.4,12.0,12.0,1
254712,1926,2025-11-24,1.07,144.0,144.0,1
218583,1393,2024-11-07,7.56,24.0,24.0,1
254539,1926,2025-11-24,1.77,96.0,96.0,1
248162,3659,2025-10-30,8.51,48.0,48.0,1
217364,364,2024-10-18,0.91,36.0,36.0,1
215239,364,2024-10-01,2.27,72.0,72.0,1
218661,1393,2024-11-07,0.93,48.0,48.0,1
246516,1654,2025-08-22,1.49,48.0,48.0,1
206286,1654,2025-07-14,3.73,24.0,48.0,2
215324,364,2024-10-01,9.43,12.0,12.0,1
255132,2663,2025-11-24,118363.63636,6.0,6.0,1
248005,3659,2025-10-24,0.57,480.0,480.0,1
254453,1926,2025-11-24,1.51,64.0,64.0,1
254757,1926,2025-11-24,3.07,36.0,36.0,1
247458,364,2025-08-29,34.92,3.0,3.0,1
246734,364,2025-09-08,1.54,144.0,144.0,1
250444,1393,2025-09-26,0.69,144.0,144.0,1
255385,3712,2025-11-07,63636.36364,14.0,14.0,1
215744,364,2024-10-01,2.01,96.0,96.0,1
135311,364,2024-10-01,1.82,48.0,48.0,1
215248,364,2024-10-01,3.91,48.0,48.0,1
213780,3515,2024-08-07,4.17,60.0,60.0,1
247370,364,2025-08-29,26.97,5.0,5.0,1
256019,129,2025-12-03,36363.63636,2.0,3.0,2
215889,364,2024-10-18,1.22,288.0,288.0,1
248478,364,2025-09-19,4.03,48.0,48.0,1
246267,1654,2025-08-22,0.15,100.0,100.0,1
192468,1362,2024-12-17,122727.27273,16.0,45.0,6
248114,3659,2025-10-30,1.1,120.0,120.0,1
247511,3960,2025-09-22,37.44,30.0,30.0,1
254123,1926,2025-11-24,1.72,384.0,384.0,1
217359,364,2024-10-18,3.34,36.0,36.0,1
254121,1926,2025-11-24,11.59,12.0,12.0,1
219803,364,2025-09-19,21.9,12.0,24.0,2
219568,364,2024-11-07,2.71,36.0,36.0,1
162579,364,2025-08-29,11.74,12.0,12.0,1
256451,4114,2025-11-25,136363.63636,2.0,2.0,1
140204,2798,2025-12-11,51545.45455,1.0,74.0,9
246032,364,2025-09-08,5.53,8.0,8.0,1
248134,3659,2025-10-30,2.21,80.0,80.0,1
248407,364,2025-09-19,11.6,16.0,16.0,1
248462,364,2025-09-19,8.81,24.0,24.0,1
254116,1362,2025-10-20,1309090.90909,1.0,1.0,1
215048,364,2024-10-18,5.43,48.0,48.0,1
217337,364,2024-10-18,1.69,120.0,120.0,1
248007,3659,2025-10-24,16.17,60.0,60.0,1
250561,1393,2025-09-26,6.06,12.0,12.0,1
246030,364,2025-09-08,6.5,16.0,16.0,1
246874,364,2025-09-08,1.79,72.0,72.0,1
255174,1362,2025-11-07,45454.54545,10.0,10.0,1
215170,364,2024-10-01,39.23,8.0,8.0,1
215340,364,2024-10-18,2.42,18.0,18.0,1
217368,364,2024-10-18,13.28,12.0,12.0,1
247144,364,2025-08-29,5.17,48.0,48.0,1
250308,1393,2025-09-26,1.63,24.0,24.0,1
254502,1926,2025-11-24,1.04,120.0,120.0,1
248068,3659,2025-10-24,10.01,100.0,100.0,1
250569,1393,2025-09-26,12.8,56.0,56.0,1
254724,975,2025-12-17,4545.45455,24.0,36.0,3
217346,364,2024-10-18,2.02,72.0,72.0,1
215232,364,2024-10-01,1.67,96.0,96.0,1
219849,364,2024-11-07,4.29,24.0,24.0,1
246800,364,2025-09-08,4.49,12.0,12.0,1
215800,364,2024-10-18,3.22,40.0,40.0,1
217532,364,2024-10-18,10.79,12.0,12.0,1
247221,364,2025-08-29,3.88,24.0,24.0,1
215761,364,2024-10-01,11.13,16.0,16.0,1
217142,1393,2024-10-14,1.01,240.0,240.0,1
254545,1926,2025-11-24,3.18,120.0,120.0,1
215517,364,2024-10-18,5.69,48.0,48.0,1
217265,364,2024-10-18,2.51,96.0,96.0,1
246327,1654,2025-08-22,1.2,102.0,102.0,1
247453,364,2025-08-29,27.31,2.0,2.0,1
250458,1393,2025-09-26,1.81,48.0,48.0,1
247517,3960,2025-09-22,74.32,12.0,12.0,1
247529,3960,2025-09-22,17.32,24.0,24.0,1
245972,364,2025-09-08,8.85,12.0,12.0,1
250582,1393,2025-09-26,3.52,24.0,24.0,1
246434,1654,2025-08-22,2.34,48.0,48.0,1
250550,1393,2025-09-26,11.88,24.0,24.0,1
217143,1393,2024-10-14,0.69,216.0,216.0,1
247367,364,2025-08-29,1.43,144.0,144.0,1
250610,1393,2025-09-26,2.48,96.0,96.0,1
248254,364,2025-09-19,2.79,60.0,60.0,1
247244,364,2025-08-29,1.79,96.0,96.0,1
246802,364,2025-09-08,4.27,48.0,48.0,1
217328,364,2024-10-18,0.49,384.0,384.0,1
248460,364,2025-09-19,15.12,12.0,12.0,1
254472,1926,2025-11-24,4.0,48.0,48.0,1
248455,364,2025-09-19,1.77,72.0,72.0,1
217296,1393,2024-10-14,1.38,228.0,228.0,1
254511,1926,2025-11-24,1.49,72.0,72.0,1
224346,2613,2024-12-09,27818.18182,20.0,30.0,2
246105,364,2025-09-08,2.01,24.0,24.0,1
246751,364,2025-09-08,0.71,96.0,96.0,1
222439,3069,2025-03-01,11363.63636,3.0,28.0,5
254785,1926,2025-11-24,14.57,12.0,12.0,1
215446,364,2024-10-18,1.48,134.0,134.0,1
256005,4110,2025-12-01,90909.09091,4.0,4.0,1
248034,3659,2025-10-24,1.38,240.0,240.0,1
215338,364,2024-10-01,9.43,12.0,12.0,1
245953,364,2025-09-08,11.65,8.0,8.0,1
217441,364,2024-10-18,8.38,16.0,16.0,1
223571,3712,2026-02-06,76363.63636,4.0,31.0,6
250741,3515,2025-11-28,4.91,12.0,12.0,1
254800,1926,2025-11-24,2.87,36.0,36.0,1
246238,1654,2025-08-22,1.57,48.0,48.0,1
217238,1393,2024-10-14,2.91,96.0,96.0,1
247338,364,2025-08-29,8.34,12.0,12.0,1
248013,3659,2025-10-24,1.74,180.0,180.0,1
215323,364,2024-10-18,4.71,36.0,36.0,1
247207,364,2025-08-29,0.61,72.0,72.0,1
247124,364,2025-08-29,4.55,24.0,24.0,1
255161,1362,2025-11-07,327272.72727,6.0,6.0,1
215449,364,2024-10-18,1.47,132.0,132.0,1
246793,364,2025-09-08,13.32,8.0,8.0,1
161946,364,2025-08-29,2.15,96.0,192.0,2
250587,1393,2025-09-26,13.04,8.0,8.0,1
218601,1393,2024-11-07,1.26,54.0,54.0,1
248002,3659,2025-10-24,2.06,120.0,120.0,1
219872,364,2024-11-07,16.73,6.0,6.0,1
248391,364,2025-09-19,6.69,16.0,16.0,1
254488,1926,2025-11-24,11.51,12.0,12.0,1
223443,2613,2024-11-23,4545.45455,20.0,20.0,1
217298,364,2024-10-18,6.3,40.0,40.0,1
215364,364,2024-10-18,4.62,36.0,36.0,1
250575,1393,2025-09-26,21.64,10.0,10.0,1
217485,364,2024-10-18,12.31,20.0,20.0,1
246249,1654,2025-08-22,0.94,48.0,48.0,1
250740,3515,2025-11-28,5.28,12.0,12.0,1
215802,364,2024-10-18,2.47,40.0,40.0,1
253968,364,2025-11-24,18.33,4.0,4.0,1
217480,364,2024-10-18,13.63,8.0,8.0,1
253985,364,2025-11-24,4.39,72.0,72.0,1
248176,364,2025-09-19,1.42,144.0,144.0,1
254456,1926,2025-11-24,2.34,80.0,80.0,1
215050,364,2024-10-18,5.43,48.0,48.0,1
217293,1393,2024-10-14,2.14,100.0,100.0,1
215202,364,2025-08-29,3.77,72.0,108.0,2
187015,364,2024-10-18,2.33,144.0,144.0,1
215536,364,2024-10-01,8.73,24.0,24.0,1
166449,2798,2025-10-28,11454.54545,3.0,29.0,3
246426,1654,2025-08-22,1.63,48.0,48.0,1
255000,4080,2025-12-12,34772.72727,20.0,41.0,2
248128,3659,2025-10-30,1.22,96.0,96.0,1
248321,364,2025-09-19,2.84,48.0,48.0,1
254780,1926,2025-11-24,42.33,4.0,4.0,1
217354,364,2024-10-18,3.7,36.0,36.0,1
246308,1654,2025-08-22,0.32,200.0,200.0,1
248274,364,2025-09-19,12.05,12.0,12.0,1
247153,364,2025-08-29,11.53,12.0,12.0,1
254760,1926,2025-11-24,10.06,20.0,20.0,1
248153,364,2025-09-19,2.83,54.0,54.0,1
247148,364,2025-08-29,7.78,20.0,20.0,1
248238,364,2025-09-19,0.43,480.0,480.0,1
76703,1393,2025-09-26,4.35,24.0,24.0,1
219617,3655,2024-11-27,45.12,2.0,2.0,1
161873,364,2025-08-29,55.31,2.0,6.0,2
248173,364,2025-09-19,2.52,72.0,72.0,1
248341,364,2025-09-19,9.33,12.0,12.0,1
254805,1926,2025-11-24,0.94,128.0,128.0,1
247224,364,2025-08-29,1.38,120.0,120.0,1
217280,1393,2024-10-14,1.19,288.0,288.0,1
247036,364,2025-08-29,3.59,72.0,72.0,1
246064,364,2025-09-08,12.37,14.0,14.0,1
186827,364,2024-10-01,13.99,12.0,12.0,1
250306,1393,2025-09-26,4.3,24.0,24.0,1
247527,3960,2025-09-22,25.65,12.0,12.0,1
218571,1393,2024-11-07,6.29,12.0,12.0,1
247300,364,2025-08-29,1.72,120.0,120.0,1
136788,1926,2024-09-17,2.7,72.0,72.0,1
206292,1654,2025-07-14,4.54,24.0,48.0,2
217114,364,2024-10-18,2.86,144.0,144.0,1
254543,1926,2025-11-24,0.29,480.0,480.0,1
215857,364,2024-10-01,9.12,36.0,36.0,1
247101,364,2025-08-29,1.8,72.0,72.0,1
245767,364,2025-09-08,0.97,72.0,72.0,1
215567,364,2024-10-18,2.69,48.0,48.0,1
254711,1926,2025-11-24,0.81,240.0,240.0,1
247362,364,2025-08-29,4.06,36.0,36.0,1
217423,364,2025-09-19,24.53,4.0,12.0,2
247180,364,2025-08-29,1.76,24.0,24.0,1
250505,1393,2025-09-26,0.61,96.0,96.0,1
247077,364,2025-08-29,1.54,48.0,48.0,1
253967,364,2025-11-24,15.03,8.0,8.0,1
187807,364,2024-10-01,18.66,4.0,4.0,1
215234,364,2025-08-29,3.55,72.0,108.0,2
248472,364,2025-09-19,126.24,4.0,4.0,1
217094,364,2024-10-18,1.79,108.0,108.0,1
247251,364,2025-08-29,1.94,72.0,72.0,1
136618,1926,2024-09-17,13.5,50.0,50.0,1
214984,364,2024-10-18,9.69,20.0,20.0,1
246857,364,2025-09-08,5.38,12.0,12.0,1
217321,364,2024-10-18,2.02,90.0,90.0,1
218592,1393,2024-11-07,118.82,2.0,2.0,1
254273,3659,2025-10-22,0.312,250.0,250.0,1
256601,3418,2025-12-19,29909.09091,14.0,15.0,2
162744,364,2024-10-01,22.76,6.0,6.0,1
257869,2941,2025-12-20,56636.36364,8.0,8.0,1
246226,1654,2025-08-22,3.2,24.0,24.0,1
246337,1654,2025-08-22,1.6,50.0,50.0,1
218646,1393,2024-11-07,1.13,240.0,240.0,1
257359,639,2025-12-23,101636.36364,6.0,18.0,3
254681,1926,2025-11-24,1.46,240.0,240.0,1
246072,364,2025-09-08,9.05,12.0,12.0,1
223285,3069,2024-12-03,106363.63636,3.0,3.0,1
248078,3659,2025-10-24,6.14,48.0,48.0,1
247155,364,2025-08-29,14.37,12.0,12.0,1
167017,1362,2025-10-27,363636.36364,2.0,3.0,2
206064,1654,2024-05-28,5.4,36.0,36.0,1
245949,364,2025-09-08,11.06,16.0,16.0,1
215755,364,2024-10-01,18.0,6.0,6.0,1
246070,364,2025-09-08,5.6,24.0,24.0,1
247041,364,2025-08-29,12.01,12.0,12.0,1
222352,3102,2024-11-11,2872.72727,50.0,50.0,1
248008,3659,2025-10-24,9.63,64.0,64.0,1
245986,364,2025-09-08,5.86,24.0,24.0,1
62928,370,2025-10-10,133745.45455,96.0,192.0,2
215528,364,2024-10-01,24.96,2.0,2.0,1
248508,364,2025-09-19,1.63,108.0,108.0,1
257045,129,2025-12-03,27272.72727,2.0,2.0,1
217148,1393,2024-10-14,1.53,240.0,240.0,1
215746,364,2024-10-01,7.21,24.0,24.0,1
247552,3960,2025-09-22,3.67,72.0,72.0,1
236301,1654,2025-07-14,2.53,24.0,24.0,1
215913,364,2024-10-01,4.53,30.0,30.0,1
247534,3960,2025-09-22,5.13,60.0,60.0,1
248376,364,2025-09-19,1.66,120.0,120.0,1
215911,364,2024-10-01,20.56,4.0,4.0,1
248381,364,2025-09-19,1.36,144.0,144.0,1
250671,1393,2025-09-26,15.51,8.0,8.0,1
256447,4114,2025-11-25,45454.54545,4.0,4.0,1
246580,1654,2025-08-22,0.14,100.0,100.0,1
214651,364,2024-10-18,7.77,48.0,48.0,1
247389,364,2025-08-29,5.37,24.0,24.0,1
222356,3102,2024-11-11,4727.27273,100.0,100.0,1
219848,364,2025-09-08,2.87,48.0,96.0,2
246774,364,2025-09-08,11.93,12.0,12.0,1
247132,364,2025-08-29,2.53,72.0,72.0,1
215895,364,2024-10-18,1.4,144.0,144.0,1
247285,364,2025-08-29,2.3,96.0,96.0,1
254270,3659,2025-10-22,0.312,250.0,250.0,1
191342,941,2025-11-11,13636.36364,10.0,52.0,3
247341,364,2025-08-29,7.38,24.0,24.0,1
215313,364,2024-11-07,5.79,24.0,24.0,1
247382,364,2025-08-29,3.66,32.0,32.0,1
254546,1926,2025-11-24,8.5,12.0,12.0,1
171285,3102,2024-11-11,1781.81818,50.0,50.0,1
247128,364,2025-08-29,2.52,72.0,72.0,1
206454,1654,2025-07-14,2.36,48.0,96.0,2
217310,1393,2025-09-26,9.34,18.0,36.0,2
256707,2974,2025-12-09,27272.72727,15.0,15.0,1
250560,1393,2025-09-26,3.16,96.0,96.0,1
246277,1654,2025-08-22,0.26,100.0,100.0,1
217248,1393,2024-10-14,0.84,240.0,240.0,1
223447,1040,2026-03-24,86363.63636,25.0,79.0,5
254794,1926,2025-11-24,1.65,288.0,288.0,1
250566,1393,2025-09-26,3.6,57.0,57.0,1
246508,1654,2025-08-22,0.8,50.0,50.0,1
247190,364,2025-08-29,1.22,160.0,160.0,1
215428,364,2025-09-08,5.42,24.0,72.0,2
216874,364,2024-10-18,1.74,144.0,144.0,1
215518,364,2024-10-18,4.86,48.0,48.0,1
247515,3960,2025-09-22,4.98,72.0,72.0,1
254476,1926,2025-11-24,4.0,48.0,48.0,1
248060,3659,2025-10-24,2.31,360.0,360.0,1
254294,3659,2025-10-22,1.56,50.0,50.0,1
254470,1926,2025-11-24,1.51,64.0,64.0,1
247301,364,2025-08-29,5.62,16.0,16.0,1
215534,364,2024-10-01,18.83,6.0,6.0,1
247119,364,2025-08-29,5.05,72.0,72.0,1
217095,1393,2024-10-14,54.25,24.0,24.0,1
136621,1926,2024-09-17,31.05,80.0,80.0,1
254473,1926,2025-11-24,4.0,24.0,24.0,1
254777,1926,2025-11-24,5.0,24.0,24.0,1
217426,364,2024-10-18,11.35,6.0,6.0,1
246767,364,2025-09-08,4.32,72.0,72.0,1
217149,1393,2024-10-14,0.9,150.0,150.0,1
247250,364,2025-08-29,1.31,160.0,160.0,1
223249,2728,2024-12-11,22727.27273,19.0,54.0,2
217221,1393,2024-10-14,30.9,16.0,16.0,1
248228,364,2025-09-19,2.51,72.0,72.0,1
217074,1393,2024-10-14,3.83,60.0,60.0,1
247172,364,2025-08-29,3.38,24.0,24.0,1
247138,364,2025-08-29,7.99,16.0,16.0,1
219575,364,2024-11-07,3.2,16.0,16.0,1
167896,2501,2025-12-12,55727.27273,100.0,274.0,3
250473,1393,2025-09-26,0.41,72.0,72.0,1
206273,1654,2025-07-14,41.39,4.0,8.0,2
253977,364,2025-11-24,3.57,24.0,24.0,1
222350,3102,2024-11-11,2872.72727,50.0,50.0,1
254541,1926,2025-11-24,1.77,96.0,96.0,1
246577,1654,2025-08-22,99.2,3.0,3.0,1
254853,1926,2025-11-24,10.74,16.0,16.0,1
246753,364,2025-09-08,0.66,96.0,96.0,1
247228,364,2025-08-29,1.53,96.0,96.0,1
254723,975,2025-10-28,5236.36364,2.0,2.0,1
245956,364,2025-09-08,11.65,8.0,8.0,1
246079,364,2025-09-08,13.77,6.0,6.0,1
217482,364,2024-10-18,2.06,36.0,36.0,1
254811,1926,2025-11-24,7.68,16.0,16.0,1
246034,364,2025-09-08,0.87,96.0,96.0,1
246230,1654,2025-08-22,17.28,12.0,12.0,1
219865,364,2024-11-07,4.96,12.0,12.0,1
246336,1654,2025-08-22,1.6,50.0,50.0,1
257554,2127,2025-12-17,47272.72727,5.0,5.0,1
245700,364,2025-09-08,0.9,120.0,120.0,1
246036,364,2025-09-08,0.87,96.0,96.0,1
246810,364,2025-09-08,4.49,12.0,12.0,1
254793,1926,2025-11-24,0.53,576.0,576.0,1
142553,2613,2024-12-09,6954.54545,24.0,24.0,1
246435,1654,2025-08-22,2.34,96.0,96.0,1
254271,3659,2025-10-22,0.4472,250.0,250.0,1
217244,1393,2024-10-14,1.67273,55.0,55.0,1
206287,1654,2024-05-28,4.54,24.0,24.0,1
215059,364,2024-10-18,3.5,12.0,24.0,2
215257,364,2024-10-01,2.17,48.0,48.0,1
245921,364,2025-09-08,1.32,120.0,120.0,1
254527,1926,2025-11-24,2.22,96.0,96.0,1
245932,364,2025-09-08,1.04,144.0,144.0,1
250630,1393,2025-09-26,16.62,12.0,12.0,1
215454,364,2024-10-01,2.01,144.0,144.0,1
213747,3515,2024-08-07,11.69,8.0,8.0,1
62931,370,2024-10-04,61745.45455,120.0,120.0,1
246588,1654,2025-08-22,0.03,2000.0,2000.0,1
254783,1926,2025-11-24,5.47,16.0,16.0,1
247265,364,2025-08-29,3.12,36.0,36.0,1
215209,364,2024-11-07,2.12,48.0,48.0,1
246772,364,2025-09-08,3.61,48.0,48.0,1
215224,364,2024-10-01,2.9,72.0,72.0,1
217463,364,2025-08-29,5.33,54.0,90.0,2
246268,1654,2025-08-22,0.26,100.0,100.0,1
247150,364,2025-08-29,14.49,8.0,8.0,1
248148,3659,2025-10-30,2.38,48.0,48.0,1
218669,1393,2024-11-07,23.3,12.0,12.0,1
247011,364,2025-08-29,0.66,144.0,144.0,1
197489,465,2025-12-04,36363.63636,20.0,60.0,2
118240,2202,2025-12-15,114545.45455,10.0,52.0,8
254696,1926,2025-11-24,2.33,80.0,80.0,1
215245,364,2024-10-01,2.3,72.0,72.0,1
248463,364,2025-09-19,14.1,12.0,12.0,1
254540,1926,2025-11-24,1.77,96.0,96.0,1
215504,364,2024-10-18,3.91,48.0,48.0,1
254698,1926,2025-11-24,3.98,48.0,48.0,1
215214,364,2024-11-07,5.4,32.0,32.0,1
254666,1926,2025-11-24,0.88,144.0,144.0,1
250303,1393,2025-09-26,3.06,36.0,36.0,1
250532,1393,2025-09-26,5.43,36.0,36.0,1
248045,3659,2025-10-24,15.44,360.0,360.0,1
258856,364,2026-03-16,6.7,36.0,36.0,1
222675,941,2024-11-15,18181.81818,13.0,13.0,1
160320,364,2025-09-08,2.22,36.0,252.0,3
250573,1393,2025-09-26,16.41,12.0,12.0,1
254769,1926,2025-11-24,1.55,120.0,120.0,1
247099,364,2025-08-29,2.03,72.0,72.0,1
247239,364,2025-08-29,4.84,24.0,24.0,1
192948,2501,2025-12-12,31136.36364,200.0,454.0,5
215799,364,2025-11-24,1.22,48.0,120.0,2
217358,364,2024-10-18,1.02,96.0,96.0,1
250779,3515,2025-11-28,1.76,24.0,24.0,1
215435,364,2024-10-18,0.72,152.0,152.0,1
248331,364,2025-09-19,5.92,32.0,32.0,1
256045,2502,2025-11-21,94545.45455,4.0,4.0,1
247005,364,2025-08-29,0.91,144.0,144.0,1
247466,364,2025-08-29,1.36,24.0,24.0,1
247176,364,2025-08-29,5.94,24.0,24.0,1
248512,364,2025-09-19,6.87,24.0,24.0,1
215327,364,2024-10-18,4.02,48.0,48.0,1
256041,2502,2025-11-21,50909.09091,4.0,4.0,1
247046,364,2025-08-29,4.53,64.0,64.0,1
247044,364,2025-08-29,3.3,48.0,48.0,1
250567,1393,2025-09-26,12.97,57.0,57.0,1
217487,364,2024-10-18,12.0,18.0,18.0,1
247357,364,2025-08-29,41.76,12.0,12.0,1
245974,364,2025-09-08,5.86,24.0,24.0,1
215878,364,2024-10-18,2.49,48.0,48.0,1
112625,1040,2026-04-28,21818.18182,6.0,491.0,49
219828,364,2025-09-08,7.99,32.0,48.0,2
245962,364,2025-09-08,8.64,12.0,12.0,1
217341,364,2024-10-18,13.26,4.0,4.0,1
247348,364,2025-08-29,9.46,16.0,16.0,1
217096,1393,2024-10-14,22.19,8.0,8.0,1
215578,364,2024-10-18,2.12,24.0,24.0,1
247976,3659,2025-10-24,1.46,72.0,72.0,1
247455,364,2025-08-29,6.82,30.0,30.0,1
215885,364,2024-10-18,1.42,144.0,144.0,1
257352,639,2025-12-09,42545.45455,6.0,6.0,1
254261,1926,2025-11-24,1.65,72.0,72.0,1
247210,364,2025-08-29,1.7,144.0,144.0,1
245838,364,2025-09-08,13.14,12.0,12.0,1
246403,1654,2025-08-22,2.2,96.0,96.0,1
222392,941,2024-11-07,13636.36364,5.0,5.0,1
215825,364,2024-10-01,4.45,48.0,48.0,1
248383,364,2025-09-19,9.21,8.0,8.0,1
217378,364,2024-10-18,9.32,12.0,12.0,1
246584,1654,2025-08-22,0.25,50.0,50.0,1
250341,1393,2025-09-26,0.69,240.0,240.0,1
247433,364,2025-08-29,13.83,8.0,8.0,1
215278,364,2024-11-07,10.68,16.0,16.0,1
255707,3712,2025-11-14,41363.63636,30.0,30.0,1
245774,364,2025-09-08,16.48,16.0,16.0,1
217349,364,2024-10-18,17.75,6.0,6.0,1
246418,1654,2025-08-22,0.9,96.0,96.0,1
247402,364,2025-08-29,4.37,32.0,32.0,1
248112,3659,2025-10-30,1.09,72.0,72.0,1
188533,1926,2024-09-17,4.05,36.0,36.0,1
219692,364,2024-11-07,10.86,10.0,10.0,1
215168,364,2024-10-01,18.25,6.0,6.0,1
248461,364,2025-09-19,15.3,12.0,12.0,1
219562,364,2024-11-07,2.08,72.0,72.0,1
246029,364,2025-09-08,2.96,24.0,24.0,1
250380,1393,2025-09-26,1.72,50.0,50.0,1
246236,1654,2025-08-22,1.57,96.0,96.0,1
246517,1654,2025-08-22,1.49,48.0,48.0,1
254669,1926,2025-11-24,2.7,24.0,24.0,1
217147,1393,2024-10-14,0.76,180.0,180.0,1
217493,364,2024-10-18,9.02,18.0,18.0,1
245790,364,2025-09-08,3.03,72.0,72.0,1
217345,364,2024-10-18,7.51,12.0,12.0,1
248530,364,2025-09-19,5.47,24.0,24.0,1
247082,364,2025-08-29,1.64,144.0,144.0,1
248473,364,2025-09-19,114.43,2.0,2.0,1
97122,1362,2025-12-17,327272.72727,1.0,5.0,4
248295,364,2025-09-19,10.43,16.0,16.0,1
248334,364,2025-09-19,5.52,48.0,48.0,1
253965,364,2025-11-24,3.92,12.0,12.0,1
248278,364,2025-09-19,9.09,12.0,12.0,1
215906,364,2024-10-01,30.48,2.0,2.0,1
248314,364,2025-09-19,1.56,144.0,144.0,1
246250,1654,2025-08-22,0.94,48.0,48.0,1
247136,364,2025-08-29,17.88,18.0,18.0,1
247449,364,2025-08-29,3.83,36.0,36.0,1
245908,364,2025-09-08,3.87,48.0,48.0,1
215271,364,2024-10-01,3.5,48.0,48.0,1
254507,1926,2025-11-24,4.92,24.0,24.0,1
248178,364,2025-09-19,3.44,72.0,72.0,1
246795,364,2025-09-08,18.44,12.0,12.0,1
247133,364,2025-08-29,4.9,24.0,24.0,1
250633,1393,2025-09-26,0.58,288.0,288.0,1
247080,364,2025-08-29,2.04,48.0,48.0,1
217449,364,2024-10-18,7.35,16.0,16.0,1
217289,1393,2024-10-14,4.18,48.0,48.0,1
247203,364,2025-08-29,0.34,504.0,504.0,1
222456,1362,2024-11-12,136363.63636,5.0,5.0,1
256048,2502,2025-11-21,99636.36364,2.0,2.0,1
247404,364,2025-08-29,1.66,118.0,118.0,1
246288,1654,2025-08-22,0.18,100.0,100.0,1
246494,1654,2025-08-22,3.04,50.0,50.0,1
215814,364,2024-10-01,8.43,24.0,24.0,1
215774,364,2024-10-01,2.99,72.0,72.0,1
254451,1926,2025-11-24,2.07,40.0,40.0,1
216869,364,2024-10-18,2.59,84.0,84.0,1
250460,1393,2025-09-26,1.18,144.0,144.0,1
217419,364,2024-10-18,7.91,24.0,24.0,1
248459,364,2025-09-19,6.1,12.0,12.0,1
254782,1926,2025-11-24,7.3,36.0,36.0,1
250609,1393,2025-09-26,5.45,24.0,24.0,1
250644,1393,2025-09-26,1.48,40.0,40.0,1
162198,1926,2024-09-17,45.9,12.0,12.0,1
250462,1393,2025-09-26,3.61,24.0,24.0,1
254272,3659,2025-10-22,0.4472,100.0,100.0,1
247187,364,2025-08-29,1.04,180.0,180.0,1
221873,1362,2024-10-30,181818.18182,2.0,2.0,1
248380,364,2025-09-19,1.36,144.0,144.0,1
246829,364,2025-09-08,12.69,16.0,16.0,1
221186,2501,2025-11-19,117318.18182,24.0,60.0,5
215018,364,2024-10-18,9.98,32.0,32.0,1
245952,364,2025-09-08,8.05,8.0,8.0,1
254692,1926,2025-11-24,1.68,288.0,288.0,1
219699,364,2024-11-07,1.09,96.0,96.0,1
247557,3960,2025-09-22,30.9,24.0,24.0,1
215330,364,2024-10-18,4.38,24.0,24.0,1
250624,1393,2025-09-26,0.68,72.0,72.0,1
254701,1926,2025-11-24,2.0,192.0,192.0,1
214733,364,2024-10-01,49.47,4.0,4.0,1
250310,1393,2025-09-26,2.62,24.0,24.0,1
250646,1393,2025-09-26,1.78,200.0,200.0,1
217069,1393,2024-10-14,5.09,48.0,48.0,1
256312,2974,2025-11-26,10909.09091,30.0,30.0,1
215892,364,2024-10-01,151.47,2.0,2.0,1
255381,3712,2025-11-07,41363.63636,9.0,9.0,1
254662,1926,2025-11-24,0.49,144.0,144.0,1
254716,4140,2025-12-18,10909.09091,80.0,280.0,2
217353,364,2024-10-18,1.37,72.0,72.0,1
217325,364,2024-10-18,0.99,216.0,216.0,1
217284,1393,2025-09-26,5.02,20.0,40.0,2
246241,1654,2025-08-22,2.53,96.0,96.0,1
254485,1926,2025-11-24,13.49,16.0,16.0,1
248103,3659,2025-10-30,2.46,120.0,120.0,1
218670,1393,2024-11-07,1.39,80.0,80.0,1
250366,1393,2025-09-26,0.59,240.0,240.0,1
248042,3659,2025-10-24,0.94,96.0,96.0,1
223411,1894,2025-12-18,350000.0,2.0,3.0,2
140628,1362,2025-12-17,1314090.90909,1.0,5.0,3
245995,364,2025-09-08,15.2,8.0,8.0,1
250471,1393,2025-09-26,0.41,72.0,72.0,1
214786,364,2024-10-01,12.5,16.0,16.0,1
219811,364,2024-11-07,1.46,144.0,144.0,1
215367,364,2024-10-18,4.62,36.0,36.0,1
250282,1393,2025-09-26,3.94,24.0,24.0,1
254677,1926,2025-11-24,0.73,216.0,216.0,1
248000,3659,2025-10-24,1.69,144.0,144.0,1
215752,364,2024-10-01,2.68,24.0,24.0,1
254457,1926,2025-11-24,2.34,120.0,120.0,1
247229,364,2025-08-29,1.39,144.0,144.0,1
248056,3659,2025-10-24,2.11,240.0,240.0,1
248076,3659,2025-10-24,14.26,24.0,24.0,1
245840,364,2025-09-08,4.41,36.0,36.0,1
217444,364,2024-10-18,6.93,48.0,48.0,1
247456,364,2025-08-29,7.13,12.0,12.0,1
187856,364,2024-10-01,2.78,48.0,72.0,2
254699,1926,2025-11-24,10.14,18.0,18.0,1
215463,364,2024-11-07,3.21,18.0,18.0,1
246280,1654,2025-08-22,2.96,50.0,50.0,1
246527,1654,2025-08-22,0.45,100.0,100.0,1
248361,364,2025-09-19,10.58,6.0,6.0,1
257403,639,2025-12-23,42545.45455,6.0,6.0,1
206436,1654,2025-07-14,2.2,48.0,96.0,2
245842,364,2025-09-08,2.74,48.0,48.0,1
217357,364,2024-10-18,3.55,72.0,72.0,1
250445,1393,2025-09-26,0.72,144.0,144.0,1
248428,364,2025-09-19,15.33,2.0,2.0,1
250409,1393,2025-09-26,0.97,240.0,240.0,1
254880,1926,2025-11-24,1.8,72.0,72.0,1
215341,364,2024-10-18,5.03,18.0,18.0,1
217552,364,2024-10-18,14.23,18.0,18.0,1
248313,364,2025-09-19,1.21,96.0,96.0,1
219810,364,2024-11-07,2.15,96.0,96.0,1
214657,364,2024-10-18,63.16,4.0,4.0,1
256030,2502,2025-11-21,142545.45455,2.0,2.0,1
236302,1654,2025-07-14,1.6,96.0,96.0,1
256020,129,2025-11-18,27272.72727,1.0,1.0,1
247199,364,2025-08-29,1.75,54.0,54.0,1
247419,364,2025-08-29,2.95,72.0,72.0,1
246807,364,2025-09-08,4.49,12.0,12.0,1
217253,364,2024-10-18,2.19,96.0,96.0,1
215883,364,2024-10-18,1.6,72.0,72.0,1
248277,364,2025-09-19,9.08,24.0,24.0,1
206250,1654,2025-07-14,146.09,6.0,8.0,2
247122,364,2025-08-29,2.42,48.0,48.0,1
247992,3659,2025-10-24,2.84,72.0,72.0,1
250322,1393,2025-09-26,12.64,24.0,24.0,1
256449,4114,2025-11-25,150000.0,3.0,3.0,1
253980,364,2025-11-24,26.19,4.0,4.0,1
257101,3712,2025-12-06,57272.72727,20.0,20.0,1
256625,1656,2025-12-17,140000.0,6.0,12.0,2
248368,364,2025-09-19,1.42,96.0,96.0,1
250349,1393,2025-09-26,1.14,144.0,144.0,1
213749,3515,2024-08-07,10.38,8.0,8.0,1
215194,364,2024-10-01,11.59,12.0,12.0,1
250296,1393,2025-09-26,2.56,48.0,48.0,1
246225,1654,2025-08-22,3.2,24.0,24.0,1
223569,3712,2024-12-17,63636.36364,36.0,78.0,3
219831,3659,2024-10-22,3.66,9.0,9.0,1
113982,364,2024-10-18,3.4,144.0,144.0,1
250329,1393,2025-09-26,2.65,192.0,192.0,1
247524,3960,2025-09-22,42.27,20.0,20.0,1
254778,1926,2025-11-24,6.77,12.0,12.0,1
247376,364,2025-08-29,5.51,12.0,12.0,1
248384,364,2025-09-19,11.46,4.0,4.0,1
254766,1926,2025-11-24,6.38,36.0,36.0,1
247079,364,2025-08-29,1.91,48.0,48.0,1
250342,1393,2025-09-26,0.91,240.0,240.0,1
248379,364,2025-09-19,1.35,120.0,120.0,1
203511,3515,2024-08-07,4.17,72.0,132.0,2
236306,1654,2025-07-14,2.4,36.0,36.0,1
245926,364,2025-09-08,1.19,180.0,180.0,1
248359,364,2025-09-19,11.43,4.0,4.0,1
246419,1654,2025-08-22,2.31,96.0,96.0,1
250854,1362,2026-03-16,245454.54545,2.0,3.0,2
250295,1393,2025-09-26,3.12,48.0,48.0,1
247395,364,2025-08-29,5.37,24.0,24.0,1
215868,364,2024-10-18,5.07,36.0,36.0,1
254267,3659,2025-10-22,4.65,20.0,20.0,1
215568,364,2024-10-01,10.8,10.0,10.0,1
250375,1393,2025-09-26,0.54,432.0,432.0,1
217120,1393,2024-10-14,6.89,12.0,12.0,1
217372,364,2024-10-18,9.92,18.0,18.0,1
246037,364,2025-09-08,4.13,36.0,36.0,1
215210,364,2024-10-18,3.5,96.0,96.0,1
247985,3659,2025-10-24,1.67,72.0,72.0,1
114813,364,2025-08-29,23.22,24.0,72.0,2
215184,364,2024-10-01,6.8,40.0,40.0,1
250399,1393,2025-09-26,1.29,120.0,120.0,1
215310,364,2024-11-07,9.68,12.0,12.0,1
248155,3659,2025-10-30,59.78,12.0,12.0,1
246586,1654,2025-08-22,0.25,50.0,50.0,1
247045,364,2025-08-29,5.76,32.0,32.0,1
219881,364,2024-11-07,18.95,6.0,6.0,1
213368,1393,2024-10-14,4.8,10.0,20.0,2
215760,364,2024-10-01,54.05,2.0,2.0,1
