sku;anio;semana;unidades_vendidas;importe_total_pyg
107966;2026;4;6;120000
107966;2026;5;8;160000
107966;2026;7;8;160000
112625;2024;1;5;115909
112625;2024;3;3;69545
112625;2024;4;4;92727
112625;2024;5;4;92727
112625;2024;6;4;92727
112625;2024;7;1;23181
112625;2024;8;3;69545
112625;2024;9;4;92727
112625;2024;10;5;115909
112625;2024;11;2;46363
112625;2024;13;5;115909
112625;2024;15;3;69545
112625;2024;16;3;69545
112625;2024;17;5;115909
112625;2024;18;4;92727
112625;2024;19;4;86931
112625;2024;20;4;92727
112625;2024;21;1;23181
112625;2024;24;8;180590
112625;2024;26;1;26363
112625;2024;28;1;26363
112625;2024;30;9;237272
112625;2024;31;14;369090
112625;2024;32;1;26363
112625;2024;33;5;131818
112625;2024;34;3;73818
112625;2024;35;3;79090
112625;2024;36;2;52727
112625;2024;37;2;52727
112625;2024;38;9;237272
112625;2024;39;3;79090
112625;2024;40;6;158181
112625;2024;41;4;105454
112625;2024;42;1;26363
112625;2024;43;1;26363
112625;2024;44;3;79090
112625;2024;45;2;52727
112625;2024;46;9;237272
112625;2024;47;9;237272
112625;2024;48;17;448182
112625;2024;49;6;158181
112625;2024;50;18;374363
112625;2024;51;17;448181
112625;2025;1;2;58181
112625;2025;4;3;79090
112625;2025;5;1;26363
112625;2025;7;15;353272
112625;2025;9;4;105454
112625;2025;10;3;79090
112625;2025;11;3;79090
112625;2025;12;1;26363
112625;2025;15;1;26363
112625;2025;16;2;52727
112625;2025;18;11;264545
112625;2025;19;6;145000
112625;2025;20;8;179272
112625;2025;22;1;26363
112625;2025;27;4;116363
112625;2025;28;5;139636
112625;2025;29;5;145454
112625;2025;30;6;174545
112625;2025;31;24;698181
112625;2025;32;3;87272
112625;2025;33;6;174545
112625;2025;34;6;174545
112625;2025;35;6;174545
112625;2025;36;2;58181
112625;2025;37;5;145454
112625;2025;38;3;87272
112625;2025;39;1;29090
112625;2025;40;5;145454
112625;2025;41;1;29090
112625;2025;42;1;29090
112625;2025;43;2;58181
112625;2025;44;7;203636
112625;2025;45;4;110545
112625;2025;46;10;273454
112625;2025;47;13;378181
112625;2025;48;5;145454
112625;2025;49;8;232727
112625;2025;50;7;174545
112625;2025;51;15;436363
112625;2025;52;13;378181
112625;2026;1;2;58181
112625;2026;2;5;145454
112625;2026;3;1;29091
112625;2026;5;7;203636
112625;2026;6;2;58181
112625;2026;7;2;58181
112625;2026;8;1;29090
112625;2026;10;1;29090
112625;2026;11;2;58181
112625;2026;12;4;116363
112625;2026;13;1;29090
112625;2026;16;1;29090
112625;2026;17;8;232727
112625;2026;18;2;58181
113982;2024;1;1;47272
113982;2024;46;1;59090
113982;2024;47;11;650000
113982;2024;48;31;1820000
113982;2024;49;32;1879090
113982;2024;50;46;2532045
113982;2024;51;15;715000
113982;2024;52;3;125454
114243;2024;41;15;98181
114243;2024;43;7;57272
114243;2024;44;37;302727
114243;2024;45;47;319090
114243;2024;46;12;90000
114243;2024;47;15;122727
114243;2024;48;59;479454
114243;2024;51;1;6136
114243;2025;45;1;6545
114243;2025;48;4;29454
114243;2025;49;28;214363
114243;2025;50;50;327272
114243;2025;51;63;309272
114243;2025;52;33;162000
114283;2024;49;6;240545
114731;2024;4;1;22727
114731;2024;7;3;68181
114731;2024;11;1;22727
114731;2024;12;8;181818
114731;2024;14;4;90909
114731;2024;15;1;18181
114731;2024;17;4;90909
114731;2024;18;4;90909
114731;2024;34;5;56818
114796;2024;18;1;45454
114796;2024;43;1;62727
114796;2024;44;3;188181
114796;2024;47;2;125454
114796;2024;48;5;313636
114796;2024;49;5;313636
114796;2024;50;7;388909
114796;2024;51;1;50181
114796;2024;52;5;250909
114796;2025;12;1;62727
114796;2025;14;1;56455
114796;2025;15;2;125454
114796;2025;16;2;125454
114796;2025;18;1;62727
114796;2025;19;2;125454
114796;2025;20;3;188181
114796;2025;22;1;62727
114813;2024;45;1;246545
114813;2024;46;8;2403818
114813;2024;47;8;2465454
114813;2024;48;16;4838455
114813;2024;49;14;4283727
114813;2024;50;1;277363
114813;2025;45;5;1232727
114813;2025;46;6;1664181
114813;2025;47;12;3698181
114813;2025;48;1;308181
114986;2024;49;1;21818
114986;2024;51;5;82909
114986;2024;52;1;17454
115371;2024;41;2;19818
115371;2024;42;1;9909
115371;2024;43;4;39636
115371;2024;44;4;39636
115371;2024;45;18;162509
115371;2024;46;13;126836
115371;2024;47;10;99090
115371;2024;48;15;148636
116214;2025;8;1;9090
116214;2025;47;28;303272
116214;2025;48;15;163636
116214;2025;49;15;163636
116214;2025;50;11;109090
116214;2025;51;3;25090
116947;2024;50;3;672545
116947;2024;51;1;168136
117082;2024;33;1;186818
117082;2024;50;3;467045
117082;2024;51;1;140113
117082;2025;44;1;186818
117082;2025;45;2;373636
117082;2025;47;2;373636
117083;2024;35;1;368181
117083;2024;41;1;294545
117083;2024;44;1;368181
117083;2024;46;1;368181
117083;2024;48;1;368181
117083;2024;50;1;276136
117439;2025;51;1;478545
118240;2024;1;1;163636
118240;2024;10;1;163636
118240;2024;14;1;163636
118240;2024;22;1;163636
118240;2024;26;2;327272
118240;2024;28;1;163636
118240;2024;32;1;163636
118240;2024;48;6;981818
118240;2024;49;6;981818
118240;2024;50;2;294545
118240;2024;51;3;425454
118240;2024;52;8;1047272
118240;2025;1;1;163636
118240;2025;48;5;818181
118240;2025;49;3;490909
118240;2025;50;1;163636
118240;2025;51;7;957272
118240;2025;52;3;490909
118345;2024;20;1;79709
118345;2024;23;1;99636
118345;2024;29;1;99636
118345;2024;42;1;99636
118345;2025;1;1;99636
118345;2025;45;2;199272
118345;2025;46;1;99636
118345;2025;47;1;99636
118345;2025;49;1;99636
118345;2025;52;1;99636
118345;2026;12;1;99636
118345;2026;13;3;298909
118345;2026;14;1;99636
118345;2026;15;1;99636
118345;2026;17;2;199272
118346;2024;1;1;63709
118346;2024;14;1;79636
118346;2024;17;1;79636
118346;2024;22;1;79636
118346;2024;24;1;59727
118346;2024;26;1;79636
118346;2024;30;1;79636
118346;2024;32;1;79636
118346;2024;34;1;63709
118346;2024;40;1;79636
118346;2024;42;2;159272
118346;2024;48;1;79636
118346;2024;52;2;127418
118346;2025;1;1;79636
118346;2025;5;1;79636
118346;2025;12;1;79636
118346;2025;20;1;79636
118346;2025;42;1;79636
118346;2025;46;1;63709
118346;2025;48;1;79636
118346;2025;49;1;79636
118346;2025;50;2;127418
118346;2025;52;1;79636
118346;2026;1;1;79636
118346;2026;6;1;79636
118348;2025;37;1;99636
118348;2025;43;2;199272
118348;2025;46;1;79709
118582;2024;7;3;54545
118582;2024;12;1;18181
118582;2024;24;8;109090
118582;2024;46;18;327272
118582;2024;47;29;527272
118582;2024;48;19;343636
118582;2024;49;41;745454
118582;2024;50;46;645454
118582;2024;51;49;729090
118582;2024;52;24;349090
118582;2025;11;1;18181
118582;2025;12;41;745454
118582;2025;13;55;1000000
118582;2025;14;54;981818
118582;2025;15;167;3036363
118582;2025;16;71;1290909
118582;2025;49;48;872727
118582;2025;51;48;717272
118582;2025;52;26;472727
118582;2026;11;7;127272
118582;2026;12;31;545454
118582;2026;13;51;927272
118582;2026;14;71;1290909
118583;2024;2;3;163636
118583;2024;3;2;109090
118583;2024;4;1;54545
118583;2024;5;3;163636
118583;2024;6;2;109090
118583;2024;7;10;545454
118583;2024;9;2;109090
118583;2024;11;1;54545
118583;2024;12;5;272727
118583;2024;13;8;436363
118583;2024;14;10;387272
118583;2024;15;1;54545
118583;2024;16;7;381818
118583;2024;17;14;763636
118583;2024;18;2;109090
118583;2024;19;4;166363
118583;2024;20;10;534545
118583;2024;21;4;222727
118583;2024;23;5;295454
118583;2024;24;4;212727
118583;2024;25;4;236363
118583;2024;29;1;59090
118583;2024;30;11;649999
118583;2024;31;5;295454
118583;2024;32;1;59090
118583;2024;33;5;271818
118583;2024;34;2;106363
118583;2024;35;3;177272
118583;2024;37;4;224545
118583;2024;38;10;590909
118583;2024;39;1;59090
118583;2024;40;3;177272
118583;2024;41;8;472727
118583;2024;42;2;118181
118583;2024;43;2;118181
118583;2024;44;3;177272
118583;2024;45;7;413636
118583;2024;48;8;472727
118583;2024;49;3;177272
118583;2024;50;9;472727
118583;2024;51;14;741590
118583;2024;52;2;118181
118583;2025;1;5;384090
118583;2025;3;1;59090
118583;2025;4;3;177272
118583;2025;5;2;118181
118583;2025;6;1;59090
118583;2025;7;18;910000
118583;2025;8;3;177272
118583;2025;9;4;236363
118583;2025;10;5;295454
118583;2025;11;1;59090
118583;2025;12;3;177272
118583;2025;13;14;827272
118583;2025;14;3;177272
118583;2025;15;6;354545
118583;2025;16;15;886363
118583;2025;17;7;413636
118583;2025;18;9;531818
118583;2025;19;12;650000
118583;2025;20;11;649999
118583;2025;21;3;177272
118583;2025;22;6;354545
118583;2025;24;6;313181
118583;2025;25;1;59090
118583;2025;26;2;118181
118583;2025;27;3;213636
118583;2025;28;11;850000
118583;2025;29;1;77272
118583;2025;30;3;231818
118583;2025;31;19;1468181
118583;2025;32;7;540909
118583;2025;33;2;139090
118583;2025;34;4;309090
118583;2025;35;4;309090
118583;2025;36;3;231818
118583;2025;37;4;293636
118583;2025;38;2;154545
118583;2025;39;5;375545
118583;2025;40;2;154545
118583;2025;41;5;378636
118583;2025;42;4;309090
118583;2025;44;6;460909
118583;2025;45;8;537727
118583;2025;46;2;153636
118583;2025;47;10;768181
118583;2025;48;4;307272
118583;2025;49;4;307272
118583;2025;50;3;215090
118583;2025;51;23;1559408
118583;2025;52;18;1382727
118583;2026;1;4;307272
118583;2026;2;9;691363
118583;2026;3;1;76818
118583;2026;4;2;153636
118583;2026;5;2;153636
118583;2026;6;5;384090
118583;2026;7;8;599181
118583;2026;8;2;153636
118583;2026;9;1;76818
118583;2026;10;5;384090
118583;2026;11;5;385909
118583;2026;13;11;849999
118583;2026;14;9;695454
118583;2026;15;1;77272
118583;2026;16;4;293636
118583;2026;17;5;386363
118583;2026;18;2;154545
119052;2024;44;1;36363
119052;2024;45;1;36363
119052;2024;48;4;145454
119052;2024;50;2;65454
119053;2024;52;1;23272
119254;2024;45;1;2181
119254;2024;47;46;125454
119254;2024;48;40;109090
119254;2024;50;6;16363
119254;2024;51;12;25636
119254;2025;46;4;10909
119254;2025;47;4;10909
119254;2025;48;15;40909
119254;2025;51;4;9818
125128;2024;46;1;84090
125128;2024;47;6;504545
125128;2024;48;2;168181
125152;2024;41;2;26363
125152;2024;46;18;237272
125152;2024;47;23;303181
125152;2024;48;83;1094090
125152;2024;49;26;342727
125152;2024;50;94;1094750
125152;2024;51;76;812000
125152;2024;52;6;63272
125152;2025;1;1;13181
125152;2025;6;8;105454
125152;2025;7;35;391500
125152;2025;10;1;13181
125152;2025;24;12;158181
125152;2025;40;2;26363
125152;2025;41;6;79090
125152;2025;49;15;197727
125152;2025;50;52;685454
125152;2025;51;44;463340
125152;2025;52;38;500909
134100;2024;43;2;52727
134100;2024;44;6;158181
134100;2024;45;4;94909
134100;2024;46;1;26363
134100;2024;47;5;131818
134100;2024;48;11;290000
134100;2024;49;18;474545
134100;2024;50;1;26363
134100;2025;43;1;26363
134100;2025;44;12;316363
134100;2025;45;13;321636
134100;2025;46;40;980727
134100;2025;47;29;764545
134100;2025;50;1;26363
134101;2024;7;1;31818
134101;2024;12;2;63636
134101;2024;24;1;23863
134101;2024;25;5;159090
134101;2024;30;1;31818
134101;2024;38;1;31818
134101;2024;44;1;34545
134101;2024;45;4;117454
134101;2024;47;3;103636
134101;2024;48;6;207272
134101;2024;49;6;207272
134101;2024;50;11;354090
134101;2024;51;6;157181
134101;2024;52;2;55272
134101;2025;43;3;103636
134101;2025;44;5;172727
134101;2025;45;19;566545
134101;2025;46;20;621817
134101;2025;47;18;614909
134101;2025;48;4;138181
134101;2025;49;3;103636
134248;2024;51;2;19090
134265;2024;45;1;9454
134295;2024;44;4;236363
134295;2024;45;3;177272
134295;2024;46;2;118181
134295;2024;47;3;177272
134295;2024;48;6;354545
134295;2024;50;1;59090
134295;2025;45;1;59090
134301;2024;48;1;52727
134301;2024;49;2;105454
134301;2024;50;1;31636
134301;2024;51;1;52727
134301;2024;52;4;137090
134301;2025;46;2;105454
134301;2025;48;2;105454
134301;2025;51;3;94909
134302;2024;51;1;52727
134413;2024;41;1;36363
134413;2024;42;1;36363
134413;2024;43;5;163636
134413;2024;46;1;36363
134413;2024;48;1;36363
134413;2025;47;2;72727
134416;2024;41;1;31818
134416;2024;45;4;120909
134416;2024;46;1;31818
134416;2024;47;4;127272
134416;2024;48;1;31818
134416;2024;49;6;165454
134416;2024;50;3;95454
134455;2025;52;1;28636
134458;2024;43;1;44545
134458;2024;44;2;89090
134458;2024;45;6;213818
134458;2024;46;4;178181
134458;2024;47;2;89090
134458;2024;49;5;222727
134458;2024;50;3;124727
134458;2024;51;6;202681
134458;2024;52;4;108181
134475;2024;43;1;35454
134475;2024;50;1;26590
134562;2024;42;1;140909
134562;2024;50;1;140909
134562;2024;51;1;112727
134762;2024;41;13;189090
134762;2024;45;3;43636
134762;2024;46;2;29090
134762;2024;47;3;54545
134774;2024;48;1;17272
134774;2024;50;1;12954
134774;2025;49;2;31090
135165;2025;43;1;122727
135165;2025;44;4;482318
135165;2025;45;5;589090
135220;2024;42;1;131818
135230;2024;44;1;610944
135230;2024;45;3;1941818
135230;2024;47;1;809090
135230;2024;49;2;1618181
135230;2024;51;1;647272
135230;2024;52;3;1297458
135230;2025;44;1;809090
135230;2025;46;3;2103636
135230;2025;47;1;809090
135230;2025;48;2;1618181
135230;2025;49;2;1496818
135311;2024;42;1;31818
135311;2024;43;11;318181
135311;2024;44;11;350000
135311;2024;45;12;330909
135311;2024;47;1;31818
135311;2024;48;9;229090
135311;2024;49;1;31818
135327;2024;50;1;22727
135327;2025;51;2;31818
135327;2025;52;1;15909
135334;2024;43;2;45454
135334;2024;45;1;22727
135334;2024;48;2;45454
135334;2024;49;2;45454
135334;2024;51;1;18181
135334;2025;49;1;22727
135334;2025;51;1;15909
135336;2024;41;5;80000
135336;2024;42;6;120000
135336;2024;44;1;20000
135336;2024;45;13;236000
135336;2024;46;13;256000
135336;2024;47;9;180000
135336;2024;48;9;180000
135336;2024;49;6;108000
135336;2024;50;3;60000
135336;2024;51;7;127000
135336;2025;49;1;20000
135338;2024;41;2;45454
135360;2024;43;1;64545
135360;2024;45;1;51636
135360;2024;49;1;64545
135360;2024;50;3;142000
135360;2025;46;1;51636
135369;2024;43;1;64545
135369;2024;46;3;193636
135369;2024;48;4;258181
135369;2024;52;1;38727
135369;2025;46;3;193636
135370;2024;46;2;129090
135373;2024;52;1;36545
135373;2025;47;3;182727
135373;2025;49;1;48727
135376;2024;41;1;29090
135376;2024;44;1;29090
135376;2024;46;2;58181
135376;2024;47;3;87272
135376;2024;48;5;145454
135376;2024;49;5;145454
135386;2024;42;4;210909
135386;2024;43;5;263636
135386;2024;44;1;52727
135386;2024;45;4;168727
135386;2024;46;7;369090
135386;2024;47;8;421818
135386;2024;48;3;126545
135386;2024;49;2;105454
135386;2024;50;2;105454
135389;2024;45;4;218181
135389;2024;46;5;340909
135389;2024;47;1;68181
135389;2024;48;6;327272
135389;2024;49;4;272727
135389;2024;50;1;68181
135389;2024;51;2;102272
135407;2024;44;1;59090
135407;2024;51;1;35454
135414;2024;45;7;390000
135414;2024;48;3;177272
135414;2024;50;4;165454
135414;2024;51;8;313636
135414;2024;52;2;70909
135415;2025;42;13;392727
135415;2025;43;4;130909
135415;2025;44;14;458181
135415;2025;45;39;1086545
135415;2025;46;2;58909
135419;2025;51;1;12090
135422;2024;45;2;94545
135422;2024;47;3;177272
135426;2024;45;3;177272
135426;2024;48;1;59090
135426;2024;49;4;236363
135426;2024;51;1;47272
135426;2024;52;1;35454
135426;2025;48;2;118181
135429;2024;51;5;254090
135429;2025;45;1;59090
135478;2025;42;5;82909
135478;2025;43;1;17272
135478;2025;44;1;17272
135478;2025;45;9;138182
135478;2025;46;25;395544
135478;2025;47;43;739272
135478;2025;48;34;563090
135478;2025;49;15;259090
135478;2025;50;6;93272
135478;2025;51;2;27636
135537;2024;41;1;67272
135537;2024;42;3;201818
135537;2024;43;1;67272
135537;2024;46;1;60545
135537;2024;48;1;67272
135537;2024;49;2;134545
135539;2024;45;2;107636
135539;2024;49;1;67272
135539;2024;50;3;201818
135539;2024;51;2;107636
135539;2024;52;3;121090
135539;2025;46;1;53818
135542;2024;49;3;190909
135550;2024;45;1;60909
135550;2024;46;1;60909
135550;2024;48;3;176636
135550;2024;49;3;182727
135550;2024;50;3;182727
135594;2024;49;12;349090
135606;2024;45;29;738181
135606;2024;46;12;381818
135606;2024;47;6;190909
135606;2024;48;47;1444545
135606;2024;49;2;63636
135606;2024;50;13;413636
135606;2025;47;6;190909
135606;2025;48;1;31818
135722;2024;49;2;118181
135722;2024;50;6;307272
135722;2024;51;2;68181
135722;2024;52;3;118181
135722;2025;45;1;59090
135726;2025;45;1;222727
135733;2024;34;2;283636
136340;2024;1;2;1209090
136340;2024;44;1;863636
136340;2024;45;2;1381818
136340;2024;46;2;1554545
136340;2024;47;1;863636
136340;2024;49;4;3281818
136340;2024;50;5;3800000
136340;2024;51;12;7600000
136340;2024;52;3;1813636
136340;2025;47;2;1727272
136340;2025;48;1;863636
136340;2025;49;3;2590909
136340;2025;50;2;1554545
136342;2024;1;1;922727
136342;2024;41;1;1318181
136342;2024;43;1;1318181
136342;2024;45;3;3427272
136342;2024;49;3;3954545
136342;2024;50;5;5404545
136342;2024;51;5;4613636
136342;2024;52;1;922727
136342;2025;47;2;2636363
136342;2025;48;2;2636363
136342;2025;49;3;3954545
136342;2025;50;5;5668181
136342;2025;51;6;5536363
136342;2025;52;1;922727
136343;2024;42;4;353700
136343;2024;43;1;90000
136343;2024;44;11;981000
136343;2024;45;17;1314000
136343;2024;46;4;342000
136343;2024;47;1;90000
136344;2024;40;1;127272
136344;2024;43;1;114545
136344;2024;44;2;254545
136344;2024;45;8;865454
136344;2024;46;5;636363
136344;2024;47;3;381818
136344;2024;48;1;127272
136344;2024;49;1;127272
136344;2024;51;1;127272
136345;2024;40;1;180909
136345;2024;41;2;325636
136345;2024;42;2;361818
136345;2024;43;4;705545
136345;2024;44;4;669363
136345;2024;45;17;2749818
136345;2024;46;15;2641272
136345;2024;47;8;1447272
136345;2024;51;2;271363
136611;2024;42;1;590909
136611;2024;45;1;472727
136611;2024;46;2;1181818
136611;2024;47;5;2954545
136611;2024;48;2;1063636
136612;2024;43;5;1318181
136612;2024;44;7;1805909
136612;2024;45;10;2214545
136612;2024;46;4;1001818
136612;2024;47;7;1845454
136612;2024;48;6;1476363
136612;2024;49;6;1581817
136612;2024;51;1;197727
136613;2024;42;3;1622727
136613;2024;43;2;1081818
136613;2024;45;17;7464545
136613;2024;46;7;3786363
136613;2024;47;7;3786363
136613;2024;48;17;8870909
136613;2024;49;19;10060908
136613;2024;50;27;11899999
136613;2024;51;4;1190000
136613;2024;52;5;1625290
136613;2025;1;1;540909
136614;2024;41;1;781818
136614;2024;43;3;2345454
136614;2024;44;1;781818
136614;2024;45;22;14385454
136614;2024;46;7;5316363
136614;2024;47;2;1563636
136614;2024;48;9;6410908
136614;2024;49;13;9929090
136614;2024;50;11;6997272
136614;2024;51;10;5707272
136614;2024;52;2;1094545
136614;2025;46;1;722727
136614;2025;47;8;5781817
136614;2025;48;4;2890908
136614;2025;49;1;672136
136614;2025;50;6;3758181
136614;2025;51;12;5998635
136614;2025;52;4;2023636
136615;2024;45;1;945454
136615;2024;47;4;4727272
136615;2024;48;5;5909090
136615;2024;49;2;2363636
136615;2024;50;3;3190909
136617;2024;43;1;114545
136617;2024;44;1;127272
136617;2024;45;2;229090
136617;2024;46;3;381818
136617;2024;47;24;3016363
136617;2024;48;77;9379998
136617;2024;49;30;3779999
136617;2024;50;3;292727
136617;2024;51;2;197272
136618;2024;40;2;600000
136618;2024;41;2;540000
136618;2024;43;2;600000
136618;2024;44;2;600000
136618;2024;45;5;1260000
136618;2024;46;6;1680000
136618;2024;47;5;1500000
136618;2024;48;5;1380000
136618;2024;49;11;3300000
136618;2024;50;7;1890000
136618;2024;51;1;210000
136621;2024;42;1;695454
136621;2024;43;2;1390909
136621;2024;44;5;3477272
136621;2024;45;14;8345455
136621;2024;46;7;4868182
136621;2024;47;6;4172727
136621;2024;48;11;6954545
136621;2024;49;14;9319090
136621;2024;50;13;7650000
136621;2024;51;3;1669090
136621;2024;52;1;486818
136622;2024;42;2;2290909
136622;2024;43;1;1145454
136622;2024;44;1;1145454
136622;2024;45;10;9621818
136622;2024;46;12;13516363
136622;2024;47;5;5727272
136622;2024;48;12;11912727
136622;2024;49;2;1947273
136622;2024;50;4;4238181
136622;2024;51;6;5040000
136622;2024;52;3;2405454
136622;2025;48;1;836363
136622;2025;49;5;5227272
136622;2025;50;8;6899999
136622;2025;51;3;2090909
136622;2025;52;1;627273
136623;2024;45;8;941818
136623;2024;46;56;6516363
136623;2024;47;24;3054545
136623;2024;48;15;1832727
136623;2024;49;50;6223636
136623;2024;50;20;2271817
136623;2024;51;17;1750000
136623;2024;52;2;168274
136623;2025;49;1;127272
136623;2025;50;4;496363
136624;2024;42;5;437400
136624;2024;44;5;450000
136624;2024;45;53;3978000
136624;2024;46;25;2160000
136624;2024;47;12;1035000
136624;2024;49;14;1233000
136624;2024;50;11;886500
136624;2024;51;3;211500
136624;2025;50;4;342000
136625;2024;40;2;69090
136625;2024;41;7;241818
136625;2024;42;5;172727
136625;2024;43;1;34545
136625;2024;44;8;271181
136625;2024;45;21;623545
136625;2024;46;23;766909
136625;2024;47;7;241818
136625;2024;48;12;414545
136625;2024;49;11;345454
136625;2024;50;7;217636
136625;2024;51;1;27636
136625;2024;52;1;27636
136763;2024;41;4;127272
136763;2024;42;2;63636
136763;2024;43;2;63636
136763;2024;44;6;190909
136763;2024;45;11;286363
136763;2024;46;23;693636
136763;2024;47;9;283181
136763;2024;48;26;827272
136763;2024;49;18;566363
136763;2024;50;7;210000
136769;2024;40;1;59090
136769;2024;43;1;59090
136769;2024;44;2;118181
136769;2024;45;10;496363
136769;2024;46;9;520000
136769;2024;47;8;472727
136769;2024;48;36;2127273
136769;2024;49;14;827272
136769;2024;50;23;1300000
136785;2024;45;8;594000
136785;2024;46;1;90000
136785;2024;47;9;810000
136785;2024;48;17;1530000
136785;2024;49;9;792000
136785;2024;50;17;1381500
136785;2024;51;5;378000
136786;2024;44;3;356363
136786;2024;45;2;254545
136786;2024;46;4;509090
136786;2024;48;7;865454
136786;2024;49;14;1781818
136786;2024;50;8;897272
136786;2024;51;2;190909
136786;2024;52;1;101818
136786;2025;1;1;89090
136787;2024;43;1;62727
136787;2024;44;2;125454
136787;2024;45;4;213272
136787;2024;46;4;250909
136787;2024;47;5;313636
136787;2024;48;33;2070000
136787;2024;49;1;62727
136788;2024;43;2;125454
136788;2024;44;1;62727
136788;2024;45;3;150545
136788;2024;47;6;376363
136788;2024;48;12;752727
136788;2024;49;10;627273
136788;2024;50;11;624135
136788;2024;51;18;922090
136788;2024;52;6;284545
136788;2025;46;1;50181
136789;2024;1;1;50181
136789;2024;43;1;62727
136789;2024;44;4;250909
136789;2024;45;5;276000
136789;2024;46;2;112909
136789;2024;47;3;188181
136789;2024;48;5;313636
136789;2024;49;11;690000
136789;2024;50;19;1097726
136789;2024;51;10;514363
136789;2024;52;1;50181
136789;2025;46;1;62727
138339;2025;50;1;522181
139160;2024;49;7;133636
139160;2024;52;11;168000
139792;2024;50;3;347727
139792;2024;51;5;593181
139792;2025;49;2;272727
139792;2025;50;7;763636
139792;2025;51;3;347727
139792;2025;52;1;136363
139792;2026;10;1;136363
140009;2025;51;1;117272
140015;2024;45;2;42181
140015;2024;48;1;26363
140015;2024;50;2;42181
140017;2024;42;2;27272
140017;2024;43;2;27272
140017;2024;44;2;27272
140017;2024;45;19;212727
140017;2024;47;1;13636
140031;2024;49;1;959090
140056;2024;49;10;309090
140056;2024;50;12;370909
140056;2024;51;2;49454
140058;2024;50;1;17272
140067;2024;45;9;189818
140067;2024;46;7;184545
140067;2024;48;10;242545
140067;2024;49;15;395454
140067;2024;50;16;421818
140067;2024;52;3;41455
140069;2024;42;2;23636
140069;2024;45;4;42545
140069;2024;47;1;11818
140076;2024;47;2;27272
140076;2024;48;11;120000
140076;2024;52;2;21818
140109;2024;45;1;18181
140202;2024;46;1;73636
140202;2024;47;8;589090
140202;2024;48;4;287181
140202;2024;49;2;147272
140202;2024;50;8;544909
140202;2024;51;1;73636
140202;2025;44;5;368181
140202;2025;45;5;342409
140202;2025;46;8;589090
140202;2025;47;2;147272
140202;2025;49;4;294545
140202;2025;50;4;294545
140204;2024;46;5;368181
140204;2024;47;5;368181
140204;2024;48;5;368181
140204;2024;50;8;555954
140204;2024;51;2;147272
140204;2025;44;12;883636
140204;2025;45;8;589090
140204;2025;46;7;508090
140204;2025;47;7;515454
140204;2025;48;2;147272
140204;2025;49;8;589090
140204;2025;50;2;147272
140254;2024;44;1;30000
140254;2024;49;20;600000
140254;2024;50;10;255000
140254;2024;51;4;120000
140267;2024;45;2;49454
140267;2024;50;7;185454
140267;2024;51;1;24727
140270;2024;48;1;30909
140270;2024;49;9;278181
140270;2024;50;10;309090
140270;2024;51;2;49454
140370;2024;45;67;1090909
140370;2024;46;11;200000
140370;2024;47;3;54545
140370;2024;48;11;200000
140370;2024;49;26;472727
140370;2024;50;17;300000
140628;2024;50;1;1800000
140628;2025;28;1;1080000
140628;2025;44;1;1800000
140628;2025;46;1;1800000
141030;2024;50;1;17045
141030;2024;51;1;17045
141035;2024;44;1;13636
141035;2024;45;2;21818
141035;2024;49;3;40909
141035;2024;50;2;21818
141035;2025;46;2;24545
141035;2025;47;1;13636
141058;2024;45;2;37272
141058;2025;45;4;74545
141058;2025;46;1;18636
141058;2025;47;1;18636
141734;2024;42;1;62727
141734;2024;46;2;125454
142531;2024;46;30;272727
142538;2024;10;1;8181
142538;2024;12;1;8181
142546;2024;51;3;134090
142552;2024;50;27;294545
142553;2024;50;21;220909
142559;2024;49;36;490909
142559;2024;50;30;368181
142559;2024;51;5;57954
142907;2025;50;1;323636
142948;2024;37;1;93181
142950;2025;12;1;279545
142952;2025;36;1;186818
142991;2025;51;1;156818
143189;2024;47;4;381818
143189;2024;49;4;381818
143189;2024;50;10;773181
143189;2024;51;8;706363
143189;2024;52;1;76363
143189;2025;18;1;95454
143189;2025;24;1;95454
143189;2025;31;2;190909
143189;2025;35;1;95454
143189;2025;44;1;95454
143189;2025;46;1;76363
144850;2024;46;60;190909
144850;2024;47;144;458182
144850;2024;48;126;395499
144850;2024;49;75;221454
144850;2024;50;31;85113
144850;2024;51;40;104363
144850;2024;52;4;10181
160316;2024;44;1;180909
160316;2024;45;5;723636
160316;2024;46;5;904545
160316;2024;47;6;1067363
160316;2024;48;7;1212091
160316;2024;49;9;1628181
160316;2024;50;15;2451318
160316;2024;51;4;546345
160316;2025;41;3;542727
160316;2025;44;2;361818
160316;2025;46;2;325636
160316;2025;47;4;723636
160317;2024;43;3;73636
160317;2024;44;4;98181
160317;2024;45;9;181636
160317;2024;46;1;24545
160317;2024;49;5;122727
160317;2024;50;44;947454
160317;2024;51;67;1329136
160317;2024;52;11;216000
160317;2025;42;2;49090
160317;2025;43;6;147272
160317;2025;44;13;314182
160317;2025;45;40;864000
160317;2025;46;35;716727
160318;2024;43;1;24545
160318;2024;44;1;24545
160318;2024;45;13;265090
160318;2024;46;12;270000
160318;2024;47;13;319090
160318;2024;48;41;1006362
160318;2024;49;34;829636
160318;2024;50;24;584181
160318;2025;42;2;49090
160318;2025;43;7;171818
160318;2025;44;12;294545
160318;2025;45;56;1178181
160318;2025;46;66;1453091
160319;2024;1;2;69090
160319;2024;19;1;31818
160319;2024;44;2;69090
160319;2024;45;4;138181
160319;2024;46;7;234909
160319;2024;47;6;207272
160319;2024;48;34;1171090
160319;2024;49;24;829090
160319;2024;50;22;753090
160319;2024;51;3;96727
160319;2025;41;2;69090
160319;2025;42;3;103636
160319;2025;43;9;310909
160319;2025;44;3;96727
160319;2025;45;27;822181
160319;2025;46;48;1596000
160319;2025;47;17;580363
160320;2024;44;4;138181
160320;2024;45;13;386909
160320;2024;46;7;214181
160320;2024;47;14;483636
160320;2024;48;23;794545
160320;2024;49;28;967272
160320;2024;50;13;386909
160320;2024;52;3;82909
160320;2025;42;3;89818
160320;2025;43;5;172727
160320;2025;44;3;103636
160320;2025;45;25;760000
160320;2025;46;38;1236726
160320;2025;47;48;1658181
160320;2025;48;21;725454
160323;2025;42;7;330909
160323;2025;44;3;141818
160323;2025;45;23;940727
160323;2025;46;14;614545
160323;2025;47;12;567272
160323;2025;48;9;425454
160323;2025;49;4;189090
160326;2024;45;2;34545
160353;2024;41;1;65454
160353;2024;42;3;196363
160353;2024;43;2;130909
160353;2024;44;3;196363
160353;2024;45;15;877090
160353;2024;46;1;65454
160353;2024;48;4;209454
160355;2024;42;2;136363
160359;2024;49;2;118181
160360;2024;43;1;59091
160360;2024;44;1;59090
160360;2024;45;6;307272
160360;2024;46;7;390000
160373;2024;45;1;37818
160392;2024;46;1;68181
160392;2024;49;1;68181
160393;2024;42;5;344727
160393;2024;45;1;57454
160393;2024;48;2;143636
160393;2024;49;3;215454
160393;2024;50;5;244181
160393;2024;51;1;43090
160395;2024;44;5;363181
160395;2024;45;9;537508
160395;2024;46;4;246963
160395;2024;47;3;217909
160395;2024;48;3;210645
160395;2024;49;10;726363
160395;2024;50;9;548404
160395;2024;51;5;294176
160400;2024;41;2;138181
160400;2024;45;9;656363
160400;2024;46;2;172727
160400;2024;47;7;604546
160400;2024;49;4;345454
160400;2024;50;5;362727
160401;2024;41;1;86363
160401;2024;46;4;345454
160401;2024;47;2;172727
160401;2024;48;2;155454
160401;2024;50;1;69090
160404;2024;2;2;78164
160404;2024;41;1;71818
160404;2024;43;1;71818
160404;2024;45;3;172363
160404;2024;49;2;114909
160405;2024;44;2;154545
160405;2024;45;7;448181
160405;2024;47;3;231818
160405;2024;49;7;540909
160405;2024;50;2;154545
160406;2024;45;2;129272
160407;2024;43;3;231818
160407;2024;45;4;247272
160407;2024;46;3;231818
160407;2024;47;1;77272
160407;2024;48;5;339999
160407;2024;49;5;386363
160407;2025;49;1;61818
160408;2024;45;3;185454
160408;2024;46;2;154545
160408;2024;48;4;247272
160408;2025;46;1;61818
160412;2024;45;1;86545
160412;2024;48;2;194727
160412;2024;49;1;108181
160415;2024;41;1;74181
160415;2024;48;2;166909
160415;2024;50;7;625909
160415;2024;51;3;236454
160415;2025;45;1;92727
160415;2025;47;1;92727
160415;2025;50;1;74181
160418;2024;51;2;53181
160418;2024;52;1;28363
160420;2024;41;2;63636
160420;2024;43;3;95454
160420;2024;44;7;222727
160420;2024;45;5;159090
160420;2024;46;6;190909
160420;2024;47;20;585454
160420;2024;48;18;572726
160420;2024;49;7;222727
160420;2024;50;10;279999
160420;2025;47;2;63636
160424;2024;43;1;31818
160424;2024;48;1;31818
160425;2024;1;1;36363
160425;2024;47;2;90909
160425;2024;52;2;72727
160426;2024;1;3;43636
160426;2024;44;4;181818
160426;2024;45;3;136363
160426;2024;48;1;45454
160426;2024;49;4;127272
160426;2024;51;2;29090
160426;2024;52;7;101818
160427;2024;49;1;27272
160430;2024;2;1;13636
160430;2024;41;7;76363
160430;2024;42;1;13636
160430;2024;43;4;54545
160430;2024;44;2;27272
160430;2024;45;12;130908
160430;2024;46;26;354545
160430;2024;47;22;300000
160430;2024;48;123;1644545
160430;2024;49;100;1358181
160430;2024;50;21;279545
160430;2024;51;27;306818
160430;2024;52;5;54545
160430;2025;42;3;40909
160430;2025;43;2;27272
160430;2025;45;2;24545
160430;2025;46;17;201818
160430;2025;47;28;381818
160430;2025;48;8;106363
160430;2025;49;35;463636
160430;2025;50;4;43636
160430;2025;51;2;16363
160431;2024;50;1;13636
160477;2024;49;1;69545
160480;2024;50;3;40909
160480;2025;51;2;25454
160484;2024;42;1;59090
160484;2024;49;3;177272
160484;2024;50;2;118181
160484;2024;51;1;47272
160490;2024;43;6;229090
160490;2024;47;8;305454
160490;2024;52;5;152727
160495;2024;48;2;63636
160495;2024;49;26;827272
160495;2024;50;1;23863
160495;2025;1;2;38181
160495;2025;51;2;38181
160571;2024;1;4;84363
160571;2024;45;2;42181
160571;2024;47;2;52727
160571;2024;48;4;105454
160571;2024;50;7;168727
160571;2024;52;2;42181
160578;2024;1;8;168727
160578;2024;46;3;79091
160578;2024;47;9;237272
160578;2024;48;12;289999
160578;2024;49;28;738182
160578;2024;50;21;478499
160578;2024;51;18;362499
160578;2024;52;9;189818
160578;2025;50;2;42181
160587;2024;41;3;81818
160587;2024;44;6;163636
160587;2024;46;15;365454
160587;2024;47;13;354545
160587;2024;48;11;291818
160587;2024;50;7;190909
160588;2024;46;1;13636
160589;2024;45;4;101818
160589;2024;48;4;127272
160589;2024;49;6;190909
160589;2025;51;1;19090
160589;2025;52;4;76363
160593;2024;51;3;63272
160594;2024;48;1;17273
160594;2024;49;31;535454
160595;2024;44;2;45454
160595;2024;46;4;90909
160595;2024;47;4;90909
160595;2024;48;7;159090
160595;2024;49;3;68181
160595;2024;50;30;672727
160595;2024;51;2;27272
160603;2025;46;1;200000
160603;2025;50;1;160000
160610;2024;45;1;74545
160610;2024;47;11;460000
160610;2024;48;3;125454
160610;2024;51;2;66909
160610;2024;52;1;33454
160610;2025;49;6;200727
160612;2024;45;2;112727
160612;2024;47;1;56363
160613;2024;1;2;90181
160613;2024;51;1;45090
160613;2025;48;6;304364
160613;2025;49;1;45090
160613;2025;51;3;101454
160615;2024;43;2;160636
160615;2024;45;10;690909
160615;2024;47;4;345454
160615;2024;49;4;345454
160615;2024;50;4;345454
160618;2024;49;1;53636
160619;2024;45;1;247272
160619;2024;48;1;247272
160619;2024;50;4;261818
160621;2024;48;2;318181
160622;2024;51;4;150000
160622;2025;47;1;50000
160625;2024;45;5;105454
160626;2024;49;2;52727
160628;2024;48;1;29090
160629;2024;45;14;349090
160629;2024;48;2;58182
160629;2024;49;6;139636
160629;2024;52;2;46545
160630;2024;45;1;21090
160630;2024;48;1;26363
160633;2024;46;2;45454
160633;2024;48;1;22727
160634;2024;42;4;141818
160634;2024;44;5;177272
160634;2024;45;13;404181
160634;2024;48;18;510545
160634;2024;50;4;134727
160636;2024;45;5;141818
160636;2024;51;1;28363
160637;2024;45;8;262363
160637;2024;46;3;106363
160637;2024;47;3;106363
160638;2024;51;2;29090
160638;2025;49;2;29090
160638;2025;50;1;14545
160640;2025;51;1;10909
160642;2024;51;1;18181
160646;2024;45;11;360000
160646;2024;47;9;368181
160646;2024;48;2;81818
160646;2024;49;9;368181
160646;2024;50;5;204545
160646;2024;52;1;32727
160646;2025;48;9;351818
160646;2025;49;30;1227272
160646;2025;51;5;122727
160646;2025;52;5;122727
160647;2024;46;11;290000
160659;2024;51;11;256000
160659;2024;52;1;23272
160659;2025;49;1;23272
160661;2024;45;1;23272
160661;2024;51;11;256000
160663;2024;46;1;25454
160663;2024;47;3;95454
160663;2024;48;12;324545
160663;2024;49;6;190909
160663;2024;50;12;305454
160663;2024;51;5;127272
160709;2024;45;9;294545
160709;2024;48;6;196363
160710;2024;41;1;71818
160710;2024;42;1;71818
160710;2024;43;3;215454
160710;2024;45;7;430909
160710;2024;46;4;229818
160710;2024;48;5;359090
160712;2024;1;2;58181
160712;2024;41;1;29090
160712;2024;43;1;36364
160712;2024;45;13;385454
160712;2024;46;12;436363
160712;2024;47;15;545454
160712;2024;48;7;254545
160712;2024;49;13;472728
160712;2024;51;8;221818
160712;2024;52;3;87272
160712;2025;47;1;36363
160712;2025;48;2;72727
160712;2025;49;1;29090
160715;2024;45;4;58181
160715;2024;49;2;36363
160715;2024;50;1;13636
160716;2024;47;5;90909
160716;2024;48;7;127272
160716;2024;49;12;218181
160716;2024;51;10;181818
160718;2024;44;2;54545
160718;2024;45;3;70909
160718;2024;47;4;109090
160718;2024;48;4;109090
160718;2024;49;3;81818
160719;2024;45;10;305454
160719;2024;46;8;305454
160719;2024;47;8;305454
160719;2024;48;7;267272
160719;2024;49;2;76363
160719;2024;50;2;68727
160719;2024;51;5;148909
160719;2024;52;7;213818
160719;2025;1;1;22909
160719;2025;45;16;488727
160719;2025;46;8;305454
160719;2025;47;3;114545
160719;2025;49;1;38181
160719;2025;50;4;122181
160719;2025;51;26;595636
160719;2025;52;4;91636
160720;2024;45;1;30545
160720;2024;46;13;496363
160720;2024;48;4;152727
160720;2024;49;3;114545
160720;2024;50;10;357000
160720;2024;51;5;152727
160720;2024;52;1;30545
160721;2024;44;6;163636
160721;2024;45;9;212727
160721;2024;46;10;234545
160721;2024;47;31;845454
160721;2024;48;24;654545
160721;2024;49;24;654545
160721;2024;51;1;21818
160722;2024;45;8;174545
160722;2024;46;11;294545
160722;2024;47;11;300000
160722;2024;49;2;54545
160722;2024;50;2;54545
160722;2024;52;1;21818
160724;2024;45;4;108181
160725;2024;42;3;122727
160725;2024;43;3;122727
160725;2024;44;9;339545
160725;2024;46;3;122727
160725;2024;47;2;81818
160725;2024;48;9;368181
160725;2024;49;30;1129090
160725;2024;50;13;507272
160726;2024;45;3;69818
160728;2024;47;2;72727
160728;2024;49;1;36363
160728;2024;51;2;72727
160733;2024;49;10;318181
160733;2024;51;4;101818
160733;2025;45;1;25454
160733;2025;46;4;127272
160733;2025;47;12;381818
160734;2024;1;2;80000
160734;2025;51;1;30000
160810;2024;41;1;26363
160810;2024;47;4;105454
160810;2024;50;3;79090
160811;2024;44;2;36363
160811;2024;47;9;163636
160811;2024;48;1;18181
160811;2024;49;11;200000
160811;2024;50;14;254545
160811;2024;51;5;81817
160828;2024;51;2;87272
160828;2024;52;1;43636
160829;2024;44;2;81818
160829;2024;48;2;81818
160830;2024;44;3;95454
160830;2024;45;10;254545
160830;2024;46;3;95454
160830;2024;48;18;458181
160830;2024;49;5;146363
160835;2024;48;12;340363
160835;2024;49;7;248181
160842;2024;52;1;47272
160846;2024;48;12;480000
160847;2024;2;1;50000
160847;2024;45;4;180000
160848;2024;1;3;85090
160848;2024;45;3;120000
160848;2024;49;2;70909
160848;2024;50;3;78000
160848;2024;51;6;156000
160848;2024;52;5;134727
160848;2025;47;4;141818
160848;2025;49;1;28363
160848;2025;51;6;127636
160849;2024;43;1;22727
160849;2024;45;1;18181
160849;2024;47;4;90909
160849;2024;48;3;68181
160849;2024;49;5;113636
160849;2024;50;2;45454
160849;2024;51;2;39772
160849;2024;52;1;18181
160849;2025;50;1;18181
160852;2024;1;6;118181
160852;2024;47;1;22727
160852;2024;48;2;45454
160852;2024;49;5;113636
160852;2024;50;8;163635
160852;2024;51;5;95454
160852;2024;52;2;36363
160852;2025;1;8;109090
160852;2025;50;3;54545
160852;2025;52;4;54545
160853;2024;45;2;50909
160853;2024;46;3;95454
160853;2024;47;5;159090
160853;2024;48;10;318181
160854;2025;48;1;26363
160855;2024;48;1;27272
161314;2024;46;1;23272
161314;2024;47;2;58181
161314;2024;48;7;186181
161314;2024;49;5;145454
161314;2024;50;26;698181
161314;2024;51;4;110545
161314;2024;52;11;235138
161314;2025;1;1;17454
161314;2025;48;2;46545
161314;2025;49;3;69818
161315;2024;42;1;27272
161315;2024;44;1;27272
161315;2024;45;3;65454
161315;2024;46;2;54545
161315;2024;47;4;109090
161315;2024;48;4;109090
161315;2024;49;10;272727
161316;2024;52;1;18181
161322;2024;47;2;36363
161322;2024;48;10;181818
161322;2024;49;10;181818
161333;2024;48;1;29090
161337;2024;1;1;10909
161337;2024;44;11;150000
161337;2024;45;34;389999
161337;2024;46;12;163636
161337;2024;47;2;27272
161337;2024;49;1;13636
161337;2024;51;1;10909
161338;2024;44;6;81818
161339;2024;45;4;43636
161339;2024;46;4;54545
161339;2024;47;4;54545
161339;2024;48;7;95454
161339;2024;49;20;272727
161339;2024;50;34;419999
161339;2024;51;12;126818
161339;2024;52;2;21818
161340;2024;42;2;27272
161340;2024;44;3;40909
161340;2024;45;4;46363
161340;2024;49;1;13636
161341;2024;45;9;122727
161341;2024;46;6;81818
161341;2024;47;25;340909
161341;2024;48;35;455454
161341;2024;49;15;204545
161341;2024;50;29;371726
161341;2024;51;10;111818
161341;2024;52;1;10909
161342;2024;45;4;101818
161342;2024;46;2;63636
161342;2024;48;11;337272
161342;2024;49;9;286363
161342;2024;50;5;159090
161343;2024;1;3;76363
161343;2024;45;3;76363
161343;2024;46;12;381818
161343;2024;48;4;127272
161343;2024;49;8;254545
161343;2024;50;5;159090
161344;2024;41;1;31818
161344;2024;49;10;318181
161344;2024;50;6;174998
161344;2024;51;1;31818
161344;2024;52;3;76363
161344;2025;1;2;38181
161344;2025;47;1;31818
161344;2025;49;1;31818
161344;2025;51;1;19090
161347;2024;51;3;63272
161347;2024;52;2;42181
161358;2024;44;2;290909
161358;2024;45;2;261818
161358;2025;43;2;290909
161358;2025;44;4;581818
161358;2025;45;7;872727
161358;2025;46;5;640000
161360;2024;45;1;134545
161365;2024;46;1;50000
161392;2024;48;1;27272
161469;2024;41;1;59090
161548;2024;44;2;143636
161548;2024;46;1;57454
161548;2024;50;1;53863
161548;2024;51;1;53863
161556;2025;42;1;27272
161556;2025;45;31;785454
161556;2025;46;64;1450909
161556;2025;48;1;27272
161560;2024;2;3;114545
161560;2024;8;16;610909
161560;2024;9;1;38181
161560;2024;11;1;38182
161560;2024;12;7;267272
161560;2024;26;8;305454
161560;2024;39;1;38181
161560;2024;40;12;458181
161560;2024;41;3;114545
161560;2024;49;6;229090
161560;2024;50;4;152727
161560;2025;10;14;534545
161560;2025;11;8;305454
161560;2025;12;8;274909
161560;2025;30;6;213818
161560;2025;33;6;229090
161560;2025;42;2;76364
161560;2025;43;1;38181
161560;2025;44;1;38181
161560;2025;50;18;549818
161583;2024;47;1;95454
161584;2024;45;6;562909
161584;2024;47;1;117272
161603;2024;49;1;90909
161603;2024;51;1;72727
161603;2025;50;1;90909
161603;2025;51;1;54545
161603;2025;52;1;54545
161616;2025;50;1;120000
161632;2024;40;2;400000
161632;2024;42;2;400000
161632;2024;44;4;720000
161633;2025;44;2;1754545
161633;2025;45;1;877272
161633;2025;51;1;526363
161642;2025;43;1;22727
161642;2025;44;7;159090
161642;2025;45;5;104545
161642;2025;46;4;77272
161642;2025;47;6;136363
161642;2025;48;20;454545
161642;2025;49;14;318181
161642;2025;50;25;527272
161642;2025;51;6;127272
161651;2024;42;1;26363
161651;2024;44;1;26363
161651;2024;48;1;26363
161651;2024;50;1;26363
161651;2024;51;1;26363
161651;2025;46;1;26363
161651;2025;47;3;79090
161671;2024;52;2;109090
161673;2024;45;2;143636
161682;2024;47;1;17272
161682;2024;48;4;69090
161688;2024;45;3;878181
161689;2024;45;1;166545
161690;2024;43;2;1190909
161690;2024;44;2;1190909
161690;2025;49;1;506136
161690;2025;50;2;1190909
161690;2025;51;1;357272
161693;2024;9;2;36363
161693;2024;10;2;36363
161693;2024;11;1;18181
161693;2024;12;2;36363
161693;2025;3;4;72726
161693;2025;22;1;18181
161693;2026;14;1;18181
161873;2024;46;1;872727
161873;2024;47;1;1090909
161873;2024;49;2;2181818
161873;2025;44;1;1090909
161873;2025;46;1;872727
161946;2024;43;2;72727
161946;2024;44;7;254545
161946;2024;45;38;1236363
161946;2024;46;29;1010909
161946;2024;47;17;618182
161946;2024;48;1;36363
161946;2025;42;6;218181
161946;2025;43;5;181818
161946;2025;44;4;145454
161946;2025;45;16;530909
161946;2025;46;32;1054545
161946;2025;47;29;1054545
161946;2025;48;2;72727
161946;2025;52;1;21818
162133;2024;41;1;77272
162133;2024;44;2;154545
162136;2024;45;1;50181
162139;2024;41;1;59090
162139;2024;45;5;236363
162189;2024;41;4;287272
162189;2024;49;1;71818
162189;2025;46;1;71818
162194;2024;44;2;172727
162194;2024;45;3;241818
162194;2024;48;1;86363
162194;2024;49;1;86363
162194;2024;50;5;259090
162194;2024;51;2;172727
162194;2024;52;2;103636
162194;2025;45;1;86363
162196;2024;43;1;1409090
162196;2024;44;2;2818181
162196;2024;45;11;12963636
162196;2024;46;3;3945454
162196;2024;49;1;1409090
162197;2024;43;2;3545454
162197;2024;45;3;4254545
162197;2024;46;3;5318182
162197;2024;47;1;1240909
162197;2024;48;4;7090909
162197;2024;49;2;3545454
162197;2024;50;2;3013636
162197;2024;51;1;1240909
162198;2024;40;1;1045454
162198;2024;44;4;4181818
162198;2024;45;5;4390909
162198;2024;50;2;1515909
162200;2024;1;1;477272
162200;2024;42;1;681818
162200;2024;45;3;1909090
162200;2024;46;4;2590909
162200;2024;47;1;681818
162200;2024;48;4;2454545
162200;2024;49;7;4636363
162200;2024;50;7;4159090
162200;2024;51;3;915454
162200;2024;52;1;477272
162205;2024;40;1;90000
162205;2024;42;3;270000
162205;2024;43;1;90000
162205;2024;45;9;666000
162205;2024;46;7;630000
162205;2024;47;17;1521000
162205;2024;48;7;630000
162206;2024;46;1;2545455
162207;2025;51;1;454091
162211;2024;44;1;1000000
162211;2024;45;7;6400000
162211;2024;47;1;1000000
162211;2024;48;1;800000
162211;2024;49;6;6000000
162211;2024;50;2;1700000
162212;2024;1;1;65454
162212;2024;45;1;65454
162212;2024;46;4;261818
162212;2024;48;2;163636
162212;2024;50;2;130909
162212;2024;51;6;392727
162212;2025;1;2;98181
162212;2025;45;3;212727
162212;2025;48;10;818181
162212;2025;51;3;147272
162213;2024;41;1;77272
162213;2024;42;1;77272
162213;2024;44;2;154545
162213;2024;45;1;61818
162213;2024;46;2;146817
162213;2024;48;1;77272
162214;2024;41;1;77272
162214;2024;44;1;77272
162214;2024;47;2;154545
162214;2024;48;2;123636
162214;2024;49;2;154545
162214;2024;50;3;231818
162214;2024;51;6;370909
162214;2024;52;2;123636
162214;2025;45;1;77272
162214;2025;46;8;587272
162214;2025;51;1;46363
162217;2024;43;6;463636
162217;2024;44;1;77272
162217;2024;45;2;123636
162217;2024;46;3;231818
162217;2024;48;4;247272
162220;2024;1;5;105454
162220;2024;44;5;131818
162220;2024;45;20;444227
162220;2024;46;9;233318
162220;2024;47;7;184545
162220;2024;49;3;79090
162220;2024;51;3;68545
162220;2025;46;1;21090
162220;2025;47;2;52727
162220;2025;48;1;21090
162220;2025;50;3;68545
162220;2025;51;1;18454
162221;2024;47;1;27272
162221;2024;50;4;102272
162221;2024;51;1;21818
162225;2024;45;2;50909
162228;2024;41;1;36363
162228;2024;43;1;36363
162228;2024;45;1;29090
162228;2024;47;1;36363
162228;2024;48;2;72727
162228;2024;49;5;181818
162228;2024;50;1;36363
162231;2024;41;3;89090
162231;2024;43;2;63636
162231;2024;44;2;63636
162231;2024;46;1;28636
162231;2024;47;2;63636
162231;2024;50;1;31818
162233;2024;46;1;44545
162233;2024;47;1;44545
162233;2024;49;3;115818
162233;2024;50;6;267272
162233;2024;51;7;245000
162233;2025;50;5;204909
162233;2025;51;7;204909
162233;2025;52;1;31181
162234;2024;51;1;35636
162235;2024;45;1;25454
162235;2024;46;2;63636
162235;2024;47;1;31818
162235;2024;48;1;25454
162236;2024;48;1;8181
162236;2024;49;2;16363
162237;2024;42;1;8181
162238;2024;42;28;220908
162239;2024;42;33;422727
162239;2024;44;4;54545
162239;2024;45;7;84545
162239;2024;46;3;40909
162239;2024;47;2;27272
162239;2024;48;14;174545
162239;2024;49;9;122727
162239;2024;50;1;13636
162246;2024;45;4;278181
162246;2024;47;1;81818
162246;2024;48;4;327272
162246;2024;52;2;98181
162246;2025;51;2;98181
162249;2025;51;1;15909
162263;2024;41;1;40090
162263;2024;43;1;44545
162263;2024;44;1;44545
162263;2024;45;1;35636
162265;2024;44;1;45454
162265;2024;45;3;109090
162265;2024;49;7;318181
162265;2024;50;2;90909
162266;2024;47;1;31818
162267;2024;43;1;31818
162267;2024;46;1;31818
162267;2024;50;1;23863
162267;2024;51;1;23863
162267;2025;46;3;95454
162267;2025;49;2;63636
162267;2025;51;1;22272
162295;2024;52;2;21818
162297;2024;1;2;52727
162297;2024;6;3;79090
162297;2024;10;4;105454
162297;2024;26;1;26363
162297;2024;27;2;52727
162297;2024;30;2;47454
162297;2024;33;1;26363
162297;2024;34;2;52727
162297;2024;40;3;79090
162297;2024;45;3;79090
162297;2024;49;2;52727
162297;2024;51;6;126545
162297;2025;10;1;26363
162297;2025;19;3;79090
162298;2024;6;1;26363
162298;2024;25;1;26363
162301;2024;46;2;45454
162301;2024;47;9;204545
162301;2024;48;7;159090
162301;2024;49;7;159090
162301;2024;50;7;132954
162301;2024;51;15;276136
162301;2024;52;1;18181
162302;2024;45;12;165818
162302;2024;46;1;17272
162302;2024;47;10;172727
162302;2024;48;15;252181
162307;2024;43;2;45454
162307;2024;45;9;177272
162307;2024;46;2;45454
162313;2024;47;2;34545
162313;2024;48;5;86363
162313;2025;48;1;17272
162350;2024;41;6;65454
162350;2024;45;1;8727
162350;2024;47;3;32727
162350;2024;48;13;121818
162350;2024;49;4;36363
162352;2024;42;1;13636
162352;2024;43;7;95454
162352;2024;44;8;109090
162352;2024;45;9;98181
162352;2024;46;12;163636
162352;2024;47;6;81818
162353;2024;41;2;27272
162353;2024;45;7;84545
162353;2024;46;5;68181
162354;2024;43;1;17272
162354;2024;46;4;69090
162354;2024;47;8;138181
162354;2024;48;17;272909
162354;2024;49;17;293636
162354;2024;50;2;30227
162354;2025;48;3;41454
162359;2024;44;5;54545
162359;2025;49;2;17454
162368;2024;45;5;54545
162369;2024;48;2;27272
162372;2024;42;3;51818
162372;2024;45;1;13818
162372;2024;46;10;172727
162372;2024;48;1;17272
162372;2024;49;4;69090
162372;2024;50;1;17272
162379;2024;1;2;36363
162379;2024;41;1;22727
162379;2024;47;11;250000
162379;2024;48;8;181818
162379;2024;50;10;227272
162379;2024;51;2;36363
162379;2025;46;7;159090
162379;2025;48;7;150000
162379;2025;50;2;36363
162383;2024;43;1;13636
162385;2024;45;6;82909
162385;2024;47;3;51818
162385;2024;48;5;72545
162385;2024;51;1;13818
162389;2024;41;1;13636
162389;2024;46;27;368181
162389;2024;47;8;109090
162389;2024;48;3;40909
162389;2024;49;28;332727
162389;2024;51;10;107727
162389;2024;52;4;43636
162391;2024;41;5;54545
162391;2025;50;1;8727
162394;2025;49;1;22727
162395;2024;45;9;229090
162396;2024;43;12;381818
162396;2024;46;12;381818
162396;2024;47;10;318181
162396;2024;49;1;31818
162399;2024;41;2;63636
162399;2024;44;6;190909
162399;2024;45;12;318181
162399;2024;46;11;350000
162400;2024;44;1;31818
162400;2024;45;3;95454
162401;2024;44;12;436363
162404;2024;45;8;174545
162414;2024;2;2;58182
162414;2024;52;1;23272
162509;2024;45;9;189818
162509;2024;47;2;52727
162509;2024;48;5;131818
162509;2024;49;6;158181
162509;2024;50;5;118636
162510;2024;44;8;210909
162510;2024;46;4;105454
162510;2024;47;3;79090
162510;2024;48;6;158181
162510;2024;49;17;448181
162510;2024;50;4;92272
162510;2024;51;4;94909
162510;2025;51;1;15818
162511;2024;47;7;190909
162511;2024;48;20;452727
162511;2024;49;1;21817
162512;2024;47;1;27272
162512;2024;48;3;81818
162512;2024;49;2;54545
162512;2024;50;2;32727
162512;2024;51;15;267272
162512;2024;52;7;141818
162512;2025;48;1;21818
162512;2025;51;5;81818
162512;2025;52;4;65454
162518;2024;42;3;87272
162518;2024;44;14;407272
162518;2024;49;6;174545
162521;2024;51;8;168727
162521;2024;52;8;168727
162523;2024;51;1;18181
162529;2024;43;3;68181
162529;2024;44;1;22727
162529;2024;45;4;72727
162529;2024;47;4;90909
162529;2024;48;9;204545
162529;2024;49;7;136363
162530;2024;48;6;158181
162530;2024;49;6;158181
162530;2024;50;4;98863
162530;2024;51;19;453454
162530;2024;52;6;126545
162530;2025;1;1;15818
162530;2025;48;2;52727
162530;2025;49;2;42181
162530;2025;50;5;105454
162530;2025;51;5;79090
162530;2025;52;7;110727
162532;2024;45;6;109090
162532;2024;48;14;179999
162532;2024;49;24;327272
162533;2024;1;2;43636
162533;2024;46;2;143636
162533;2024;48;2;54545
162533;2024;49;9;245455
162533;2024;50;13;334090
162533;2024;51;11;241363
162533;2024;52;5;109090
162534;2024;43;2;36363
162534;2024;44;2;36363
162534;2024;45;2;36363
162534;2024;48;16;174545
162534;2024;49;37;403636
162534;2024;50;7;68181
162534;2024;51;15;130909
162534;2024;52;11;96000
162534;2025;45;10;100363
162534;2025;46;11;120000
162534;2025;47;5;54545
162534;2025;48;6;65454
162534;2025;49;1;10909
162535;2024;48;1;27272
162535;2024;49;1;27272
162535;2024;50;5;129545
162535;2024;52;3;65454
162535;2025;49;2;49090
162540;2024;43;12;316363
162540;2024;45;2;42181
162540;2024;46;6;142363
162540;2024;47;10;263636
162540;2024;50;3;79090
162545;2025;49;1;21090
162566;2024;44;1;31818
162566;2024;46;2;63636
162566;2024;47;11;350000
162566;2024;49;2;63636
162566;2024;50;1;31818
162566;2024;51;7;195681
162566;2024;52;1;25454
162567;2024;44;1;29090
162567;2024;46;2;58181
162567;2024;47;7;203636
162567;2024;49;2;58181
162567;2024;50;28;523636
162567;2024;51;14;279272
162567;2024;52;17;366545
162567;2025;47;1;29090
162567;2025;48;1;29090
162567;2025;50;9;209454
162568;2025;49;2;17454
162575;2024;1;2;46545
162575;2024;44;9;261818
162575;2024;45;10;232727
162575;2024;46;6;174545
162575;2024;48;6;174545
162575;2024;49;57;1658181
162575;2024;50;31;853818
162575;2024;51;16;376727
162575;2024;52;2;46545
162575;2025;48;6;162909
162577;2024;45;11;152000
162579;2025;43;2;409090
162579;2025;44;2;409090
162579;2025;45;8;1513636
162614;2024;42;1;22727
162614;2025;42;1;22727
162619;2024;44;2;45454
162627;2024;34;1;81363
162627;2024;37;1;48818
162637;2024;6;1;18181
162637;2024;13;12;218181
162637;2024;41;12;218181
162637;2024;43;6;109090
162637;2025;32;6;109090
162637;2025;34;30;327272
162637;2025;42;4;72727
162637;2025;47;2;36363
162637;2026;5;1;18181
162637;2026;10;24;436363
162637;2026;11;1;14545
162639;2024;2;8;130909
162639;2024;3;4;65454
162639;2024;4;10;163636
162639;2024;7;6;98181
162639;2024;8;6;98181
162639;2024;10;10;163636
162639;2024;12;6;98181
162639;2024;15;6;98181
162639;2024;28;12;196363
162639;2024;37;2;32727
162639;2024;38;12;196363
162639;2024;39;15;245454
162639;2024;40;8;130909
162639;2024;41;19;310909
162639;2024;44;6;98181
162639;2024;46;6;98181
162639;2024;52;13;170181
162639;2025;12;8;130909
162639;2025;27;1;14727
162639;2025;30;1;16363
162639;2025;34;84;824727
162661;2025;34;2;13636
162702;2024;45;1;268181
162702;2024;51;3;603409
162711;2024;31;1;63636
162714;2024;41;2;34545
162717;2024;31;1;90000
162719;2024;41;3;60636
162719;2024;45;3;50181
162729;2024;46;4;155454
162729;2024;47;4;163636
162729;2024;48;3;122727
162729;2024;49;1;40909
162743;2024;45;1;368181
162745;2024;30;3;141818
162745;2024;48;4;108181
162745;2024;49;2;63636
162746;2024;43;1;50000
162749;2024;50;1;20454
162749;2024;51;1;21818
162772;2024;44;1;31818
162772;2024;45;5;133636
162772;2024;47;4;127272
162772;2024;48;2;63636
162772;2024;49;1;31818
162772;2024;50;4;114545
162772;2024;51;8;213181
162772;2025;1;1;22272
162772;2025;50;2;63636
162772;2025;51;4;89090
162772;2025;52;8;178181
162791;2024;44;1;395454
162791;2024;45;1;395454
162791;2024;46;2;751363
162791;2024;47;1;395454
162791;2024;48;2;790909
162791;2024;49;3;1186363
162791;2024;50;2;652499
162791;2025;46;1;395454
162791;2025;48;1;395454
162792;2024;42;1;313636
162792;2024;45;1;250909
162792;2024;46;2;627272
162792;2024;48;3;940909
162792;2024;49;1;313636
162792;2025;48;1;282272
162796;2024;41;2;181818
162797;2024;46;2;263636
162797;2024;49;1;105454
162813;2024;45;1;356363
162813;2024;47;2;890909
162813;2024;48;7;3118181
162813;2024;49;1;445454
162813;2024;50;3;1069090
162813;2024;51;6;2095239
162813;2025;45;3;861818
162813;2025;46;1;287272
163344;2024;50;1;29090
163344;2024;51;5;116363
163344;2024;52;3;69818
163344;2025;48;1;29090
163344;2025;49;1;29090
163344;2025;50;3;69818
163344;2025;51;47;957090
163344;2025;52;1;20363
163348;2024;43;3;21818
163348;2024;44;82;596363
163348;2024;45;1;5818
163348;2024;46;2;14545
163348;2024;47;8;58181
163348;2024;48;7;50909
163348;2024;49;6;43636
163348;2024;50;7;48000
163350;2024;51;1;5818
163358;2024;48;2;36363
163358;2024;49;2;36363
163358;2024;50;13;203636
163358;2024;51;6;86363
163358;2024;52;6;87272
163358;2025;48;2;36363
163358;2025;49;2;36363
163358;2025;50;11;160000
163358;2025;51;6;98181
163360;2024;45;4;104727
163360;2024;48;1;29090
163360;2024;49;1;29090
163360;2024;50;5;130909
163360;2024;51;11;295272
163360;2024;52;3;69818
163360;2025;48;3;87272
163360;2025;49;4;116363
163360;2025;50;2;46545
163360;2025;51;8;162909
163360;2025;52;2;40727
163361;2024;1;1;14545
163361;2024;43;7;127272
163361;2024;45;6;94545
163361;2024;48;5;90909
163361;2024;49;8;145454
163361;2024;50;14;242727
163361;2024;51;18;305454
163361;2024;52;5;72727
163361;2025;48;1;18181
163361;2025;50;2;29090
163361;2025;51;4;50909
163362;2024;1;5;53181
163362;2024;43;2;27272
163362;2024;44;2;27272
163362;2024;45;3;40909
163362;2024;46;6;81818
163362;2024;47;1;13636
163362;2024;48;4;54545
163362;2024;49;14;190909
163362;2024;50;17;184772
163362;2024;51;20;233181
163362;2024;52;27;294545
163362;2025;46;3;40909
163362;2025;48;27;368181
163362;2025;49;4;54545
163362;2025;51;7;75000
163364;2024;43;3;81818
163364;2024;45;8;190909
163364;2024;49;3;81818
163364;2024;50;7;158181
163364;2024;51;18;388636
163364;2024;52;5;109090
163364;2025;46;1;27272
163364;2025;47;3;81818
163364;2025;48;2;54545
163364;2025;49;1;27272
163364;2025;51;4;76363
163364;2025;52;1;19090
163459;2024;42;3;54545
163459;2024;43;3;54545
163459;2024;44;1;18181
163459;2024;45;12;203636
163459;2024;46;1;18181
163460;2024;41;2;36363
163460;2024;42;4;72727
163460;2024;43;1;18181
163460;2024;44;1;18181
163460;2024;45;8;127272
163460;2024;46;2;36363
163460;2024;47;2;36363
163464;2024;41;2;43272
163464;2024;42;6;152727
163464;2024;43;5;127272
163464;2024;44;1;25454
163464;2024;45;6;147636
163464;2024;47;4;101818
163464;2024;48;4;101818
163468;2024;41;2;154545
163468;2024;42;1;77272
163468;2024;43;1;77272
163468;2024;44;1;77272
163469;2024;41;1;45454
163469;2024;42;3;136363
163469;2024;43;1;45454
163469;2024;44;5;227272
163469;2024;45;8;299999
163469;2024;46;8;363636
163469;2024;47;3;136363
163469;2024;48;1;45454
163470;2024;42;1;45454
163470;2024;43;2;90909
163470;2024;44;3;136363
163470;2024;45;11;418181
163470;2024;46;9;409090
163470;2024;47;2;90909
163470;2024;48;2;90909
163470;2024;49;1;45454
163471;2024;44;1;81818
163471;2024;48;6;490909
163471;2024;49;1;81818
163471;2024;50;1;61363
163471;2024;51;1;65454
163471;2024;52;3;196363
163471;2025;46;1;81818
163471;2025;47;1;81818
163471;2025;48;1;81818
163472;2024;46;4;363636
163479;2024;42;4;36363
163479;2024;44;12;109090
163480;2024;42;2;21818
163480;2024;43;17;185454
163480;2024;44;18;196363
163480;2024;45;6;52363
163480;2024;46;11;120000
163481;2024;44;2;18181
163481;2024;45;3;21818
163482;2026;8;1;17272
163484;2024;1;1;10909
163484;2024;43;8;109090
163484;2024;45;11;133636
163484;2024;46;7;95454
163484;2024;47;2;27272
163484;2024;48;12;163636
163484;2024;49;13;177272
163484;2024;50;30;392727
163484;2024;51;25;210000
163484;2024;52;17;174545
163484;2025;45;2;21818
163484;2025;47;3;40909
163484;2025;49;1;13636
163486;2024;41;4;72727
163486;2024;43;6;109090
163486;2024;45;3;43636
163486;2024;48;2;36363
163486;2024;49;1;18181
163486;2024;51;1;14545
163487;2024;42;3;51818
163487;2024;43;2;34545
163487;2024;47;1;17272
163487;2024;48;3;51818
163487;2024;49;8;110545
163487;2024;51;15;224545
163487;2024;52;28;304001
163487;2025;52;2;20727
163489;2024;42;2;32727
163489;2024;43;2;32727
163489;2024;45;32;422181
163489;2024;46;16;261818
163489;2024;48;10;163636
163489;2024;50;3;49090
163494;2024;45;1;40000
163494;2024;46;10;490000
163498;2024;42;2;36363
163498;2024;44;10;181818
163498;2024;45;10;160000
163498;2024;46;6;109090
163498;2024;47;19;345454
163498;2024;48;9;160000
163498;2024;49;1;18181
163498;2024;50;8;133636
163498;2024;51;5;80000
163498;2024;52;1;14545
163499;2024;49;16;1527272
163499;2024;51;3;214772
163499;2025;47;2;190909
163500;2024;51;1;54545
163507;2024;47;3;51818
163507;2024;48;2;34545
163511;2024;42;37;1268819
163511;2024;43;3;108818
163511;2024;44;31;1124454
163511;2024;45;97;3025145
163511;2024;46;48;1686681
163511;2024;47;23;830645
163511;2024;48;28;972109
163511;2024;49;9;315572
163517;2025;43;3;21818
163517;2025;44;3;21818
163517;2025;45;27;187636
163517;2025;46;38;260363
163517;2025;47;50;363636
163517;2025;48;29;186181
163517;2025;49;104;693818
163517;2025;50;211;1227636
163517;2025;51;43;229818
163519;2025;49;1;7272
163521;2024;43;5;113636
163521;2024;48;1;22727
163521;2024;49;2;45454
163521;2024;50;1;22727
163521;2024;51;1;17045
163521;2025;49;3;54545
163540;2024;42;2;70909
163540;2024;43;3;106363
163540;2024;44;1;35454
163540;2024;47;2;70909
163540;2024;49;2;70909
163540;2024;50;2;70909
163540;2025;50;2;63818
163540;2025;51;2;49636
163541;2024;45;1;31818
163541;2024;46;10;318181
163541;2024;47;33;1046818
163541;2024;48;51;1546363
163541;2024;49;37;1116818
163541;2024;50;7;200454
163541;2024;51;2;50909
163541;2025;49;1;31818
163545;2024;1;3;100363
163545;2024;41;2;70909
163545;2024;42;2;70909
163545;2024;43;3;119090
163545;2024;45;4;133818
163545;2024;46;7;292727
163545;2024;47;9;376363
163545;2024;48;10;418181
163545;2024;49;17;710909
163545;2024;50;13;510181
163545;2024;51;4;148454
163545;2024;52;11;368000
163545;2025;45;16;635636
163545;2025;46;1;41818
163547;2024;49;8;109090
163552;2024;1;1;6818
163552;2024;42;1;22727
163552;2024;44;1;22727
163552;2024;45;10;204545
163552;2024;46;10;222727
163552;2024;47;18;309090
163552;2024;48;18;245454
163552;2024;49;27;368181
163552;2024;50;47;600000
163552;2024;51;33;383863
163552;2024;52;12;130909
163552;2025;44;1;13636
163552;2025;45;3;38181
163552;2025;46;14;182727
163552;2025;47;10;136363
163552;2025;48;4;54545
163552;2025;49;7;95454
163552;2025;50;10;125454
163552;2025;51;48;400909
163552;2025;52;5;40909
163553;2024;41;8;205636
163553;2024;42;4;105454
163553;2024;44;1;26363
163553;2024;45;10;242545
163553;2024;46;15;384909
163553;2024;47;1;26363
163553;2024;48;2;50090
163553;2024;49;9;237272
163553;2024;50;4;100181
163553;2024;51;6;70227
163555;2024;42;3;40909
163555;2024;43;50;681818
163555;2024;44;13;177272
163555;2024;45;11;120000
163555;2024;46;18;245454
163555;2024;47;11;150000
163555;2024;48;22;300000
163555;2024;49;37;504542
163555;2024;50;35;395454
163555;2024;51;87;912272
163555;2024;52;14;152727
163555;2025;44;6;81818
163555;2025;45;13;159545
163555;2025;47;1;13636
163562;2024;41;1;75454
163563;2024;44;2;150909
163563;2024;45;3;196181
163568;2024;47;2;81818
163568;2024;48;1;40909
163568;2024;49;1;40909
163568;2024;51;1;30681
163568;2024;52;4;130909
163568;2025;50;1;40909
163568;2025;51;3;85909
163569;2024;41;1;53636
163569;2024;45;1;42909
163569;2024;46;1;53636
163570;2024;42;1;45454
163570;2024;45;4;154545
163570;2024;48;3;136363
163570;2024;50;5;227272
163570;2024;51;1;36363
163570;2025;51;2;63636
163570;2025;52;2;63636
163587;2024;50;1;88181
163592;2025;52;1;13636
163595;2024;42;1;45454
163595;2024;46;2;90909
163595;2024;47;3;136363
163595;2024;48;3;136363
163595;2024;49;5;209090
163595;2024;51;3;109090
163595;2024;52;1;36363
163595;2025;46;2;90909
163595;2025;49;1;45454
163595;2025;51;1;31818
163597;2024;44;1;31818
163597;2024;46;2;63636
163597;2024;47;2;63636
163597;2024;48;2;63636
163597;2024;49;3;95454
163597;2024;50;2;63636
163597;2024;51;3;79545
163597;2025;51;1;22272
163599;2024;45;2;57272
163599;2024;46;1;25454
163599;2024;47;1;31818
163599;2024;49;1;31818
163599;2024;50;2;63636
163599;2024;51;10;280000
163599;2024;52;1;25454
163599;2025;1;1;22272
163599;2025;46;3;95454
163599;2025;47;1;31818
163599;2025;48;1;31818
163599;2025;49;2;63636
163599;2025;50;2;63636
163599;2025;51;5;111363
163599;2025;52;5;111363
163602;2024;49;1;28363
163602;2024;50;2;54954
163606;2024;46;3;106363
163606;2024;47;1;40909
163606;2024;48;4;139090
163606;2024;50;2;71590
163606;2024;51;4;145227
163606;2024;52;1;32727
163606;2025;45;4;163636
163606;2025;48;10;409090
163606;2025;52;1;28636
163607;2024;45;2;63636
163607;2024;48;1;31818
163607;2024;49;3;95454
163607;2024;51;3;73181
163608;2024;48;3;63272
163609;2024;43;2;63636
163609;2024;44;2;63636
163609;2024;45;4;108181
163609;2024;46;12;381818
163609;2024;47;4;127272
163609;2024;48;3;76363
163609;2024;49;1;31818
163609;2024;50;4;119318
163609;2024;51;4;98636
163609;2025;49;1;28636
163611;2024;45;2;63636
163611;2024;47;1;31818
163613;2024;43;2;81818
163613;2024;44;7;286363
163613;2024;45;7;245454
163613;2024;47;2;81818
163613;2024;48;8;302727
163613;2024;49;1;40909
163613;2024;50;1;40909
163613;2024;51;1;32727
163613;2025;45;4;130909
163613;2025;48;1;40909
163613;2025;50;2;73636
163613;2025;51;1;28636
163613;2025;52;1;28636
163614;2024;10;2;345454
163615;2024;45;1;25454
163615;2024;46;1;31818
163617;2024;48;1;27272
163617;2024;50;2;54545
163617;2025;51;1;19090
163621;2024;44;2;72727
163621;2024;45;1;36363
163621;2024;46;1;36363
163621;2024;47;5;181818
163621;2024;48;2;72727
163621;2024;50;1;36363
163621;2024;51;1;36363
163621;2025;48;3;109090
163621;2025;49;1;36363
163623;2024;41;1;31909
163623;2024;45;2;63818
163623;2024;46;2;70909
163623;2024;47;1;35454
163623;2024;48;6;212727
163623;2024;49;9;319090
163623;2024;50;25;756954
163623;2024;51;20;604500
163623;2024;52;4;113454
163623;2025;47;1;35454
163623;2025;49;1;35454
163623;2025;50;7;198545
163623;2025;51;3;74454
163623;2025;52;2;49636
163628;2024;43;1;35454
163628;2024;45;12;404183
163628;2024;46;6;212727
163628;2024;47;4;138272
163628;2024;48;5;177272
163628;2024;49;2;70909
163628;2024;50;2;70909
163628;2024;51;4;127636
163628;2024;52;2;56727
163628;2025;48;1;35454
163628;2025;49;3;106363
163628;2025;50;3;92181
163628;2025;51;2;49636
163628;2025;52;4;99272
163630;2024;42;3;87272
163630;2024;43;2;58181
163630;2024;44;3;87272
163630;2024;45;4;93090
163630;2024;46;4;116363
163630;2024;47;4;116363
163630;2024;48;2;58181
163630;2024;49;3;87272
163630;2024;50;3;75636
163630;2024;51;4;93090
163632;2024;41;1;33636
163632;2024;42;4;134545
163632;2024;43;5;151363
163632;2024;44;1;28591
163632;2024;45;14;390181
163632;2024;46;1;33636
163632;2024;47;4;134545
163632;2024;48;13;437272
163632;2024;49;9;302727
163632;2024;50;14;449046
163632;2024;51;22;585272
163632;2025;45;1;26909
163632;2025;47;3;100909
163632;2025;49;4;134545
163632;2025;50;13;390181
163632;2025;51;5;117727
163635;2024;45;3;163636
163635;2024;48;8;436363
163637;2024;43;1;26363
163637;2024;44;1;26363
163637;2024;47;2;52727
163637;2024;48;10;263636
163637;2024;49;2;52727
163637;2024;50;20;421818
163637;2024;51;1;21090
163637;2025;48;1;26363
163637;2025;51;1;15818
163639;2024;45;1;32727
163639;2024;46;3;122727
163639;2024;47;2;77727
163639;2024;48;2;81818
163639;2024;49;7;278181
163639;2024;50;5;204545
163639;2024;51;3;114545
163639;2024;52;3;98181
163639;2025;47;4;163636
163639;2025;48;1;40909
163639;2025;49;2;81818
163639;2025;50;9;319090
163639;2025;51;2;57272
163639;2025;52;2;57272
163642;2024;42;5;159090
163642;2024;43;1;31818
163642;2024;44;6;190909
163642;2024;45;6;178181
163642;2024;46;1;31818
163642;2024;47;4;127272
163642;2024;48;7;222727
163642;2024;49;8;241818
163642;2024;50;10;318181
163642;2024;51;12;319772
163642;2024;52;4;101818
163642;2025;48;1;31818
163642;2025;49;2;63636
163642;2025;50;1;25454
163642;2025;51;2;44545
163645;2024;43;1;104545
163647;2024;45;2;36363
163647;2024;46;4;90909
163647;2024;47;5;113636
163647;2024;49;3;68181
163647;2024;50;3;68181
163647;2025;47;2;45454
163647;2025;50;1;22727
163647;2025;51;2;31818
163648;2024;45;2;27636
163649;2024;43;2;209090
163651;2024;45;1;10909
163657;2024;41;5;130909
163657;2024;42;21;570000
163657;2024;43;20;545454
163657;2024;44;3;81818
163657;2024;45;2;49090
163657;2024;47;6;163636
163657;2024;48;12;327272
163657;2024;49;6;130909
163657;2024;51;1;21818
163658;2024;41;3;109090
163658;2024;42;1;32727
163660;2024;42;2;63636
163660;2024;43;2;63636
163660;2024;44;1;31818
163660;2024;45;6;152727
163662;2024;43;12;436363
163662;2024;45;8;276363
163662;2024;46;1;36363
163662;2024;47;12;436363
163662;2024;48;16;581818
163662;2024;49;3;109090
163665;2024;41;6;126545
163665;2024;43;8;210909
163665;2024;44;10;263636
163665;2024;45;10;232000
163665;2024;46;13;342727
163665;2024;47;20;527272
163665;2024;48;16;337454
163668;2024;45;3;87272
163668;2024;46;1;29090
163670;2024;44;1;35454
163670;2024;45;1;28363
163670;2024;46;4;141818
163670;2024;47;3;106363
163670;2024;48;1;28363
163670;2024;50;4;134727
163670;2024;51;1;28363
163670;2025;47;1;35454
163670;2025;48;1;35454
163670;2025;51;1;24818
163672;2024;45;1;83636
163673;2024;45;3;94545
163673;2024;47;1;36363
163673;2024;48;2;72727
163673;2024;49;7;254545
163673;2024;50;11;381818
163673;2025;47;2;72727
163675;2024;45;2;68727
163675;2024;46;1;38181
163675;2024;47;3;114545
163675;2024;48;1;38181
163675;2024;49;5;188236
163675;2024;50;4;148909
163675;2024;51;2;61090
163675;2024;52;6;183272
163675;2025;48;5;190909
163675;2025;49;5;190909
163675;2025;50;4;137454
163675;2025;51;10;313090
163675;2025;52;2;45818
163676;2024;1;7;96727
163676;2024;44;2;34545
163676;2024;45;4;62181
163676;2024;46;4;69090
163676;2024;47;4;69090
163676;2024;48;7;120909
163676;2024;49;27;459454
163676;2024;50;5;78590
163676;2024;51;8;115727
163676;2024;52;4;55272
163676;2025;47;5;86363
163676;2025;48;1;17272
163676;2025;49;12;207272
163676;2025;50;7;120909
163676;2025;52;1;12090
163685;2024;45;2;85818
163686;2024;43;11;545454
163686;2024;44;1;54545
163686;2024;45;4;196363
163686;2024;46;2;109090
163686;2024;47;1;54545
163686;2024;48;12;654545
163686;2024;49;4;218181
163686;2024;50;11;575454
163686;2024;51;4;218181
163689;2024;48;11;567272
163689;2024;49;6;327272
163689;2024;50;6;327272
163689;2024;51;1;49090
163691;2024;45;1;40000
163691;2024;47;4;200000
163691;2024;48;12;600000
163691;2024;49;10;490000
163691;2024;50;8;387500
163691;2024;51;12;535682
163695;2024;46;1;17272
163696;2024;45;1;13818
163699;2025;34;1;5454
163888;2024;47;2;81818
163891;2024;47;2;118181
163891;2024;48;1;59090
164288;2024;50;1;71818
164423;2024;43;2;390909
164423;2024;44;2;390909
164423;2024;45;2;390909
164423;2024;49;1;195454
164424;2024;42;1;129090
164424;2024;43;2;258181
164424;2024;44;2;258181
164424;2024;45;1;129090
164425;2024;42;1;63636
164425;2024;44;4;254545
164425;2024;45;1;63636
166438;2024;6;2;49090
166438;2024;7;14;343636
166438;2024;41;6;117818
166438;2024;48;1;24545
166438;2024;49;10;245454
166438;2024;50;13;279818
166438;2024;51;5;96807
166438;2026;7;20;471272
166442;2024;9;1;54545
166442;2024;11;1;54545
166442;2024;45;2;109090
166442;2024;49;6;327272
166442;2024;50;2;109091
166442;2025;45;3;130909
166442;2025;46;4;218181
166442;2025;47;4;218181
166442;2025;48;2;109090
166442;2025;51;8;422727
166445;2024;47;1;50000
166445;2024;48;1;50000
166445;2025;49;2;100000
166445;2025;51;1;50000
166446;2024;49;1;21363
166448;2024;1;6;76363
166448;2024;3;4;63636
166448;2024;12;6;95454
166448;2024;19;2;31818
166448;2024;22;1;15909
166448;2024;35;8;127272
166448;2024;42;8;127272
166448;2024;45;1;15909
166448;2024;47;9;143181
166448;2024;48;2;31818
166448;2024;49;5;79545
166448;2024;51;6;95454
166448;2024;52;33;419999
166448;2025;3;2;31818
166448;2025;4;2;31818
166448;2025;7;3;47727
166448;2025;13;1;15909
166448;2025;15;1;15909
166448;2025;25;4;63636
166448;2025;30;1;15909
166449;2024;47;9;147272
166449;2024;48;5;81818
166449;2024;49;1;16363
166449;2024;50;1;12272
166449;2025;44;3;49090
166450;2024;46;8;130909
166450;2024;47;20;327272
166450;2024;48;6;98181
166450;2024;49;2;32727
166450;2024;50;1;12272
166450;2025;44;3;49090
166452;2024;47;13;212727
166452;2024;48;3;49090
166452;2024;49;4;65454
166452;2024;50;9;123545
166452;2025;44;3;49090
166452;2025;48;3;49090
166454;2024;46;12;196363
166454;2024;47;10;163636
166454;2024;48;2;32727
166454;2024;49;6;98181
166454;2024;50;1;12272
166454;2025;44;3;49090
166454;2025;48;3;49090
166920;2024;52;12;130909
167015;2024;24;1;200454
167015;2024;29;1;200454
167015;2024;48;1;200454
167017;2024;51;1;398545
167017;2025;46;1;498181
167017;2025;47;1;498181
167148;2024;46;1;4090909
167888;2024;48;11;2475000
167888;2024;49;10;2250000
167888;2024;50;10;1912500
167888;2024;51;7;1530000
167888;2025;1;2;396931
167888;2025;5;1;227272
167888;2025;47;5;1011363
167888;2025;48;13;2629545
167888;2025;49;15;3034091
167888;2025;50;12;2184545
167888;2025;51;10;1780000
167888;2025;52;6;1031590
167888;2026;2;1;202272
167889;2024;1;1;56818
167889;2024;48;19;1079545
167889;2024;49;17;965909
167889;2024;50;24;1213068
167889;2024;51;31;1656250
167889;2024;52;21;1193181
167889;2025;1;5;245636
167889;2025;5;3;170454
167889;2025;47;12;660000
167889;2025;48;25;1364000
167889;2025;49;16;880000
167889;2025;50;40;1925000
167889;2025;51;62;2942500
167889;2025;52;30;1410750
167896;2024;1;1;60454
167896;2024;3;2;120909
167896;2024;48;7;540909
167896;2024;49;1;77272
167896;2024;50;8;486818
167896;2024;51;2;115909
167896;2024;52;6;463636
167896;2025;1;3;186363
167896;2025;47;5;372727
167896;2025;48;6;447272
167896;2025;49;8;596363
167896;2025;50;10;670909
167896;2025;51;17;1133090
167896;2025;52;19;1248636
167896;2026;1;1;74545
169545;2024;50;11;62045
169545;2024;51;14;64409
169545;2024;52;12;56727
170030;2024;11;1;50000
170030;2024;28;1;50000
170030;2024;50;2;111818
170030;2025;18;1;55909
170030;2025;28;1;55909
170030;2025;29;2;111818
170030;2025;41;1;55909
170030;2025;42;2;111818
170288;2024;48;4;727272
170288;2024;49;1;181818
170288;2024;50;1;136363
170288;2024;51;2;318181
170288;2024;52;1;145454
170288;2025;1;1;181818
170641;2024;46;7;159090
170641;2024;47;26;590909
170641;2024;48;43;977272
170641;2024;49;178;4045452
170641;2024;50;45;1022727
170642;2024;46;11;400000
170642;2024;47;30;1087273
170642;2024;48;76;2741818
170642;2024;49;165;5909090
170642;2024;50;15;538182
170643;2024;46;6;313636
170643;2024;47;76;3821136
170643;2024;48;17;888636
171283;2024;5;2;8181
171283;2024;6;1;4090
171283;2024;7;17;69545
171283;2024;46;3;9545
171283;2024;47;14;44545
171283;2024;48;11;35000
171283;2024;49;36;114545
171283;2024;50;33;90204
171283;2024;51;17;45500
171283;2024;52;13;33090
171283;2025;49;3;9545
171285;2024;46;3;13636
171285;2024;47;5;22727
171285;2024;48;7;31818
171285;2024;49;1;4545
171285;2024;50;8;33636
171285;2024;51;36;130681
171285;2024;52;30;109090
171285;2025;2;5;22727
171291;2024;46;5;8000
171291;2024;47;5;9090
171291;2024;48;1;1818
171291;2024;49;4;7272
171291;2024;50;3;5000
171291;2024;51;2;2909
171631;2024;47;2;112727
175763;2024;6;1;45454
175763;2024;7;3;136363
175763;2024;8;2;90909
175763;2024;10;2;90909
175763;2024;14;2;90909
175763;2024;15;3;136363
175763;2024;18;1;45454
175763;2024;19;1;45454
175763;2024;22;1;45454
175763;2024;27;3;136363
175763;2024;28;1;45454
175763;2024;31;1;45454
175763;2024;32;1;45454
175763;2024;33;1;45454
175763;2024;34;4;181818
175763;2024;35;1;45454
175763;2024;39;1;45454
175763;2024;40;2;90909
175763;2024;42;1;45454
175763;2024;45;3;109090
175763;2025;46;1;36363
175763;2026;10;1;45454
175764;2024;1;3;272727
175764;2024;6;3;272727
175764;2024;7;1;90909
175764;2024;8;21;1909090
175764;2024;9;10;909090
175764;2024;10;18;1636363
175764;2024;13;2;181818
175764;2024;14;5;454545
175764;2024;15;22;1999999
175764;2024;16;15;1363636
175764;2024;17;23;2090909
175764;2024;18;16;1454545
175764;2024;20;10;909090
175764;2024;22;2;181818
175764;2024;23;13;1181818
175764;2024;24;6;545454
175764;2024;26;45;4090909
175764;2024;27;28;2545454
175764;2024;29;4;363636
175764;2024;31;3;272727
175764;2024;32;2;181818
175764;2024;33;4;363636
175764;2024;34;2;181818
175764;2024;35;4;363636
175764;2024;36;3;272727
175764;2024;37;1;90909
175764;2024;40;2;181818
175764;2024;44;20;1818181
175764;2024;45;58;4218181
175764;2025;8;1;90909
175764;2025;45;16;1163636
175764;2025;46;44;3200000
17629;2025;18;1;2272
17629;2025;30;1;2272
17652;2025;43;1;4090
181302;2024;19;1;85227
181302;2024;20;1;113636
181302;2024;21;1;113636
181302;2024;22;1;113636
181302;2024;24;4;454545
181302;2024;27;2;227272
184076;2024;15;1;50000
184076;2024;20;1;50000
184076;2024;49;1;50000
184076;2024;52;2;100000
184076;2025;7;2;100000
184076;2025;8;1;50000
184076;2025;9;4;200000
184076;2025;11;1;50000
184076;2025;14;1;50000
184076;2025;15;1;50000
184076;2025;44;1;61363
184076;2025;45;1;49090
184076;2025;46;4;233181
184076;2025;47;10;613636
184076;2025;48;3;184090
184076;2025;49;3;184090
184076;2025;50;2;98181
184076;2026;5;1;61363
184076;2026;6;1;61363
184076;2026;18;1;61363
185614;2024;45;9;163636
185614;2025;41;5;113636
185614;2025;42;8;177272
185614;2025;43;16;363636
185614;2025;44;15;340909
185614;2025;45;25;527272
185614;2025;46;1;22727
185623;2024;47;1;77272
186598;2025;45;2;1592727
186603;2024;51;1;23272
186608;2024;42;2;130909
186608;2024;45;1;52363
186609;2024;42;2;41818
186609;2024;43;7;146363
186609;2024;44;6;125454
186609;2024;45;46;807090
186609;2024;46;22;451636
186609;2024;47;23;480909
186609;2024;48;4;83636
186609;2024;49;10;200727
186609;2025;41;3;62727
186609;2025;42;4;83636
186609;2025;43;11;230000
186609;2025;44;1;20909
186609;2025;45;11;200727
186609;2025;46;13;250909
186609;2025;47;17;355454
186609;2025;48;19;355454
186609;2025;49;23;409818
186609;2025;50;16;267636
186609;2025;51;1;12545
186611;2024;44;1;45454
186611;2024;45;11;409090
186611;2024;46;5;227272
186611;2024;47;2;90909
186611;2024;48;3;136363
186611;2024;49;16;727272
186611;2024;50;7;284090
186611;2025;45;4;181818
186612;2025;46;2;80000
186612;2025;47;2;100000
186616;2024;1;1;16000
186616;2024;42;1;20000
186616;2024;43;2;40000
186616;2024;44;1;20000
186616;2024;45;21;368000
186616;2024;46;19;380000
186616;2024;47;13;260000
186616;2024;48;18;358000
186616;2024;49;15;300000
186616;2024;50;37;714000
186616;2024;51;24;399000
186616;2024;52;3;48000
186616;2025;46;2;40000
186616;2025;47;9;162000
186616;2025;50;3;48000
186617;2024;41;6;171818
186617;2024;48;3;76363
186618;2024;41;2;57272
186618;2024;42;3;95454
186618;2024;43;7;222727
186618;2024;44;12;378637
186618;2024;45;24;636363
186618;2024;47;1;27045
186618;2024;48;3;76363
186619;2024;43;1;40909
186619;2024;44;1;40909
186619;2024;45;10;376363
186619;2024;46;6;245454
186619;2024;47;9;368181
186619;2024;48;8;327272
186619;2024;49;1;40909
186620;2024;44;3;122727
186620;2024;45;3;106363
186620;2024;46;4;163636
186620;2024;47;4;163636
186620;2024;49;3;122727
186620;2024;50;8;327272
186620;2024;51;3;112500
186620;2025;1;1;28636
186620;2025;49;2;81818
186620;2025;50;1;32727
186620;2025;51;2;69545
186620;2025;52;2;57272
186621;2024;41;1;26363
186621;2024;43;1;26363
186621;2024;44;1;26363
186621;2024;45;13;300545
186621;2024;46;8;201681
186621;2024;47;12;313727
186621;2024;48;5;121272
186621;2024;49;10;263636
186621;2024;50;11;289999
186621;2024;51;1;21090
186622;2024;44;1;26363
186622;2024;45;1;21090
186622;2024;46;3;73818
186622;2024;47;3;79090
186622;2024;49;1;26363
186622;2024;50;3;79090
186622;2024;51;5;123909
186622;2024;52;2;42181
186622;2025;1;1;18454
186622;2025;48;6;158181
186622;2025;49;3;79090
186622;2025;50;3;68545
186622;2025;51;5;92272
186626;2024;49;1;9090
186628;2024;42;5;45454
186629;2024;41;2;34545
186632;2024;41;1;20000
186632;2024;42;3;60000
186632;2024;44;10;194000
186632;2024;49;2;40000
186632;2024;50;5;88000
186633;2024;42;33;333817
186633;2024;44;17;185454
186633;2024;45;31;309818
186633;2024;46;4;43636
186633;2024;48;16;161454
186633;2024;49;8;87272
186635;2024;42;5;131818
186635;2024;43;3;79090
186635;2024;45;14;300545
186635;2024;47;10;263636
186635;2024;48;1;26363
186636;2024;44;5;177272
186636;2024;45;10;354545
186637;2024;43;2;70909
186637;2024;44;3;106363
186637;2024;45;6;177272
186637;2024;46;3;99272
186637;2024;47;3;106363
186637;2024;48;19;645272
186637;2024;49;7;233999
186638;2024;44;5;131818
186638;2024;45;1;21090
186638;2024;46;12;316363
186638;2024;47;8;203000
186638;2024;48;6;158181
186638;2024;50;4;105454
186638;2024;51;11;289999
186640;2024;45;20;320000
186640;2024;46;1;20000
186640;2024;49;1;20000
186641;2024;23;2;27272
186641;2024;43;5;68181
186641;2024;44;1;13636
186641;2024;45;6;73636
186641;2024;47;1;13636
186641;2025;1;1;13636
186642;2024;2;1;59091
186644;2024;45;1;59090
186644;2024;47;1;53181
186644;2024;48;3;165454
186644;2024;49;11;650000
186644;2024;50;13;685454
186644;2024;51;1;47272
186644;2025;45;17;886363
186644;2025;47;17;1004545
186644;2025;48;3;141818
186644;2025;49;2;106363
186645;2024;41;1;63636
186645;2024;44;4;254545
186645;2024;45;5;292727
186645;2024;46;2;127272
186645;2024;47;3;184545
186645;2024;48;4;254545
186645;2024;49;9;572727
186645;2024;50;3;152727
186645;2024;51;2;98636
186645;2024;52;1;50909
186645;2025;45;12;674545
186645;2025;47;5;318181
186646;2024;44;1;40909
186646;2024;45;21;777272
186646;2024;46;7;286363
186646;2024;47;4;163636
186646;2024;48;7;269999
186646;2024;49;28;1137272
186646;2024;50;8;306818
186646;2024;51;1;30681
186646;2024;52;1;32727
186647;2024;41;4;163636
186647;2024;42;3;122727
186647;2024;43;1;40909
186647;2024;44;3;122727
186647;2024;45;20;670909
186647;2024;46;1;40909
186647;2024;48;1;40909
186647;2024;50;1;40909
186648;2024;44;1;118181
186649;2024;48;3;95454
186650;2024;48;4;130909
186650;2024;50;1;40909
186651;2024;45;6;196363
186652;2024;45;5;178181
186653;2024;43;3;231818
186653;2024;45;2;123636
186653;2024;49;1;77272
186654;2024;47;4;272727
186654;2024;48;1;68181
186654;2024;49;2;136363
186664;2024;41;1;26363
186666;2024;48;4;209454
186667;2024;41;1;68181
186669;2024;41;5;127272
186669;2024;45;3;76363
186669;2024;46;1;31818
186669;2024;47;5;149545
186669;2024;50;1;31818
186670;2024;41;1;38181
186670;2024;42;2;76363
186670;2024;43;1;38181
186670;2024;44;1;38181
186670;2024;46;2;76363
186670;2024;47;4;152727
186670;2024;48;4;152727
186670;2024;49;1;38181
186670;2024;50;4;133636
186670;2024;51;8;242454
186670;2024;52;2;61090
186670;2025;49;2;76363
186670;2025;50;1;30545
186670;2025;51;1;26727
186671;2024;1;1;25454
186671;2024;41;1;28636
186671;2024;42;1;31818
186671;2024;44;1;31818
186671;2024;45;3;82727
186671;2024;46;1;31818
186671;2024;47;1;31818
186671;2024;48;1;31818
186671;2024;49;1;31818
186671;2024;50;3;79545
186671;2024;51;4;108181
186671;2025;46;1;31818
186671;2025;49;2;63636
186671;2025;52;1;22272
186672;2024;41;2;60454
186672;2024;43;2;63636
186672;2024;44;1;31818
186672;2024;45;4;101818
186672;2024;46;1;31818
186672;2024;47;1;31818
186672;2024;48;3;89090
186672;2024;49;3;95454
186672;2024;50;8;240227
186672;2025;50;2;50909
186673;2024;41;1;31818
186673;2024;43;1;31818
186673;2024;45;1;31818
186673;2024;47;3;95454
186673;2024;48;5;152727
186673;2024;49;5;159090
186674;2024;43;18;636727
186674;2024;44;21;760000
186674;2024;45;72;2225454
186674;2024;46;17;603636
186674;2024;47;8;287272
186674;2024;48;6;196363
186675;2024;44;1;31818
186675;2024;45;3;76363
186676;2024;44;4;145454
186676;2024;45;24;741818
186676;2024;46;11;378181
186676;2024;47;9;327272
186676;2024;48;1;36363
186677;2024;44;4;127272
186677;2024;45;5;133636
186677;2024;46;2;63636
186677;2024;50;1;31818
186678;2024;42;1;31818
186678;2024;43;1;31818
186678;2024;44;2;63636
186678;2024;48;2;50909
186679;2024;43;8;254545
186679;2024;44;1;31818
186679;2024;45;4;108181
186679;2024;46;7;210000
186679;2024;47;8;254545
186679;2024;48;1;25454
186679;2024;49;1;31818
186680;2024;1;3;76363
186680;2024;43;2;63636
186680;2024;45;9;235454
186680;2024;46;5;159090
186680;2024;47;2;60454
186680;2024;48;3;89090
186680;2024;49;5;159090
186680;2024;50;6;178181
186680;2024;51;1;25454
186680;2025;47;5;143182
186681;2024;41;1;31818
186682;2024;42;1;80909
186682;2024;45;1;64727
186682;2024;48;2;161818
186683;2024;42;2;90909
186683;2024;44;1;45454
186683;2024;45;6;263636
186683;2024;46;7;290909
186683;2024;47;2;90909
186683;2024;48;5;181818
186684;2025;46;1;81818
186688;2024;5;1;77272
186688;2024;6;1;77272
186688;2024;10;1;77272
186688;2024;14;1;77272
186688;2024;17;1;61818
186688;2024;18;2;154545
186688;2024;19;4;289772
186688;2024;21;1;77273
186688;2024;28;1;77272
186688;2024;29;2;154545
186688;2024;31;2;154545
186688;2024;34;2;123636
186688;2024;35;1;77272
186688;2024;39;2;139091
186688;2024;49;2;154545
186688;2025;9;1;77272
186688;2025;10;2;154545
186688;2025;15;1;77272
186688;2025;16;1;77273
186688;2025;18;1;77272
186688;2026;7;1;61818
186689;2024;19;2;276364
186689;2024;34;1;138181
186689;2024;50;2;345454
186707;2024;1;7;267272
186707;2024;3;6;229090
186707;2024;6;2;76363
186707;2024;7;7;267272
186707;2024;8;4;152727
186707;2024;9;3;114545
186707;2024;12;4;152727
186707;2024;14;4;152727
186707;2024;17;6;229090
186707;2024;21;4;152727
186707;2024;28;2;76363
186707;2024;29;3;114545
186707;2024;30;2;68727
186707;2024;32;3;114545
186707;2024;33;12;404727
186707;2024;37;8;305454
186707;2024;40;3;114545
186709;2024;48;7;76363
186718;2024;9;1;56363
186723;2024;46;4;80000
186725;2024;44;2;54545
186725;2024;45;3;76363
186725;2024;46;3;81818
186725;2024;47;4;109090
186725;2024;48;4;109090
186730;2024;46;3;303272
186730;2024;48;2;252727
186730;2024;52;5;349114
186730;2025;48;1;126363
186731;2024;45;4;328181
186731;2024;46;8;690909
186731;2024;49;1;86363
186731;2024;50;1;86363
186731;2024;51;2;129545
186732;2024;42;2;118181
186732;2024;45;21;1240909
186732;2024;46;12;709090
186732;2024;47;4;236363
186732;2025;50;8;378181
186733;2024;45;4;134727
186733;2024;48;1;35454
186734;2024;44;2;49090
186734;2024;45;1;27272
186734;2024;48;2;54545
186736;2025;49;2;36363
186738;2024;46;3;48000
186739;2024;41;1;10909
186739;2024;43;1;10909
186739;2024;45;2;19636
186744;2025;52;1;13636
186750;2024;42;1;56363
186759;2024;45;1;229090
186760;2024;45;1;77272
186760;2024;47;1;77272
186760;2024;48;2;154545
186760;2024;49;3;231818
186760;2024;50;4;285909
186760;2024;51;11;610454
186760;2024;52;4;231818
186760;2025;44;1;77272
186760;2025;45;4;278181
186760;2025;46;4;278181
186760;2025;49;1;77272
186765;2024;47;1;126363
186766;2024;42;6;174545
186766;2024;45;15;418909
186766;2024;46;10;290909
186766;2024;47;10;290909
186766;2024;48;15;431999
186766;2024;49;1;23272
186766;2024;50;4;109090
186767;2024;1;1;29090
186767;2024;42;1;29090
186767;2024;44;2;58181
186767;2024;45;11;279272
186767;2024;46;8;226909
186767;2024;47;3;87272
186767;2024;48;3;87272
186767;2024;50;1;29090
186789;2024;48;9;237272
186789;2024;49;13;342727
186789;2024;50;2;52727
186789;2024;51;10;216181
186789;2024;52;1;21090
186789;2025;45;1;26363
186789;2025;46;1;26363
186793;2024;19;18;233181
186793;2024;34;4;69090
186793;2025;36;1;17272
186794;2024;11;12;207272
186794;2024;19;8;62181
186794;2024;40;4;41454
186795;2024;43;1;29090
186795;2024;46;6;162909
186795;2024;48;10;290909
186795;2024;49;2;58181
186797;2024;1;11;133000
186797;2024;3;10;172727
186797;2024;43;10;172727
186797;2024;45;8;110545
186797;2024;47;1;17272
186797;2024;49;1;17272
186797;2024;50;47;753090
186797;2024;51;2;26772
186798;2024;3;2;40000
186798;2024;6;53;954000
186799;2024;12;2;40000
186799;2024;13;8;160000
186799;2024;19;1;9600
186799;2025;34;1;6000
186800;2024;43;4;43636
186800;2024;45;8;76363
186800;2024;46;2;21818
186800;2024;47;1;10909
186800;2024;48;4;43636
186800;2024;49;2;21818
186800;2024;50;1;8181
186800;2024;51;3;26181
186800;2024;52;2;17454
186800;2025;45;1;8727
186801;2024;13;5;677272
186801;2024;18;2;270909
186802;2024;8;1;153636
186802;2024;19;2;307273
186802;2024;27;2;307272
186802;2024;34;2;153636
186803;2024;2;1;108181
186806;2024;16;1;99090
186807;2024;15;5;681818
186807;2024;16;3;409090
186807;2024;24;1;136363
186807;2024;38;1;136363
186807;2024;44;1;136363
186807;2025;34;1;40909
186808;2024;15;4;690909
186808;2024;19;2;345455
186808;2024;31;1;172727
186808;2024;33;1;172727
186808;2024;49;2;345454
186808;2025;16;2;345454
186808;2025;22;2;345454
186808;2025;33;1;172727
186808;2025;34;5;259090
186811;2024;42;3;54545
186811;2024;45;1;14545
186812;2024;40;1;13636
186812;2024;41;6;79090
186812;2024;42;8;109090
186812;2024;43;2;27272
186812;2024;44;4;54545
186812;2024;45;48;552272
186812;2024;46;1;13636
186812;2024;47;2;27272
186813;2024;18;10;200000
186813;2024;20;8;160000
186813;2024;21;6;120000
186813;2024;22;1;20000
186821;2024;46;1;17272
186822;2024;44;1;22727
186822;2024;45;1;22727
186822;2024;46;1;22727
186823;2024;45;9;144000
186823;2024;49;1;20000
186835;2024;45;1;159090
186835;2024;47;3;477272
186837;2024;45;3;163636
186837;2024;49;1;68182
186837;2025;47;1;68181
186837;2025;49;1;68181
186837;2025;50;1;54545
186838;2024;45;12;611454
186838;2024;46;3;160909
186838;2024;47;3;160909
186838;2024;48;1;53636
186838;2024;49;4;214545
186838;2024;50;9;450545
186838;2025;45;3;128727
186838;2025;46;2;107272
186838;2025;47;1;53636
186838;2025;48;3;160909
186838;2025;50;6;278909
186839;2024;43;2;76363
186839;2024;45;12;366545
186839;2024;46;2;76364
186839;2024;47;14;534545
186839;2024;49;7;267272
186839;2024;50;4;152727
186839;2024;51;3;106909
186839;2025;45;8;244363
186839;2025;46;8;244363
186839;2025;48;4;152727
186839;2025;49;1;38181
186839;2025;50;2;76363
186839;2025;51;11;252000
186839;2025;52;2;45818
186839;2026;17;2;76363
186840;2024;43;1;59090
186840;2024;45;4;236363
186840;2024;48;11;520000
186841;2024;43;12;490909
186841;2024;44;4;163636
186841;2024;45;1;32727
186841;2024;46;10;409090
186841;2024;47;1;40909
186844;2024;45;1;68181
186844;2024;46;4;259090
186844;2024;48;5;340909
186844;2024;49;1;68181
186844;2024;51;1;54545
186844;2024;52;1;54545
186850;2024;40;1;90000
186850;2024;41;1;72000
186850;2024;42;17;1422000
186850;2024;43;1;90000
186850;2024;44;2;180000
186850;2024;45;14;1098000
186850;2024;46;1;90000
186850;2024;47;1;90000
186850;2024;48;7;630000
186850;2024;50;3;216000
186852;2024;3;1;159090
186852;2024;10;4;598181
186852;2024;11;1;159090
186852;2024;13;1;159090
186852;2024;20;1;159090
186852;2024;23;1;159090
186917;2024;43;3;136363
186917;2024;44;15;681818
186917;2024;45;32;1245454
186917;2024;46;14;636363
186917;2024;47;5;227272
186917;2024;48;2;90909
186918;2024;40;2;63636
186918;2024;41;8;248181
186918;2024;42;15;477272
186918;2024;43;19;604545
186918;2024;44;17;540909
186918;2024;45;39;1107273
186918;2024;46;32;967272
186918;2024;47;10;318181
186924;2024;43;1;135454
186924;2024;44;3;406363
186924;2024;45;7;758545
186924;2024;47;1;135454
186925;2024;43;2;143636
186925;2024;44;3;215454
186925;2024;45;19;1170636
186927;2024;43;1;13636
186927;2024;45;1;10909
186927;2024;46;7;95454
186927;2024;48;1;13636
186927;2024;49;8;109090
186927;2024;50;1;10227
186927;2024;51;3;31363
186930;2024;4;1;18181
186931;2024;46;3;122727
186931;2024;47;10;409090
186931;2024;48;1;40909
186931;2024;49;7;286363
186931;2024;50;16;510009
186931;2024;51;20;632045
186931;2024;52;8;261818
186931;2025;49;2;81818
186931;2025;50;4;139090
186931;2025;51;1;28636
186932;2024;1;4;80000
186933;2024;43;23;522727
186933;2024;44;8;181818
186933;2024;45;7;127272
186933;2024;46;10;227272
186933;2024;48;1;22727
186934;2024;43;1;22727
186934;2024;44;6;136363
186934;2025;46;1;18181
186937;2024;45;1;25454
186937;2024;48;1;31818
186946;2024;47;3;668181
186946;2024;48;1;222727
186946;2024;49;2;445454
186946;2024;50;1;167045
186946;2024;51;1;222727
186946;2024;52;3;534545
186946;2025;45;1;222727
186946;2025;46;1;178181
186947;2024;41;2;21818
186947;2025;45;1;8727
186950;2024;41;1;10909
186950;2024;42;3;32727
186950;2024;45;56;501818
186950;2024;46;5;43636
186950;2024;48;20;218181
186950;2024;49;9;78545
186951;2024;41;2;21818
186951;2024;42;4;43636
186951;2024;43;10;109090
186951;2024;44;10;97636
186951;2024;45;47;423272
186951;2024;46;38;403636
186951;2024;47;16;174545
186951;2024;48;17;185454
186951;2024;50;37;332727
186951;2025;49;1;10909
186956;2024;3;1;40909
186956;2024;43;4;163636
186956;2024;46;8;310908
186956;2024;47;13;531818
186956;2024;48;3;122727
186956;2024;50;2;81818
186956;2025;46;2;81818
186956;2025;50;10;327272
187007;2024;47;2;154545
187007;2024;50;2;154545
187007;2025;47;2;154545
187008;2024;48;5;163636
187008;2024;50;2;81818
187008;2025;47;2;81818
187009;2024;3;2;149090
187009;2024;45;10;618181
187009;2024;48;8;494545
187010;2024;41;1;109090
187010;2024;45;3;327272
187010;2024;47;3;327272
187010;2024;49;4;436363
187010;2024;50;3;196363
187010;2024;51;6;392727
187010;2024;52;3;218181
187010;2025;46;5;501818
187010;2025;47;1;109090
187010;2025;48;3;327272
187015;2024;43;7;286363
187015;2024;44;5;204545
187015;2024;45;57;1930909
187015;2024;46;8;327272
187015;2024;47;24;977727
187015;2024;48;22;891818
187015;2024;49;12;490909
187015;2024;50;1;32727
187016;2024;43;2;81818
187016;2024;44;7;286363
187016;2024;45;21;711818
187016;2024;46;18;728181
187016;2024;47;10;409090
187016;2024;48;6;245454
187016;2025;10;5;163636
187017;2024;43;18;736363
187017;2024;44;21;859090
187017;2024;45;56;1996363
187017;2024;46;33;1190454
187017;2024;47;10;409090
187017;2024;48;1;40909
187023;2024;45;14;490909
187023;2024;46;3;122727
187023;2024;47;3;122727
187023;2024;48;11;450000
187023;2024;49;6;245454
187023;2024;51;2;65454
187023;2024;52;3;85909
187023;2025;47;5;204545
187023;2025;50;1;40909
187023;2025;51;2;49090
187028;2024;45;2;36363
187028;2024;46;4;90909
187029;2024;44;1;22727
187029;2024;48;5;113636
18703;2025;50;1;104545
187033;2025;5;1;65558
187033;2025;9;1;108181
187034;2024;44;2;2818181
187034;2024;45;6;7327272
187034;2024;46;3;4227272
187034;2024;47;1;1409091
187036;2024;12;11;1266545
187048;2024;45;2;2092909
187048;2025;46;1;1162727
187048;2025;50;1;1162727
187050;2024;42;1;435454
187050;2024;44;2;870909
187050;2024;45;2;696727
187675;2024;44;1;350000
187676;2024;51;1;42909
187677;2024;50;1;129545
187679;2024;42;1;1108181
187679;2024;49;1;1108181
187679;2024;50;4;3601590
187680;2024;47;1;368181
187681;2024;42;2;681818
187682;2024;45;9;200363
187682;2024;46;8;174000
187682;2024;47;13;342727
187682;2024;48;15;395454
187682;2025;41;2;52727
187682;2025;42;2;52727
187682;2025;43;6;152909
187682;2025;44;3;81727
187682;2025;45;13;321636
187682;2025;46;13;342727
187682;2025;47;26;685454
187682;2025;48;21;527272
187682;2025;49;3;68545
187682;2025;50;32;674909
187683;2024;50;1;10227
187684;2024;45;4;87272
187684;2024;46;12;327272
187684;2024;47;6;163636
187684;2024;48;9;245454
187684;2024;49;6;163636
187684;2024;50;24;531818
187713;2024;48;5;131818
187713;2024;49;3;79090
187713;2024;50;5;125227
187713;2024;51;6;127863
187713;2024;52;9;189818
187713;2025;49;2;42181
187713;2025;50;2;42181
187713;2025;51;32;537818
187714;2024;41;1;21090
187714;2024;44;1;26363
187714;2024;46;6;158181
187714;2024;47;2;52727
187714;2024;48;1;26363
187714;2024;49;4;105454
187714;2024;50;38;949090
187714;2024;51;17;358545
187714;2024;52;9;189818
187714;2025;46;1;26363
187714;2025;51;3;47454
187714;2025;52;2;31636
187715;2024;1;4;84363
187715;2024;41;1;26363
187715;2024;43;5;131818
187715;2024;45;3;63272
187715;2024;46;1;26363
187715;2024;47;1;26363
187715;2024;48;8;210909
187715;2024;49;27;643272
187715;2024;50;18;433682
187715;2024;51;1;26363
187715;2024;52;9;189818
187715;2025;48;2;42181
187715;2025;50;1;21090
187715;2025;52;2;31636
187716;2024;42;6;414545
187716;2024;44;3;259090
187716;2024;45;7;483636
187716;2024;46;12;1036363
187717;2025;49;2;45454
187719;2024;41;1;28636
187719;2024;47;2;63636
187720;2024;45;1;18181
187720;2025;22;1;22727
187721;2024;41;3;68181
187721;2024;42;1;22727
187721;2024;44;4;90909
187721;2025;11;3;68182
187724;2024;12;2;125454
187724;2024;17;2;125454
187724;2024;22;1;62727
187724;2024;44;2;125454
187725;2024;45;2;42181
187726;2024;48;2;87272
187726;2024;51;1;43636
187729;2024;45;2;94545
187733;2024;47;1;59090
187734;2025;49;1;10909
187738;2024;43;6;136363
187738;2024;46;1;22727
187738;2024;47;4;90909
187738;2024;48;11;250000
187738;2024;49;20;454546
187738;2024;50;7;153409
187738;2024;51;4;70454
187738;2024;52;3;54545
187738;2025;48;3;68181
187738;2025;49;8;159090
187738;2025;50;8;145454
187739;2024;41;2;45454
187739;2024;44;2;45454
187739;2024;45;19;386363
187739;2024;46;9;204545
187739;2024;47;19;431818
187739;2024;48;9;204545
187739;2024;49;24;545454
187740;2024;41;4;69090
187740;2024;47;21;362727
187740;2024;48;17;289318
187740;2024;49;12;145090
187741;2024;43;1;17273
187741;2025;50;1;13818
187742;2024;43;8;109090
187742;2024;44;4;54545
187742;2024;45;5;54545
187742;2024;46;10;136363
187742;2024;47;20;272727
187742;2024;48;28;281818
187742;2024;49;16;145454
187742;2024;50;6;40909
187742;2024;51;1;6818
187745;2024;44;2;52727
187745;2024;45;13;279454
187745;2024;46;2;52727
187745;2024;47;14;369090
187745;2024;48;28;738181
187745;2024;49;47;1239090
187745;2024;50;22;574727
187745;2024;51;32;681500
187745;2024;52;16;337454
187745;2025;49;12;284727
187745;2025;50;1;21090
187746;2024;42;6;81818
187747;2024;51;1;15000
187747;2025;49;1;20000
187749;2024;42;4;90909
187750;2024;1;1;22727
187750;2024;44;1;22727
187751;2024;42;1;95454
187751;2024;44;1;95454
187752;2024;44;1;50000
187752;2024;45;7;290000
187752;2024;47;3;150000
187752;2024;48;4;200000
187752;2024;49;6;282500
187752;2024;50;1;50000
187753;2024;43;4;309090
187754;2024;44;1;77272
187759;2024;43;1;22727
187759;2024;46;6;136363
187759;2024;47;10;227272
187759;2024;48;3;68181
187759;2024;50;5;113636
187759;2024;51;5;104545
187759;2024;52;5;90909
187759;2025;1;1;13636
187759;2025;44;2;45454
187759;2025;49;2;45454
187759;2025;50;4;72727
187759;2025;52;6;81818
187762;2024;43;1;71818
187762;2024;44;1;71818
187762;2024;45;2;114909
187763;2024;42;8;254545
187763;2024;45;1;25454
187763;2024;49;24;763636
187763;2024;51;16;407272
187763;2024;52;10;254545
187763;2025;45;2;63636
187764;2024;42;1;86363
187765;2024;41;3;87272
187765;2024;42;6;174545
187771;2024;1;1;103090
187771;2024;41;1;147272
187771;2024;42;1;147272
187771;2024;43;1;147272
187771;2024;44;1;147272
187771;2024;45;1;147272
187772;2024;42;1;156363
187774;2024;42;1;204545
187774;2024;43;1;204545
187774;2024;45;1;163636
187776;2024;46;1;188181
187777;2024;6;65;1010454
187777;2024;7;18;279818
187777;2025;7;6;96727
187778;2024;36;8;218181
187778;2024;45;12;327272
187778;2024;52;16;349090
187778;2025;7;8;174545
187778;2025;13;1;27272
187778;2025;18;6;163636
187778;2025;33;1;27272
187778;2025;34;4;54545
187779;2024;2;2;63636
187779;2024;3;1;31818
187779;2024;5;1;31818
187779;2024;8;8;254545
187779;2024;9;6;190909
187779;2024;11;12;381818
187779;2024;14;6;190909
187779;2024;20;3;89090
187779;2024;29;2;63636
187779;2024;35;1;31818
187779;2024;43;6;190909
187779;2025;8;8;254545
187779;2025;14;4;127272
187779;2025;15;2;63636
187779;2025;18;1;31818
187779;2025;26;6;190909
187779;2025;38;6;190909
187779;2025;44;9;286363
187780;2024;41;2;60454
187780;2024;42;12;381818
187780;2024;44;6;190909
187781;2024;1;1;12727
187782;2025;40;1;18181
187783;2024;7;1;18181
187783;2024;10;14;254545
187783;2024;11;10;181818
187783;2024;15;1;10172
187783;2024;51;1;10909
187783;2024;52;14;203636
187783;2025;49;2;29090
187784;2024;42;4;43636
187784;2024;43;3;32727
187784;2024;44;2;21818
187784;2024;45;2;17454
187784;2024;48;8;69818
187793;2024;1;2;36363
187793;2024;2;3;68181
187793;2024;9;1;22727
187793;2024;15;20;420454
187793;2024;16;8;181818
187793;2024;17;8;181818
187793;2024;23;1;22727
187793;2024;28;8;181818
187793;2024;32;6;136363
187793;2024;52;17;309090
187793;2025;2;1;22727
187793;2025;7;10;181818
187793;2025;8;1;22727
187794;2024;42;1;22727
187795;2024;44;3;270000
187795;2024;45;4;288000
187795;2024;46;3;270000
187795;2024;47;1;90000
187795;2024;48;1;90000
187795;2024;49;1;90000
187795;2025;45;1;90000
187795;2025;46;1;72000
187796;2024;41;1;40909
187796;2024;42;2;81818
187796;2024;43;2;81818
187796;2024;44;4;163636
187796;2024;45;6;212727
187796;2024;46;3;122727
187796;2024;47;3;122727
187796;2024;49;1;40909
187796;2024;50;2;81818
187796;2024;51;1;30681
187796;2025;45;1;40909
187801;2024;4;1;113636
187801;2024;10;2;180000
187801;2024;12;5;450000
187801;2024;13;6;540000
187801;2024;16;2;180000
187801;2024;17;1;90000
187801;2024;21;3;270000
187802;2024;6;3;422727
187802;2024;7;1;140909
187802;2024;9;1;140909
187802;2024;10;8;1014545
187802;2024;19;1;84545
187803;2025;42;21;1126363
187803;2025;44;2;107272
187803;2025;45;1;42909
187804;2024;45;1;64727
187805;2024;42;1;204545
187805;2024;44;2;409090
187805;2024;45;18;3354545
187805;2024;46;3;572727
187806;2024;40;2;990909
187806;2024;41;1;495454
187806;2024;42;3;1486363
187806;2024;43;1;495454
187806;2024;44;5;2477272
187807;2024;44;3;954545
187807;2024;45;1;318181
187808;2024;41;1;200000
187808;2024;42;1;200000
187808;2024;43;1;200000
187808;2024;45;5;840000
187809;2024;7;1;126363
187809;2024;10;1;126363
187809;2024;13;1;126363
187809;2024;16;1;126363
187809;2024;17;1;126363
187809;2024;20;1;126363
187809;2024;26;2;252727
187809;2024;41;1;126363
187809;2025;2;1;126363
187810;2024;7;1;99090
187810;2024;10;1;99090
187810;2024;14;1;99090
187810;2024;15;1;79272
187810;2024;19;1;79272
187810;2024;33;1;99090
187810;2024;43;1;99090
187810;2025;1;2;198182
187810;2025;2;1;99091
187810;2025;4;3;297273
187810;2025;43;1;89182
187810;2025;44;1;99090
187810;2025;51;1;59454
187810;2025;52;1;59454
187811;2024;8;1;113636
187811;2024;20;1;113636
187811;2024;30;1;113636
187811;2025;1;4;363636
187811;2025;2;1;113636
187811;2025;4;3;340909
187811;2025;43;1;102273
187811;2025;52;3;204545
187811;2026;7;2;204545
187811;2026;10;1;113636
187811;2026;12;3;340909
187812;2024;10;1;150000
187812;2024;14;1;150000
187812;2024;41;1;150000
187812;2024;48;1;150000
187812;2025;1;2;300000
187812;2025;4;2;300000
187812;2025;25;1;150000
187812;2025;32;1;150000
187812;2025;39;1;150000
187812;2026;12;1;150000
187812;2026;15;1;150000
187813;2024;50;1;51136
187814;2024;3;1;136363
187814;2024;7;1;136363
187814;2024;10;1;136363
187814;2024;14;1;136363
187814;2024;24;1;136363
187814;2024;26;1;136363
187814;2024;45;1;109090
187814;2024;47;1;136363
187814;2024;50;3;409091
187814;2025;24;1;136364
187814;2025;28;1;136364
187814;2025;44;1;136363
187814;2026;1;1;136363
187814;2026;2;2;272727
187814;2026;5;1;136363
187814;2026;7;1;136363
187816;2024;43;1;113636
187816;2024;45;3;272727
187823;2024;43;1;177272
187823;2024;44;5;861545
187823;2024;45;2;283636
187825;2024;41;1;113636
187825;2024;42;2;227272
187825;2024;43;3;340909
187825;2024;44;10;1102272
187825;2024;48;7;795454
187825;2024;49;1;113636
187828;2024;1;4;80000
187828;2024;5;2;40000
187828;2024;7;5;100000
187828;2024;10;8;160000
187832;2024;42;1;150000
187832;2024;44;1;150000
187832;2024;45;3;390000
187832;2024;46;2;300000
187833;2024;41;2;180000
187833;2024;42;2;180000
187833;2024;43;1;90000
187833;2024;44;4;360000
187833;2024;45;20;1584000
187833;2024;46;12;1062000
187833;2024;47;2;180000
187833;2024;48;3;270000
187834;2024;45;8;687272
187834;2024;46;12;1145454
187834;2024;47;9;859090
187834;2024;48;14;1336363
187834;2024;49;4;381818
187839;2024;44;1;74545
187839;2024;45;2;119272
187840;2024;45;1;58181
187840;2024;51;1;58181
187841;2024;1;1;41363
187841;2024;41;2;118181
187841;2024;42;4;236363
187841;2024;44;4;236363
187841;2024;45;6;289545
187841;2024;47;1;59090
187843;2024;1;1;43909
187843;2024;41;4;250909
187843;2024;42;1;62727
187843;2024;44;3;188181
187843;2024;45;5;288545
187843;2025;42;1;62727
187843;2025;43;4;250909
187843;2025;44;1;62727
187843;2025;45;13;690000
187843;2025;46;21;1229454
187843;2025;47;5;313636
187843;2025;48;3;188181
187844;2025;42;6;344727
187844;2025;43;4;309090
187844;2025;45;7;479090
187844;2025;46;1;77272
187844;2025;47;5;386363
187844;2025;48;1;77272
187845;2024;46;4;443181
187845;2024;47;2;227272
187845;2024;48;1;113636
187845;2024;50;1;85227
187845;2024;51;1;102272
187845;2025;44;1;113636
187845;2025;46;2;204545
187846;2024;41;1;47272
187846;2024;42;1;47272
187846;2024;43;2;94545
187846;2024;44;2;94545
187846;2024;45;3;141817
187846;2024;46;16;849490
187846;2024;47;4;217818
187846;2024;48;1;54454
187846;2024;49;3;130690
187846;2024;50;1;43563
187846;2025;44;1;54454
187846;2025;46;1;54454
187848;2024;42;1;204545
187848;2024;43;1;204545
187856;2024;22;1;35454
187856;2024;23;2;70909
187856;2024;24;4;106363
187856;2024;25;1;35454
187856;2024;26;2;70909
187856;2024;27;2;70909
187856;2024;28;5;177272
187856;2024;29;1;35454
187856;2024;30;1;35454
187856;2024;31;3;106363
187856;2024;34;1;35454
187856;2024;43;2;100000
187856;2024;44;6;300000
187856;2024;45;4;180000
187856;2024;46;7;350000
187856;2024;47;2;100000
187856;2024;48;2;100000
187856;2024;49;11;550000
187856;2024;50;14;627500
187856;2024;51;3;115000
187857;2024;1;1;50000
187857;2024;4;3;150000
187857;2024;7;6;300000
187857;2024;8;2;100000
187857;2024;9;1;50000
187857;2024;18;1;50000
187857;2024;22;1;50000
187857;2024;45;3;140000
187857;2024;46;1;50000
187857;2024;47;5;250000
187857;2024;48;7;350000
187857;2024;49;2;100000
187857;2024;50;13;557500
187857;2024;51;14;582500
187857;2024;52;4;160000
187905;2024;4;1;713636
187905;2024;7;1;713636
188533;2024;43;6;486000
188533;2024;44;3;270000
188533;2024;45;10;801000
188533;2024;46;7;558000
188533;2024;47;3;288000
188533;2024;48;6;540000
188533;2024;50;1;90000
189724;2024;41;1;453636
189724;2024;43;1;453636
189724;2024;44;6;2721818
189724;2024;45;11;4082727
189724;2024;46;6;2585727
189724;2024;47;6;2721818
189724;2024;48;7;3084727
189724;2024;49;1;362909
189724;2024;50;1;430954
189929;2024;51;2;9454
189929;2024;52;4;18909
190315;2024;4;1;59090
190315;2024;5;1;59090
190315;2024;6;1;59090
190315;2024;7;1;59090
190315;2024;22;1;59090
190315;2024;24;2;118181
190315;2024;45;1;59090
190315;2024;50;3;177272
190316;2024;1;1;35455
190316;2024;7;3;106363
190316;2024;10;1;35454
190316;2024;11;1;35454
190316;2024;20;1;28363
190316;2024;21;1;35454
190316;2024;23;1;35454
190316;2024;24;1;35454
190316;2024;26;2;70909
190316;2024;44;2;70909
190316;2024;51;1;28363
190317;2024;14;2;45454
190317;2024;23;1;22727
190320;2024;2;2;149090
190320;2024;3;2;149090
190320;2024;6;2;141636
190320;2024;10;1;74545
190321;2024;2;2;100000
190321;2024;4;1;50000
190321;2024;5;1;50000
190321;2024;8;2;100000
190322;2024;26;1;65454
190322;2024;35;1;65454
190322;2024;36;1;65454
190322;2024;52;1;41890
190322;2025;17;1;65454
190323;2024;4;1;44545
190323;2024;10;1;44545
190323;2024;23;1;44545
190323;2024;51;1;35636
190324;2024;2;4;345454
190324;2024;7;1;86363
190324;2024;19;1;64772
190324;2026;12;1;86363
190325;2024;1;1;50000
190377;2024;46;1;362727
190377;2024;47;1;362727
190377;2024;49;1;362727
190377;2024;50;2;616636
190377;2024;51;4;1124454
190541;2024;42;1;118181
190541;2024;43;2;236363
190541;2024;45;6;614545
190541;2024;46;4;460909
190541;2024;47;2;236363
190542;2024;42;4;428727
190542;2024;43;2;218181
190542;2024;45;4;370909
190542;2024;46;5;534545
190543;2024;41;1;90000
190543;2024;42;4;353700
190543;2024;43;2;180000
190543;2024;44;4;360000
190543;2024;45;5;396000
190559;2024;42;2;271954
190559;2024;43;1;140909
190559;2024;44;4;563636
190559;2024;45;1;140909
190559;2024;46;2;281818
190559;2024;47;1;140909
190559;2025;44;1;140909
190560;2024;41;1;79272
190560;2024;42;2;191245
190560;2024;43;2;198181
190560;2024;44;4;396363
190560;2024;45;1;99090
190560;2024;48;2;198181
190680;2024;49;1;681818
190680;2024;51;1;681818
190680;2024;52;1;477272
190685;2024;47;1;500000
190685;2024;48;2;800000
190685;2024;49;1;400000
190685;2024;50;1;350000
190685;2024;51;3;1200000
190690;2024;42;2;57272
190690;2024;44;1;31818
190690;2024;45;7;190909
190690;2024;46;4;127272
190690;2024;47;8;254545
190690;2024;48;4;127272
190690;2024;49;2;63636
190690;2024;51;1;25454
190694;2024;41;1;62727
190694;2024;42;1;62727
190694;2024;44;1;62727
190694;2024;45;7;366954
190694;2024;46;5;313636
190694;2024;47;2;125454
190694;2024;48;9;551999
190694;2024;49;1;50181
190694;2024;50;1;50181
190694;2025;50;1;50181
191215;2024;50;1;363636
191215;2024;51;3;927272
191216;2024;48;2;527272
191216;2024;49;2;527272
191216;2024;50;3;790909
191216;2024;51;3;672272
191216;2024;52;1;210909
191219;2025;52;1;9090
191342;2024;43;3;79090
191342;2024;44;7;184545
191342;2024;45;7;147636
191342;2024;47;7;184545
191342;2025;46;7;127272
191342;2025;47;2;45454
191342;2025;48;2;45454
191343;2024;43;3;68181
191343;2024;44;1;22727
191343;2024;45;12;218181
191343;2025;46;7;96727
191343;2025;47;12;207272
191344;2024;43;15;259090
191344;2024;45;9;124363
191344;2025;47;3;51818
191344;2025;48;2;34545
191344;2025;49;6;103636
191344;2025;50;2;34545
191345;2024;17;2;17272
191345;2024;26;1;8636
191345;2024;45;3;30545
191345;2024;46;1;10909
191345;2024;48;2;21818
191345;2024;49;1;10909
191345;2024;50;5;54545
191345;2024;51;6;58909
191345;2025;46;5;72727
191345;2025;50;1;14545
191345;2026;2;1;18181
191345;2026;5;1;18181
191345;2026;14;1;18181
191346;2024;2;1;11363
191346;2024;4;4;45454
191346;2024;26;1;11363
191346;2025;49;1;27272
191346;2025;50;4;87272
191346;2025;51;3;81818
191346;2026;5;1;27272
191346;2026;14;1;27272
191346;2026;15;2;54545
191347;2024;1;2;9090
191347;2024;3;1;4545
191347;2024;28;1;3636
191350;2024;3;2;72727
191350;2024;4;4;145454
191350;2024;45;9;229090
191350;2024;47;5;159090
191350;2024;49;1;31818
191350;2024;51;2;63636
191350;2025;4;1;31818
191350;2025;5;1;31818
191353;2024;49;2;90909
191353;2024;51;3;136363
191353;2025;4;3;136364
191353;2025;11;1;45454
191353;2025;22;1;45454
191356;2024;6;4;90909
191357;2024;42;5;113636
191357;2024;45;12;218182
191357;2025;46;6;174545
191357;2025;48;1;36363
191357;2025;49;2;72727
191357;2025;51;1;36363
191358;2024;45;17;265454
191358;2024;46;4;72727
191358;2024;47;15;272727
191358;2024;50;1;18181
191358;2024;51;3;54545
191359;2024;4;2;72727
191359;2024;6;1;36363
191362;2024;45;1;18181
191362;2024;46;7;159090
191362;2024;47;15;340909
191362;2024;48;18;368182
191362;2024;50;1;22727
191362;2024;51;3;62500
191363;2024;6;1;42272
191363;2024;7;2;84545
191363;2024;50;1;42272
191369;2024;13;1;14090
191369;2024;14;1;14090
191370;2024;14;1;16818
191373;2026;17;1;71818
191375;2025;23;1;56363
191400;2024;16;1;272727
191400;2024;24;1;272727
191400;2025;2;1;272727
191400;2025;5;1;272727
191400;2025;8;1;272727
191400;2025;35;1;272727
191400;2025;45;1;272727
191400;2025;52;1;272727
191401;2024;16;4;1418181
191401;2024;22;1;354545
191401;2024;24;2;531818
191401;2024;52;1;354545
191401;2025;1;1;354545
191401;2025;15;1;354545
191401;2025;18;1;354545
191401;2025;29;3;1063636
191401;2025;30;1;354545
191401;2025;34;1;354545
191401;2025;37;1;354545
191401;2025;40;1;354545
191401;2025;41;1;354545
191401;2025;44;1;354545
191401;2025;51;1;283636
191401;2025;52;1;354545
191401;2026;12;1;354545
191401;2026;13;1;354545
191401;2026;14;1;354545
191569;2024;42;1;31818
191569;2024;43;1;28636
191569;2024;44;3;95454
191569;2024;45;9;248181
191569;2024;47;2;63636
191569;2024;48;3;95454
191569;2024;49;4;127272
191569;2024;50;7;222727
191569;2024;51;1;25454
191570;2024;42;1;5454
191570;2024;43;6;32727
191570;2024;45;1;5454
191570;2024;46;2;10909
191570;2025;28;1;5454
191576;2024;41;2;27272
191576;2024;43;3;40909
191577;2024;41;2;27272
191577;2024;42;2;27272
191577;2024;43;1;13636
191579;2024;43;1;13636
191579;2024;44;1;13636
191579;2024;45;9;103636
191579;2024;46;11;144545
191579;2024;47;3;40909
191582;2024;41;3;40909
191582;2024;42;3;40909
191585;2024;42;1;17272
191585;2024;43;4;69090
191585;2024;44;1;17272
191591;2024;41;1;40909
191591;2024;45;1;40909
191591;2024;47;2;81818
191591;2024;48;2;81818
191592;2025;48;22;699999
191592;2025;49;14;445454
191596;2025;26;1;10909
191645;2024;1;2;109090
191645;2024;7;1;68181
191645;2024;12;1;68181
191645;2024;20;1;68181
191645;2024;28;3;204545
191645;2024;30;3;204545
191645;2024;32;5;340909
191645;2024;34;5;306818
191645;2024;35;1;68181
191645;2024;36;3;204545
191645;2024;44;8;497727
191645;2024;49;1;68181
191645;2024;50;6;361363
191645;2024;51;7;402272
191645;2024;52;1;54545
191645;2025;8;10;395500
191645;2025;13;4;272727
191645;2025;15;1;68181
191645;2025;16;2;136363
191645;2025;39;31;1254091
191694;2024;42;2;45454
191694;2024;44;3;68181
191694;2024;45;13;245454
191694;2024;46;1;22727
191700;2024;44;1;59090
191701;2024;42;1;22727
191701;2024;43;2;45454
191701;2024;44;2;45454
191701;2024;45;3;59090
191701;2024;46;15;331818
191701;2024;47;4;90908
191701;2024;48;16;340908
191701;2024;49;9;200000
191701;2024;50;2;45454
191702;2024;49;1;13636
191703;2024;42;1;22727
191703;2024;44;7;159090
191703;2024;45;5;95454
191703;2024;46;3;68181
191703;2024;48;3;68181
191703;2024;49;3;68181
191703;2024;50;1;22727
191704;2024;47;2;27272
191706;2024;42;1;22727
191706;2024;45;16;290909
191706;2024;46;4;81818
191706;2024;47;4;90909
191706;2024;48;3;68181
191706;2024;49;8;181818
191706;2024;50;8;165909
191706;2024;51;5;89772
191706;2024;52;5;90909
191706;2025;48;2;45454
191706;2025;49;5;113636
191706;2025;50;4;77272
191706;2025;51;1;15909
191706;2025;52;7;111363
191707;2024;1;2;31818
191707;2024;41;3;61363
191707;2024;43;1;22727
191707;2024;46;5;113636
191707;2024;48;1;22727
191707;2024;49;1;22727
191708;2024;1;1;18181
191708;2024;43;1;22727
191708;2024;45;3;54545
191708;2024;47;1;22727
191708;2024;48;10;227272
191708;2024;49;8;181818
191708;2024;50;9;167045
191708;2024;51;6;107954
191708;2024;52;2;36363
191708;2025;50;1;22727
191709;2024;43;3;95454
191709;2024;44;1;31818
191709;2024;45;10;292727
191709;2024;46;9;286363
191709;2024;47;7;222727
191709;2024;48;21;623636
191709;2024;49;16;502727
191709;2024;50;8;216363
191709;2024;52;3;52936
191710;2024;41;14;318181
191710;2024;42;2;45454
191710;2024;44;2;45454
191710;2024;45;7;154545
191710;2024;46;2;40909
191710;2024;47;2;45454
191710;2024;48;4;90909
191710;2024;49;13;295454
191710;2024;50;6;136363
191710;2024;51;3;63636
191710;2024;52;1;18181
191710;2025;45;4;90909
191710;2025;46;1;22727
191710;2025;48;3;68181
191710;2025;50;6;109090
191710;2025;51;2;31818
191711;2024;41;1;26363
191711;2024;42;6;158181
191711;2024;43;4;105454
191711;2024;44;8;210909
191711;2024;45;14;300545
191711;2024;46;7;184545
191711;2024;48;1;26363
191711;2024;49;6;142363
191711;2024;50;8;192454
191711;2024;51;1;26363
191711;2025;48;1;26363
191711;2025;50;2;47454
191711;2025;51;1;18454
191711;2025;52;1;18454
191712;2024;41;1;22727
191712;2024;42;2;45454
191712;2024;43;4;90909
191712;2024;44;1;22727
191712;2024;45;22;431818
191712;2024;46;11;250000
191712;2024;47;10;227272
191712;2024;48;14;299999
191712;2024;49;14;313636
191712;2024;50;9;184091
191712;2024;51;14;257954
191712;2024;52;1;18181
191712;2025;49;3;68181
191712;2025;51;1;15909
191715;2024;42;2;45454
191715;2024;43;7;159090
191715;2024;44;6;136363
191715;2024;45;5;100000
191715;2024;46;4;87500
191715;2024;47;5;113636
191715;2024;48;16;349999
191715;2024;49;24;515909
191715;2024;50;8;147727
191715;2024;51;7;123863
191715;2024;52;3;54545
191715;2025;46;1;22727
191715;2025;47;2;45454
191715;2025;48;6;136363
191715;2025;49;4;90909
191715;2025;50;6;122727
191715;2025;51;1;22727
191716;2024;43;2;52727
191716;2024;44;3;79090
191716;2024;45;20;437636
191716;2024;46;4;105454
191716;2024;47;2;52727
191716;2024;48;5;131818
191716;2024;49;9;237272
191716;2024;50;4;98863
191716;2024;51;1;21090
191716;2024;52;1;21090
191716;2025;45;3;63272
191716;2025;46;1;26363
191716;2025;48;1;26363
191716;2025;49;2;52727
191716;2025;50;1;21090
191716;2025;51;12;316363
191717;2024;42;1;31818
191717;2024;45;8;210000
191717;2024;46;20;636363
191717;2024;47;1;31818
191717;2024;48;5;159090
191717;2024;49;4;127272
191717;2024;50;7;216363
191717;2024;51;2;49318
191717;2025;49;5;159090
191718;2024;41;2;40909
191718;2024;42;3;68181
191718;2024;43;4;90909
191718;2024;45;10;181818
191718;2024;46;1;22727
191718;2024;47;6;136363
191718;2024;48;4;90909
191718;2024;49;7;154545
191718;2024;50;6;126136
191718;2024;51;5;88636
191718;2024;52;1;18181
191718;2025;51;2;31818
191719;2024;43;1;31818
191719;2024;45;5;127272
191719;2024;46;1;31818
191719;2024;47;2;63636
191719;2024;48;3;95454
191719;2024;49;6;190909
191719;2024;50;4;120909
191719;2024;51;6;168636
191719;2024;52;5;127272
191719;2025;46;1;31818
191719;2025;47;4;120909
191719;2025;48;4;127272
191719;2025;49;4;127272
191719;2025;50;2;57272
191719;2025;51;5;111363
191719;2025;52;2;44545
191720;2024;44;1;18181
191720;2024;45;10;170909
191720;2024;47;2;36363
191720;2024;48;12;203636
191720;2024;49;10;181818
191720;2024;50;2;36363
191720;2024;51;2;32727
191721;2024;44;2;63636
191721;2024;45;8;229090
191721;2024;46;3;85909
191721;2024;47;5;159090
191721;2024;48;23;719090
191721;2024;49;25;780500
191721;2024;50;17;501136
191721;2024;51;6;163863
191721;2024;52;1;25454
191721;2025;47;1;31818
191721;2025;49;3;95454
191721;2025;50;10;280000
191721;2025;51;5;111363
191722;2024;41;1;35454
191722;2024;45;6;184363
191722;2024;46;7;234000
191722;2024;47;2;70909
191722;2024;49;4;141818
191722;2024;50;17;538909
191722;2024;51;8;228681
191722;2025;46;2;70909
191722;2025;48;1;35454
191722;2025;50;3;92181
191722;2025;51;2;49636
191722;2025;52;3;74454
191723;2024;42;1;22727
191723;2024;43;2;45454
191723;2024;44;1;22727
191723;2024;45;7;140909
191723;2024;46;5;113636
191723;2024;47;1;22727
191723;2024;48;3;68181
191723;2024;49;6;127272
191723;2024;50;13;280681
191723;2024;51;12;220454
191723;2024;52;3;49090
191723;2025;50;5;104545
191723;2025;51;7;131818
191723;2025;52;3;47727
191724;2024;1;1;18181
191724;2024;42;1;22727
191724;2024;43;2;45454
191724;2024;44;1;22727
191724;2024;45;29;554545
191724;2024;46;10;218181
191724;2024;47;9;204545
191724;2024;48;7;159090
191724;2024;49;8;181818
191724;2024;50;3;52272
191724;2024;51;9;195454
191724;2024;52;2;30545
191724;2025;52;1;15909
191725;2024;43;1;31818
191725;2024;44;6;190909
191725;2024;45;7;184545
191725;2024;46;1;31818
191725;2024;47;2;63636
191725;2024;48;11;334090
191725;2024;49;13;362727
191725;2024;50;20;601363
191725;2024;51;11;287954
191725;2024;52;5;127272
191725;2025;47;3;95454
191725;2025;49;4;127272
191725;2025;50;4;127272
191725;2025;51;4;89090
191725;2025;52;2;44545
191726;2024;41;1;48272
191726;2024;42;3;160909
191726;2024;43;8;429090
191726;2024;44;6;308409
191726;2024;45;8;359363
191726;2024;51;1;42909
191727;2024;44;1;13636
191727;2024;45;2;24545
191727;2024;46;4;54545
191727;2024;47;4;54545
191727;2024;49;3;40909
191727;2024;50;10;119318
191727;2024;51;27;327272
191727;2024;52;4;43636
191727;2025;45;3;35454
191727;2025;46;3;32727
191727;2025;47;1;13636
191727;2025;48;1;13636
191727;2025;49;4;53181
191727;2025;50;18;212727
191727;2025;51;6;57272
191727;2025;52;3;28636
191730;2024;41;2;27272
191730;2024;43;1;13636
191730;2024;45;4;43636
191730;2024;46;5;68181
191730;2024;47;4;54545
191730;2024;48;5;65454
191730;2024;49;6;77727
191730;2024;50;5;62045
191730;2024;51;25;312272
191730;2024;52;2;21818
191730;2025;47;1;13636
191730;2025;48;1;13636
191730;2025;50;1;10909
191733;2024;41;1;22727
191737;2024;44;1;29090
191737;2024;45;7;186181
191763;2024;41;9;302727
191764;2024;41;3;76363
191764;2024;42;2;63636
191764;2024;43;4;127272
191764;2024;44;4;127272
191764;2024;45;18;458181
191764;2024;47;3;95454
191764;2024;48;29;897272
191764;2024;49;12;381817
191764;2024;50;29;843326
191764;2024;51;19;518636
191764;2024;52;3;76363
191764;2025;48;12;369090
191764;2025;49;7;210000
191764;2025;50;2;50909
191764;2025;51;1;19090
191765;2024;43;2;58181
191765;2024;44;3;78545
191765;2024;45;7;168727
191765;2024;46;1;29090
191765;2024;47;5;145454
191765;2024;49;1;29090
191765;2024;50;1;23272
191765;2024;51;3;69818
191766;2024;44;5;113636
191766;2024;45;11;204545
191766;2024;48;10;227272
191767;2024;41;27;490909
191767;2024;43;3;68181
191767;2024;45;28;540909
191767;2024;46;5;113636
191767;2024;47;9;204545
191767;2024;48;26;559090
191767;2024;50;1;22727
191769;2024;41;5;86363
191769;2024;45;12;169272
191769;2024;46;2;34545
191769;2024;50;1;17272
191772;2024;44;1;9090
191774;2024;2;7;34491
191774;2024;52;3;21818
191775;2024;49;1;9090
191792;2024;41;4;36363
191792;2024;43;21;190909
191792;2024;44;10;90909
191792;2024;45;20;145454
191792;2024;48;1;9090
191792;2024;49;1;9090
191794;2024;6;12;272727
191794;2024;13;12;272727
191794;2024;17;6;136363
191794;2024;31;1;22727
191794;2024;51;18;327272
191794;2025;20;6;136363
191794;2025;22;1;22727
191795;2024;2;3;37885
191795;2024;4;1;22727
191795;2024;12;6;136363
191796;2024;7;7;159090
191796;2024;51;6;113636
191796;2025;7;6;127272
191798;2025;34;2;13636
191799;2024;32;1;17272
191799;2024;50;1;17272
191799;2024;51;18;244409
191799;2024;52;26;359272
191799;2025;33;6;103636
191804;2024;6;26;404181
191865;2024;1;1;44090
191865;2024;48;12;317455
191865;2024;49;2;79363
191865;2024;51;21;634909
191866;2024;49;11;388000
191866;2024;50;21;691345
191866;2024;51;17;514981
191866;2024;52;3;105818
191872;2024;51;2;79272
191872;2025;52;6;208090
191874;2025;52;4;89090
191895;2024;50;18;736785
191895;2024;51;2;77105
191895;2025;46;12;642545
191895;2025;49;1;35454
191895;2025;50;5;177272
191895;2025;51;3;74454
191895;2025;52;5;124090
191908;2024;50;6;257018
191908;2024;51;21;899563
191908;2024;52;5;214181
191908;2025;1;1;24818
191908;2025;45;2;107090
191908;2025;52;2;49636
191985;2024;16;1;79545
191985;2025;41;1;120272
192207;2024;45;1;224181
192207;2024;47;2;747272
192207;2024;48;1;373636
192207;2024;49;2;747272
192207;2024;50;1;298909
192207;2024;51;2;597818
192207;2025;47;1;373636
192207;2025;50;1;373636
192207;2025;51;1;224182
192208;2024;45;1;298909
192208;2024;48;1;498182
192208;2024;51;1;373636
192208;2025;46;1;398545
192208;2025;47;3;1469636
192208;2025;48;2;996363
192208;2025;50;1;398545
192209;2025;47;2;249090
192209;2025;48;1;124545
192209;2025;50;4;498181
192211;2025;44;1;200000
192211;2025;45;3;520000
192211;2025;46;2;320000
192211;2025;47;2;400000
192211;2025;48;1;200000
192356;2024;1;1;15909
192356;2024;45;10;227273
192362;2024;42;1;62727
192362;2024;44;5;313636
192362;2024;45;5;275999
192362;2024;46;2;125454
192362;2024;47;2;125454
192362;2024;48;2;125454
192362;2024;49;5;313636
192362;2024;50;4;213272
192362;2024;51;2;106636
192362;2024;52;1;43909
192363;2024;41;2;286363
192363;2024;43;1;159090
192363;2024;44;1;159090
192363;2024;45;9;1177272
192363;2024;46;3;477272
192363;2024;47;4;636363
192363;2024;48;10;1574999
192363;2024;49;10;1559090
192364;2024;41;1;31818
192364;2024;42;7;210381
192364;2024;43;7;253909
192364;2024;44;12;413509
192364;2024;45;52;1654036
192364;2024;46;30;1059163
192364;2024;47;34;1211509
192364;2024;48;108;3496691
192364;2024;49;33;1178863
192364;2024;50;1;-7255
192364;2024;51;1;36272
192367;2024;42;1;59090
192367;2024;43;1;59090
192367;2024;45;2;94545
192367;2024;46;1;59090
192368;2024;41;1;44545
192368;2024;42;1;44545
192368;2024;43;2;89090
192368;2024;45;1;44545
192369;2024;48;13;885277
192369;2024;49;18;1432090
192369;2024;50;9;683681
192369;2024;52;1;64727
192369;2025;47;1;80909
192373;2024;1;3;43636
192373;2024;42;10;145454
192373;2024;44;3;43636
192373;2024;45;29;346181
192373;2024;46;9;130909
192373;2024;48;2;29090
192373;2024;49;1;14545
192373;2024;51;1;14545
192374;2024;43;2;29090
192374;2024;44;6;87272
192374;2024;45;26;302545
192374;2024;46;8;116363
192374;2024;47;5;72727
192374;2024;48;24;349090
192374;2024;49;17;247272
192374;2024;50;1;14545
192375;2024;44;2;29090
192375;2024;45;20;241454
192376;2024;48;15;218181
192377;2024;48;8;116363
192381;2024;42;4;232090
192381;2024;43;1;62727
192381;2024;44;9;564545
192381;2024;45;16;853090
192381;2024;46;4;225818
192381;2024;47;1;62727
192381;2024;48;5;313636
192381;2024;49;3;188181
192381;2024;51;1;47045
192381;2024;52;2;100363
192384;2024;42;8;618181
192384;2024;43;2;154545
192384;2024;44;4;309090
192384;2024;45;3;185454
192384;2024;46;8;618181
192384;2024;49;7;540909
192385;2024;44;1;77273
192385;2024;45;1;61818
192385;2024;48;3;169999
192386;2024;45;2;123636
192386;2024;47;7;540908
192386;2024;49;7;540909
192386;2024;50;1;77272
192386;2024;51;2;161818
192387;2024;45;7;432727
192387;2024;46;6;463636
192387;2024;47;2;154545
192387;2024;48;2;154545
192387;2024;51;1;77272
192388;2024;48;13;803636
192388;2025;46;1;77273
192468;2024;4;1;168181
192468;2024;5;1;168181
192468;2024;15;1;168181
192468;2024;28;1;168181
192468;2024;39;1;168181
192468;2024;41;2;336363
192468;2024;46;3;504545
192468;2024;47;5;840909
192468;2024;48;1;168181
192468;2024;49;1;168181
192468;2024;50;11;1740681
192468;2024;51;7;925000
192468;2024;52;1;134545
192468;2025;1;1;168181
192468;2025;5;1;168181
192468;2025;24;1;168181
192468;2025;28;1;168181
192468;2025;29;1;168181
192468;2025;34;1;134545
192468;2025;40;1;168181
192468;2025;44;1;168181
192470;2024;44;1;697272
192496;2024;50;1;4090909
192741;2024;48;4;101818
192745;2024;48;2;81818
192749;2024;41;3;38181
192749;2024;42;3;40909
192749;2024;43;6;81818
192749;2024;44;16;218181
192749;2024;45;8;109090
192749;2024;46;2;21818
192749;2024;47;6;81818
192749;2024;48;12;163636
192750;2024;1;2;27636
192750;2024;44;11;190000
192750;2024;45;15;207272
192750;2024;46;4;69090
192750;2024;47;13;217636
192750;2024;48;15;238363
192750;2024;49;16;276363
192750;2024;50;33;542363
192750;2024;51;21;259090
192750;2024;52;21;266001
192750;2025;47;9;155454
192750;2025;48;9;148545
192750;2025;50;7;96727
192750;2025;51;15;155454
192750;2025;52;13;134727
192756;2024;50;2;27272
192757;2024;41;3;32727
192757;2024;45;6;68181
192757;2024;46;12;163636
192757;2024;47;27;362727
192757;2024;48;31;422727
192757;2024;49;71;968181
192757;2024;50;14;185454
192758;2024;45;14;224000
192758;2024;46;1;20000
192758;2024;47;4;72000
192758;2024;48;15;288000
192758;2024;49;6;120000
192759;2024;42;6;103636
192759;2024;45;44;701272
192759;2024;48;1;13818
192759;2024;49;1;17273
192759;2024;50;9;155454
192761;2024;45;1;8727
192761;2024;47;2;21818
192763;2024;41;2;45454
192763;2024;43;3;68181
192763;2024;44;1;22727
192763;2024;45;10;190909
192763;2024;46;5;113636
192763;2024;47;2;45454
192763;2024;48;14;318181
192763;2024;49;14;318181
192763;2024;50;11;238636
192763;2024;51;5;90909
192764;2024;41;3;68181
192764;2024;42;2;45454
192764;2024;43;3;68181
192764;2024;44;3;68181
192764;2024;45;11;209090
192764;2024;46;6;136363
192764;2024;48;6;136363
192764;2024;49;3;68181
192764;2024;50;4;90908
192764;2024;51;1;22727
192766;2024;49;1;32727
192802;2024;43;4;250909
192802;2024;44;3;188181
192802;2024;45;5;276000
192802;2024;46;1;62727
192802;2024;47;3;188181
192802;2024;48;3;188181
192802;2024;49;12;752727
192802;2024;50;4;194454
192802;2024;51;1;43909
192802;2025;44;2;125454
192803;2024;45;1;95455
192803;2024;46;1;95454
192803;2024;47;2;190909
192807;2024;12;1;35455
192807;2024;13;3;106363
192807;2024;24;3;106363
192807;2024;42;1;35454
192807;2024;44;2;70909
192807;2024;45;1;35454
192807;2024;48;4;141818
192807;2024;50;1;35454
192807;2025;11;1;35454
192807;2025;12;1;35454
192807;2025;13;2;70909
192807;2025;14;2;70909
192808;2024;41;2;70909
192808;2024;44;2;70909
192808;2024;48;2;70909
192808;2024;49;1;35454
192808;2024;50;3;79772
192814;2024;1;1;60454
192814;2024;44;2;172727
192814;2024;45;19;1329999
192814;2024;46;3;259090
192814;2024;47;4;345454
192814;2024;48;4;345454
192814;2024;49;10;863636
192814;2024;50;6;414545
192814;2024;51;7;449090
192814;2024;52;5;345454
192814;2025;44;2;172727
192835;2024;48;2;56727
192835;2024;49;1;35454
192835;2024;50;2;70909
192835;2025;46;1;35454
192835;2025;48;1;35454
192835;2025;51;1;24818
192838;2024;45;1;40000
192840;2024;41;1;18181
192840;2024;42;15;272727
192840;2024;43;6;109090
192840;2024;44;3;54545
192840;2024;45;33;534545
192840;2024;46;6;109090
192840;2024;47;39;709090
192840;2024;48;69;1254545
192840;2024;49;32;581818
192840;2024;50;3;54545
192840;2024;51;1;14545
192840;2024;52;1;14545
192841;2024;42;4;290909
192841;2024;43;5;363636
192841;2024;44;1;72727
192841;2024;45;5;319999
192841;2024;46;3;218181
192841;2024;47;4;290909
192841;2024;48;7;501818
192841;2024;49;3;218181
192842;2024;41;1;71818
192842;2024;43;2;143636
192842;2024;44;2;143636
192842;2024;45;10;588909
192842;2024;46;4;272908
192842;2024;47;8;567363
192849;2024;41;1;18181
192849;2024;42;9;200000
192849;2024;43;3;68181
192849;2024;44;15;340909
192849;2024;45;22;459090
192849;2024;46;5;95454
192856;2024;1;4;299359
192856;2024;2;2;161818
192858;2024;48;1;558181
192858;2024;49;1;558181
192859;2024;1;3;433621
192859;2024;43;1;172727
192859;2024;44;1;172727
192859;2024;46;1;172727
192859;2024;48;2;345454
192859;2024;49;2;345454
192859;2024;50;7;1036363
192859;2024;51;4;526818
192900;2024;42;18;490909
192900;2024;43;3;81818
192900;2024;45;11;300000
192900;2024;46;2;54545
192900;2024;47;2;54545
192900;2024;48;7;190909
192900;2024;50;6;129545
192900;2025;45;1;21818
192946;2024;7;4;760000
192946;2024;9;1;190000
192946;2024;51;6;1022727
192946;2024;52;1;227272
192946;2025;3;2;454545
192946;2025;7;2;454545
192946;2025;20;2;454545
192946;2025;23;1;227272
192946;2025;26;1;227272
192946;2025;27;1;227272
192946;2025;28;2;318181
192946;2025;30;1;159090
192946;2025;49;2;410000
192946;2025;51;6;1045500
192946;2025;52;1;205000
192946;2026;5;1;205000
192946;2026;7;1;164000
192946;2026;10;6;984000
192946;2026;12;1;164000
192947;2024;50;5;1022727
192947;2024;51;5;1022727
192947;2024;52;2;454545
192947;2025;3;1;227272
192947;2025;15;2;409090
192947;2025;29;1;159090
192947;2025;47;1;205000
192947;2025;50;2;369000
192947;2025;51;4;697000
192947;2025;52;4;697000
192947;2026;7;3;492000
192947;2026;8;1;164000
192947;2026;10;6;984000
192947;2026;12;1;164000
192948;2024;48;11;474999
192948;2024;49;16;690909
192948;2024;50;7;259090
192948;2024;51;11;453409
192948;2024;52;1;43181
192948;2025;1;4;155363
192948;2025;3;1;43181
192948;2025;47;25;1049090
192948;2025;48;21;878181
192948;2025;49;44;1840000
192948;2025;50;28;1037090
192948;2025;51;29;1049636
192948;2025;52;34;1233636
192948;2026;1;2;83636
193100;2024;42;3;200454
193100;2024;45;10;587999
193100;2024;46;16;1069090
193100;2024;48;1;66818
193100;2025;45;2;106909
193103;2024;46;2;133636
193103;2024;47;8;534545
193103;2025;45;2;106909
193104;2024;48;1;232727
193106;2024;48;1;203636
193106;2024;51;1;190909
193106;2025;52;1;254545
193107;2024;41;2;149409
193107;2024;49;1;62909
193108;2024;42;2;174545
193108;2024;45;4;279272
193552;2024;46;1;87272
193552;2024;47;1;120000
193552;2024;48;1;120000
193552;2024;49;2;240000
193571;2024;47;1;155909
193571;2024;50;4;592454
193913;2024;46;2;85454
193913;2024;49;2;85454
194047;2024;49;1;36363
194047;2024;51;5;181818
194050;2024;1;20;654545
194050;2024;49;1;40909
194050;2024;51;1;32727
194050;2025;50;1;40909
194050;2025;51;1;30681
194050;2025;52;2;81818
194052;2024;50;2;141590
194052;2025;51;1;60681
194052;2025;52;1;80909
194053;2024;45;1;80909
194053;2024;49;1;80909
194053;2024;50;1;60681
194053;2025;51;1;60681
194053;2025;52;1;80909
194055;2024;50;1;145454
194055;2024;51;3;341818
194055;2025;50;2;232727
194055;2025;51;3;399999
194056;2024;49;1;40909
194056;2024;50;3;92045
194056;2025;51;1;30681
194057;2024;45;1;64727
194057;2026;2;1;80909
194058;2024;50;1;213636
194058;2024;51;3;534090
194058;2025;49;1;213636
194058;2025;50;1;170909
194058;2025;51;1;213636
194059;2024;51;4;221590
194060;2024;50;1;80909
194060;2025;51;1;80909
194148;2024;42;6;190909
194148;2024;44;11;350000
194148;2024;45;3;82727
194148;2024;46;3;89090
194149;2025;47;2;27272
194149;2025;48;2;27272
194149;2025;50;1;13636
194149;2026;3;6;81818
194150;2025;47;1;36363
194150;2025;48;2;72727
194150;2025;50;1;29090
194150;2025;51;2;63636
194150;2026;7;2;58181
194407;2024;42;2;354545
194407;2024;44;1;177272
194407;2024;45;12;1879090
194407;2024;46;2;319090
194410;2024;45;1;923636
194410;2024;46;1;1154545
194410;2024;49;2;2309090
194410;2024;50;1;865909
194410;2024;51;1;1154545
194410;2025;44;1;1154545
194412;2024;42;1;59090
194413;2024;44;1;204545
194413;2024;45;1;204545
194413;2024;49;2;409090
194413;2024;50;1;204545
194413;2025;45;2;327272
194414;2024;44;1;271818
194414;2024;45;2;434909
194415;2024;43;1;762727
194415;2024;45;3;1830545
194672;2024;1;3;150181
194672;2024;2;2;107272
194672;2024;3;1;53636
194672;2024;4;1;53636
194672;2024;5;2;107272
194672;2024;6;2;107272
194672;2024;7;5;268181
194672;2024;8;3;160909
194672;2024;9;5;268181
194672;2024;10;10;536363
194672;2024;12;3;160909
194672;2024;13;1;53636
194672;2024;15;1;53636
194672;2024;17;3;160909
194672;2024;18;6;321818
194672;2024;19;3;120682
194672;2024;21;1;53636
194672;2024;22;3;160909
194672;2024;24;1;53636
194672;2024;25;1;53636
194672;2024;28;5;268181
194672;2024;29;4;214545
194672;2024;31;5;268181
194672;2024;41;2;107272
194672;2024;42;2;107272
194672;2024;44;2;107272
194672;2024;46;4;214545
194672;2024;47;1;53636
194672;2024;48;2;107272
194672;2024;49;5;268182
194672;2024;50;15;804545
194672;2024;51;1;42909
194672;2024;52;12;514909
194672;2025;6;2;107272
194675;2024;3;1;77272
194675;2024;9;1;77272
194675;2024;10;1;77272
194675;2024;19;1;61818
194675;2024;20;3;216363
194675;2024;21;1;77272
194675;2024;24;2;154545
194680;2024;2;3;215454
194680;2024;4;1;71818
194680;2024;7;2;143636
194680;2024;9;1;71818
194680;2024;12;1;71818
194680;2024;13;1;71818
194680;2024;27;1;71818
194682;2024;2;1;77272
194682;2024;4;1;77272
194682;2024;17;2;154545
194682;2024;18;1;77272
194682;2024;19;1;77272
194682;2024;21;1;77272
194682;2024;24;1;77272
194682;2024;27;2;154545
194682;2024;31;1;77272
194682;2024;48;1;99090
194682;2024;49;1;99090
194682;2024;50;1;74318
194682;2024;52;1;79272
194682;2025;1;1;99090
194683;2024;7;2;143636
194683;2024;8;1;71818
194683;2024;16;1;71818
194683;2024;18;2;143636
194683;2024;19;2;125681
194683;2024;20;3;201090
194683;2024;21;1;57455
194683;2024;22;2;143636
194683;2024;24;1;71818
194683;2024;28;1;71818
194683;2024;48;4;345454
194683;2024;49;1;86363
194683;2024;50;8;518181
194683;2024;51;3;198636
194683;2025;1;1;86363
194735;2024;49;1;155909
194735;2024;50;4;592454
195124;2024;1;3;725454
195124;2024;2;1;259090
195124;2024;14;1;259090
195124;2024;15;1;259090
195124;2024;20;1;259090
195124;2024;26;1;259090
195124;2024;35;1;259090
195124;2024;37;1;259090
195124;2024;43;3;777272
195124;2024;46;4;1036363
195124;2024;48;1;259090
195124;2024;49;3;777272
195124;2024;50;1;194318
195124;2024;51;1;207272
195124;2024;52;1;207272
195124;2025;14;1;259090
195124;2025;20;1;207272
195124;2025;24;1;259090
195124;2025;25;1;259090
195124;2025;43;1;259090
195124;2025;46;1;259090
195195;2024;3;1;213636
195195;2024;40;1;213636
195195;2024;45;2;341818
195195;2024;46;1;170909
195195;2024;50;1;170909
195195;2024;51;4;683636
195195;2024;52;1;170909
195195;2025;46;1;213636
195195;2025;51;1;213636
195196;2024;12;1;213636
195196;2024;44;2;427272
195196;2024;45;3;555454
195196;2024;47;2;341818
195196;2024;48;2;341818
195196;2024;49;1;170909
195198;2024;9;1;213636
195198;2024;43;1;213636
195198;2024;45;1;170909
195198;2024;46;1;170909
195198;2024;47;2;341818
195198;2024;48;1;170909
195198;2024;50;1;170909
195198;2025;7;3;534090
195198;2025;44;1;213636
195202;2024;1;2;341818
195202;2024;3;3;640909
195202;2024;23;1;213636
195202;2024;24;1;213636
195202;2024;44;1;213636
195202;2024;46;1;213636
195202;2024;48;4;683636
195202;2024;50;5;854545
195202;2024;52;1;170909
195202;2025;2;1;170909
195202;2025;52;1;213636
196068;2024;1;1;3636
196068;2024;47;1;4545
196068;2024;48;16;72726
196068;2024;49;37;168181
196068;2024;50;61;219546
196068;2024;51;129;471818
196068;2024;52;40;145454
196069;2024;45;7;63636
197489;2025;47;18;981818
197489;2025;48;10;545454
197489;2025;49;16;872727
197489;2025;50;6;294545
197489;2025;51;7;327272
197489;2025;52;1;54545
198083;2024;2;3;73636
198083;2024;3;2;49090
198083;2024;7;3;73636
198083;2024;8;2;49090
198083;2024;9;1;24545
198083;2024;10;1;24545
198083;2024;14;1;24545
198083;2024;16;3;95454
198083;2024;17;3;95454
198083;2024;18;1;31818
198083;2024;19;2;57272
198083;2024;20;1;31818
198083;2024;21;1;31818
198083;2024;25;1;31818
198083;2024;26;1;31818
198083;2024;32;1;31818
198083;2024;47;2;70909
198083;2024;48;3;106363
198083;2024;50;2;54954
198083;2024;51;6;166636
198083;2024;52;1;28363
198083;2025;2;1;35454
203484;2024;50;4;238545
203484;2024;51;41;1845745
203484;2024;52;6;268363
203484;2025;45;4;238545
203484;2025;46;6;357818
203484;2025;50;4;238545
203484;2025;51;12;626181
203484;2025;52;16;834909
203486;2024;51;5;389200
203486;2024;52;4;303272
203486;2025;45;1;101090
203486;2025;46;3;303272
203486;2025;48;1;126363
203486;2025;50;2;202181
203486;2025;51;1;88454
203486;2025;52;5;442272
203488;2024;51;30;1178181
203488;2024;52;6;235636
203488;2025;45;4;209454
203488;2025;46;4;209454
203488;2025;50;4;218181
203488;2026;10;1;68181
203488;2026;12;2;136363
203490;2024;50;1;149090
203490;2024;52;1;111818
203490;2025;3;1;111818
203490;2025;4;1;111818
203490;2025;45;1;149090
203490;2025;52;1;130454
203493;2024;41;12;361636
203493;2024;43;6;212727
203493;2024;44;6;212727
203493;2024;45;24;737454
203493;2024;46;2;70909
203493;2024;47;29;1028181
203493;2024;48;15;531818
203493;2024;49;2;70909
203493;2025;48;3;106363
203493;2025;49;20;624000
203493;2025;50;20;709090
203493;2025;51;29;957272
203497;2024;41;5;136727
203497;2024;44;8;232727
203497;2024;45;9;226909
203497;2024;47;12;349090
203497;2025;48;2;58181
203497;2025;49;24;663272
203497;2025;50;2;52363
203497;2025;51;1;20363
203498;2024;41;3;78545
203498;2024;43;7;203636
203498;2024;44;6;174545
203498;2024;45;16;395636
203498;2024;47;6;174545
203498;2025;48;3;87272
203498;2025;49;10;255999
203498;2025;50;31;843636
203500;2024;41;2;58181
203500;2024;44;9;261818
203500;2024;45;2;58181
203500;2024;49;2;58182
203500;2024;51;7;160000
203500;2024;52;2;58181
203500;2025;49;12;279273
203500;2025;51;8;162909
203504;2024;45;2;63636
203504;2024;46;2;63636
203504;2024;50;3;89090
203504;2024;51;5;159090
203504;2025;49;12;305455
203504;2025;51;7;155909
203509;2024;44;6;447272
203509;2024;45;1;59636
203509;2024;46;17;1267272
203509;2024;48;8;477091
203509;2024;49;5;298181
203509;2024;50;5;274327
203509;2024;51;16;760363
203509;2024;52;25;1118181
203509;2025;1;10;477090
203509;2025;45;23;1347781
203509;2025;47;12;840021
203509;2025;48;11;655999
203509;2025;50;8;477090
203509;2025;51;8;417454
203509;2025;52;3;156545
203511;2024;45;2;104727
203511;2024;46;15;981818
203511;2024;48;8;418909
203511;2024;49;6;327273
203511;2024;51;12;471273
203511;2024;52;31;1217454
203511;2025;1;6;235636
203511;2025;46;4;209454
203511;2025;48;35;2159999
203511;2025;50;6;314181
203512;2024;46;6;732909
203512;2024;50;7;533254
203512;2024;51;19;1542899
203512;2025;46;1;101090
203512;2025;49;2;252727
203512;2025;50;5;556000
203512;2025;51;4;353818
205739;2024;19;1;15340
205739;2024;20;3;61363
205739;2024;23;1;20454
205739;2024;24;5;93068
205739;2025;46;2;45454
205739;2025;47;4;90909
205739;2025;48;3;68181
205739;2025;49;1;22727
205740;2024;17;1;20454
205740;2024;19;3;51136
205740;2024;20;2;40909
205740;2024;27;3;61363
205740;2024;43;1;20454
205740;2025;46;1;22727
205740;2025;47;1;22727
205740;2025;49;7;159090
205740;2025;50;3;59091
206066;2024;41;2;143636
206066;2024;45;8;466818
206066;2024;47;5;359090
206066;2024;48;2;143636
206066;2024;49;2;143636
206066;2024;50;11;664318
206066;2024;51;6;355500
206066;2025;46;1;71818
206066;2025;47;4;287272
206066;2025;48;6;430909
206075;2024;41;3;51818
206075;2024;42;11;190000
206075;2024;43;8;138181
206075;2025;43;5;121000
206075;2025;44;1;26363
206075;2025;45;1;21090
206075;2025;46;12;300545
206075;2025;47;7;148181
206075;2025;48;2;52727
206075;2025;49;11;279454
206075;2025;50;8;210909
206076;2024;41;6;103636
206076;2024;42;2;34545
206076;2024;43;14;241818
206076;2024;44;2;34545
206076;2024;46;1;13818
206076;2025;43;3;69999
206076;2025;45;8;189818
206076;2025;46;3;63272
206076;2025;47;3;51818
206076;2025;48;2;52727
206076;2025;49;4;105454
206076;2025;50;16;374363
206076;2025;51;9;197727
206077;2024;41;15;255636
206077;2024;42;8;138181
206077;2024;43;3;51818
206077;2025;43;1;17273
206077;2025;44;3;70000
206077;2025;45;3;63272
206077;2025;46;9;226727
206077;2025;47;10;218181
206077;2025;48;11;280909
206077;2025;49;6;158181
206077;2025;50;4;84363
206079;2024;41;7;114000
206079;2024;42;6;103636
206079;2024;43;8;138181
206079;2024;44;2;34545
206079;2025;43;1;26363
206079;2025;45;4;84363
206079;2025;46;6;142363
206079;2025;47;3;70000
206079;2025;48;10;263636
206079;2025;49;20;527272
206079;2025;50;5;115999
206248;2024;44;2;6363636
206248;2025;42;2;6363636
206248;2025;46;1;2068181
206248;2025;49;1;3181818
206248;2025;50;2;5090909
206249;2024;42;1;2545455
206249;2024;47;1;3181818
206249;2025;45;2;5090909
206249;2025;46;1;3181818
206249;2025;49;3;9545454
206250;2024;43;1;2863636
206250;2024;44;1;3181818
206250;2025;43;1;3181818
206250;2025;49;1;3181818
206250;2025;50;3;7636363
206250;2025;51;1;1909090
206251;2024;42;1;2545455
206251;2024;44;1;3181818
206251;2025;45;2;5727273
206251;2025;46;3;7000000
206251;2025;49;1;3181818
206252;2024;41;3;525863
206252;2024;42;1;227272
206252;2024;43;1;227272
206252;2024;44;1;227272
206252;2024;45;5;954545
206252;2024;46;1;181818
206252;2024;47;1;227272
206252;2024;49;5;1136363
206252;2024;50;4;909090
206252;2024;51;1;170454
206252;2025;43;1;227272
206252;2025;44;3;681818
206252;2025;45;5;1000000
206252;2025;46;5;1090909
206252;2025;47;5;1136363
206252;2025;48;5;1136363
206252;2025;49;2;454545
206253;2024;40;1;199090
206253;2024;41;1;199090
206253;2024;42;1;227272
206253;2024;43;3;681818
206253;2024;44;5;1136363
206253;2024;45;3;590909
206253;2024;46;5;1068181
206253;2024;47;3;681818
206253;2025;43;1;227272
206253;2025;44;5;1136363
206253;2025;45;4;727272
206253;2025;46;3;681818
206253;2025;47;5;1113636
206253;2025;48;2;454545
206253;2025;49;1;227272
206254;2025;44;1;227272
206254;2025;45;2;409090
206254;2025;46;4;772727
206254;2025;47;5;1136363
206254;2025;48;3;681818
206254;2025;49;11;2500000
206255;2024;41;1;199090
206255;2024;44;2;398181
206255;2024;45;3;517636
206255;2024;49;1;199090
206255;2024;50;5;856090
206255;2024;51;10;1602681
206255;2024;52;1;159272
206255;2025;42;1;199090
206255;2025;43;1;199090
206255;2025;44;1;199090
206255;2025;46;6;1194545
206255;2025;47;5;995454
206255;2025;48;2;398181
206255;2025;49;8;1592727
206256;2024;43;1;281818
206256;2024;45;1;225454
206256;2024;46;2;507272
206256;2024;47;1;281818
206256;2024;48;1;281818
206256;2024;49;1;281818
206256;2024;50;3;775000
206256;2025;46;5;1409090
206256;2025;47;2;563636
206256;2025;48;2;563636
206256;2025;49;3;845454
206257;2024;40;5;404545
206257;2024;41;11;873818
206257;2024;42;8;647272
206257;2024;43;9;728181
206257;2024;44;11;890000
206257;2024;45;3;242727
206257;2024;50;1;64727
206257;2025;42;11;890000
206257;2025;43;3;242727
206257;2025;44;3;242727
206257;2025;45;13;970909
206257;2025;46;14;1035636
206257;2025;47;6;485454
206257;2025;48;1;80909
206273;2024;42;2;1800000
206273;2024;44;1;585000
206273;2024;46;1;720000
206273;2025;42;1;900000
206273;2025;44;1;900000
206273;2025;45;2;1800000
206274;2024;40;1;77272
206274;2024;42;3;200908
206274;2024;43;3;224090
206274;2024;44;1;77272
206274;2024;45;18;1220909
206274;2025;42;2;161818
206274;2025;43;3;242727
206274;2025;44;5;404545
206274;2025;45;11;744363
206274;2025;46;4;258908
206284;2024;41;1;77272
206284;2024;42;3;200908
206284;2024;43;4;309090
206284;2024;44;2;154545
206284;2024;45;8;510000
206284;2024;47;1;77272
206284;2025;44;1;80909
206284;2025;45;9;663454
206284;2025;46;14;1003272
206285;2024;41;2;154545
206285;2024;42;4;278181
206285;2024;43;2;154545
206285;2024;44;4;309090
206285;2024;45;13;865454
206285;2024;47;1;77272
206285;2025;43;1;80909
206285;2025;44;4;323636
206285;2025;45;4;258909
206285;2025;46;8;550181
206285;2025;47;7;566363
206286;2024;41;1;77272
206286;2024;42;4;309090
206286;2024;43;6;463636
206286;2024;44;2;154545
206286;2024;45;10;656818
206286;2025;42;1;80909
206286;2025;43;2;161818
206286;2025;44;3;242727
206286;2025;45;9;631090
206286;2025;46;7;534000
206286;2025;47;2;161818
206287;2024;41;1;95454
206287;2024;44;3;286363
206287;2024;45;4;343636
206287;2024;46;3;286363
206287;2024;47;2;190909
206287;2024;48;8;763636
206287;2024;49;2;171818
206292;2024;44;2;190909
206292;2024;45;4;305454
206292;2024;47;6;572727
206292;2024;48;9;859090
206292;2024;49;3;286363
206292;2025;45;5;414000
206292;2025;46;2;171000
206292;2025;47;15;1388181
206292;2025;48;2;185454
206307;2024;41;1;1589090
206307;2024;48;1;2045455
206307;2025;44;1;2272727
206307;2025;45;1;1818182
206308;2024;41;1;1986363
206308;2024;43;1;2045454
206308;2025;44;1;2272727
206308;2025;50;1;1818181
206318;2024;41;12;1202272
206318;2024;42;1;104545
206318;2024;43;12;1233636
206318;2024;44;6;616818
206318;2024;45;14;1285908
206318;2024;46;1;83636
206318;2024;48;2;198636
206319;2024;41;2;198636
206319;2024;42;2;209090
206319;2024;43;6;595909
206319;2024;45;12;1024545
206319;2024;46;6;627272
206319;2024;47;4;407727
206319;2024;48;7;731818
206319;2024;49;1;104545
206319;2024;51;4;334545
206319;2024;52;2;167272
206319;2025;24;1;83636
206319;2025;44;1;104545
206319;2025;45;1;104545
206320;2024;1;2;167272
206320;2024;41;1;104545
206320;2024;42;1;104545
206320;2024;43;5;522727
206320;2024;44;4;418181
206320;2024;45;6;543636
206320;2024;46;5;512272
206320;2024;47;5;522726
206320;2024;48;8;836363
206320;2024;49;2;209090
206320;2024;50;5;512272
206320;2024;51;4;350227
206320;2025;47;2;188181
206356;2024;41;3;81818
206356;2024;42;1;27272
206356;2024;43;4;109090
206356;2024;44;2;54545
206356;2024;45;15;409090
206356;2024;46;10;261818
206356;2024;47;7;190909
206356;2025;46;1;27272
206356;2025;47;9;245454
206356;2025;48;13;354545
206356;2025;49;12;327272
206356;2025;50;11;278181
206356;2025;51;1;19090
206357;2024;42;2;72727
206357;2024;43;2;72727
206357;2024;45;9;327272
206357;2024;46;1;36363
206357;2024;47;1;36363
206357;2024;48;5;181818
206357;2024;49;1;29090
206357;2024;50;1;27272
206357;2025;46;1;29090
206357;2025;47;1;36363
206357;2025;48;1;36363
206357;2025;49;4;145454
206357;2025;50;10;305454
206357;2025;51;9;229090
206358;2024;42;2;72727
206358;2024;43;1;36363
206358;2024;45;2;72727
206358;2024;46;2;72727
206358;2024;47;4;145454
206358;2024;48;10;363636
206358;2025;45;1;29090
206358;2025;46;1;29090
206358;2025;47;1;36363
206358;2025;48;3;109090
206358;2025;49;8;290909
206358;2025;50;4;130909
206358;2025;51;5;138181
206368;2024;42;1;36363
206368;2024;43;2;72727
206368;2024;45;9;320000
206368;2024;46;4;145454
206368;2024;47;3;109090
206368;2024;48;7;254545
206368;2025;43;4;145454
206368;2025;45;2;58181
206368;2025;46;2;72727
206368;2025;47;8;290909
206368;2025;48;1;36363
206368;2025;49;2;72727
206368;2025;50;5;160000
206368;2025;51;3;76363
206436;2024;41;3;124727
206436;2024;42;3;133635
206436;2024;43;5;222727
206436;2024;44;2;89090
206436;2024;45;33;1247273
206436;2024;46;1;35636
206436;2025;45;3;115818
206436;2025;46;8;320727
206436;2025;47;28;890909
206436;2025;48;9;286363
206440;2024;40;2;109090
206440;2024;41;17;916363
206440;2024;42;10;545454
206440;2024;43;8;436363
206440;2024;44;8;436364
206440;2024;45;1;54545
206440;2025;44;7;413636
206440;2025;45;18;874545
206440;2025;46;21;1108181
206440;2025;47;3;143636
206442;2024;40;1;63636
206442;2024;41;9;547272
206442;2024;42;13;827272
206442;2024;43;8;509090
206442;2024;44;11;700000
206442;2024;45;6;356363
206442;2025;43;1;68181
206442;2025;44;2;136363
206442;2025;45;20;1145454
206442;2025;46;22;1349999
206442;2025;47;3;160909
206447;2024;40;2;209090
206447;2024;41;12;1233636
206447;2024;42;13;1359091
206447;2024;43;11;1150000
206447;2024;44;9;940909
206447;2024;45;1;41817
206447;2025;44;2;216363
206447;2025;45;11;1016909
206447;2025;46;17;1666000
206447;2025;47;18;1627276
206447;2025;48;1;64772
206451;2024;41;16;694909
206451;2024;42;12;534545
206451;2024;43;8;356363
206451;2024;44;10;445454
206451;2024;45;3;124727
206451;2025;43;1;50000
206451;2025;44;3;150000
206451;2025;45;17;710000
206451;2025;46;16;730000
206451;2025;47;10;354545
206454;2024;41;3;140000
206454;2024;42;12;585000
206454;2024;43;4;200000
206454;2024;44;8;400000
206454;2024;45;21;910000
206454;2025;43;3;150000
206454;2025;44;2;100000
206454;2025;45;6;250000
206454;2025;46;9;400000
206454;2025;47;14;700000
206454;2025;48;13;650000
206454;2025;49;1;50000
206455;2024;41;6;392727
206455;2024;42;12;861818
206455;2024;43;4;290909
206455;2024;44;6;436363
206455;2024;45;20;1280000
206455;2025;43;1;72727
206455;2025;44;2;145454
206455;2025;45;5;305454
206455;2025;46;2;130909
206457;2024;40;3;95454
206457;2024;41;10;311818
206457;2024;42;7;222726
206457;2024;43;5;159090
206457;2024;44;3;95454
206457;2024;45;20;521818
206457;2025;45;5;152727
206457;2025;46;6;171818
206457;2025;47;12;381818
206457;2025;48;15;477272
206457;2025;49;8;248181
206462;2024;40;3;190909
206462;2024;41;13;814545
206462;2024;42;9;572726
206462;2024;43;6;381818
206462;2024;44;15;954545
206462;2025;45;11;598181
206462;2025;46;18;992727
206462;2025;47;18;736363
206875;2024;52;1;86545
206875;2025;3;1;116364
206875;2025;7;1;81136
206875;2025;11;2;216363
206875;2025;23;2;216363
206875;2025;34;8;465454
206875;2025;50;2;186181
207171;2024;1;2;31272
207171;2024;44;1;19545
207171;2024;45;8;140727
207171;2024;46;18;304909
207171;2024;47;4;78181
207171;2024;50;16;268750
207171;2024;51;11;161250
207171;2024;52;8;125090
207171;2025;45;5;86000
207171;2025;47;2;35181
207171;2025;49;2;39090
207171;2025;51;20;273636
207171;2025;52;10;136818
208441;2025;47;1;22727
208441;2025;48;4;90909
208441;2025;49;1;22727
208441;2025;50;2;36363
208441;2025;51;1;18181
208441;2026;14;1;22727
213332;2024;44;1;77272
213332;2024;45;2;123636
213332;2024;46;2;154545
213332;2024;47;5;386363
213332;2025;44;3;231818
213332;2025;45;2;123636
213332;2025;46;6;432727
213332;2025;47;14;1081818
213332;2025;48;6;463636
213337;2024;41;2;154545
213337;2024;42;2;154545
213337;2024;43;1;77272
213337;2024;44;3;231818
213337;2024;45;2;123636
213357;2024;42;2;149136
213357;2024;45;8;509999
213358;2024;42;1;77272
213358;2024;44;3;231818
213358;2024;45;6;386363
213358;2024;46;2;154545
213358;2024;47;5;386363
213358;2024;48;3;231818
213358;2025;43;1;77272
213358;2025;44;3;231818
213358;2025;45;4;262727
213358;2025;46;9;649090
213358;2025;47;8;618181
213358;2025;48;1;77272
213358;2025;49;8;618181
213358;2025;50;4;278181
213358;2025;51;1;46363
213358;2025;52;1;46363
213368;2024;42;1;86363
213368;2024;43;2;164090
213368;2024;44;12;1036363
213368;2024;45;4;305459
213368;2024;46;1;86363
213720;2024;46;4;272727
213720;2024;50;12;654545
213720;2024;51;28;949090
213720;2024;52;11;450000
213720;2025;1;1;40909
213720;2025;45;1;54545
213720;2025;46;6;409090
213720;2025;51;4;190909
213720;2025;52;2;95454
213722;2024;45;1;57454
213722;2024;48;2;143636
213722;2024;50;18;1034181
213722;2024;51;16;586036
213722;2025;51;4;201090
213723;2024;48;8;436364
213723;2024;51;3;163636
213723;2025;1;3;143181
213723;2025;47;6;409090
213723;2025;48;4;272727
213723;2025;50;1;54545
213737;2024;41;1;70909
213737;2024;45;6;340363
213737;2024;46;2;141818
213737;2024;47;14;992727
213737;2024;49;12;680727
213737;2024;50;40;1729745
213737;2024;51;19;816872
213737;2024;52;2;85090
213743;2024;41;1;61818
213743;2024;45;6;296727
213743;2024;47;22;1360000
213743;2024;49;12;593454
213743;2024;50;31;1485818
213744;2024;41;24;1378909
213744;2024;47;12;861818
213744;2024;51;6;258545
213744;2024;52;3;129272
213744;2025;51;6;301636
213745;2024;46;2;123636
213745;2024;47;3;185454
213745;2024;50;16;752727
213745;2024;51;6;222545
213745;2024;52;6;222545
213745;2025;1;9;395181
213745;2025;45;12;451636
213747;2024;47;1;173636
213747;2024;50;1;138909
213747;2024;51;2;243090
213747;2024;52;4;416727
213749;2024;47;2;309090
213749;2024;49;1;123636
213749;2024;50;1;74181
213749;2024;51;3;259636
213749;2024;52;1;92727
213751;2024;45;6;614545
213751;2024;46;1;118181
213751;2024;47;2;236363
213751;2024;50;11;886999
213751;2024;51;3;260000
213753;2024;1;3;129272
213753;2024;44;10;718181
213753;2024;45;1;57454
213753;2024;46;22;1307090
213753;2024;47;12;861818
213753;2024;48;9;646363
213753;2024;49;4;229818
213753;2024;50;6;206836
213753;2024;51;34;1180690
213753;2024;52;8;344727
213753;2025;1;7;365272
213753;2025;45;6;344727
213753;2025;46;24;1493818
213753;2025;48;9;670909
213753;2025;51;39;2035090
213753;2025;52;11;574000
213756;2024;41;1;68181
213756;2024;44;10;681818
213756;2024;45;3;163636
213756;2024;46;17;1029545
213756;2024;48;14;954545
213756;2024;49;1;68182
213756;2024;50;22;989999
213756;2024;51;26;912272
213756;2024;52;13;531818
213759;2024;45;1;54545
213759;2024;46;11;620454
213759;2024;47;12;818181
213759;2024;49;6;354545
213759;2024;50;3;70908
213759;2024;51;4;143181
213759;2024;52;31;1268181
213759;2025;45;6;327272
213759;2025;46;12;763636
213761;2024;44;4;287272
213761;2024;46;6;301636
213761;2024;47;12;861818
213761;2024;48;6;430909
213761;2024;50;6;206836
213761;2024;51;14;439527
213764;2024;44;1;171818
213764;2024;47;1;171818
213764;2024;50;1;82472
213764;2024;51;3;268036
213764;2025;1;1;103090
213764;2025;51;1;120272
213764;2025;52;2;240545
213767;2024;44;2;307272
213767;2024;47;1;153636
213767;2024;50;1;122909
213767;2024;51;3;258109
213767;2025;45;1;73745
213767;2025;48;1;153636
213767;2025;51;3;322636
213769;2024;41;1;135454
213769;2024;44;2;270909
213769;2024;46;3;352181
213769;2024;49;2;270909
213769;2024;50;3;211308
213769;2024;51;1;65018
213772;2024;41;6;536727
213772;2024;45;1;89454
213772;2024;48;1;111818
213772;2024;51;2;120763
213780;2024;48;8;401455
213780;2024;51;18;677454
213780;2024;52;8;301090
213780;2025;46;14;878181
213780;2025;48;11;690000
213780;2025;51;4;175636
213780;2025;52;1;43909
213789;2024;45;17;976727
213789;2024;50;11;563054
213789;2024;51;28;1103127
213789;2024;52;19;818727
213789;2025;1;2;86181
213789;2025;2;2;86181
213789;2025;46;6;430909
213789;2025;48;1;74545
213789;2025;49;1;74545
213789;2025;51;3;156545
213789;2025;52;4;208727
213866;2024;46;4;418181
213866;2024;47;8;825909
213866;2024;48;5;512272
213866;2024;49;5;460000
213867;2024;46;6;585454
213867;2024;47;9;920000
213867;2024;48;3;303181
213867;2024;49;6;564545
214648;2024;45;2;2618181
214648;2024;47;1;1636363
214648;2024;49;1;1636363
214648;2025;45;1;1636363
214648;2025;48;1;1636363
214651;2024;44;2;263636
214651;2024;45;4;527272
214651;2024;46;6;790909
214651;2024;47;3;395454
214651;2024;48;8;1054545
214651;2024;49;13;1700454
214651;2024;50;10;1186363
214652;2024;44;7;604545
214652;2024;45;27;1934545
214652;2024;46;6;587272
214652;2024;47;8;673636
214653;2024;45;5;1127272
214653;2024;47;4;1127272
214653;2024;48;7;1888181
214653;2024;49;4;1042727
214653;2024;50;4;1127272
214653;2025;44;2;563636
214653;2025;45;2;450909
214653;2025;46;1;225454
214653;2025;48;1;281818
214654;2024;43;1;50000
214654;2024;44;4;200000
214654;2024;45;33;1390000
214654;2024;46;22;1080000
214654;2024;47;22;1100000
214654;2024;48;14;700000
214654;2024;49;27;1340000
214654;2024;50;21;955000
214654;2025;42;16;720000
214654;2025;43;3;150000
214654;2025;44;4;200000
214654;2025;45;10;460000
214654;2025;46;11;540000
214654;2025;47;30;1500000
214654;2025;48;11;550000
214654;2025;49;24;1200000
214654;2025;50;32;1455000
214654;2025;51;2;60000
214655;2024;46;1;2045454
214655;2024;47;2;4090909
214655;2024;48;1;2045454
214657;2024;45;1;1090909
214657;2024;46;1;1090909
214657;2024;49;1;1090909
214657;2024;51;1;763636
214733;2025;33;1;318181
214786;2024;45;3;512727
214786;2024;46;1;213636
214786;2024;47;1;213636
214786;2024;48;4;854545
214786;2024;49;5;1068181
214786;2024;50;1;213636
214787;2024;41;2;427272
214787;2024;44;1;213636
214787;2024;45;2;341818
214787;2024;46;4;769090
214787;2024;47;1;213636
214787;2024;48;1;213636
214787;2024;49;4;833181
214787;2025;44;1;213636
214788;2024;40;1;31818
214788;2024;42;1;31818
214788;2024;43;3;95454
214788;2024;44;5;159090
214788;2024;45;10;280000
214788;2024;46;6;190909
214788;2024;47;6;190909
214788;2024;48;6;190909
214788;2024;49;1;31818
214789;2024;44;1;322727
214789;2024;45;2;580909
214790;2024;44;2;927272
214790;2024;49;1;463636
214791;2024;46;1;227272
214792;2024;41;1;150000
214792;2024;42;1;150000
214792;2024;43;2;300000
214792;2024;44;5;750000
214792;2024;45;7;900000
214793;2024;41;5;268181
214793;2024;42;4;203818
214793;2024;43;1;53636
214793;2024;44;5;268181
214793;2024;45;7;311090
214793;2024;46;15;761636
214793;2024;47;6;321818
214793;2024;50;1;40227
214984;2024;44;2;336363
214984;2024;47;3;504545
214984;2024;48;7;1177272
214984;2024;49;6;1009090
214984;2024;50;2;302727
214990;2024;1;1;141818
214990;2024;45;1;177272
214990;2024;48;4;638182
214990;2024;49;3;531818
214990;2024;50;2;265909
214990;2024;51;6;833181
214990;2024;52;3;425454
214993;2024;45;13;1134545
214993;2024;46;7;763636
214993;2024;47;19;2072727
214993;2024;48;1;109090
215001;2024;47;6;1118181
215001;2024;48;2;335454
215001;2024;49;3;540454
215001;2024;50;1;139772
215003;2024;45;1;69090
215003;2024;46;6;500909
215003;2024;48;2;172727
215008;2024;45;2;145636
215008;2024;46;1;80909
215008;2024;47;7;566363
215010;2024;44;2;518181
215010;2024;45;5;1036363
215010;2024;46;1;259090
215010;2024;48;4;1036364
215010;2024;49;4;1036363
215010;2024;50;2;414545
215010;2025;47;1;259090
215010;2025;48;1;259090
215012;2024;44;1;86363
215012;2024;45;3;224545
215012;2024;46;17;1468181
215012;2024;47;5;431818
215012;2024;48;6;500909
215012;2024;49;30;2590909
215012;2024;50;10;824772
215013;2024;47;1;171818
215013;2024;50;5;584181
215013;2024;52;1;137454
215014;2024;47;1;171818
215014;2024;48;1;171818
215014;2024;50;3;378000
215014;2024;52;2;240545
215015;2024;47;1;204545
215015;2024;50;4;572727
215015;2024;52;3;450000
215016;2024;50;2;327272
215016;2024;52;1;122727
215017;2024;48;2;409090
215017;2024;50;2;327272
215018;2024;50;4;481090
215018;2024;52;1;137454
215024;2024;45;2;180000
215024;2024;46;4;400000
215024;2024;47;4;400000
215024;2024;48;9;900000
215024;2024;49;5;425000
215029;2024;46;4;246963
215029;2024;48;2;145272
215029;2024;49;1;72636
215029;2024;50;11;671886
215029;2024;51;4;290545
215029;2024;52;3;117739
215029;2025;45;4;290545
215031;2024;46;4;290545
215031;2024;47;2;145272
215031;2024;48;12;784472
215031;2024;49;7;450345
215031;2024;50;1;72636
215031;2024;51;2;108954
215031;2024;52;3;117545
215031;2025;45;4;290545
215043;2024;43;16;286363
215043;2024;44;24;981818
215043;2024;45;6;237272
215044;2024;45;14;1363636
215044;2024;47;3;340909
215044;2024;48;5;568181
215044;2024;49;5;568181
215044;2024;50;11;1056818
215044;2024;51;1;79545
215044;2025;46;1;113636
215044;2025;47;6;681818
215045;2024;43;2;227272
215045;2024;47;1;113636
215045;2024;48;1;113636
215045;2024;50;7;761363
215045;2024;51;1;79545
215045;2025;45;2;181818
215045;2025;47;6;625000
215045;2025;48;1;113636
215045;2025;50;1;90909
215046;2024;45;5;568181
215046;2024;46;9;886363
215046;2024;47;2;227272
215046;2024;48;4;454545
215046;2024;50;12;1272727
215046;2024;51;4;318181
215046;2024;52;1;90909
215046;2025;1;2;136363
215046;2025;48;1;113636
215047;2024;43;3;340909
215047;2024;44;3;340909
215047;2024;45;2;181818
215047;2024;47;6;681818
215047;2024;48;2;227272
215047;2024;49;2;227272
215047;2024;50;3;284090
215047;2024;51;1;90909
215047;2024;52;8;545091
215047;2025;45;10;1000000
215047;2025;46;5;568181
215047;2025;50;1;90909
215048;2024;44;8;726545
215048;2024;45;3;217963
215048;2024;47;5;454090
215048;2024;49;1;90818
215048;2024;50;3;236127
215048;2025;45;3;272454
215048;2025;49;1;90818
215049;2024;43;1;90818
215049;2024;45;3;217963
215049;2024;46;1;90818
215049;2024;47;8;726545
215049;2024;49;1;90818
215049;2024;50;8;653890
215049;2024;51;2;108981
215049;2025;45;4;290618
215049;2025;46;1;90818
215049;2025;48;2;181636
215049;2025;50;1;72654
215050;2024;43;1;90818
215050;2024;45;10;817363
215050;2024;46;2;181636
215050;2024;47;8;726545
215050;2024;49;1;90818
215050;2024;50;4;308781
215050;2024;51;1;54490
215050;2025;45;4;290618
215050;2025;46;1;90818
215050;2025;48;2;181636
215050;2025;50;1;72654
215051;2024;44;3;204545
215051;2024;45;14;777272
215051;2024;46;3;190908
215051;2024;49;4;272727
215051;2024;50;1;54545
215053;2024;43;4;272727
215053;2024;44;5;340909
215053;2024;45;12;709090
215053;2024;48;1;68181
215053;2024;49;2;136364
215054;2024;44;3;204545
215054;2024;45;7;381818
215054;2024;46;2;136363
215054;2024;49;6;409091
215054;2024;51;3;163636
215054;2025;45;1;54545
215054;2025;47;1;68181
215055;2024;45;8;240000
215055;2024;48;3;109090
215055;2024;49;1;19200
215055;2024;50;18;610909
215057;2024;45;7;203636
215057;2024;48;3;109090
215057;2024;49;12;436363
215057;2024;50;14;509090
215059;2024;45;2;82166
215059;2024;50;7;353272
215059;2024;51;7;298454
215059;2025;47;7;426364
215080;2024;45;3;146181
215080;2024;46;1;60909
215080;2024;48;10;609090
215080;2024;49;4;243636
215080;2024;50;6;365454
215081;2024;47;5;181818
215081;2024;48;9;327272
215081;2024;49;8;290909
215081;2024;50;9;327272
215082;2024;43;1;63545
215082;2024;44;3;190636
215082;2024;45;6;330436
215082;2024;46;3;190636
215082;2024;47;3;190636
215082;2024;48;9;559200
215082;2024;49;3;190636
215082;2024;50;11;651340
215082;2024;51;3;158863
215082;2025;48;3;177926
215082;2025;49;1;38127
215082;2025;50;1;50836
215082;2025;51;1;38127
215083;2024;46;2;130909
215083;2024;47;2;130909
215083;2024;48;4;235636
215083;2024;50;9;474545
215083;2025;48;6;392727
215083;2025;50;1;52363
215083;2025;51;6;314181
215083;2025;52;1;39272
215168;2024;41;1;309090
215168;2024;45;5;1360000
215169;2024;45;3;1607272
215169;2024;46;2;1236363
215169;2024;50;1;463636
215170;2024;42;1;668181
215170;2024;45;2;1069090
215170;2024;47;2;1336363
215170;2024;48;2;1336363
215170;2024;49;1;668181
215182;2024;44;1;863636
215182;2024;45;1;690909
215182;2024;46;4;3454545
215182;2024;47;1;863636
215183;2024;41;2;218181
215183;2024;42;2;218181
215183;2024;43;1;109090
215183;2024;44;2;218181
215183;2024;45;4;349090
215183;2024;46;6;632727
215183;2024;47;2;218181
215183;2024;48;1;109090
215183;2024;49;2;218181
215184;2024;42;1;118181
215184;2024;44;1;118181
215184;2024;45;2;189090
215184;2024;46;3;354545
215184;2024;48;5;579090
215184;2024;49;11;1299999
215184;2024;50;17;1790454
215185;2024;44;3;831818
215185;2024;45;1;277272
215185;2024;46;1;277272
215185;2024;47;2;554545
215185;2024;48;13;3604545
215185;2024;49;1;277272
215185;2024;50;1;277272
215185;2024;51;2;443636
215191;2024;46;2;2709090
215191;2024;47;1;1354545
215191;2024;48;2;2709090
215191;2024;50;2;2573636
215191;2024;51;1;948181
215191;2024;52;1;948181
215192;2024;46;1;772727
215192;2024;49;1;772727
215192;2024;51;2;1081818
215192;2024;52;1;540909
215192;2025;47;1;772727
215192;2025;48;1;772727
215192;2025;49;1;772727
215192;2025;50;1;772727
215192;2025;51;1;540909
215192;2025;52;1;540909
215193;2024;45;1;894545
215193;2024;48;1;1118181
215193;2024;50;1;782727
215193;2025;45;1;894545
215193;2025;51;1;782727
215194;2024;45;1;159272
215194;2024;46;3;597272
215194;2024;47;3;597272
215194;2024;49;3;597272
215194;2024;50;2;278727
215195;2024;46;41;701272
215195;2024;47;73;1260909
215195;2024;48;43;742727
215195;2024;49;23;397272
215196;2024;46;21;1565999
215196;2024;47;13;1028181
215196;2024;48;6;474545
215197;2024;46;16;613636
215197;2024;47;20;818181
215198;2024;47;4;163636
215198;2024;48;2;81818
215198;2024;49;2;81818
215198;2024;50;3;122727
215198;2025;51;3;73636
215198;2025;52;1;24545
215199;2024;46;1;172727
215199;2024;48;1;172727
215199;2024;49;10;1727272
215199;2024;50;2;310909
215199;2024;51;2;276363
215200;2024;41;2;63636
215200;2024;43;11;324545
215200;2024;45;8;203636
215200;2024;46;15;477272
215200;2024;48;11;280000
215201;2024;42;12;381818
215201;2024;43;14;413636
215201;2024;44;7;222727
215201;2024;45;16;483636
215202;2024;45;1;47272
215202;2024;46;2;118181
215202;2024;47;13;768181
215202;2024;48;3;177272
215202;2024;49;4;236363
215202;2024;50;12;644091
215202;2024;52;1;31818
215202;2025;42;2;118181
215202;2025;43;4;236363
215202;2025;44;11;650000
215202;2025;45;15;715000
215202;2025;46;6;354545
215202;2025;47;13;762272
215202;2025;48;7;330909
215202;2025;49;2;106363
215202;2025;50;9;425454
215202;2025;51;3;106364
215203;2024;45;40;298181
215203;2024;46;83;730909
215203;2024;47;20;181818
215204;2024;45;1;71818
215204;2024;46;2;143636
215204;2024;48;13;933636
215204;2024;49;6;430908
215204;2024;50;1;71818
215204;2024;52;1;57454
215205;2024;46;6;416545
215205;2024;47;3;215454
215205;2024;48;3;179545
215205;2024;49;8;574545
215205;2024;50;4;287272
215206;2024;45;12;654545
215206;2024;47;4;272727
215206;2024;48;3;204545
215206;2024;49;31;2113636
215206;2024;50;5;259090
215206;2024;51;7;395454
215206;2024;52;13;613636
215206;2025;45;5;300000
215206;2025;46;15;947727
215206;2025;47;1;68181
215207;2024;46;1;62727
215207;2024;47;1;62727
215207;2024;48;9;564545
215207;2024;49;9;564545
215207;2024;51;7;363818
215207;2025;1;2;75272
215207;2025;45;2;112908
215207;2025;46;8;501817
215207;2025;47;7;439090
215207;2025;48;13;740181
215207;2025;50;5;250909
215207;2025;51;6;238363
215207;2025;52;10;376363
215208;2024;45;12;141818
215208;2024;46;63;840000
215208;2024;47;30;409090
215209;2024;45;2;65454
215209;2024;46;2;81818
215209;2024;47;7;286363
215209;2024;48;35;1431818
215209;2024;49;2;81818
215210;2024;43;2;127090
215210;2024;44;9;559200
215210;2024;45;32;1741145
215210;2024;46;21;1309037
215210;2024;47;8;508363
215210;2024;48;22;1385290
215210;2024;49;2;127090
215211;2024;46;3;586363
215211;2024;47;3;586363
215211;2024;48;1;195454
215211;2024;50;1;195454
215211;2024;51;1;156363
215212;2024;46;1;195454
215212;2024;47;3;586363
215212;2024;48;1;195454
215212;2025;47;1;195454
215213;2024;43;7;426363
215213;2024;44;8;475090
215213;2024;45;17;901454
215213;2024;46;13;791818
215213;2024;47;9;548181
215213;2024;48;13;706545
215213;2024;49;5;304545
215214;2024;45;2;152727
215214;2024;46;5;458181
215214;2024;47;3;286363
215214;2024;48;5;458181
215214;2024;49;8;763636
215214;2024;50;7;610909
215214;2024;52;1;76363
215215;2024;43;1;57272
215215;2024;44;2;114545
215215;2024;45;16;813272
215215;2024;46;13;721636
215215;2024;47;14;801818
215215;2024;48;6;343636
215215;2024;49;11;561273
215215;2024;50;4;229090
215215;2024;51;4;186136
215216;2024;47;6;463636
215216;2024;48;9;680000
215216;2024;49;12;927272
215216;2024;52;5;309090
215217;2024;45;6;370909
215217;2024;46;1;77272
215217;2024;47;2;154545
215217;2024;48;8;618181
215217;2024;49;30;2210000
215217;2024;50;16;1066363
215217;2025;45;2;139090
215217;2025;47;6;463636
215218;2024;42;3;177272
215218;2024;43;1;59090
215218;2024;45;9;425454
215218;2024;48;3;177272
215218;2024;49;10;531818
215218;2024;50;5;283636
215218;2024;51;1;47272
215218;2024;52;1;47272
215218;2025;1;2;82727
215218;2025;47;2;118181
215218;2025;49;1;59090
215218;2025;50;5;248181
215218;2025;51;1;41363
215219;2024;44;7;318181
215219;2024;45;15;590909
215219;2024;46;2;90909
215219;2024;47;1;45454
215219;2024;48;4;181818
215219;2024;49;5;218181
215219;2024;50;10;390908
215219;2024;51;3;109090
215220;2024;44;1;45454
215220;2024;45;5;209090
215220;2024;46;3;127272
215220;2024;47;1;45454
215220;2024;48;8;354545
215220;2024;49;6;272727
215220;2024;50;4;181818
215220;2024;51;1;36363
215220;2025;45;5;181818
215220;2025;46;3;122727
215220;2025;48;1;45454
215220;2025;49;2;90909
215220;2025;51;2;63636
215221;2024;40;2;81818
215221;2024;41;4;155454
215221;2024;43;5;204545
215221;2024;44;16;646362
215221;2024;45;21;760908
215221;2024;46;20;785454
215221;2024;47;15;613636
215221;2024;48;11;441818
215221;2024;49;2;77727
215222;2024;41;6;218181
215222;2024;42;6;272727
215222;2024;43;4;181818
215222;2024;44;11;486363
215222;2024;45;20;818181
215222;2024;46;1;45454
215223;2024;1;1;18181
215223;2024;41;2;36363
215223;2024;42;1;22727
215223;2024;43;7;159090
215223;2024;45;13;263636
215223;2024;46;9;195454
215223;2024;47;19;431818
215223;2024;48;15;340909
215223;2024;49;21;468180
215223;2024;50;31;636363
215223;2024;51;7;111363
215223;2024;52;2;36363
215223;2025;45;3;63636
215223;2025;46;5;104545
215223;2025;49;3;68181
215224;2024;41;1;50000
215224;2024;43;1;50000
215224;2024;44;1;50000
215224;2024;46;1;50000
215224;2024;48;9;450000
215224;2024;49;8;400000
215224;2024;50;5;227500
215224;2024;51;12;505000
215224;2024;52;1;40000
215224;2025;45;1;50000
215224;2025;46;1;50000
215224;2025;47;2;100000
215224;2025;48;2;80000
215224;2025;49;2;80000
215224;2025;50;6;240000
215224;2025;51;6;180000
215225;2024;40;1;17272
215225;2024;42;7;120909
215225;2024;43;9;155454
215225;2024;44;3;51818
215225;2024;45;5;69090
215225;2024;46;9;155454
215225;2024;47;13;224545
215225;2024;48;23;397273
215225;2024;49;22;380000
215225;2024;50;29;476727
215225;2024;51;9;124363
215225;2025;46;8;117454
215225;2025;48;1;17272
215225;2025;50;1;17272
215226;2024;45;8;612000
215226;2024;46;4;360000
215226;2024;47;2;180000
215226;2024;48;3;270000
215226;2024;49;4;360000
215226;2024;50;10;837000
215226;2024;51;7;504000
215226;2025;46;4;288000
215226;2025;49;2;144000
215226;2025;51;1;54000
215227;2024;44;15;913636
215227;2024;45;44;2241454
215227;2024;46;24;1443545
215227;2024;47;12;730909
215227;2024;48;1;48727
215228;2024;44;2;180000
215228;2024;45;9;648000
215228;2024;47;1;90000
215228;2024;48;4;360000
215228;2024;49;3;270000
215228;2024;50;17;1440000
215228;2024;51;10;693000
215228;2024;52;1;72000
215229;2024;43;1;62727
215229;2024;44;11;683727
215229;2024;45;22;1129091
215229;2024;46;6;376363
215229;2024;47;5;313636
215229;2024;48;7;401454
215229;2024;49;12;752727
215229;2025;45;3;175636
215230;2024;41;2;63636
215230;2024;42;2;63636
215230;2024;44;1;31818
215230;2024;45;13;381817
215230;2024;46;2;63636
215230;2024;47;8;254545
215230;2024;48;6;190909
215230;2024;49;3;95454
215230;2024;50;16;470909
215230;2024;51;6;133636
215230;2024;52;7;175000
215230;2025;46;2;57272
215230;2025;52;7;155909
215231;2024;43;1;54454
215231;2024;44;6;326727
215231;2024;45;37;1698981
215231;2024;46;4;206927
215231;2025;40;1;54454
215231;2025;41;4;217818
215231;2025;43;3;163363
215231;2025;44;4;217818
215231;2025;45;9;392072
215231;2025;46;21;1056418
215231;2025;47;15;816818
215231;2025;48;22;1078199
215231;2025;49;11;533654
215231;2025;50;8;348509
215232;2024;41;1;31818
215232;2024;42;1;31818
215232;2024;44;2;63636
215232;2024;45;11;318181
215232;2024;46;6;190909
215232;2024;47;7;222727
215232;2024;48;7;222727
215232;2024;49;7;222727
215232;2024;50;21;620454
215232;2024;51;8;178181
215232;2024;52;6;146363
215232;2025;46;5;159090
215232;2025;49;2;63636
215232;2025;51;2;44545
215232;2025;52;10;222727
215233;2024;41;2;509090
215233;2024;45;4;865454
215234;2024;44;10;544545
215234;2024;45;20;925727
215234;2024;46;1;43563
215234;2024;48;5;217818
215234;2025;42;4;196036
215234;2025;43;2;108909
215234;2025;44;2;108909
215234;2025;45;7;315836
215234;2025;46;8;424745
215234;2025;47;21;1143545
215234;2025;48;7;359400
215234;2025;49;20;1012854
215234;2025;50;1;43563
215235;2024;41;2;445454
215235;2024;42;1;222727
215235;2024;43;1;222727
215235;2024;45;2;400909
215236;2024;42;3;270000
215236;2024;45;2;180000
215236;2024;48;7;630000
215236;2024;49;9;810000
215236;2024;50;4;315000
215236;2024;51;10;711000
215236;2024;52;1;72000
215236;2025;49;3;216000
215236;2025;50;3;216000
215237;2024;42;3;270000
215237;2024;45;4;360000
215237;2024;47;4;360000
215237;2024;48;6;540000
215237;2024;49;20;1746000
215237;2024;50;2;157500
215237;2024;51;1;90000
215237;2025;46;2;162000
215237;2025;47;2;180000
215237;2025;48;2;180000
215238;2024;41;2;236363
215238;2024;42;8;945454
215238;2024;43;2;224545
215238;2024;44;2;236363
215238;2024;45;10;969090
215239;2024;44;3;122727
215239;2024;45;3;106363
215239;2024;48;4;151363
215239;2024;49;4;163636
215239;2024;50;3;110454
215239;2024;51;22;646363
215239;2024;52;8;237272
215239;2025;46;3;98181
215239;2025;48;1;32727
215239;2025;51;4;98181
215239;2025;52;16;392727
215240;2024;46;1;40909
215240;2024;47;2;81818
215240;2024;49;4;130909
215240;2024;51;2;57272
215240;2024;52;16;490909
215240;2025;45;3;98181
215240;2025;50;1;32727
215240;2025;51;2;65454
215241;2024;44;4;163636
215241;2024;45;8;286363
215241;2024;46;7;286363
215241;2024;47;6;245454
215241;2024;48;8;327272
215241;2024;49;9;319090
215241;2024;50;3;110454
215241;2024;51;8;245454
215241;2024;52;12;372272
215241;2025;44;1;40909
215241;2025;45;1;32727
215241;2025;46;3;98181
215241;2025;49;1;40909
215241;2025;51;3;73636
215241;2025;52;2;49090
215242;2024;41;3;109090
215242;2024;42;3;136363
215242;2024;43;7;318181
215242;2024;44;5;218181
215242;2024;45;4;154545
215242;2024;46;10;454545
215242;2024;47;6;272727
215242;2024;48;12;545454
215242;2024;49;5;227272
215242;2024;50;1;45454
215242;2025;49;1;45454
215243;2024;41;3;109090
215243;2024;42;4;181818
215243;2024;43;1;45454
215243;2024;44;6;254545
215243;2024;45;13;481818
215243;2024;46;3;136363
215243;2024;47;1;45454
215243;2024;49;3;136363
215243;2025;48;3;127272
215243;2025;50;1;36363
215244;2024;41;1;25454
215244;2024;43;2;63636
215244;2024;44;4;127272
215244;2024;45;5;152727
215244;2024;46;2;63636
215244;2024;47;3;95454
215244;2024;48;2;63636
215244;2024;49;2;63636
215244;2024;50;3;89090
215244;2024;51;6;151136
215244;2024;52;2;50909
215244;2025;49;1;31818
215244;2025;50;1;31818
215244;2025;51;4;89090
215244;2025;52;2;44545
215245;2024;41;4;163636
215245;2024;42;2;81818
215245;2024;43;3;169090
215245;2024;44;1;56363
215245;2024;45;31;1431636
215245;2024;46;13;676363
215245;2024;47;8;450909
215245;2024;48;7;388909
215245;2024;49;6;332545
215246;2024;43;3;32727
215246;2024;44;17;185454
215246;2024;45;34;325090
215246;2024;46;24;259636
215246;2024;47;18;192000
215246;2024;48;34;360000
215246;2024;49;14;152727
215247;2024;1;1;32727
215247;2024;43;4;163636
215247;2024;45;3;98181
215247;2024;46;3;114545
215247;2024;47;15;613636
215247;2024;48;10;400909
215247;2024;49;8;327272
215247;2024;50;7;259772
215247;2024;51;4;122727
215247;2024;52;2;65454
215247;2025;46;11;429545
215247;2025;50;2;81818
215248;2024;40;1;68181
215248;2024;42;1;68182
215248;2024;45;4;245454
215248;2024;46;1;68181
215248;2024;47;3;204545
215248;2024;48;6;409090
215248;2024;49;6;409091
215248;2024;50;13;763636
215248;2024;51;4;245454
215248;2025;46;3;204545
215248;2025;48;5;340909
215249;2024;42;5;220000
215249;2024;43;2;100000
215249;2024;44;2;100000
215249;2024;45;13;560000
215249;2024;46;5;250000
215249;2024;47;6;300000
215249;2024;48;5;240000
215249;2024;49;1;50000
215249;2024;50;1;37500
215249;2024;51;2;100000
215249;2024;52;1;40000
215249;2025;47;2;100000
215249;2025;48;1;50000
215249;2025;50;2;90000
215249;2025;52;1;35000
215250;2024;41;8;396909
215250;2024;42;16;858181
215250;2024;43;5;268181
215250;2024;44;8;429090
215250;2024;45;25;1126363
215250;2024;46;8;429090
215250;2024;47;13;697272
215250;2024;48;48;2553091
215250;2024;49;7;375454
215250;2025;43;7;375454
215250;2025;45;57;2510181
215250;2025;46;31;1330181
215251;2024;41;3;141818
215251;2024;43;4;236363
215251;2024;44;3;177272
215251;2024;45;46;2174546
215251;2024;46;10;590909
215251;2024;47;9;531818
215251;2024;48;29;1624999
215251;2024;49;32;1867272
215251;2024;50;6;295454
215252;2024;42;2;101454
215252;2024;43;4;218181
215252;2024;44;9;447272
215252;2024;45;15;676363
215252;2024;46;10;458181
215252;2024;47;3;163636
215252;2024;50;1;54545
215252;2024;51;2;87272
215253;2024;40;1;68181
215253;2024;41;2;136363
215253;2024;42;1;68181
215253;2024;43;5;340909
215253;2024;44;7;477272
215253;2024;45;8;463636
215254;2024;43;1;86363
215254;2024;45;3;207272
215254;2024;46;1;86363
215254;2024;47;2;172727
215254;2024;48;3;259090
215254;2025;44;1;86363
215255;2024;40;1;77272
215255;2024;41;6;463636
215255;2024;42;3;231818
215255;2024;43;5;386363
215255;2024;44;3;208635
215255;2024;45;4;216363
215255;2024;46;2;154545
215255;2024;47;2;154545
215256;2024;45;1;203636
215256;2024;46;1;254545
215256;2024;47;1;254545
215256;2024;48;1;254545
215256;2024;49;1;254545
215257;2024;43;1;36363
215257;2024;45;9;261818
215257;2024;46;4;145454
215257;2024;47;3;109090
215257;2024;49;6;174545
215257;2024;51;6;174545
215257;2024;52;3;87272
215257;2025;3;1;36363
215257;2025;4;1;36363
215257;2025;5;1;36363
215257;2025;7;1;29090
215257;2025;9;2;72727
215257;2025;11;1;36363
215257;2025;12;1;36363
215257;2025;13;2;72727
215257;2025;16;3;109090
215257;2025;20;1;36363
215257;2025;22;1;36363
215257;2025;30;2;72727
215257;2025;33;1;36363
215257;2025;36;1;36363
215257;2025;38;1;36364
215257;2026;13;1;29091
215258;2024;40;2;54545
215258;2024;41;1;44545
215258;2024;45;3;106909
215258;2024;46;1;44545
215258;2024;48;1;44545
215258;2024;49;1;44545
215258;2024;50;1;44545
215258;2024;51;5;173727
215258;2024;52;2;71272
215258;2025;3;4;160911
215258;2025;4;5;222727
215258;2025;6;1;44545
215258;2025;7;2;69045
215258;2025;9;4;178181
215258;2025;11;1;44545
215258;2025;12;2;89090
215258;2025;13;2;89091
215258;2025;21;1;44545
215258;2025;22;1;44545
215258;2025;23;1;44545
215258;2025;24;3;100227
215258;2025;27;2;89090
215258;2025;28;1;44545
215258;2025;30;2;89090
215258;2025;31;1;44545
215258;2025;33;1;35636
215259;2024;43;6;376363
215259;2024;45;6;313636
215259;2024;46;19;1191818
215259;2024;47;3;188181
215259;2024;48;6;313636
215259;2024;51;8;401454
215260;2024;42;4;200000
215260;2024;44;5;250000
215260;2024;45;22;920000
215260;2024;46;11;550000
215260;2024;49;5;250000
215261;2024;46;2;218181
215261;2024;52;1;65454
215261;2025;46;4;436363
215261;2025;52;1;65454
215271;2024;44;1;59090
215271;2024;45;10;531818
215271;2024;46;1;59090
215271;2024;47;3;177272
215271;2024;48;2;118181
215271;2024;49;4;236363
215271;2024;50;2;118181
215271;2025;44;4;236363
215271;2025;45;7;372272
215271;2025;47;7;413636
215273;2024;43;3;177272
215273;2024;44;2;118181
215273;2024;45;6;283636
215273;2024;47;5;295454
215273;2024;48;2;118181
215273;2024;49;5;295454
215273;2024;50;3;177272
215273;2024;52;3;141818
215273;2025;27;2;118181
215273;2025;31;1;59090
215273;2025;33;3;177272
215273;2025;49;3;141818
215273;2025;51;11;390000
215273;2025;52;3;106363
215273;2026;8;1;59090
215276;2024;42;2;136363
215276;2024;45;1;54545
215276;2024;48;4;265909
215276;2024;49;6;327273
215278;2024;46;7;1279090
215278;2024;47;6;1145454
215278;2024;48;1;190909
215278;2025;45;1;152727
215279;2024;46;10;1570909
215279;2024;47;3;490909
215281;2024;40;1;27272
215281;2024;41;3;81818
215281;2024;42;6;163636
215281;2024;43;4;109090
215281;2024;44;11;300000
215281;2024;45;27;632727
215281;2024;46;12;327272
215281;2024;47;24;654545
215281;2024;48;17;463636
215281;2024;49;8;218181
215281;2024;50;3;76363
215281;2024;51;2;54545
215281;2024;52;2;43636
215284;2024;43;2;190909
215284;2024;44;2;190909
215284;2024;45;9;687272
215284;2024;46;4;381818
215284;2024;47;4;381818
215284;2024;48;2;190909
215287;2024;41;1;136363
215287;2024;43;1;136363
215287;2024;44;2;272727
215287;2024;45;2;245454
215287;2024;46;2;259090
215287;2024;47;4;545454
215287;2024;48;5;681818
215287;2024;49;4;545454
215287;2024;50;1;136363
215289;2024;44;1;136363
215289;2024;45;2;218181
215289;2024;46;6;709090
215289;2024;47;5;681818
215289;2024;48;4;545454
215289;2024;49;8;1049999
215291;2024;42;2;245454
215291;2024;43;1;122727
215291;2024;44;3;368181
215291;2024;45;10;1030909
215291;2024;46;6;736363
215291;2024;47;1;122727
215293;2024;40;3;95454
215293;2024;45;12;369090
215293;2024;46;9;235454
215293;2024;47;4;127272
215293;2024;48;8;248181
215293;2024;49;7;222727
215293;2024;50;29;854318
215293;2024;51;19;493181
215293;2025;45;1;25454
215293;2025;46;1;31818
215293;2025;47;1;31818
215293;2025;48;3;95454
215295;2024;40;3;95454
215295;2024;45;13;381818
215295;2024;46;10;318181
215295;2024;47;9;286363
215295;2024;48;12;343636
215295;2024;49;10;318181
215295;2024;50;20;583863
215295;2024;51;13;334090
215295;2025;44;1;31818
215295;2025;45;2;57272
215295;2025;47;2;63636
215297;2024;40;1;177272
215297;2024;41;1;177272
215297;2024;43;1;177272
215297;2024;44;3;531817
215297;2024;45;5;744545
215297;2024;46;1;177272
215300;2024;43;1;180909
215300;2024;44;2;361818
215300;2024;45;5;796000
215300;2024;46;2;325636
215300;2024;48;2;289454
215305;2024;43;1;140909
215305;2024;44;1;140909
215305;2024;45;5;591818
215305;2024;46;2;253636
215305;2024;47;1;126818
215305;2024;48;2;281818
215306;2024;41;2;254545
215306;2024;42;3;381818
215306;2024;45;6;687272
215306;2024;46;1;101818
215310;2024;45;1;134545
215310;2024;46;4;672727
215310;2024;47;5;840909
215310;2024;48;1;168181
215310;2024;49;1;168181
215313;2024;45;1;83636
215313;2024;46;3;292727
215313;2024;47;1;104545
215313;2024;48;12;1254545
215313;2024;49;3;313636
215313;2024;50;1;104545
215313;2024;51;1;78409
215314;2024;43;6;125454
215314;2024;44;10;209090
215314;2024;45;44;811272
215314;2024;46;34;706727
215314;2024;47;17;355454
215317;2024;45;2;80000
215317;2024;46;6;300000
215317;2024;47;1;50000
215317;2024;48;4;195000
215317;2024;49;5;250000
215317;2024;50;4;175000
215317;2024;51;4;170000
215317;2024;52;5;190000
215317;2025;45;1;50000
215317;2025;46;4;190000
215317;2025;47;1;50000
215317;2025;49;3;150000
215317;2025;50;3;120000
215317;2025;51;2;60000
215320;2024;42;1;209090
215320;2024;44;1;209090
215320;2024;45;10;1756363
215323;2024;45;7;469272
215323;2024;46;5;404545
215323;2024;47;5;364091
215323;2024;48;16;1181272
215323;2024;49;1;64727
215323;2024;50;1;60682
215324;2024;41;1;200000
215324;2024;42;1;200000
215324;2024;43;4;720000
215324;2024;46;2;400000
215324;2024;47;1;200000
215324;2024;48;3;600000
215326;2024;43;3;560000
215326;2024;45;7;1120000
215326;2024;46;2;400000
215327;2024;43;2;138181
215327;2024;44;10;690909
215327;2024;45;20;1119272
215327;2024;46;7;476727
215327;2024;47;5;345454
215327;2025;48;1;55272
215327;2025;49;1;69090
215329;2024;40;1;159090
215329;2024;41;1;200000
215329;2024;43;3;540000
215329;2024;45;3;480000
215329;2024;46;1;200000
215329;2024;47;1;200000
215329;2024;48;1;200000
215329;2024;49;2;400000
215330;2024;44;2;149090
215330;2024;46;2;149090
215330;2024;48;11;775272
215330;2024;49;5;372727
215330;2025;48;2;119272
215330;2025;49;2;149090
215332;2024;41;1;127272
215332;2024;43;4;720000
215332;2024;44;1;200000
215332;2024;45;4;680000
215333;2024;45;21;1454745
215333;2024;46;11;768236
215333;2024;47;2;163454
215333;2024;48;7;572090
215333;2024;49;4;326909
215333;2024;52;3;132766
215336;2024;44;4;345454
215336;2024;45;18;1364545
215336;2024;46;11;777272
215336;2024;47;2;172727
215336;2024;48;7;604545
215336;2024;50;5;431818
215336;2024;51;1;77727
215338;2024;40;1;159090
215338;2024;41;1;200000
215338;2024;42;2;400000
215338;2024;43;7;1360000
215338;2024;44;1;200000
215340;2024;44;1;40909
215340;2024;45;5;163636
215340;2024;46;6;229090
215340;2024;47;4;163636
215340;2024;48;1;40909
215340;2024;49;1;40909
215341;2024;44;1;86363
215341;2024;45;4;276363
215341;2024;46;2;172727
215341;2024;47;2;172727
215341;2024;48;4;328181
215341;2024;49;4;345454
215341;2024;51;1;86363
215359;2024;43;16;581818
215359;2024;44;3;109090
215359;2024;45;5;181818
215360;2024;43;1;147954
215360;2024;44;4;636363
215360;2024;45;7;986363
215360;2024;46;1;159090
215360;2024;47;5;795454
215360;2024;48;5;795454
215363;2024;43;3;242727
215363;2024;45;8;598727
215363;2024;46;6;485454
215363;2024;47;15;1205545
215363;2024;49;4;258909
215364;2024;43;3;242727
215364;2024;45;4;275090
215364;2024;46;1;80909
215364;2024;47;10;809090
215364;2024;48;7;566363
215364;2024;49;4;275090
215364;2024;50;2;121364
215364;2024;51;4;307454
215367;2024;44;4;323636
215367;2024;45;2;129454
215367;2024;46;2;161818
215367;2024;47;6;485454
215367;2024;48;9;728181
215367;2024;49;13;1051817
215371;2024;48;1;86363
215371;2024;49;11;950000
215371;2024;50;11;885227
215371;2024;51;1;69090
215371;2025;47;7;544090
215372;2024;46;3;259090
215372;2024;47;1;86363
215372;2024;48;6;518181
215372;2024;49;16;1381818
215372;2024;50;7;604545
215372;2024;51;3;207272
215378;2024;44;4;323636
215378;2024;45;5;323636
215378;2024;48;1;80909
215378;2024;49;18;1456363
215378;2024;50;4;275090
215378;2024;52;4;173011
215379;2024;45;12;727272
215379;2024;46;3;218181
215379;2024;47;4;290909
215379;2024;48;3;218182
215379;2024;50;4;290909
215379;2025;50;1;58181
215382;2024;44;5;408637
215382;2024;45;19;1340327
215382;2024;46;5;408636
215382;2024;48;7;441327
215385;2024;45;7;457672
215385;2024;47;2;163454
215385;2024;48;8;621127
215385;2024;49;5;408636
215385;2024;50;3;245181
215385;2024;52;5;326909
215385;2025;45;6;392290
215389;2024;42;1;263636
215389;2024;43;2;474545
215389;2024;45;1;210909
215389;2024;46;3;738181
215389;2024;49;1;263636
215390;2024;46;2;436364
215390;2024;47;3;654545
215390;2024;48;1;218181
215390;2024;49;5;1069090
215392;2024;43;3;654545
215392;2024;45;1;174545
215392;2024;47;1;218181
215392;2024;49;4;872727
215393;2024;43;2;417272
215393;2024;45;2;440454
215393;2024;46;1;185454
215393;2024;48;1;231818
215393;2024;50;2;347727
215393;2024;51;1;185454
215393;2024;52;1;185454
215393;2025;46;2;417272
215395;2024;43;4;1580909
215395;2024;45;2;683636
215395;2024;46;2;854545
215395;2024;47;1;427272
215395;2024;49;3;1281818
215397;2024;41;1;127272
215397;2024;43;5;920000
215397;2024;44;1;200000
215397;2024;45;4;680000
215401;2024;43;3;1153636
215401;2024;45;1;341818
215401;2024;48;1;427272
215401;2024;51;1;341818
215402;2024;45;2;347636
215402;2024;47;5;1086363
215402;2024;48;2;434545
215402;2024;50;3;521454
215404;2024;46;1;427273
215404;2024;47;1;427272
215404;2024;49;2;854545
215404;2024;50;2;683636
215404;2024;51;1;341818
215404;2025;49;4;1709090
215405;2024;45;3;1003636
215405;2024;46;1;334545
215405;2024;47;1;418181
215405;2024;48;3;1254545
215407;2024;43;3;2452090
215411;2024;43;11;563636
215411;2024;44;5;273927
215411;2024;45;15;721454
215411;2024;46;2;112727
215411;2024;47;18;1014545
215411;2024;48;32;1781090
215411;2024;49;14;687636
215411;2024;50;1;42272
215413;2024;41;1;127272
215413;2024;43;4;740000
215413;2024;44;2;400000
215413;2024;45;4;640000
215413;2024;47;2;400000
215417;2024;46;2;63636
215417;2024;47;10;318181
215417;2024;48;9;286363
215417;2024;49;20;636363
215417;2024;50;3;85909
215417;2024;51;3;79545
215417;2025;46;1;25454
215419;2024;47;4;127272
215419;2024;48;11;346818
215419;2024;49;6;190909
215419;2024;50;8;235454
215419;2024;51;4;120909
215419;2024;52;2;50909
215419;2025;45;2;57272
215419;2025;47;6;190909
215419;2025;48;4;127272
215419;2025;49;1;31818
215420;2024;43;2;100000
215420;2024;45;9;370000
215420;2024;46;5;220000
215420;2024;47;1;50000
215420;2024;48;7;330000
215420;2024;49;17;740000
215420;2024;50;5;205000
215420;2024;52;3;120000
215423;2024;44;1;50000
215423;2024;45;4;160000
215423;2024;46;4;200000
215423;2024;48;5;230000
215423;2024;49;4;180000
215423;2024;50;3;112500
215423;2024;51;5;190000
215423;2025;47;2;100000
215423;2025;48;2;100000
215423;2025;49;6;270000
215423;2025;50;2;95000
215423;2025;51;3;105000
215423;2025;52;2;65000
215424;2024;1;2;43636
215424;2024;46;1;27272
215424;2024;47;8;218181
215424;2024;48;3;81818
215424;2024;49;21;572727
215424;2024;50;14;324545
215424;2024;51;19;411818
215424;2024;52;8;158181
215424;2025;45;2;43636
215424;2025;46;7;152727
215424;2025;47;1;27272
215424;2025;48;8;218181
215424;2025;49;2;54545
215427;2024;44;2;78181
215427;2024;45;7;234545
215427;2024;46;4;156363
215427;2024;48;7;234545
215427;2024;49;3;117272
215427;2024;50;3;97727
215427;2024;51;4;132909
215427;2025;49;1;39090
215427;2025;50;3;105545
215427;2025;51;1;27363
215427;2025;52;1;27363
215428;2024;46;7;658636
215428;2024;47;15;1422272
215428;2024;48;25;2367272
215428;2025;46;18;1565454
215428;2025;47;5;477272
215428;2025;48;1;95454
215429;2024;43;2;90909
215429;2024;44;7;318182
215429;2024;45;17;618181
215429;2024;46;13;572727
215429;2024;47;13;590909
215429;2024;48;28;1236364
215429;2024;49;42;1909090
215429;2024;50;17;761363
215429;2025;48;2;90909
215430;2024;43;1;168181
215430;2024;44;5;840909
215430;2024;45;2;269090
215430;2024;50;2;336363
215431;2024;43;10;507272
215431;2024;45;7;338181
215431;2024;46;5;281818
215431;2024;47;13;727090
215431;2024;48;7;377636
215431;2024;49;7;377636
215432;2024;44;7;311818
215432;2024;45;12;454363
215432;2024;46;3;133636
215432;2024;47;1;44545
215432;2024;48;3;115818
215432;2024;49;1;44545
215432;2024;50;1;33409
215432;2024;51;2;69045
215432;2024;52;7;249454
215432;2025;48;4;178181
215432;2025;50;3;106909
215432;2025;51;2;89090
215433;2024;44;4;178181
215433;2024;45;5;178181
215433;2024;46;1;44545
215433;2024;47;4;178181
215433;2024;48;8;356363
215433;2024;49;7;311818
215433;2024;50;7;311818
215433;2024;51;5;169272
215433;2024;52;5;178181
215433;2025;49;2;89090
215434;2024;41;4;581818
215434;2024;42;1;145454
215434;2024;43;4;581818
215434;2024;44;1;145454
215434;2024;45;1;116363
215435;2024;43;6;81818
215435;2024;44;12;163636
215435;2024;45;93;1080000
215435;2024;46;10;136363
215435;2024;48;12;141818
215435;2024;49;3;40909
215437;2024;47;4;509090
215437;2024;49;3;381818
215437;2024;50;3;381818
215438;2024;43;10;136363
215438;2024;44;5;68181
215438;2024;45;54;630000
215438;2024;46;29;384545
215438;2024;47;37;500454
215438;2024;48;34;447272
215438;2024;49;57;777270
215439;2024;46;2;327272
215439;2024;47;2;327272
215439;2024;48;1;163636
215439;2024;50;1;122727
215439;2025;44;2;327272
215439;2025;45;1;130909
215440;2024;45;1;21090
215440;2024;46;8;210909
215440;2024;47;8;210909
215440;2024;48;24;574727
215440;2024;49;33;864727
215440;2024;50;39;1014999
215440;2024;51;23;586590
215443;2024;41;8;1054545
215443;2024;43;8;1054545
215444;2024;43;1;26363
215444;2024;45;4;100181
215444;2024;46;9;226727
215444;2024;47;5;131818
215444;2024;48;8;189818
215444;2024;49;7;184545
215444;2024;50;5;118636
215444;2024;51;25;511454
215444;2024;52;15;295272
215444;2025;49;4;105454
215444;2025;50;6;147636
215444;2025;51;6;94909
215444;2025;52;7;110727
215445;2024;41;1;168181
215445;2024;42;1;168181
215445;2024;43;3;504545
215445;2024;44;5;840909
215446;2024;43;5;127272
215446;2024;44;8;203636
215446;2024;45;12;254545
215446;2024;46;24;565090
215446;2024;47;2;50909
215446;2024;48;25;636363
215446;2024;49;33;840000
215446;2024;50;10;237999
215446;2024;51;8;155272
215446;2024;52;3;61090
215446;2025;44;1;25454
215447;2024;44;9;204545
215447;2024;45;67;1340909
215447;2024;46;39;856818
215447;2024;47;22;499999
215447;2024;48;42;940909
215447;2024;49;7;159090
215447;2025;1;4;54545
215447;2025;42;1;22727
215447;2025;43;6;136363
215447;2025;44;1;22727
215447;2025;45;24;504545
215447;2025;46;11;218181
215447;2025;47;13;295454
215447;2025;48;19;431818
215447;2025;49;6;136363
215447;2025;50;9;186363
215447;2025;51;15;204545
215447;2025;52;28;381818
215448;2024;44;4;890909
215448;2024;45;4;801818
215449;2024;44;1;26363
215449;2024;45;15;332181
215449;2024;46;12;316363
215449;2024;47;15;395454
215449;2024;48;15;395454
215449;2024;49;20;527273
215449;2024;50;20;483772
215449;2024;51;3;63272
215449;2024;52;8;168727
215449;2025;1;1;15818
215449;2025;44;1;26363
215449;2025;45;2;42181
215449;2025;46;1;21090
215449;2025;47;2;52727
215449;2025;48;6;158181
215449;2025;49;4;94909
215449;2025;51;4;63272
215450;2024;44;1;131818
215450;2024;45;2;210909
215450;2024;47;3;395454
215450;2025;45;2;237272
215451;2024;1;2;42181
215451;2024;43;1;26363
215451;2024;44;4;105454
215451;2024;45;22;479818
215451;2024;46;11;289999
215451;2024;47;9;237272
215451;2024;48;9;237272
215451;2024;49;20;519363
215451;2024;50;31;760590
215451;2024;51;8;177954
215451;2024;52;11;232000
215451;2025;47;2;52727
215451;2025;48;1;26363
215451;2025;49;3;73818
215452;2024;41;2;336363
215452;2024;42;4;672727
215452;2024;43;4;672727
215452;2024;44;2;336363
215452;2024;45;3;470909
215453;2024;43;3;54545
215453;2024;45;51;781818
215453;2024;46;15;254545
215453;2024;47;29;527272
215453;2024;48;14;254545
215453;2024;49;4;72727
215453;2024;50;2;27272
215453;2024;51;1;14545
215453;2024;52;1;14545
215454;2024;1;1;28363
215454;2024;41;1;35454
215454;2024;42;6;212727
215454;2024;44;12;425454
215454;2024;49;1;35454
215454;2024;52;6;170181
215454;2025;3;14;496363
215454;2025;6;6;212727
215454;2025;7;6;170181
215454;2025;8;24;765818
215454;2025;10;24;850909
215454;2025;11;2;70909
215454;2025;14;1;35454
215454;2025;15;6;212727
215454;2025;19;6;159545
215454;2025;34;8;141818
215455;2024;43;2;45454
215455;2024;44;2;45454
215455;2024;45;52;1004545
215455;2024;46;13;290909
215455;2024;47;32;727272
215455;2024;48;8;181818
215455;2024;49;11;227272
215457;2024;41;3;109090
215457;2024;42;3;136363
215457;2024;43;4;168181
215457;2024;45;5;181818
215457;2024;46;2;90909
215457;2024;47;1;45454
215457;2024;49;27;1227273
215457;2025;46;2;72727
215458;2024;45;8;547272
215458;2024;46;1;78181
215458;2024;47;5;383090
215458;2024;48;5;390909
215458;2024;49;9;703636
215458;2024;50;18;1407272
215458;2024;51;2;117272
215461;2024;41;1;113636
215461;2024;46;1;90909
215461;2024;47;1;113636
215461;2024;50;4;426136
215461;2024;51;8;687500
215461;2024;52;2;181818
215461;2025;45;1;90909
215461;2025;46;5;477272
215462;2024;41;2;161818
215462;2024;44;1;80909
215462;2024;45;5;356000
215462;2024;46;1;80909
215462;2024;47;3;242727
215462;2024;48;2;161818
215462;2024;49;4;323636
215462;2024;50;4;283181
215462;2024;51;8;558272
215463;2024;46;6;342727
215463;2024;47;4;236363
215463;2024;49;8;472727
215465;2024;46;9;720000
215465;2024;47;3;270000
215465;2024;48;1;90000
215465;2025;42;2;180000
215465;2025;43;4;351000
215465;2025;44;3;270000
215465;2025;45;4;306000
215465;2025;46;7;540000
215465;2025;47;10;900000
215466;2024;47;3;354545
215466;2024;48;1;118181
215466;2024;49;3;354545
215466;2024;50;3;307272
215467;2024;41;9;400000
215467;2024;42;4;200000
215467;2024;44;9;450000
215467;2024;45;2;90000
215484;2024;46;35;773863
215484;2024;47;13;295454
215484;2024;48;34;772727
215484;2024;49;34;768181
215484;2024;50;12;255681
215484;2024;51;7;130681
215489;2024;46;33;745454
215489;2024;47;20;454545
215489;2024;48;13;295454
215489;2024;49;2;45454
215498;2024;44;4;90909
215498;2024;45;10;181818
215498;2024;46;5;113636
215498;2024;47;3;68181
215498;2024;48;23;522727
215498;2024;49;25;568181
215498;2024;50;17;346590
215498;2024;51;4;71590
215498;2025;45;1;22727
215498;2025;46;2;36363
215498;2025;47;2;45454
215499;2024;44;4;90909
215499;2024;46;2;45454
215499;2024;47;3;68181
215499;2024;48;10;227272
215499;2024;49;22;497727
215499;2024;50;15;335227
215499;2024;51;3;54545
215499;2025;45;1;18181
215499;2025;46;1;18181
215499;2025;47;6;136363
215499;2025;48;2;45454
215499;2025;49;1;22727
215499;2025;50;6;109090
215499;2025;51;16;254545
215500;2024;43;2;143636
215500;2024;44;1;71818
215500;2024;45;7;459636
215500;2024;46;9;517090
215500;2024;47;5;359090
215500;2024;48;5;359090
215500;2024;49;9;617636
215500;2024;50;9;617636
215500;2024;51;1;53863
215504;2024;44;1;68181
215504;2024;45;3;163636
215504;2024;46;10;565909
215504;2024;47;5;340909
215504;2024;48;12;818181
215504;2024;49;18;1200000
215504;2024;50;1;68181
215508;2024;43;1;81727
215508;2024;44;6;474018
215508;2024;45;13;964381
215508;2024;46;5;400463
215508;2024;47;1;81727
215508;2024;48;4;277872
215508;2024;49;6;490363
215508;2024;50;4;314650
215508;2025;45;3;196145
215508;2025;46;2;130763
215509;2024;43;1;81727
215509;2024;44;8;629299
215509;2024;45;9;621127
215509;2024;46;7;555745
215509;2024;47;9;735545
215509;2024;48;7;523054
215509;2024;49;1;81727
215509;2025;45;4;261527
215510;2024;1;3;207272
215510;2024;45;15;1209090
215510;2024;46;2;138182
215510;2024;47;2;172727
215510;2024;49;4;293636
215510;2024;51;1;64772
215510;2025;45;2;172727
215510;2025;46;2;138181
215510;2025;47;2;172727
215510;2025;48;2;172727
215510;2025;49;4;328181
215510;2025;50;2;138181
215510;2025;51;1;51818
215510;2025;52;2;103636
215511;2024;1;3;207272
215511;2024;44;1;86363
215511;2024;45;7;535454
215511;2024;46;2;138182
215511;2024;48;5;431818
215511;2024;49;5;431818
215511;2024;50;5;431818
215511;2024;51;5;345454
215511;2024;52;1;69090
215511;2025;1;1;51818
215511;2025;46;2;172727
215511;2025;47;1;86363
215511;2025;49;1;86363
215511;2025;50;2;138181
215511;2025;51;3;155454
215511;2025;52;1;51818
215512;2024;1;1;65381
215512;2024;44;2;163454
215512;2024;45;8;539400
215512;2024;47;2;163454
215512;2024;49;4;326909
215512;2024;50;2;155281
215512;2025;45;3;196145
215512;2025;46;3;196145
215512;2025;48;1;65381
215512;2025;49;2;147109
215512;2025;50;4;261527
215512;2025;51;1;49036
215513;2024;44;7;572090
215513;2024;45;8;572090
215513;2024;46;2;163454
215513;2024;47;1;81727
215513;2024;48;2;163454
215513;2024;49;5;408636
215513;2024;50;1;61295
215513;2024;51;3;196145
215513;2024;52;2;130763
215513;2025;45;6;441327
215513;2025;46;6;474018
215513;2025;47;3;245181
215513;2025;50;1;65381
215514;2024;44;1;86363
215514;2024;45;15;1139999
215514;2024;46;5;388636
215514;2024;47;4;345454
215514;2024;48;7;518181
215514;2024;49;13;1122727
215514;2024;51;1;64772
215514;2024;52;3;207272
215515;2024;43;3;259090
215515;2024;44;5;431818
215515;2024;45;31;2383636
215515;2024;46;7;535454
215515;2024;47;2;172727
215516;2024;45;5;400000
215516;2024;47;1;100000
215516;2024;52;4;320000
215516;2025;45;5;480000
215516;2025;46;10;960000
215516;2025;47;3;300000
215516;2025;50;1;80000
215516;2025;51;1;60000
215517;2024;43;1;100000
215517;2024;45;4;340000
215517;2024;46;2;200000
215517;2024;47;2;200000
215517;2024;48;5;440000
215517;2024;49;2;200000
215517;2024;50;3;300000
215517;2024;52;5;400000
215517;2025;45;6;480000
215517;2025;46;4;380000
215517;2025;47;1;100000
215517;2025;48;5;420000
215517;2025;49;3;280000
215518;2024;45;5;359599
215518;2024;50;2;163454
215518;2024;51;2;122590
215518;2025;46;1;81727
215518;2025;49;2;163454
215518;2025;50;2;130763
215518;2025;51;5;245181
215519;2024;43;2;163454
215519;2024;45;1;65381
215519;2024;46;2;163454
215519;2024;48;1;65381
215519;2024;49;3;212490
215519;2024;51;1;65381
215519;2025;1;1;49036
215519;2025;45;3;212490
215519;2025;46;2;147109
215519;2025;47;3;245181
215519;2025;48;6;424981
215519;2025;49;3;228836
215519;2025;50;9;588436
215519;2025;51;6;294218
215520;2024;41;1;10909
215520;2024;42;2;27272
215520;2024;43;1;13636
215520;2024;44;2;27272
215520;2024;45;44;497727
215520;2024;46;20;267272
215520;2024;48;2;24545
215521;2024;41;1;47272
215521;2024;44;2;118181
215521;2024;45;1;47272
215521;2024;46;1;59090
215521;2024;47;1;59090
215522;2024;42;1;286363
215522;2024;45;1;229090
215522;2024;49;1;286363
215523;2024;45;3;732727
215523;2024;46;2;507272
215523;2024;47;1;281818
215523;2024;49;1;281818
215524;2024;41;4;865454
215524;2024;42;1;254545
215524;2024;43;1;254545
215525;2024;41;1;336363
215525;2024;44;1;336363
215525;2024;45;4;1076363
215526;2024;45;91;670909
215526;2024;46;218;1897727
215526;2024;47;3;27272
215526;2024;48;13;96363
215526;2024;49;28;254545
215526;2024;50;5;45454
215526;2024;51;1;9090
215528;2024;47;1;426363
215528;2024;49;1;362409
215529;2024;42;2;377227
215529;2024;44;4;781818
215529;2024;45;2;390909
215529;2024;46;1;195454
215529;2024;48;2;351818
215532;2024;44;3;215454
215532;2024;45;9;545818
215532;2024;46;10;718182
215532;2024;48;1;71818
215533;2024;45;3;850909
215533;2024;46;1;327272
215533;2024;49;3;932726
215533;2024;51;1;261818
215535;2024;45;1;426363
215535;2024;47;1;426364
215535;2024;49;1;362409
215535;2024;51;1;341090
215535;2025;41;1;426363
215535;2025;42;1;426363
215536;2024;40;1;150000
215536;2024;42;3;450000
215536;2024;43;8;1200000
215536;2024;44;6;900000
215536;2024;45;5;600000
215536;2024;48;1;150000
215536;2024;49;1;150000
215537;2024;40;4;490909
215537;2024;41;1;122727
215537;2024;43;1;122727
215537;2024;44;2;245454
215537;2024;45;8;834545
215537;2024;46;7;834545
215537;2024;47;1;122727
215537;2025;42;2;245454
215537;2025;45;5;540000
215537;2025;46;4;466363
215537;2025;47;9;1104545
215537;2025;48;1;122727
215537;2025;49;3;368181
215538;2024;40;2;136363
215538;2024;41;5;327272
215538;2024;42;3;204545
215538;2024;43;2;131590
215538;2024;44;7;477272
215538;2024;45;28;1540909
215538;2024;46;1;68181
215538;2024;49;2;136363
215539;2024;43;1;309090
215539;2024;45;1;247272
215539;2024;46;1;247272
215539;2024;50;1;231818
215540;2024;43;1;209090
215540;2024;45;4;669090
215540;2024;48;1;209090
215540;2024;49;2;418181
215541;2024;45;4;803636
215541;2024;46;2;425454
215541;2024;47;1;236363
215541;2025;45;2;378181
215541;2025;46;3;709090
215541;2025;47;1;236363
215541;2025;48;1;236363
215541;2025;49;1;236363
215541;2025;50;1;236363
215545;2024;41;2;29090
215545;2024;43;6;87272
215545;2024;44;11;160000
215545;2024;45;6;81454
215545;2024;47;4;52363
215545;2024;48;36;523636
215545;2024;49;66;948363
215545;2024;50;84;1181818
215546;2024;44;1;126363
215546;2024;45;1;101090
215546;2024;47;1;126363
215546;2024;48;3;379090
215546;2025;47;2;252727
215546;2025;48;2;252727
215546;2025;49;1;126363
215546;2025;50;1;126363
215546;2025;51;2;151636
215547;2024;40;2;52727
215547;2024;42;4;105454
215547;2024;43;7;184545
215547;2024;44;8;210908
215547;2024;45;12;268908
215547;2024;46;3;79090
215547;2024;47;1;26363
215547;2024;48;3;68545
215553;2024;40;1;26363
215553;2024;42;3;79090
215553;2024;43;1;26363
215553;2024;44;3;79090
215553;2024;45;8;184545
215553;2024;46;4;105454
215553;2024;47;4;105454
215553;2024;48;5;121272
215553;2024;49;2;52727
215553;2024;50;1;26363
215553;2024;51;2;47454
215553;2025;45;1;21090
215553;2025;46;4;105454
215554;2024;47;1;162727
215554;2024;48;3;488181
215554;2024;49;5;789227
215554;2024;50;3;447500
215555;2024;49;4;650909
215555;2024;50;7;984500
215555;2025;47;1;162727
215556;2024;49;1;162727
215556;2024;50;5;691590
215556;2024;51;5;634636
215556;2024;52;1;130181
215556;2025;47;1;162727
215556;2025;49;1;162727
215557;2024;44;2;129272
215557;2024;45;12;847454
215557;2024;46;6;359090
215557;2024;47;4;287272
215557;2024;48;7;459636
215557;2024;49;16;1106000
215557;2024;50;2;143636
215558;2024;43;3;340909
215558;2024;44;3;340909
215558;2024;45;17;1568181
215558;2024;48;1;102272
215558;2025;42;1;113636
215558;2025;43;9;1022727
215558;2025;44;2;227272
215558;2025;45;1;113636
215558;2025;46;11;1045454
215559;2024;41;1;243636
215559;2024;44;2;609090
215560;2024;43;2;136363
215560;2024;44;6;409090
215560;2024;45;20;1213636
215560;2024;46;6;327272
215560;2024;47;7;477272
215560;2024;48;7;477272
215561;2024;45;6;354545
215561;2024;46;3;204545
215561;2024;47;6;381818
215561;2024;48;16;1022727
215561;2024;49;16;1090909
215562;2024;44;2;136363
215562;2024;45;13;763635
215562;2024;46;9;579545
215562;2024;47;13;886363
215562;2024;48;12;818181
215563;2024;43;14;254545
215563;2024;44;14;254545
215563;2024;45;79;1210909
215563;2024;46;20;352727
215563;2024;47;17;309090
215563;2024;48;25;370909
215563;2024;49;20;363636
215564;2024;47;1;304545
215564;2025;1;1;304545
215564;2025;34;2;182727
215565;2024;41;1;178181
215565;2024;44;2;445454
215565;2024;47;1;222727
215565;2025;46;1;178181
215566;2024;47;1;222727
215566;2025;1;1;222727
215566;2025;26;1;178181
215566;2025;34;4;267272
215567;2024;45;7;338181
215567;2024;46;17;952545
215567;2024;47;19;1037090
215567;2024;48;4;208545
215567;2024;50;1;42272
215568;2024;41;3;521818
215568;2024;42;5;931818
215568;2024;43;2;372727
215569;2024;43;3;101818
215569;2024;44;7;241818
215569;2024;45;41;1232727
215569;2024;46;21;698181
215570;2024;43;1;45363
215570;2024;44;2;90727
215570;2024;45;7;263109
215570;2024;46;4;181454
215570;2024;47;13;589727
215570;2024;48;13;576118
215570;2024;49;5;226818
215570;2024;50;1;34022
215570;2024;51;2;72581
215570;2025;48;1;45363
215571;2024;42;2;180000
215571;2024;43;1;90000
215571;2024;44;2;180000
215571;2024;45;8;666000
215571;2024;46;6;540000
215571;2024;47;1;81000
215571;2024;48;5;450000
215572;2024;40;1;126363
215572;2024;41;4;505454
215572;2024;42;3;379090
215572;2024;43;3;379090
215573;2024;43;3;122727
215573;2024;44;5;204545
215573;2024;45;23;809999
215573;2024;46;6;237272
215573;2024;47;5;204545
215573;2024;48;6;245454
215574;2024;41;1;486363
215574;2024;45;4;1750909
215575;2024;44;1;40909
215575;2024;45;6;204545
215575;2024;46;7;286363
215575;2024;47;3;122727
215575;2024;48;2;81818
215575;2024;49;1;40909
215575;2024;50;3;92045
215576;2024;42;3;1459090
215576;2024;43;1;486363
215577;2024;43;1;40909
215577;2024;44;6;245454
215577;2024;45;30;990000
215577;2024;46;3;114545
215577;2024;47;8;327272
215578;2024;43;3;122727
215578;2024;44;4;163636
215578;2024;45;11;384545
215578;2024;46;2;81818
215578;2024;48;4;130909
215579;2024;43;1;80909
215579;2024;44;2;161818
215579;2024;45;12;873818
215579;2024;46;4;323636
215743;2024;45;1;530909
215743;2024;46;2;1327272
215744;2024;44;2;72727
215744;2024;45;18;618181
215744;2024;46;3;98181
215744;2024;48;36;1127272
215744;2024;49;4;145454
215744;2024;51;6;218181
215744;2025;4;10;363636
215744;2025;10;3;109091
215744;2025;16;1;36363
215744;2025;37;7;254545
215745;2024;47;3;204545
215745;2024;48;7;381818
215745;2024;49;10;572727
215745;2024;50;3;194318
215745;2025;1;3;204545
215745;2025;6;1;68181
215745;2025;15;1;68181
215745;2025;24;1;68181
215745;2025;28;1;68181
215745;2025;31;1;68181
215745;2025;48;2;136363
215746;2024;40;2;245454
215746;2024;44;2;245454
215746;2024;45;7;736363
215746;2024;46;3;368181
215746;2024;48;10;1227272
215747;2024;1;2;36363
215747;2024;45;2;36363
215747;2024;46;1;22727
215747;2024;47;2;45454
215747;2024;48;9;204545
215747;2024;49;24;522727
215747;2024;50;28;617272
215747;2024;51;14;262500
215747;2024;52;19;345454
215747;2025;1;4;54545
215747;2025;49;2;45454
215747;2025;50;2;36363
215747;2025;52;4;54545
215748;2024;42;1;218181
215748;2024;43;1;218181
215748;2024;45;8;1527272
215748;2024;46;2;436363
215749;2024;41;2;245454
215749;2024;42;4;490909
215749;2024;44;1;122727
215749;2024;45;10;1055454
215752;2024;40;3;136363
215752;2024;50;1;45454
215752;2024;51;3;125000
215752;2024;52;2;90909
215752;2025;1;3;109090
215752;2025;50;2;90909
215752;2025;51;1;45454
215752;2025;52;1;45454
215754;2024;45;6;1607272
215755;2024;40;1;309090
215755;2024;41;1;247272
215755;2024;43;1;309090
215755;2024;44;2;618181
215755;2024;45;1;247272
215756;2024;41;1;309090
215756;2024;42;1;309090
215756;2024;44;2;618181
215756;2024;45;2;494545
215757;2024;41;1;209090
215757;2024;42;1;209090
215757;2024;44;3;627272
215757;2024;45;4;710909
215758;2024;41;1;578181
215758;2024;42;1;578182
215759;2024;42;1;908181
215760;2024;46;1;908181
215760;2024;47;1;908181
215761;2024;42;1;190909
215761;2024;45;7;1069090
215761;2024;46;1;190909
215761;2024;47;1;171818
215761;2024;48;2;381818
215761;2024;49;4;715909
215762;2024;42;1;190909
215762;2024;45;7;1069090
215762;2024;46;1;190909
215762;2024;47;1;171818
215762;2024;49;5;906818
215762;2025;46;1;190909
215763;2024;40;1;59090
215763;2024;42;1;59090
215763;2024;44;6;342727
215763;2024;45;39;1961818
215763;2024;46;1;59090
215764;2024;41;1;40909
215764;2024;42;1;40909
215764;2024;43;2;81818
215764;2024;44;3;122727
215764;2024;45;49;1791818
215764;2024;46;4;163636
215764;2024;47;3;122727
215764;2024;48;17;695454
215764;2024;49;15;613636
215764;2024;50;5;184090
215764;2024;51;8;278181
215764;2024;52;3;98181
215764;2025;1;1;15272
215764;2025;45;4;139090
215764;2025;46;6;212727
215764;2025;47;2;81818
215764;2025;48;1;25454
215764;2025;50;1;25454
215765;2024;42;1;40909
215765;2024;44;8;315000
215765;2024;45;33;1210909
215765;2024;46;10;409090
215765;2024;47;7;282272
215765;2024;48;15;531818
215765;2024;49;17;695454
215765;2024;50;8;282272
215765;2024;51;2;73636
215765;2025;45;16;654545
215765;2025;46;1;32727
215766;2024;44;1;36363
215766;2024;45;32;989090
215766;2024;50;4;145454
215766;2024;51;6;174545
215766;2025;1;1;15272
215766;2025;47;2;50909
215766;2025;51;1;15272
215767;2024;40;1;40909
215767;2024;41;1;40909
215767;2024;43;2;81818
215767;2024;44;7;286363
215767;2024;45;16;523636
215767;2024;46;9;368181
215767;2024;47;4;163636
215767;2024;48;6;245454
215767;2024;49;2;81818
215768;2024;42;3;160909
215768;2024;43;3;160909
215768;2024;44;2;107272
215768;2024;45;27;1255090
215768;2024;46;5;236000
215768;2024;47;7;375454
215768;2024;48;15;804545
215768;2024;49;8;429090
215768;2024;50;2;107272
215772;2024;40;4;141818
215772;2024;41;8;269454
215772;2024;42;5;177272
215772;2024;43;8;283636
215772;2024;44;10;354545
215772;2024;45;23;705545
215772;2024;46;6;198545
215772;2024;47;1;35454
215772;2025;45;1;35454
215773;2024;40;8;283636
215773;2024;41;5;177272
215773;2024;42;10;354545
215773;2024;43;13;460909
215773;2024;44;16;567272
215773;2024;45;31;950181
215773;2024;46;35;1226727
215773;2024;47;25;886363
215773;2024;48;1;35454
215773;2025;42;7;248181
215773;2025;43;11;390000
215773;2025;44;13;460909
215773;2025;45;23;737454
215773;2025;46;2;56727
215774;2024;47;5;250000
215774;2024;48;12;600000
215774;2024;49;3;150000
215774;2024;50;11;450000
215774;2024;51;18;725000
215774;2024;52;14;560000
215774;2025;3;2;100000
215775;2024;1;1;42909
215775;2024;44;4;214545
215775;2024;46;2;107272
215775;2024;47;2;107272
215775;2024;48;4;214545
215775;2024;49;2;107272
215775;2024;51;1;42909
215775;2024;52;2;85818
215775;2025;1;1;53636
215776;2024;43;2;143636
215776;2024;46;7;502727
215776;2024;48;1;71818
215776;2024;49;1;71818
215776;2024;50;4;222636
215776;2024;51;4;229818
215776;2024;52;15;861818
215776;2025;6;1;71818
215776;2025;24;1;53863
215777;2024;47;1;86363
215777;2024;52;2;138181
215777;2025;5;1;86363
215777;2025;6;1;86363
215777;2025;7;1;69090
215777;2025;9;1;86363
215777;2025;12;3;259090
215777;2025;14;7;552727
215777;2025;15;6;518181
215777;2025;18;1;86363
215777;2025;20;1;86363
215777;2025;24;1;86363
215777;2025;25;6;518182
215777;2025;43;17;1433636
215777;2025;50;1;69090
215790;2024;47;1;95454
215790;2024;48;4;381818
215790;2024;50;7;501136
215790;2024;52;8;610909
215790;2025;7;1;76363
215790;2025;12;3;286363
215790;2025;15;2;190909
215790;2025;18;2;190909
215790;2025;19;3;214772
215790;2025;25;2;190909
215790;2025;28;1;95454
215790;2025;29;1;95454
215790;2025;30;1;85909
215790;2025;39;2;190909
215790;2025;47;2;171818
215790;2025;48;3;286363
215790;2025;49;1;95454
215790;2026;2;2;190909
215791;2024;41;5;246727
215791;2024;42;4;214545
215791;2024;43;3;160909
215791;2024;44;11;584636
215791;2024;45;22;1051272
215791;2024;46;46;2402909
215791;2024;47;26;1383818
215791;2024;48;8;429090
215791;2024;49;10;536363
215791;2024;50;1;53636
215792;2024;41;1;309090
215792;2024;42;1;309090
215792;2024;43;2;618181
215792;2024;44;1;309091
215792;2024;45;7;1792727
215793;2024;44;1;118181
215793;2024;45;4;401818
215793;2024;46;3;330909
215793;2024;48;3;354545
215793;2025;46;1;118181
215794;2024;45;13;378181
215794;2024;46;1;36363
215794;2024;47;4;145454
215794;2024;48;4;141818
215794;2024;49;1;36363
215794;2024;51;1;29090
215795;2024;44;3;354545
215795;2024;45;4;401818
215795;2024;46;2;212727
215795;2024;47;1;118181
215795;2024;48;1;118181
215796;2024;44;1;31818
215796;2024;45;12;324545
215796;2024;46;4;114545
215796;2024;47;1;31818
215796;2024;48;6;190908
215797;2024;43;1;36363
215797;2024;47;2;72727
215797;2024;48;1;36363
215797;2024;49;2;72727
215797;2024;51;4;110909
215797;2025;46;3;101818
215797;2025;47;3;109090
215797;2025;48;2;72727
215797;2025;49;1;36363
215797;2025;50;1;36363
215798;2024;44;3;163363
215798;2024;45;3;152472
215798;2024;46;9;490090
215798;2024;47;8;435636
215798;2024;48;1;54454
215798;2024;49;9;490090
215798;2024;50;2;108909
215798;2024;51;2;84404
215798;2024;52;3;130690
215799;2024;41;6;136363
215799;2024;42;24;545454
215799;2024;43;8;181818
215799;2024;48;27;581818
215799;2024;49;5;90909
215799;2025;48;32;727272
215799;2025;49;16;363636
215800;2024;44;2;108909
215800;2024;45;5;228709
215800;2024;46;17;914836
215800;2024;47;8;435636
215800;2024;48;1;54454
215800;2024;49;4;217818
215800;2024;50;3;163363
215801;2024;44;4;167272
215801;2024;45;1;33454
215801;2024;46;3;108727
215801;2024;47;3;121272
215801;2024;48;2;83636
215801;2024;49;2;66909
215801;2024;50;11;449545
215801;2024;51;6;215363
215801;2024;52;3;100363
215801;2025;46;1;41818
215801;2025;47;4;167272
215802;2024;45;21;811272
215802;2024;46;3;117090
215802;2024;47;8;334545
215802;2024;48;5;209090
215802;2024;49;1;33454
215803;2024;43;4;98181
215803;2024;44;18;441818
215803;2024;45;24;520363
215803;2024;46;22;530181
215803;2024;47;18;441818
215803;2024;48;14;343636
215803;2024;49;11;270000
215803;2024;50;5;111681
215803;2025;45;5;103090
215803;2025;46;2;39272
215803;2025;47;2;49090
215803;2025;48;2;49090
215804;2024;45;3;425454
215804;2024;46;3;425454
215804;2024;47;2;327272
215804;2024;48;5;818181
215805;2024;44;1;200000
215805;2024;46;2;400000
215805;2024;47;1;200000
215805;2024;48;2;400000
215805;2024;49;1;200000
215805;2024;51;1;150000
215806;2024;44;8;800000
215806;2024;45;8;660000
215806;2024;46;10;1000000
215806;2024;47;2;200000
215806;2024;48;5;500000
215806;2025;49;2;160000
215807;2024;41;1;213636
215807;2024;45;1;170909
215807;2024;46;2;427272
215807;2024;47;1;213636
215808;2024;44;9;450000
215808;2024;45;4;160000
215808;2024;46;5;250000
215808;2024;48;2;100000
215808;2024;49;5;250000
215808;2024;50;7;337500
215808;2024;51;2;77500
215808;2025;45;2;80000
215808;2025;48;2;100000
215808;2025;52;8;240000
215809;2024;43;2;289090
215809;2024;44;3;433636
215809;2024;45;12;1445454
215809;2024;46;1;115636
215809;2024;48;4;578181
215810;2024;44;16;363636
215810;2024;45;38;690909
215810;2024;46;9;204545
215810;2024;48;14;309090
215810;2024;49;5;113636
215810;2024;50;17;342045
215810;2024;51;2;40909
215810;2024;52;17;309090
215810;2025;45;1;18181
215810;2025;46;7;136364
215810;2025;48;2;45454
215810;2025;49;1;20454
215810;2025;50;1;22727
215810;2025;51;1;13636
215810;2025;52;2;27272
215811;2024;45;2;227272
215811;2024;46;5;556818
215811;2024;47;3;340909
215811;2024;48;2;227272
215811;2024;49;13;1477272
215811;2024;50;3;340909
215811;2025;45;1;90909
215811;2025;46;1;90909
215812;2024;43;1;100000
215812;2024;45;1;80000
215812;2024;46;1;100000
215812;2024;47;1;100000
215812;2024;48;3;290000
215812;2024;49;2;200000
215812;2024;50;2;200000
215812;2024;51;1;80000
215812;2025;1;2;200000
215812;2025;3;1;100000
215812;2025;7;2;150000
215812;2025;18;1;100000
215812;2025;20;1;100000
215812;2025;23;4;400000
215812;2026;9;1;100000
215813;2024;44;1;154545
215813;2024;45;10;1360000
215813;2024;46;6;927272
215813;2024;47;4;618181
215813;2024;48;5;772727
215813;2025;10;2;247273
215813;2025;45;2;278181
215814;2024;42;2;289090
215814;2024;44;2;289090
215814;2024;45;10;1214181
215814;2024;46;3;404727
215814;2024;47;3;433636
215814;2024;50;1;144545
215815;2024;46;1;195454
215815;2024;49;3;527727
215815;2024;50;3;547272
215815;2025;44;1;195454
215816;2024;43;10;500000
215816;2024;44;10;500000
215816;2024;45;31;1410000
215816;2024;46;12;600000
215816;2024;47;2;100000
215817;2024;43;7;222727
215817;2024;44;1;31818
215817;2024;45;35;973636
215817;2024;46;7;222727
215817;2024;47;16;509090
215817;2024;48;14;445454
215817;2024;49;18;572726
215817;2024;50;1;31818
215817;2024;51;2;57272
215817;2025;44;1;31818
215818;2024;41;1;72727
215818;2024;43;1;72727
215818;2024;44;8;581818
215818;2024;45;23;1454545
215818;2024;46;8;581818
215818;2024;47;6;436363
215818;2024;48;7;509090
215818;2024;49;7;509090
215818;2024;50;7;476363
215818;2024;51;1;72727
215818;2025;46;6;421817
215818;2025;47;1;72727
215819;2024;41;2;145454
215819;2024;42;5;363636
215819;2024;43;1;72727
215819;2024;44;11;799999
215819;2024;45;22;1280000
215819;2024;46;7;509090
215819;2024;47;4;290909
215819;2024;48;19;1294545
215819;2024;49;10;698181
215819;2024;50;1;72727
215820;2024;42;1;245454
215820;2024;45;4;785454
215820;2024;46;2;490909
215820;2024;47;2;490909
215820;2024;48;1;245454
215820;2024;50;1;245454
215821;2024;40;2;100000
215821;2024;42;4;200000
215821;2024;43;3;150000
215821;2024;44;4;200000
215821;2024;45;23;1000000
215821;2024;46;4;200000
215821;2024;48;18;720000
215821;2024;52;1;40000
215821;2025;51;1;40000
215822;2024;43;8;872727
215822;2024;44;4;436363
215822;2024;45;12;1134545
215822;2024;46;16;1745454
215822;2024;48;5;436363
215822;2024;49;6;621818
215825;2024;41;1;77272
215825;2024;44;5;355455
215825;2024;45;10;695453
215825;2024;46;2;61818
215825;2024;47;8;618181
215825;2024;48;17;1050909
215825;2025;46;1;77272
215825;2025;47;2;154545
215825;2025;50;2;123636
215831;2024;41;2;227272
215831;2024;42;5;545454
215831;2024;45;1;90909
215831;2024;46;4;454545
215832;2024;41;4;181454
215832;2024;42;8;362909
215833;2024;43;3;106363
215833;2024;44;12;425454
215833;2024;45;18;602727
215833;2024;46;1;35454
215833;2024;48;12;425454
215833;2024;49;12;425454
215833;2024;50;4;141818
215836;2024;44;3;95454
215836;2024;45;12;369090
215836;2024;46;1;31818
215836;2024;48;27;731818
215836;2024;49;14;445454
215836;2024;50;20;470909
215836;2024;51;44;941818
215836;2024;52;20;464545
215836;2025;45;1;31818
215836;2025;46;4;101818
215836;2025;47;14;445454
215836;2025;49;16;470909
215836;2025;50;15;381818
215836;2025;51;41;782727
215836;2025;52;6;114545
215842;2024;45;1;50000
215842;2024;46;1;50000
215842;2024;47;2;100000
215842;2024;48;25;1070000
215842;2024;49;7;350000
215842;2024;51;4;160000
215842;2025;42;8;400000
215842;2025;45;18;760000
215842;2025;47;21;1050000
215842;2025;48;12;540000
215850;2024;42;1;26363
215850;2024;45;5;131818
215850;2024;46;1;26363
215850;2024;47;6;158181
215850;2024;48;4;105454
215850;2024;49;26;685454
215850;2024;50;35;863409
215850;2024;51;9;189818
215850;2024;52;1;21090
215850;2025;45;1;26363
215850;2025;46;6;158181
215850;2025;48;3;63272
215850;2025;50;1;21090
215852;2024;41;4;105454
215852;2024;42;4;105454
215852;2024;43;6;158181
215852;2024;45;79;1935091
215852;2024;47;5;131818
215852;2024;48;8;168727
215852;2024;50;1;26363
215854;2024;45;29;843818
215854;2024;46;8;283636
215854;2024;47;26;921818
215854;2024;48;17;602727
215854;2024;49;57;1896817
215854;2024;50;32;1061509
215854;2024;51;33;898772
215854;2025;48;10;297818
215856;2024;43;4;141818
215856;2024;44;5;177272
215856;2024;45;66;2106000
215856;2024;46;20;670090
215856;2024;47;6;212727
215856;2024;48;6;170181
215857;2024;42;1;159090
215857;2024;44;1;159090
215857;2024;45;4;509090
215857;2024;46;8;1272727
215857;2024;47;6;954545
215857;2024;48;13;1877272
215858;2024;44;1;41818
215858;2024;45;9;326181
215858;2024;46;3;117090
215858;2024;48;1;41818
215858;2024;49;3;125454
215858;2024;50;6;198636
215858;2024;51;21;713000
215858;2025;46;1;41818
215858;2025;50;1;41818
215858;2025;51;6;150545
215858;2025;52;1;25090
215859;2024;41;1;159090
215859;2024;44;2;318181
215859;2024;45;3;381818
215859;2024;46;8;1272727
215859;2024;47;3;461363
215859;2024;48;11;1590909
215859;2024;49;1;159090
215860;2024;45;7;636363
215860;2024;46;5;568181
215860;2024;47;7;795454
215860;2024;48;12;1363636
215860;2024;49;1;113636
215861;2024;41;2;343636
215861;2024;45;7;1183636
215861;2024;46;2;381818
215861;2024;47;2;381818
215861;2024;48;4;763636
215861;2024;49;11;2023636
215861;2024;50;2;305454
215861;2024;51;1;190909
215861;2025;46;1;152727
215861;2025;49;1;190909
215861;2025;50;1;171818
215861;2025;51;1;114545
215862;2024;41;1;50000
215862;2024;42;3;150000
215862;2024;44;15;750000
215862;2024;45;39;1610000
215862;2024;46;11;540000
215862;2024;49;5;250000
215863;2024;44;9;450000
215863;2024;45;34;1440000
215863;2024;46;18;820000
215863;2024;47;8;400000
215863;2024;48;1;50000
215863;2024;49;4;200000
215864;2024;45;5;480909
215864;2024;46;6;627272
215864;2024;47;6;627272
215864;2024;48;6;627272
215864;2024;49;1;104545
215865;2024;47;1;153636
215865;2024;51;1;122909
215865;2025;47;1;138273
215865;2025;48;1;153636
215865;2025;49;2;307272
215865;2025;50;1;122909
215865;2025;51;1;92181
215865;2025;52;1;92181
215866;2024;42;1;104545
215866;2024;45;1;83636
215866;2024;47;1;104545
215866;2024;50;1;104545
215866;2024;51;1;83636
215866;2025;46;1;104545
215866;2025;47;1;94091
215866;2025;49;2;209090
215867;2024;44;6;1009091
215867;2024;45;2;67272
215867;2024;46;2;336363
215867;2024;47;1;168181
215867;2025;46;1;168181
215868;2024;43;1;86363
215868;2024;45;22;1744545
215868;2024;46;5;379999
215868;2024;47;3;259090
215868;2025;45;1;86363
215869;2024;48;1;259090
215869;2024;50;1;207272
215869;2025;45;1;207272
215869;2025;51;1;155454
215870;2024;45;11;399200
215870;2024;46;1;45363
215870;2024;47;6;272181
215870;2024;48;10;453636
215870;2024;49;20;907272
215870;2024;50;4;163309
215870;2024;51;1;34022
215870;2024;52;2;72581
215870;2025;47;3;136090
215870;2025;48;10;453636
215871;2024;45;23;1038545
215871;2024;46;4;203636
215871;2024;47;10;509090
215871;2024;49;1;50909
215871;2024;50;1;38181
215871;2024;51;4;160363
215871;2024;52;1;40727
215871;2025;49;1;50909
215872;2024;45;13;872727
215872;2024;46;6;340909
215872;2024;47;12;818181
215872;2024;48;3;204545
215872;2024;49;7;477272
215872;2025;46;2;136363
215872;2025;48;1;68181
215872;2025;49;1;68181
215872;2025;50;3;163636
215875;2024;44;4;272727
215875;2024;45;21;1295454
215875;2024;46;9;531818
215875;2024;47;1;68181
215876;2024;44;6;526745
215876;2024;45;14;1017163
215876;2024;46;4;345109
215877;2024;43;3;204545
215877;2024;45;8;477272
215877;2024;46;4;245454
215877;2024;47;14;927273
215877;2024;48;5;340909
215877;2024;49;2;136363
215878;2024;43;4;181454
215878;2024;44;5;226818
215878;2024;45;24;880054
215878;2024;46;8;362909
215878;2024;47;6;272181
215878;2024;48;1;45363
215879;2024;44;12;381818
215879;2024;45;21;547272
215879;2024;46;1;25454
215879;2024;52;2;50909
215880;2024;44;7;513863
215880;2024;45;15;927272
215880;2024;46;8;602727
215880;2024;47;4;309090
215880;2024;50;1;77272
215880;2025;42;2;154545
215880;2025;44;5;386363
215880;2025;45;3;231818
215880;2025;46;11;772727
215880;2025;47;14;1081818
215880;2025;48;1;77272
215881;2025;49;1;253636
215882;2024;44;8;283636
215882;2024;45;21;694909
215882;2024;46;17;602727
215882;2024;47;27;957272
215882;2024;48;23;815454
215883;2024;46;30;818181
215883;2024;47;36;981818
215883;2024;48;6;163636
215884;2024;40;1;127272
215884;2024;41;4;407272
215884;2024;42;2;254545
215884;2024;44;1;127272
215884;2024;45;1;101818
215884;2024;46;3;381818
215885;2024;43;8;218181
215885;2024;44;3;81818
215885;2024;45;7;163636
215885;2024;46;1;27272
215885;2024;47;1;27272
215885;2024;48;36;894545
215885;2024;49;51;1390909
215885;2024;50;26;613636
215885;2024;51;1;27272
215885;2025;45;3;65454
215885;2025;50;7;152727
215886;2024;44;2;100000
215886;2024;48;4;200000
215886;2024;49;6;300000
215886;2024;50;2;100000
215886;2025;44;2;100000
215886;2025;45;6;260000
215886;2025;46;9;450000
215886;2025;47;7;350000
215886;2025;48;5;225000
215886;2025;50;12;480000
215887;2024;44;2;54363
215887;2024;45;1;27181
215887;2024;46;8;217454
215887;2024;47;12;326181
215887;2024;48;34;896999
215887;2024;49;16;434909
215888;2024;45;2;1930909
215888;2024;47;2;2145454
215888;2024;48;2;2145454
215888;2024;50;1;1072727
215888;2025;45;1;697272
215889;2024;45;9;168181
215889;2024;46;12;272727
215889;2024;47;8;181818
215889;2024;48;72;1590909
215889;2024;49;140;3109090
215889;2024;50;14;290909
215889;2024;51;25;457954
215890;2024;45;1;18181
215890;2024;46;6;136363
215890;2024;47;26;590908
215890;2024;48;31;649999
215890;2024;49;56;1272727
215890;2024;50;13;284090
215890;2024;51;11;200000
215891;2024;41;3;508181
215891;2024;42;1;195454
215891;2024;44;1;195454
215891;2024;45;1;195454
215891;2025;44;2;390909
215891;2025;45;5;899090
215891;2025;46;1;195455
215891;2025;47;2;390909
215891;2025;48;2;351818
215893;2024;42;1;590909
215893;2024;44;1;384090
215893;2024;45;1;472727
215893;2025;41;1;590909
215893;2025;42;3;1772727
215894;2024;1;4;58181
215894;2024;44;6;109090
215894;2024;45;29;432727
215894;2024;46;4;69090
215894;2024;47;13;236363
215894;2024;48;10;181818
215894;2024;49;10;181818
215894;2024;50;35;572727
215894;2024;51;30;455454
215894;2024;52;12;174545
215894;2025;49;1;18181
215894;2025;50;6;87272
215894;2025;51;5;54545
215895;2024;43;2;45454
215895;2024;44;14;318181
215895;2024;45;72;1386363
215895;2024;46;43;840909
215896;2024;41;2;180000
215896;2024;43;1;90000
215896;2024;44;2;180000
215896;2024;45;5;378000
215897;2024;44;3;76363
215897;2024;45;13;264727
215897;2024;46;1;25454
215897;2024;47;5;127272
215897;2024;48;21;519272
215897;2024;49;16;392000
215897;2024;50;22;521818
215897;2024;51;21;437818
215897;2024;52;13;264727
215898;2024;41;1;95454
215898;2024;42;1;95454
215898;2024;44;1;95454
215898;2024;45;12;954545
215898;2024;46;7;610909
215898;2024;47;1;95454
215899;2024;43;4;72727
215899;2024;44;19;345454
215899;2024;45;69;1065454
215899;2024;46;40;694545
215899;2024;47;2;36363
215900;2024;44;3;54545
215900;2024;45;20;290909
215900;2024;46;30;509090
215900;2024;47;21;381818
215900;2024;48;64;1127273
215900;2024;49;46;814545
215900;2024;51;13;225454
215900;2025;49;1;14545
215901;2024;45;15;1202727
215901;2024;46;7;649090
215901;2024;47;7;668181
215901;2024;48;7;668181
215901;2024;49;10;954545
215902;2024;44;8;145454
215902;2024;45;9;134545
215902;2024;46;6;105454
215902;2024;47;19;345454
215902;2024;48;47;854545
215902;2024;49;89;1563636
215902;2024;50;1;13636
215902;2024;52;12;174545
215903;2024;43;1;126363
215903;2024;50;1;94772
215903;2024;51;1;94772
215903;2025;1;2;202181
215903;2025;2;3;379090
215903;2025;48;1;126363
215903;2026;2;4;505454
215903;2026;3;4;505454
215903;2026;4;3;366454
215904;2024;41;2;880000
215905;2024;43;4;72727
215905;2024;44;2;36363
215905;2024;45;43;643636
215905;2024;46;10;181818
215905;2024;47;25;454545
215905;2024;48;28;509090
215905;2024;49;74;1345454
215905;2024;50;6;101818
215906;2024;41;2;932727
215907;2024;44;3;40909
215907;2024;45;10;117272
215907;2024;46;22;300000
215907;2024;47;65;886363
215907;2024;48;22;300000
215907;2024;49;64;859090
215907;2024;50;37;462272
215907;2024;51;41;476590
215907;2024;52;29;233454
215908;2024;1;1;10909
215908;2024;47;10;136363
215908;2024;48;38;482727
215908;2024;49;89;1213636
215908;2024;50;108;1358863
215908;2024;51;30;323181
215908;2024;52;4;43636
215909;2024;44;1;568181
215909;2024;45;1;454545
215909;2024;47;1;568181
215909;2024;48;1;568181
215910;2024;45;2;1039090
215910;2024;46;2;1154545
215911;2024;42;2;700000
215911;2024;43;1;350000
215911;2024;44;1;350000
215912;2024;41;1;104545
215912;2024;43;1;104545
215912;2024;44;1;104545
215912;2024;45;8;690000
215912;2024;46;10;993181
215912;2024;47;9;940909
215913;2024;41;1;77272
215913;2024;42;4;309090
215913;2024;43;1;77272
215913;2024;44;7;540909
215913;2024;45;6;394090
215913;2024;46;11;850000
215916;2024;44;1;108181
215916;2024;45;2;194727
215916;2024;46;4;432727
215916;2024;47;3;324545
215916;2024;48;2;216363
215916;2024;49;1;108181
215916;2024;50;1;81136
215916;2024;51;3;259636
215916;2024;52;2;173090
215916;2025;2;1;108181
215916;2025;5;1;108182
215916;2025;7;1;81136
215916;2025;9;1;108182
215916;2025;11;1;86545
215916;2025;22;1;108181
215916;2025;23;1;108181
215917;2024;40;3;136090
215917;2024;42;4;181454
215917;2024;43;1;45363
215917;2024;45;8;326618
215917;2024;46;4;163309
215917;2024;47;9;408272
215917;2024;48;7;317545
215917;2024;49;4;181454
215917;2024;50;6;238159
215918;2024;42;2;90727
215918;2024;43;2;90727
215918;2024;44;3;136090
215918;2024;45;11;399199
215918;2024;46;6;226818
215918;2024;47;6;272182
215918;2024;48;3;136090
215918;2024;49;8;362909
215918;2024;50;9;381054
215919;2024;41;1;240909
215919;2024;42;2;481818
215919;2024;48;1;240909
215919;2025;48;3;722727
215919;2025;49;1;240909
216866;2024;1;6;122181
216866;2024;44;2;50909
216866;2024;45;20;442909
216866;2024;46;7;157818
216866;2024;47;2;50909
216866;2024;48;6;152727
216866;2024;49;37;941818
216866;2024;50;28;656727
216866;2024;51;20;416181
216866;2024;52;8;162909
216867;2024;43;1;22727
216867;2024;44;14;311363
216867;2024;45;90;1736363
216867;2024;46;44;945454
216867;2024;47;89;2022727
216867;2024;48;34;772727
216867;2024;49;10;227272
216868;2024;44;5;177272
216868;2024;45;19;538909
216868;2024;46;14;496363
216868;2024;47;8;283636
216868;2024;48;31;1063636
216868;2024;49;18;638181
216868;2024;50;1;26590
216868;2025;50;1;28363
216869;2024;45;18;641454
216869;2024;46;4;178181
216869;2024;47;5;222727
216869;2024;48;4;178181
216869;2024;49;50;1951090
216869;2024;51;1;35636
216870;2024;45;21;566363
216870;2024;46;20;610909
216870;2024;47;21;668181
216870;2024;48;36;1145454
216870;2024;50;8;254545
216872;2024;44;8;217454
216872;2024;45;8;212018
216872;2024;46;9;244636
216872;2024;47;13;353363
216872;2024;48;80;2027763
216872;2024;51;17;398213
216872;2025;24;1;27181
216873;2024;43;3;122727
216873;2024;45;4;155454
216873;2024;46;12;490909
216873;2024;47;10;409091
216873;2024;48;35;1333636
216873;2024;49;76;2986363
216873;2024;50;3;122727
216874;2024;1;2;50909
216874;2024;48;6;190909
216874;2024;49;10;318181
216874;2024;50;34;935454
216874;2024;51;25;515454
216874;2024;52;21;534545
216874;2025;46;4;127273
216874;2025;48;2;63636
216874;2025;51;2;38181
216874;2025;52;9;209999
217040;2024;42;6;81818
217040;2024;43;14;190909
217040;2024;44;12;163636
217040;2024;45;26;294545
217040;2024;46;75;924545
217040;2024;47;38;518182
217040;2024;48;43;579545
217040;2024;49;13;174545
217040;2024;50;5;68181
217041;2024;43;2;343636
217041;2024;44;2;343636
217041;2024;45;2;309272
217041;2024;46;4;687273
217041;2024;47;3;515455
217041;2024;48;1;171818
217041;2024;50;1;171818
217042;2024;1;6;81818
217042;2024;46;1;22727
217042;2024;47;1;22727
217042;2024;48;8;181818
217042;2024;49;2;45454
217042;2024;50;148;2372727
217042;2024;51;35;509090
217042;2024;52;53;813636
217042;2025;45;6;127272
217042;2025;46;24;513636
217042;2025;48;1;22727
217042;2025;50;1;11818
217043;2024;42;11;150000
217043;2024;43;2;27272
217043;2024;44;11;150000
217043;2024;45;51;600000
217043;2024;46;34;463636
217043;2024;47;72;981818
217043;2024;48;56;763636
217043;2024;49;42;572727
217043;2025;49;1;13636
217044;2024;1;1;7272
217044;2024;42;63;572727
217044;2024;43;47;427272
217044;2024;44;40;360909
217044;2024;45;123;1007272
217044;2024;46;3;23636
217044;2024;50;4;34090
217045;2024;43;11;250000
217045;2024;44;3;68181
217045;2024;45;60;1095454
217045;2024;46;89;1736363
217045;2024;47;44;927272
217045;2024;48;39;886363
217046;2024;45;4;924181
217046;2024;46;2;543636
217046;2024;48;1;271818
217046;2024;50;1;271818
217048;2024;43;15;340909
217048;2024;45;108;2086363
217048;2024;46;70;1481818
217048;2024;47;70;1590911
217048;2024;48;17;386363
217048;2024;49;4;90909
217049;2024;45;2;355454
217049;2024;46;6;1254546
217049;2024;47;4;836363
217050;2024;46;2;381818
217050;2024;48;4;763636
217050;2024;49;4;763636
217050;2025;45;2;381818
217051;2024;43;4;752727
217051;2024;45;2;334545
217051;2024;46;6;1254546
217052;2024;42;3;627272
217052;2024;43;4;752727
217052;2024;45;2;334545
217052;2024;46;1;167272
217052;2024;49;2;418181
217053;2024;43;3;81545
217053;2024;44;2;54363
217053;2024;45;24;603436
217053;2024;46;24;576254
217053;2024;47;12;326181
217053;2024;48;19;516454
217053;2024;49;30;815454
217053;2024;50;2;54363
217054;2024;42;1;77272
217054;2024;43;6;463636
217054;2024;44;6;463636
217054;2024;45;9;556363
217054;2024;46;1;77272
217054;2024;50;1;77272
217055;2024;43;2;327272
217055;2024;45;8;1112727
217055;2024;47;1;147272
217055;2024;48;1;163636
217056;2024;44;3;43636
217056;2024;45;10;116363
217056;2024;46;6;87272
217056;2024;47;14;203636
217056;2024;48;18;261818
217056;2024;49;25;363636
217056;2024;50;19;232727
217056;2024;51;6;69818
217056;2024;52;16;186180
217056;2025;46;7;87272
217056;2025;47;13;189090
217056;2025;49;3;43636
217057;2024;44;2;125454
217057;2024;45;8;426545
217057;2024;46;3;175636
217057;2024;47;9;564545
217057;2024;48;15;909545
217057;2024;49;7;426545
217057;2024;50;3;150545
217057;2024;51;1;62727
217058;2024;42;1;36272
217058;2024;43;4;145090
217058;2024;44;4;145090
217058;2024;45;32;950345
217058;2024;46;7;239400
217058;2024;47;8;290181
217058;2024;48;4;145090
217059;2024;43;3;160909
217059;2024;44;4;214545
217059;2024;45;7;321818
217059;2024;46;6;321818
217059;2024;47;3;160909
217059;2024;48;1;53636
217060;2024;44;20;454545
217060;2024;45;24;500000
217060;2024;46;17;386363
217060;2024;47;14;318181
217060;2024;48;18;409090
217060;2024;49;11;250000
217060;2024;50;19;431818
217060;2024;51;51;921590
217060;2024;52;42;763636
217060;2025;44;1;22727
217060;2025;45;1;18181
217060;2025;46;2;45454
217061;2024;44;4;105454
217061;2024;45;16;337454
217061;2024;46;15;332181
217061;2024;47;5;131818
217061;2024;48;4;105454
217061;2024;49;22;579999
217061;2024;50;44;1028181
217061;2024;51;59;1302363
217061;2024;52;18;379636
217062;2024;44;5;545454
217062;2024;45;6;610909
217062;2024;46;12;1232727
217063;2024;43;2;290909
217063;2024;44;5;727272
217063;2024;45;4;465454
217063;2024;47;1;145455
217064;2024;1;3;130690
217064;2024;42;2;108909
217064;2024;44;20;980181
217064;2024;45;2;108909
217064;2024;46;6;315836
217064;2024;47;2;108909
217064;2024;48;3;163363
217064;2024;49;15;816818
217064;2024;50;16;849490
217064;2024;51;8;307667
217064;2024;52;3;130691
217064;2025;1;1;54454
217064;2025;2;10;544545
217064;2025;3;2;87127
217064;2025;7;2;108909
217064;2025;8;1;54454
217065;2024;43;5;1041273
217065;2024;44;2;452727
217065;2024;45;1;181090
217065;2024;46;1;226363
217065;2024;49;2;452727
217065;2024;50;1;169772
217066;2024;43;1;104545
217066;2024;45;3;271818
217066;2024;46;2;209090
217066;2024;47;5;522727
217066;2024;48;21;2195454
217066;2024;49;14;1463636
217067;2024;44;4;181818
217067;2024;45;3;118181
217067;2024;46;4;181818
217067;2024;48;14;627272
217067;2024;49;12;545454
217067;2024;50;52;1900000
217067;2024;51;48;1554545
217067;2024;52;2;72727
217067;2025;47;1;45454
217068;2024;42;39;525136
217068;2024;43;22;300000
217068;2024;44;67;856363
217068;2024;45;230;2670000
217068;2024;46;7;95454
217069;2024;43;1;95454
217069;2024;45;9;706363
217069;2024;46;13;1202727
217069;2024;47;12;1145454
217069;2024;48;8;715909
217069;2024;49;5;477272
217070;2024;42;3;40909
217070;2024;43;13;177272
217070;2024;44;2;27272
217070;2024;45;44;507273
217070;2024;46;32;430909
217070;2024;47;60;818181
217070;2024;48;78;1063636
217070;2024;49;7;95454
217071;2024;43;1;150000
217071;2024;44;2;300000
217071;2024;45;14;1860000
217071;2024;46;6;885000
217072;2024;43;1;36272
217072;2024;44;15;544090
217072;2024;45;17;522327
217072;2024;46;5;174109
217072;2024;47;25;906818
217072;2024;48;29;1051909
217072;2024;49;36;1294936
217072;2024;50;29;906818
217072;2024;51;13;388118
217072;2024;52;5;137836
217072;2025;44;4;145090
217072;2025;45;5;152345
217072;2025;46;8;275672
217072;2025;47;6;217636
217072;2025;48;12;435272
217072;2025;49;5;181363
217072;2025;50;20;623889
217072;2025;51;4;116072
217073;2024;43;6;430909
217073;2024;44;2;143636
217073;2024;45;17;1062909
217073;2024;46;5;359090
217073;2024;48;4;229818
217074;2024;42;1;71818
217074;2024;43;9;646363
217074;2024;44;5;359090
217074;2024;45;10;646363
217074;2024;46;4;276500
217074;2024;47;11;790000
217074;2024;48;21;1479454
217076;2024;45;5;159090
217076;2024;46;5;159090
217076;2024;47;22;700000
217076;2024;48;33;1050000
217076;2024;49;75;2125454
217078;2024;1;2;56727
217078;2024;45;8;283636
217078;2024;46;1;35454
217078;2024;47;4;141818
217078;2024;49;3;106363
217078;2024;50;8;219818
217078;2024;51;2;49636
217078;2024;52;1;28363
217078;2025;45;2;56727
217078;2025;46;2;56727
217078;2025;47;20;709090
217078;2025;50;4;113454
217079;2024;42;2;218181
217079;2024;43;5;545454
217079;2024;44;7;763636
217079;2024;45;9;916364
217079;2024;46;1;109090
217080;2024;44;7;317545
217080;2024;45;42;1633091
217080;2024;46;19;852836
217080;2024;47;2;90727
217080;2024;48;19;689527
217081;2024;43;4;152727
217081;2024;44;7;267272
217081;2024;45;82;2665093
217081;2024;46;23;862909
217081;2024;47;15;572727
217081;2024;48;4;152727
217082;2024;46;1;127272
217082;2024;47;1;159090
217082;2024;50;2;278409
217082;2024;51;1;143182
217082;2024;52;1;127272
217082;2025;50;1;159090
217082;2025;51;1;111363
217083;2024;43;3;133636
217083;2024;44;10;398681
217083;2024;45;23;864181
217083;2024;46;14;623636
217083;2024;47;1;44545
217083;2024;48;5;178181
217084;2024;45;1;399090
217084;2024;47;2;798181
217084;2024;49;2;798181
217084;2024;51;1;399090
217085;2024;45;21;560000
217085;2024;46;9;286363
217085;2024;47;8;254545
217085;2024;48;49;1342727
217085;2024;49;21;668181
217085;2024;50;7;222727
217085;2025;46;6;190909
217085;2025;47;5;159090
217085;2025;49;2;63636
217085;2025;50;1;25454
217085;2025;51;1;19090
217086;2024;45;21;681927
217086;2024;47;6;210381
217086;2024;48;3;108818
217086;2024;50;19;560672
217086;2024;51;56;1443654
217086;2024;52;8;174109
217086;2025;45;3;87054
217086;2025;46;2;72545
217086;2025;47;8;290181
217086;2025;49;1;36272
217086;2025;51;3;72545
217086;2025;52;14;304690
217087;2024;46;1;38181
217087;2024;47;13;496364
217087;2024;49;8;305454
217087;2024;50;18;631909
217087;2024;51;13;408545
217087;2025;45;11;336000
217087;2025;46;2;61090
217087;2025;48;1;38181
217087;2025;49;1;30545
217088;2024;45;2;772727
217088;2024;47;1;386363
217088;2024;49;3;1159090
217089;2024;44;10;409090
217089;2024;45;16;580909
217089;2024;46;6;196363
217089;2024;47;7;286363
217089;2024;48;4;163636
217089;2024;49;10;360000
217089;2024;50;19;646363
217090;2024;45;1;54545
217090;2024;48;4;272727
217090;2024;49;8;545454
217090;2024;51;1;54545
217090;2024;52;2;109090
217090;2025;46;1;54545
217091;2024;44;2;725454
217091;2024;45;1;362727
217091;2024;46;1;362727
217091;2024;48;1;362727
217091;2024;50;1;362727
217092;2024;44;1;40909
217092;2024;45;13;425454
217092;2024;46;5;204545
217092;2024;47;11;450000
217092;2024;48;19;670909
217092;2024;49;2;81818
217092;2024;51;5;153409
217092;2025;48;1;40909
217092;2025;50;1;32727
217092;2025;51;3;90000
217093;2024;45;14;272727
217093;2024;48;3;68181
217093;2024;50;23;404545
217093;2024;51;28;459090
217093;2024;52;6;90909
217093;2025;1;7;95454
217093;2025;47;13;295454
217093;2025;48;1;22727
217093;2025;49;4;72727
217093;2025;51;1;13636
217093;2025;52;3;40909
217094;2024;1;3;76363
217094;2024;44;17;540909
217094;2024;45;14;388181
217094;2024;46;12;381818
217094;2024;47;17;540909
217094;2024;48;24;655454
217094;2024;49;15;477272
217094;2025;45;4;127272
217094;2025;46;1;31818
217094;2025;48;1;31818
217095;2024;45;3;2836363
217095;2024;46;3;3054545
217095;2024;47;5;5454545
217095;2024;48;6;6000000
217095;2024;49;1;1090909
217095;2024;50;2;1527272
217095;2024;51;1;763636
217095;2024;52;3;2290909
217096;2024;43;1;408181
217096;2024;44;1;408181
217096;2024;45;2;816363
217096;2024;47;1;408181
217096;2024;48;1;408181
217096;2024;49;1;408181
217096;2024;50;1;408181
217097;2024;43;1;1727272
217097;2024;44;1;1727272
217097;2024;45;5;7254545
217097;2024;46;1;1727272
217097;2024;47;3;5181818
217097;2024;48;1;1727272
217098;2024;43;3;136090
217098;2024;47;1;45363
217098;2024;48;9;408272
217098;2024;49;7;317545
217098;2024;50;13;567045
217098;2024;51;12;410540
217098;2024;52;3;108872
217098;2025;48;8;317545
217098;2025;49;6;244963
217098;2025;50;8;290327
217098;2025;51;26;725818
217099;2024;47;4;141818
217099;2024;48;13;368727
217099;2024;49;18;510545
217099;2024;50;4;127636
217099;2025;45;2;56727
217099;2025;47;10;354545
217099;2025;50;2;56727
217099;2025;51;11;255272
217099;2025;52;4;85090
217100;2024;44;2;318181
217100;2024;45;1;127272
217100;2024;46;1;127272
217100;2024;47;1;159090
217100;2024;48;2;318181
217100;2024;50;5;715909
217100;2024;51;2;254545
217100;2025;46;1;159090
217101;2024;43;2;89090
217101;2024;44;1;44545
217101;2024;45;24;890908
217101;2024;46;23;1024545
217101;2024;47;15;668181
217101;2024;48;2;89090
217102;2024;43;2;67272
217102;2024;44;6;201818
217102;2024;45;35;1029272
217102;2024;46;11;370000
217102;2024;47;22;740000
217102;2024;48;68;2085454
217103;2024;45;4;1375454
217104;2024;44;2;81818
217104;2024;45;28;1006363
217104;2024;46;19;777272
217104;2024;47;9;368181
217104;2024;48;16;523636
217105;2024;44;4;163636
217105;2024;45;17;556363
217105;2024;46;6;212727
217105;2024;47;16;654545
217105;2024;48;48;1701818
217105;2024;49;36;1325454
217105;2024;50;3;122727
217105;2024;51;14;429545
217106;2024;42;13;342727
217106;2024;43;13;342727
217106;2024;44;9;237272
217106;2024;45;13;300545
217107;2024;1;4;130909
217107;2024;45;1;32727
217107;2024;47;3;122727
217107;2024;48;3;122727
217107;2024;49;1;40909
217107;2024;50;7;171818
217107;2024;51;3;73636
217107;2024;52;1;32727
217107;2025;1;1;24545
217107;2025;47;2;81818
217107;2025;48;2;81818
217107;2025;49;8;261818
217107;2025;50;3;98181
217107;2025;51;1;24545
217108;2024;45;1;28363
217108;2024;46;1;35454
217108;2024;47;3;106363
217108;2024;49;31;1099090
217108;2024;51;19;521181
217108;2024;52;4;113454
217108;2025;46;4;113454
217108;2025;49;3;106363
217108;2025;50;3;106363
217109;2024;45;9;440000
217109;2024;47;2;100000
217109;2024;48;6;300000
217109;2024;49;2;100000
217109;2024;51;5;220000
217109;2024;52;5;200000
217109;2025;45;5;200000
217109;2025;46;1;40000
217109;2025;48;4;200000
217109;2025;50;1;40000
217109;2025;51;11;330000
217109;2025;52;2;60000
217110;2024;42;1;62727
217110;2024;43;4;225818
217110;2024;45;5;250909
217110;2024;46;3;188181
217110;2024;47;7;439090
217110;2024;48;1;62727
217110;2024;49;1;62727
217110;2024;50;2;125454
217111;2024;1;2;71272
217111;2024;45;5;178181
217111;2024;47;1;44545
217111;2024;48;3;133636
217111;2024;49;16;712727
217111;2024;50;17;661498
217111;2024;51;4;178181
217111;2024;52;6;213818
217111;2025;1;4;106909
217111;2025;47;2;89090
217111;2025;50;4;142545
217112;2024;44;4;247272
217112;2024;45;16;828363
217112;2024;46;12;729454
217112;2024;47;5;309090
217112;2024;48;3;185454
217112;2024;49;10;618181
217112;2024;51;4;222545
217112;2025;45;41;2027636
217112;2025;46;1;61818
217112;2025;47;5;309090
217112;2025;49;1;49454
217112;2025;51;1;37090
217112;2025;52;2;74181
217113;2024;42;3;95454
217113;2024;43;6;190909
217113;2024;44;5;159090
217113;2024;45;24;661818
217113;2024;46;2;63636
217113;2024;47;3;95454
217113;2024;48;4;127272
217113;2024;49;1;31818
217114;2024;45;109;4560000
217114;2024;46;23;1060000
217114;2024;47;4;200000
217114;2024;48;3;150000
217116;2024;43;1;40909
217116;2024;45;18;670909
217116;2024;46;10;409090
217116;2024;47;3;122727
217116;2024;48;9;327272
217116;2024;49;20;736363
217116;2024;50;7;272045
217119;2024;43;1;131818
217119;2024;44;2;263636
217119;2024;45;7;777727
217119;2024;46;1;131818
217119;2024;47;1;131818
217120;2024;43;2;252727
217120;2024;44;2;252727
217120;2024;45;6;657090
217120;2024;46;2;252727
217121;2024;43;5;363636
217121;2024;44;3;218181
217121;2024;45;1;72727
217122;2024;43;2;4545454
217122;2024;45;5;9545454
217122;2024;46;2;4545454
217122;2024;47;4;9090909
217122;2024;48;8;16590909
217122;2024;49;2;4090909
217122;2024;50;1;1818181
217123;2024;43;1;2618181
217123;2024;46;1;2909091
217123;2024;47;1;2909090
217123;2024;48;3;8436363
217123;2024;49;1;2909090
217123;2024;50;4;8436363
217123;2024;52;1;1018182
217123;2025;45;2;4654545
217123;2025;46;6;16290909
217123;2025;47;1;2909090
217123;2025;48;1;2909090
217123;2025;49;2;5236363
217123;2025;52;1;2036363
217124;2024;45;2;231272
217124;2024;46;1;144545
217124;2024;50;2;216818
217124;2024;51;4;455318
217124;2024;52;1;115636
217124;2025;47;1;144545
217124;2025;52;1;101181
217125;2024;46;1;209090
217125;2024;50;2;365909
217125;2024;51;3;480909
217125;2024;52;2;334545
217125;2025;1;2;292727
217125;2025;48;1;209090
217127;2024;42;7;165454
217127;2024;43;16;378181
217127;2024;44;3;70909
217127;2024;45;8;170181
217127;2024;46;3;66181
217127;2024;47;3;70909
217127;2024;48;7;165454
217127;2024;49;11;260000
217127;2024;50;7;165454
217127;2024;51;1;18909
217127;2024;52;1;18909
217127;2025;44;1;23636
217129;2024;42;4;94545
217129;2024;43;5;118181
217129;2024;44;4;94545
217129;2024;45;11;212727
217129;2024;46;3;70909
217129;2024;47;1;23636
217129;2024;48;3;70909
217129;2024;49;19;449090
217129;2024;50;19;449090
217134;2024;42;2;21818
217134;2024;43;4;43636
217134;2024;44;7;76363
217134;2024;45;11;117818
217134;2024;46;5;52363
217134;2024;47;6;65454
217134;2024;48;10;109090
217134;2024;49;16;174545
217134;2024;50;28;245454
217134;2024;51;47;404181
217134;2024;52;5;43636
217135;2024;44;1;50000
217135;2024;46;1;50000
217135;2024;48;2;100000
217135;2024;49;2;100000
217135;2024;51;1;37500
217135;2024;52;2;80000
217135;2025;45;1;40000
217135;2025;49;1;50000
217136;2024;42;2;245454
217136;2024;43;2;245454
217136;2024;44;3;368181
217136;2024;45;12;1178181
217136;2024;47;5;613636
217137;2024;44;8;218181
217137;2024;45;13;316363
217137;2024;46;2;54545
217137;2024;48;1;27272
217137;2024;49;27;736363
217137;2024;50;52;1329545
217137;2024;51;2;43636
217137;2024;52;14;305454
217138;2024;43;8;920454
217138;2024;44;5;613636
217138;2024;45;4;417272
217139;2024;43;1;81818
217139;2024;44;5;409090
217139;2024;45;14;998181
217140;2024;44;2;107272
217140;2024;45;26;1147818
217140;2024;46;17;911818
217140;2024;47;10;536363
217140;2024;48;4;203818
217141;2024;43;2;40000
217141;2024;44;3;60000
217141;2024;45;30;500000
217141;2024;46;22;416000
217141;2024;47;28;560000
217141;2024;48;13;260000
217141;2024;49;49;980000
217141;2024;50;3;60000
217142;2024;42;10;166909
217142;2024;43;4;72727
217142;2024;44;19;341818
217142;2024;45;75;1210909
217142;2024;46;131;2381818
217143;2024;42;17;231818
217143;2024;43;83;1131817
217143;2024;44;34;463636
217143;2024;45;24;261818
217143;2024;46;20;272727
217143;2024;47;20;272727
217143;2024;48;13;177272
217144;2024;42;47;501599
217144;2024;43;38;399054
217144;2024;44;68;709091
217144;2024;45;197;1732363
217144;2024;46;4;43636
217144;2025;43;136;1344000
217144;2025;44;52;562909
217144;2025;45;159;1542545
217144;2025;46;12;104727
217144;2025;49;1;8727
217145;2024;43;10;200000
217145;2024;45;50;800000
217145;2024;46;60;1072000
217145;2024;47;21;396000
217145;2024;50;16;256000
217146;2024;42;7;95454
217146;2024;43;38;469090
217146;2024;44;22;300000
217146;2024;45;105;1184318
217146;2024;46;12;147272
217147;2024;43;20;272727
217147;2024;44;9;122727
217147;2024;45;45;496363
217147;2024;46;32;403636
217147;2024;47;65;845454
217147;2024;48;6;81818
217147;2024;49;2;25909
217147;2024;51;1;13636
217148;2024;44;22;600000
217148;2024;45;99;2312727
217148;2024;46;24;632727
217148;2024;47;49;1336363
217148;2024;48;22;580908
217148;2024;51;18;398181
217149;2024;43;8;138181
217149;2024;44;10;172727
217149;2024;45;24;338545
217149;2024;46;45;777272
217149;2024;47;38;656363
217149;2024;48;1;17272
217149;2024;49;8;138181
217149;2024;50;2;34545
217149;2024;51;1;13818
217149;2024;52;12;165818
217150;2024;42;51;366836
217150;2024;43;55;396945
217150;2024;44;171;1234909
217150;2024;45;455;2807272
217150;2024;50;1;7272
217151;2024;1;1;87272
217151;2024;44;3;327272
217151;2024;45;4;370909
217151;2024;46;6;610909
217151;2024;47;7;763636
217151;2024;48;6;654545
217151;2024;49;10;1090909
217151;2024;50;7;687272
217151;2024;52;1;87272
217152;2024;45;3;534545
217152;2024;46;3;623636
217152;2024;47;6;1336363
217152;2024;48;1;222727
217152;2024;50;10;1893181
217152;2024;51;8;1470000
217152;2024;52;14;2494545
217152;2025;45;1;178181
217152;2025;46;1;178181
217153;2024;44;3;450000
217153;2024;45;4;480000
217153;2024;46;2;300000
217153;2024;47;1;150000
217154;2024;43;6;810000
217154;2024;44;2;300000
217154;2024;45;2;300000
217154;2025;47;6;921818
217154;2025;48;5;768181
217155;2024;42;8;360727
217155;2024;45;4;180363
217155;2024;46;5;281818
217155;2024;47;3;169090
217155;2024;48;30;1668363
217155;2024;49;34;1882545
217155;2024;50;8;290273
217155;2024;51;4;169090
217156;2024;42;1;53636
217156;2024;43;2;107272
217156;2024;44;4;214545
217156;2024;45;19;911818
217156;2024;46;10;536363
217156;2024;47;13;691909
217156;2024;48;39;2091818
217156;2024;51;3;126045
217157;2024;1;3;41454
217157;2024;42;5;86363
217157;2024;43;2;34545
217157;2024;44;2;34545
217157;2024;45;22;304000
217157;2024;46;8;138181
217157;2024;47;6;103636
217157;2024;48;29;500909
217157;2024;49;45;739273
217157;2024;50;66;1015636
217157;2024;51;45;516455
217157;2024;52;24;304001
217157;2025;47;8;138181
217157;2025;48;10;172727
217157;2025;49;10;172727
217157;2025;50;1;13818
217163;2024;42;5;86363
217163;2024;43;5;86363
217163;2024;44;8;138181
217163;2024;45;20;276363
217163;2024;46;14;234909
217163;2024;47;9;155454
217163;2024;48;117;1875818
217163;2024;49;111;1893090
217163;2024;50;2;34545
217164;2024;42;16;218181
217164;2024;43;12;163636
217164;2024;44;17;231818
217164;2024;45;86;957272
217164;2024;46;63;837273
217164;2024;47;28;381817
217164;2024;48;78;1014545
217164;2024;49;41;548181
217164;2024;51;1;10227
217164;2025;47;11;149996
217165;2024;42;28;203636
217165;2024;43;17;114909
217165;2024;44;27;191999
217165;2024;45;72;468000
217165;2024;46;90;642909
217165;2024;47;103;740363
217165;2024;48;133;965818
217165;2024;49;3;21818
217165;2024;50;72;456363
217165;2024;51;14;76363
217166;2024;43;10;453636
217166;2024;44;7;317545
217166;2024;45;43;1596800
217166;2024;46;1;45363
217166;2024;48;1;36291
217167;2024;42;29;395454
217167;2024;43;74;1009091
217167;2024;44;66;899999
217167;2024;45;111;1290000
217167;2024;46;6;65454
217167;2024;47;1;13636
217168;2024;42;6;81818
217168;2024;43;15;204545
217168;2024;44;14;190909
217168;2024;45;77;962727
217168;2024;46;54;736363
217168;2024;47;50;681818
217168;2024;48;64;818181
217168;2024;49;2;27272
217169;2024;43;7;95454
217169;2024;44;11;150000
217169;2024;45;134;1502727
217169;2024;46;68;916363
217169;2024;47;42;572727
217169;2024;48;22;300000
217170;2024;42;19;390909
217170;2024;43;22;329090
217170;2024;44;15;269090
217170;2024;45;8;116363
217170;2024;46;8;145454
217170;2025;43;10;331636
217170;2025;44;9;310909
217170;2025;45;15;462909
217170;2025;46;1;34545
217170;2025;47;1;34545
217171;2024;42;6;300000
217171;2024;43;19;880000
217171;2024;44;5;235000
217171;2024;45;8;360000
217171;2024;49;10;500000
217171;2025;42;5;250000
217171;2025;43;5;162500
217171;2025;45;3;120000
217171;2025;46;11;440000
217172;2024;42;8;545454
217172;2024;44;6;518181
217172;2024;45;4;345454
217172;2024;46;6;518181
217172;2025;45;11;792000
217173;2024;43;1;150000
217173;2024;44;5;750000
217173;2024;45;4;510000
217174;2024;43;8;1110000
217174;2024;45;2;240000
217175;2024;42;15;340909
217175;2024;43;13;295454
217175;2024;44;32;720454
217175;2024;45;84;1631817
217175;2025;42;13;495454
217175;2025;43;9;204545
217175;2025;44;8;181818
217175;2025;45;37;1107272
217175;2025;46;2;73636
217175;2025;48;2;81818
217176;2024;42;5;181818
217176;2024;43;5;181818
217176;2024;44;6;218181
217176;2024;45;26;785454
217176;2024;46;2;58181
217176;2024;49;4;145454
217177;2024;45;1;1090909
217177;2024;47;1;1363636
217177;2024;48;1;1363636
217177;2024;49;1;1363636
217178;2024;44;2;136363
217178;2024;45;6;340909
217178;2024;46;8;531818
217178;2024;47;8;545454
217178;2024;48;13;886363
217178;2024;49;20;1363636
217178;2024;50;10;578409
217178;2024;51;6;330681
217178;2024;52;1;54545
217178;2025;45;2;122727
217178;2025;46;4;218181
217178;2025;47;4;272727
217178;2025;48;7;477272
217178;2025;49;1;68181
217178;2025;50;4;231818
217178;2025;51;4;163636
217179;2024;42;2;507272
217179;2024;43;1;253636
217179;2024;44;1;253636
217179;2024;45;3;608727
217179;2024;46;1;202909
217180;2024;48;2;200000
217180;2024;49;2;200000
217180;2024;50;7;675000
217180;2024;51;4;310000
217180;2024;52;1;80000
217181;2024;42;3;54545
217181;2024;43;24;436363
217181;2024;44;21;381818
217181;2024;45;90;1370909
217181;2024;46;40;705454
217181;2024;47;34;618181
217181;2024;48;55;956363
217181;2024;49;3;54545
217181;2024;50;3;54545
217181;2024;51;2;28181
217183;2024;43;17;247272
217183;2024;44;18;261818
217183;2024;45;52;642909
217183;2024;46;60;858181
217183;2024;47;69;1003636
217183;2024;48;40;546908
217183;2024;49;12;174545
217183;2024;50;3;43636
217183;2024;51;2;23272
217183;2025;44;1;14545
217183;2025;45;1;14545
217184;2024;42;2;29090
217184;2024;43;22;320000
217184;2024;44;25;363636
217184;2024;45;111;1364363
217184;2024;46;63;872727
217184;2024;47;27;392727
217184;2024;48;17;235636
217184;2024;49;2;29090
217184;2024;50;1;14545
217184;2024;51;2;25454
217184;2025;45;2;29090
217184;2025;48;1;14545
217198;2024;42;8;116363
217198;2024;43;25;363636
217198;2024;44;32;465454
217198;2024;45;130;1623272
217198;2024;46;66;916363
217198;2024;47;2;29090
217198;2024;48;7;84363
217198;2024;50;1;14545
217198;2025;49;1;14545
217202;2024;45;12;960000
217202;2024;48;5;400000
217202;2024;51;1;100000
217202;2024;52;1;80000
217202;2025;45;4;320000
217206;2024;42;1;44545
217206;2024;43;1;44545
217206;2024;45;10;392000
217206;2024;46;8;356363
217206;2024;48;1;44545
217212;2024;44;4;163636
217212;2024;45;14;499090
217212;2024;46;12;490909
217212;2024;47;6;233181
217216;2024;42;2;200000
217216;2024;45;14;1120000
217216;2024;46;2;160000
217216;2024;48;2;200000
217216;2024;50;1;100000
217216;2024;52;1;80000
217216;2025;49;1;80000
217218;2024;44;1;409090
217218;2024;45;3;981818
217218;2024;47;3;1227272
217218;2024;48;1;409090
217218;2024;49;1;327272
217218;2024;50;4;1390909
217218;2024;51;3;1022727
217219;2024;44;2;581818
217219;2024;45;8;1920000
217219;2024;47;2;581818
217219;2024;48;2;581818
217219;2024;50;4;989090
217219;2024;51;7;1512727
217219;2024;52;2;465454
217219;2025;46;3;814545
217219;2025;47;5;1454545
217220;2024;42;3;954545
217220;2024;43;2;636363
217220;2024;44;2;636363
217220;2024;45;9;2418181
217220;2024;46;2;636363
217220;2024;47;3;954545
217220;2024;48;3;954545
217220;2024;49;5;1590909
217220;2024;50;5;1431818
217221;2024;46;2;1063636
217221;2024;48;2;1181818
217221;2024;49;1;590909
217221;2024;50;1;590909
217221;2024;51;3;1240909
217221;2024;52;1;413636
217221;2025;44;1;590909
217221;2025;46;1;590909
217221;2025;47;2;1181818
217221;2025;49;1;590909
217222;2024;42;1;709090
217222;2024;45;2;1134545
217222;2024;48;2;1418181
217222;2024;50;1;531818
217222;2024;51;2;992727
217222;2025;46;1;709090
217222;2025;50;3;1985454
217223;2024;42;1;772727
217223;2024;45;1;618181
217223;2024;49;1;772727
217223;2024;50;1;772727
217223;2024;52;1;409252
217223;2025;45;2;1545454
217223;2025;47;1;772727
217223;2025;48;2;1545454
217223;2025;50;3;2163636
217224;2024;43;4;127272
217224;2024;44;3;95454
217224;2024;45;6;165454
217224;2024;46;4;127272
217224;2024;48;7;178181
217225;2024;45;9;269454
217225;2024;46;5;166636
217225;2024;47;1;35454
217225;2024;48;3;85090
217225;2024;49;4;141818
217225;2024;50;1;35454
217225;2024;51;1;28363
217226;2024;45;8;350000
217226;2024;46;2;100000
217226;2024;47;3;150000
217226;2024;48;6;280000
217226;2024;49;13;640000
217226;2024;50;4;160000
217227;2024;1;2;80000
217227;2024;42;2;100000
217227;2024;44;4;200000
217227;2024;45;3;140000
217227;2024;46;4;190000
217227;2024;47;10;500000
217227;2024;48;5;240000
217227;2024;49;4;200000
217227;2024;52;1;40000
217227;2025;46;1;40000
217228;2024;44;12;727636
217228;2024;45;11;577090
217228;2024;46;1;62727
217229;2024;43;4;141818
217229;2024;44;8;283636
217229;2024;45;28;865090
217229;2024;46;4;141818
217229;2024;47;20;709090
217229;2024;48;5;177272
217229;2024;49;9;319090
217229;2025;44;1;35454
217230;2024;44;3;122727
217230;2024;45;4;130909
217230;2024;49;4;163636
217230;2024;50;1;40909
217230;2025;2;1;40909
217230;2025;3;1;40909
217230;2025;5;2;81818
217230;2025;6;3;122727
217230;2025;10;1;40909
217230;2025;12;2;81818
217230;2025;13;10;409091
217230;2025;15;3;122727
217230;2025;18;3;122727
217230;2025;21;2;81818
217230;2025;26;4;163636
217230;2025;30;5;204545
217230;2025;34;1;40909
217230;2025;44;8;327272
217230;2025;46;5;180000
217230;2025;48;3;122727
217230;2026;3;1;40909
217230;2026;7;1;40909
217230;2026;12;3;122727
217230;2026;13;1;40909
217230;2026;15;5;204545
217231;2024;44;1;18181
217231;2024;45;73;1120000
217231;2024;46;33;600000
217231;2024;47;65;1181818
217231;2024;48;343;6094545
217231;2024;49;86;1510909
217231;2024;51;3;41818
217231;2025;47;1;18181
217232;2024;44;30;409090
217232;2024;45;57;635454
217232;2024;46;27;346363
217232;2024;47;26;354545
217232;2024;48;44;556363
217232;2024;49;55;750000
217232;2024;51;3;32727
217233;2024;44;1;31818
217233;2024;45;16;445454
217233;2024;46;14;432727
217233;2024;47;37;1177273
217233;2024;48;63;1934545
217233;2024;49;14;445454
217234;2024;44;4;54545
217234;2024;45;32;368181
217234;2024;46;39;531817
217234;2024;47;36;490909
217234;2024;48;50;676363
217234;2024;49;40;545454
217234;2024;50;41;528409
217234;2024;51;15;182727
217234;2024;52;4;43636
217234;2025;10;4;38182
217234;2025;45;8;87272
217234;2025;47;4;54545
217234;2025;49;8;109090
217235;2024;44;1;140909
217235;2024;45;6;676363
217235;2024;46;7;958181
217235;2024;47;5;704545
217235;2024;48;13;1831818
217235;2024;49;13;1817727
217235;2024;50;1;140909
217236;2024;42;5;135909
217236;2024;43;21;570818
217236;2024;44;25;679545
217236;2024;45;92;2076690
217236;2024;46;21;543636
217236;2024;47;21;570818
217236;2024;48;35;945927
217236;2024;49;7;190272
217236;2024;50;1;27181
217236;2025;45;2;54363
217236;2025;47;1;27181
217237;2024;43;1;35454
217237;2024;45;49;1638000
217237;2024;46;46;1630909
217237;2024;47;50;1772728
217237;2024;48;38;1347272
217237;2024;50;1;-46090
217237;2024;51;35;996272
217238;2024;43;1;53636
217238;2024;44;5;268181
217238;2024;45;7;321818
217238;2024;47;4;214545
217238;2024;48;5;268181
217238;2024;49;7;375454
217238;2024;51;11;450545
217238;2024;52;3;112636
217238;2025;44;1;53636
217238;2025;45;4;171636
217238;2025;46;12;568545
217238;2025;47;8;429090
217238;2025;48;16;858181
217238;2025;49;9;482726
217238;2025;50;2;96545
217239;2024;47;6;212727
217239;2024;49;35;1240908
217239;2024;50;23;741000
217239;2025;46;1;35454
217239;2025;47;8;283636
217239;2025;48;4;113454
217239;2025;50;6;170181
217239;2025;51;2;42545
217239;2025;52;3;63818
217240;2024;43;1;31818
217240;2024;44;35;1102500
217240;2024;45;33;948181
217240;2024;46;18;572727
217240;2024;47;2;63636
217241;2024;45;3;281454
217241;2024;46;8;891272
217241;2024;47;7;820909
217241;2024;48;2;234545
217241;2024;49;3;351818
217242;2024;43;1;27272
217242;2024;44;5;136363
217242;2024;45;8;174545
217242;2024;47;7;190909
217242;2024;48;1;27272
217242;2024;49;18;490909
217242;2024;50;30;729545
217242;2024;51;10;218181
217242;2024;52;19;414545
217242;2025;48;5;109090
217243;2024;43;10;620454
217243;2024;44;2;136363
217243;2024;45;2;136363
217243;2024;46;3;204545
217243;2024;47;7;470454
217243;2024;48;22;1493182
217243;2024;49;2;136363
217244;2024;42;2;70909
217244;2024;43;7;248181
217244;2024;44;16;561955
217244;2024;45;20;602727
217244;2024;46;9;319090
217244;2024;47;1;35454
217245;2024;43;15;272727
217245;2024;44;8;145454
217245;2024;45;67;1065454
217245;2024;46;11;181817
217245;2024;47;41;745454
217245;2024;48;12;218181
217245;2024;49;49;890909
217245;2024;50;172;2849091
217245;2024;51;118;1853999
217245;2024;52;2;29090
217245;2025;45;1;18181
217246;2024;44;20;418181
217246;2024;45;7;140909
217246;2024;46;15;340909
217246;2024;47;16;363636
217246;2024;48;27;559090
217246;2024;49;61;1386363
217246;2024;50;75;1419545
217246;2024;51;18;322727
217247;2024;44;10;181818
217247;2024;45;47;730908
217247;2024;46;24;425454
217247;2024;47;45;818181
217247;2024;48;8;116363
217247;2024;51;5;71818
217248;2024;43;1;18181
217248;2024;44;9;163636
217248;2024;45;18;272727
217248;2024;46;14;254545
217248;2024;47;9;163636
217248;2024;48;8;145454
217248;2024;49;7;127272
217248;2024;50;29;410909
217248;2024;51;31;432727
217248;2024;52;7;83636
217248;2025;47;2;36363
217248;2025;48;26;432727
217248;2025;49;15;250909
217248;2025;50;9;130909
217248;2025;51;29;316363
217248;2025;52;15;163636
217249;2024;1;12;218181
217249;2024;43;4;90909
217249;2024;44;14;286363
217249;2024;45;4;72727
217249;2024;46;1;22727
217249;2024;47;8;181818
217249;2024;48;14;318181
217249;2024;49;15;340909
217249;2024;50;26;418181
217249;2024;51;33;495454
217249;2024;52;13;236363
217249;2025;45;2;36363
217249;2025;46;4;90909
217249;2025;47;20;409091
217249;2025;48;21;477270
217249;2025;49;10;209090
217249;2025;50;2;45454
217249;2025;51;6;81818
217249;2025;52;2;27272
217250;2024;45;19;323636
217250;2024;46;9;163636
217250;2024;47;18;327272
217250;2024;48;41;723636
217250;2024;49;79;1414545
217250;2024;50;51;856363
217250;2024;51;9;129090
217250;2025;49;1;18181
217251;2024;42;5;90909
217251;2024;43;1;18181
217251;2024;44;11;200000
217251;2024;45;29;458181
217251;2024;46;12;218181
217251;2024;47;35;636363
217251;2024;48;127;2134545
217251;2024;49;13;236363
217252;2024;42;4;141463
217252;2024;44;1;36272
217252;2024;49;2;72545
217252;2024;50;5;181363
217253;2024;45;27;822545
217253;2024;46;10;354545
217253;2024;47;11;390000
217253;2024;48;28;822545
217253;2024;49;21;744545
217254;2024;43;2;52727
217254;2024;48;27;711818
217254;2024;49;9;237272
217254;2024;50;14;358545
217254;2024;51;4;85681
217254;2025;1;6;94909
217254;2025;48;1;26363
217254;2025;49;3;79090
217254;2025;50;13;274181
217254;2025;51;3;47454
217255;2024;42;3;188181
217255;2024;44;1;62727
217255;2024;45;10;526909
217255;2024;46;2;125454
217255;2024;48;2;125454
217255;2024;49;2;125454
217255;2024;50;2;125454
217255;2025;45;1;50181
217255;2025;47;1;62727
217256;2024;49;4;236363
217256;2024;50;1;59090
217256;2024;51;12;567272
217256;2025;45;3;141818
217256;2025;46;9;425454
217256;2025;49;3;177272
217257;2024;43;2;36363
217257;2024;44;22;399999
217257;2024;45;119;1858181
217257;2024;46;90;1563636
217257;2024;47;62;1107272
217257;2024;48;254;4440000
217257;2024;49;6;65454
217257;2024;50;7;120000
217257;2024;51;2;27272
217257;2024;52;1;14545
217258;2024;43;11;788181
217258;2024;44;2;154545
217258;2024;45;8;540908
217258;2024;46;8;618181
217258;2024;48;7;432727
217259;2024;42;2;52727
217259;2024;44;8;206954
217259;2024;45;12;274181
217259;2024;46;7;184545
217259;2024;47;1;26363
217259;2024;48;2;52727
217259;2024;49;4;105454
217260;2024;42;2;81818
217260;2024;44;1;40909
217260;2024;45;13;433636
217260;2024;47;9;368181
217260;2024;48;9;368181
217260;2024;49;2;81818
217261;2024;45;78;1292000
217261;2024;46;36;712000
217261;2024;47;27;540000
217261;2024;48;2;40000
217261;2024;49;2;40000
217262;2024;45;1;18181
217262;2024;46;17;363636
217262;2024;47;29;640909
217262;2024;48;29;640909
217262;2024;49;73;1622727
217262;2024;50;8;168181
217262;2024;51;18;354545
217263;2024;44;6;376363
217263;2024;45;13;702545
217263;2024;46;7;439090
217263;2024;47;2;125454
217263;2024;48;16;966000
217263;2024;49;3;188181
217264;2024;1;8;168727
217264;2024;44;3;79090
217264;2024;45;38;906908
217264;2024;47;23;606363
217264;2024;48;1;26363
217264;2024;49;26;685454
217264;2024;50;15;353272
217264;2024;51;26;557590
217264;2024;52;10;210909
217265;2024;45;19;686000
217265;2024;46;1;44545
217265;2024;47;20;877545
217265;2024;48;48;2058000
217266;2024;44;8;109090
217266;2024;45;92;1060909
217266;2024;46;240;3185454
217266;2024;47;121;1650000
217266;2024;48;30;409090
217266;2024;49;9;100909
217266;2024;51;17;181363
217267;2024;43;4;152727
217267;2024;45;23;725454
217267;2024;46;17;595636
217267;2024;47;6;229090
217267;2024;48;13;496364
217268;2024;42;2;125454
217268;2024;43;4;225818
217268;2024;44;2;125454
217268;2024;45;21;1091454
217268;2024;46;6;376363
217268;2024;47;8;501818
217268;2024;48;4;250909
217269;2024;43;1;77272
217269;2024;44;12;896363
217269;2024;45;12;819090
217269;2024;46;6;455908
217269;2024;47;9;680000
217269;2024;48;4;285908
217270;2024;43;2;36363
217270;2024;44;4;72727
217270;2024;45;12;174545
217270;2024;46;11;200000
217270;2024;47;4;72727
217270;2024;48;6;98181
217270;2024;49;10;181818
217270;2024;50;2;27272
217270;2024;51;5;72727
217270;2024;52;3;43636
217271;2024;42;1;62727
217271;2024;44;5;313636
217271;2024;45;21;1066363
217271;2024;46;13;790363
217271;2024;47;5;313636
217271;2024;48;5;313636
217272;2024;42;11;689999
217272;2024;43;6;346881
217272;2024;44;24;1505454
217272;2024;45;8;439091
217273;2024;42;5;294818
217273;2024;43;6;351272
217273;2024;44;17;1066363
217273;2024;45;17;903272
217273;2024;46;1;62727
217273;2024;48;2;100363
217274;2024;42;4;250909
217274;2024;43;1;62727
217274;2024;44;5;313636
217274;2024;45;29;1568181
217274;2024;46;9;552000
217275;2024;42;3;231818
217275;2024;43;4;298272
217275;2024;45;3;185455
217275;2024;48;2;123636
217276;2024;42;1;77272
217276;2024;43;8;618181
217276;2024;49;3;231818
217277;2024;43;9;257727
217277;2024;44;9;286363
217277;2024;45;28;719090
217277;2024;46;2;63636
217278;2024;44;3;136363
217278;2024;45;19;736363
217278;2024;46;17;763636
217278;2024;47;29;1309091
217278;2024;48;43;1954545
217278;2024;49;25;1136364
217278;2024;50;6;272727
217278;2025;43;1;50000
217278;2025;45;8;360000
217278;2025;46;11;500000
217278;2025;47;18;895000
217278;2025;48;35;1750000
217278;2025;49;7;350000
217278;2025;50;17;760000
217278;2025;51;18;660000
217278;2025;52;4;140000
217279;2024;42;25;357927
217279;2024;43;31;466109
217279;2024;44;34;503818
217279;2024;45;106;1363090
217279;2024;46;64;936545
217279;2024;47;27;417272
217280;2024;43;6;136363
217280;2024;46;24;545454
217280;2024;47;4;90909
217280;2024;48;17;386363
217280;2024;49;35;795453
217280;2024;50;69;1262500
217280;2024;51;63;959090
217280;2024;52;35;477272
217280;2025;48;2;36363
217280;2025;49;8;168181
217280;2025;50;13;236363
217280;2025;51;6;81818
217280;2025;52;7;95454
217281;2024;44;9;163636
217281;2024;45;71;1101818
217281;2024;46;40;665454
217281;2024;47;47;854545
217281;2024;48;30;545454
217281;2024;49;1;18181
217282;2024;1;8;130472
217282;2024;43;4;108727
217282;2024;45;9;206581
217282;2024;46;11;299000
217282;2024;47;20;543636
217282;2024;48;15;407727
217282;2024;49;9;244636
217282;2024;50;21;532763
217282;2024;51;19;358800
217282;2024;52;17;298999
217282;2025;45;2;43490
217282;2025;46;3;81545
217282;2025;47;9;244636
217282;2025;48;1;27181
217282;2025;49;1;27181
217282;2025;51;5;92418
217282;2025;52;8;130472
217283;2024;43;6;81818
217283;2024;44;4;54545
217283;2024;45;22;245454
217283;2024;46;33;439091
217283;2024;47;85;1159090
217283;2024;48;87;1186362
217283;2024;50;24;327272
217283;2024;51;8;98181
217284;2024;1;2;145309
217284;2024;46;2;181636
217284;2024;50;1;90818
217284;2024;51;4;276995
217284;2024;52;2;145309
217284;2025;1;3;190718
217284;2025;2;3;272454
217284;2025;3;2;163472
217284;2025;43;2;181636
217284;2025;48;1;90818
217284;2025;51;3;190718
217284;2025;52;2;127145
217284;2026;1;2;181636
217284;2026;2;2;181636
217284;2026;3;5;454090
217284;2026;4;3;272454
217285;2024;45;43;1120000
217285;2024;46;20;623636
217285;2024;47;36;1145454
217285;2024;48;132;3970909
217285;2024;49;27;808181
217286;2024;51;5;324545
217286;2024;52;4;247272
217286;2025;2;2;154545
217286;2025;3;1;77272
217286;2025;46;6;401818
217286;2025;47;1;77272
217286;2025;48;1;77272
217286;2025;49;1;77272
217286;2025;50;3;200909
217286;2025;51;8;432727
217286;2025;52;5;270454
217286;2026;1;5;363181
217286;2026;2;2;154545
217286;2026;3;5;386363
217286;2026;4;2;154545
217286;2026;5;2;154545
217286;2026;7;1;61818
217287;2024;1;7;962182
217287;2024;43;1;171818
217287;2024;44;2;343636
217287;2024;45;1;137454
217287;2024;49;1;171818
217287;2024;50;4;558409
217287;2024;51;3;395181
217287;2025;1;2;343636
217287;2025;2;10;1683818
217287;2025;43;2;343636
217287;2025;44;1;171818
217287;2025;45;1;137454
217287;2025;46;2;274909
217287;2025;48;1;171818
217287;2025;49;3;515454
217287;2025;50;5;687272
217287;2025;51;1;103090
217287;2025;52;5;515454
217287;2026;1;4;687272
217287;2026;2;3;515454
217288;2024;1;2;160000
217288;2024;43;2;200000
217288;2024;45;2;160000
217288;2024;47;1;100000
217288;2024;48;5;500000
217288;2024;49;5;500000
217288;2024;50;16;1415000
217288;2024;51;11;925000
217288;2024;52;6;480000
217288;2025;43;1;100000
217288;2025;45;3;240000
217288;2025;46;2;160000
217288;2025;48;2;200000
217288;2025;50;3;300000
217288;2025;51;4;280000
217288;2025;52;3;210000
217288;2026;1;1;100000
217288;2026;2;4;400000
217288;2026;4;1;100000
217289;2024;43;4;293636
217289;2024;44;8;618181
217289;2024;45;11;710909
217289;2024;47;5;386363
217289;2024;48;2;154545
217289;2024;49;4;309090
217289;2024;50;3;162272
217289;2024;52;2;115909
217289;2025;44;2;154545
217289;2025;45;5;370909
217289;2025;46;2;123636
217290;2024;43;1;200000
217290;2024;44;4;800000
217290;2024;45;9;1520000
217290;2024;46;8;1480000
217290;2024;47;2;400000
217290;2024;51;1;160000
217291;2024;42;1;31818
217291;2024;43;1;31818
217291;2024;44;4;127272
217291;2024;45;17;458181
217291;2024;46;12;381818
217291;2024;47;4;127272
217291;2024;48;50;1470000
217291;2024;49;22;680908
217291;2024;50;9;257727
217291;2024;51;5;146363
217291;2024;52;5;127272
217291;2025;44;2;63636
217291;2025;45;7;210000
217291;2025;46;6;184545
217291;2025;47;6;190909
217291;2025;48;12;381818
217291;2025;49;1;31818
217291;2025;50;3;82727
217291;2025;51;1;19090
217291;2025;52;1;19090
217292;2024;44;3;81818
217292;2024;45;20;469090
217292;2024;46;18;490909
217292;2024;47;6;158181
217292;2024;48;16;370909
217292;2024;49;8;218181
217293;2024;44;3;122727
217293;2024;45;4;139090
217293;2024;46;8;327272
217293;2024;48;21;703636
217293;2024;49;28;1120908
217293;2024;50;1;10227
217293;2024;51;1;32727
217293;2025;46;1;40909
217293;2025;48;4;163636
217294;2024;42;3;79090
217294;2024;43;1;26363
217294;2024;44;15;395454
217294;2024;45;8;179272
217294;2024;46;5;126545
217294;2024;47;4;105454
217294;2024;50;10;253091
217294;2025;46;2;42181
217295;2024;45;20;1282727
217295;2024;46;6;448181
217295;2024;47;3;231818
217295;2024;48;19;1468181
217295;2024;49;9;695454
217296;2024;44;1;26363
217296;2024;45;75;1645091
217296;2024;46;16;416545
217296;2024;47;8;210909
217296;2024;48;38;1001818
217296;2024;49;89;2341090
217297;2024;44;1;144545
217297;2024;45;9;1069636
217297;2024;46;1;144545
217297;2024;47;1;144545
217298;2024;44;1;109090
217298;2024;45;21;1876363
217298;2024;46;8;785454
217298;2024;47;3;327272
217298;2024;48;4;392727
217298;2024;49;3;327272
217299;2024;43;3;477272
217299;2024;44;2;318181
217299;2024;45;7;922727
217300;2024;43;2;190909
217300;2024;45;4;305454
217300;2024;46;3;286363
217300;2024;47;3;286364
217300;2024;48;7;668181
217300;2025;38;1;95454
217307;2024;44;1;62727
217307;2024;45;4;238363
217307;2024;46;4;250909
217307;2024;47;14;871909
217307;2024;48;15;940909
217308;2024;42;2;21818
217308;2024;43;2;21818
217308;2024;44;6;65454
217308;2024;45;26;242181
217308;2024;46;26;279272
217308;2024;47;11;120000
217308;2024;48;5;54545
217308;2024;49;10;109090
217308;2024;50;6;62727
217308;2024;51;1;8727
217308;2025;50;1;8727
217309;2024;42;5;1113636
217309;2024;46;1;222727
217309;2024;48;4;890909
217309;2024;50;4;712727
217309;2025;42;1;244545
217309;2025;43;2;408954
217309;2025;44;2;500000
217309;2025;45;1;200000
217309;2025;46;3;641045
217309;2025;48;3;750000
217310;2024;42;6;790909
217310;2024;47;8;1243636
217310;2024;50;4;523636
217310;2025;42;2;327272
217310;2025;43;2;327272
217310;2025;45;10;1309090
217310;2025;46;1;163636
217310;2025;47;1;163636
217311;2024;42;17;436363
217311;2024;43;24;654545
217311;2024;44;24;644999
217311;2024;45;28;687273
217311;2024;48;3;81818
217311;2025;43;13;561272
217311;2025;44;10;445454
217311;2025;45;20;824090
217311;2025;48;5;222727
217312;2024;1;5;163636
217312;2024;44;1;40909
217312;2024;45;8;310909
217312;2024;48;9;368181
217312;2024;49;5;204545
217312;2024;50;23;875454
217312;2024;51;22;687272
217312;2024;52;18;507272
217312;2025;1;1;24545
217312;2025;46;5;180000
217312;2025;48;1;40909
217312;2025;50;2;65454
217312;2025;51;2;49090
217312;2025;52;1;24545
217313;2024;44;23;418181
217313;2024;45;14;210909
217313;2024;46;17;309090
217313;2024;47;42;763636
217313;2024;48;69;1239999
217313;2024;49;2;36363
217313;2024;51;17;250909
217314;2024;43;6;54545
217314;2024;44;23;209090
217314;2024;45;124;912727
217314;2024;46;90;810909
217314;2024;47;32;290909
217314;2024;48;12;98181
217314;2024;49;1;9090
217315;2024;44;4;345454
217315;2024;45;6;483636
217315;2024;46;4;345454
217315;2024;47;4;345454
217315;2024;48;5;345454
217315;2024;49;1;86363
217316;2024;44;2;172727
217316;2024;45;16;1105454
217316;2024;47;5;431818
217317;2024;44;1;122727
217317;2024;45;7;736363
217317;2024;46;9;1104545
217317;2024;47;2;245454
217317;2024;48;2;245454
217317;2024;49;1;122727
217317;2025;42;2;245454
217317;2025;43;2;245454
217317;2025;44;3;368181
217317;2025;45;2;220909
217317;2025;46;6;638181
217317;2025;47;4;490909
217317;2025;48;4;490909
217317;2025;49;1;122727
217318;2024;44;1;18181
217318;2024;45;16;272727
217318;2024;46;33;592727
217318;2024;47;50;909090
217318;2024;48;52;945454
217318;2024;49;30;541818
217318;2024;51;10;173636
217318;2024;52;1;14545
217318;2025;1;3;32727
217318;2025;44;8;145454
217318;2025;45;8;120000
217318;2025;46;33;552727
217318;2025;47;6;109090
217318;2025;48;19;345454
217318;2025;49;35;636363
217318;2025;50;30;454545
217318;2025;51;40;479999
217318;2025;52;5;54545
217319;2024;44;7;95454
217319;2024;45;163;1847044
217319;2024;46;64;818181
217319;2024;47;50;681818
217319;2024;48;29;361363
217319;2024;50;2;27272
217320;2024;44;12;381818
217320;2024;45;77;1985454
217320;2024;46;43;1221818
217320;2024;47;12;381818
217320;2024;48;23;706363
217320;2024;51;18;455000
217320;2024;52;6;96704
217320;2025;10;12;305455
217321;2024;43;8;283636
217321;2024;45;34;971454
217321;2024;46;30;1063636
217321;2024;47;18;567273
217322;2024;45;3;73818
217322;2024;47;4;105454
217322;2024;48;2;52727
217322;2024;49;27;711818
217322;2024;50;57;1361681
217322;2024;51;13;276818
217322;2025;45;2;52727
217322;2025;46;12;305818
217323;2024;45;5;105454
217323;2024;47;5;131818
217323;2024;48;8;210909
217323;2024;49;19;500909
217323;2024;50;35;829136
217323;2024;51;25;503545
217323;2024;52;14;207798
217323;2025;48;3;79090
217324;2024;44;5;181818
217324;2024;45;4;116363
217324;2024;46;8;290909
217324;2024;47;7;254545
217324;2024;48;2;72727
217324;2024;49;12;436363
217324;2024;50;29;921818
217324;2024;51;17;510909
217324;2025;46;3;109090
217324;2025;47;10;363636
217325;2024;45;6;101818
217325;2024;46;23;385454
217325;2024;47;13;236363
217325;2024;48;29;527272
217325;2024;49;72;1283636
217325;2024;50;59;1047272
217325;2024;51;7;101818
217326;2024;43;1;18181
217326;2024;44;7;127272
217326;2024;45;138;2049090
217326;2024;46;32;509090
217326;2024;47;6;109090
217326;2024;48;2;36363
217326;2024;51;1;18181
217327;2024;44;3;95454
217327;2024;45;12;324545
217327;2024;46;6;190909
217327;2024;47;7;222727
217327;2024;48;22;680909
217327;2024;49;48;1527272
217327;2024;50;2;63636
217328;2024;43;25;227272
217328;2024;44;33;299999
217328;2024;45;107;838181
217328;2024;46;36;327272
217328;2024;47;114;1027272
217328;2024;48;21;185454
217329;2024;43;2;63636
217329;2024;44;3;95454
217329;2024;45;22;560000
217329;2024;46;14;445454
217329;2024;47;63;2004545
217329;2024;48;16;509090
217330;2024;45;21;534545
217330;2024;47;5;159090
217330;2024;48;19;604545
217330;2024;49;54;1718181
217330;2024;50;6;178181
217330;2024;51;8;194090
217330;2024;52;2;50909
217330;2025;47;5;159090
217331;2024;44;5;159090
217331;2024;45;25;636363
217331;2024;46;8;254545
217331;2024;47;31;986363
217331;2024;48;42;1336363
217331;2024;49;5;159090
217331;2024;50;4;127272
217332;2024;43;7;127272
217332;2024;44;16;290909
217332;2024;45;70;1112727
217332;2024;46;35;601818
217332;2024;47;36;654545
217332;2024;48;20;330909
217332;2024;49;2;36363
217333;2024;44;6;109090
217333;2024;45;9;130909
217333;2024;46;4;67272
217333;2024;47;34;618182
217333;2024;48;79;1407272
217333;2024;49;27;701818
217333;2024;50;19;286363
217333;2024;51;2;29090
217334;2024;44;9;163636
217334;2024;45;19;294545
217334;2024;46;36;643636
217334;2024;47;15;283636
217334;2024;48;45;789090
217334;2024;49;40;727272
217334;2024;50;8;113636
217335;2024;44;10;445454
217335;2024;45;20;757272
217335;2024;46;17;703818
217335;2024;47;7;311818
217335;2024;48;14;605818
217335;2024;51;9;338545
217336;2024;43;5;113636
217336;2024;44;6;136363
217336;2024;45;11;227272
217336;2024;46;14;304545
217336;2024;47;24;545454
217336;2024;48;21;477272
217336;2024;49;48;1090909
217336;2024;50;15;340909
217337;2024;48;7;203636
217337;2024;49;19;552727
217337;2024;50;34;900363
217337;2024;52;2;46545
217337;2025;45;6;139636
217337;2025;46;6;168727
217337;2025;47;3;87272
217337;2025;48;9;261818
217337;2025;49;15;349090
217337;2025;50;8;186181
217337;2025;51;11;192000
217338;2024;44;7;241818
217338;2024;45;36;1022545
217338;2024;46;11;310909
217338;2024;47;11;380000
217338;2024;48;20;642545
217338;2024;49;11;380000
217339;2024;43;7;203636
217339;2024;44;1;29090
217339;2024;45;5;145454
217339;2024;46;7;186181
217339;2024;47;9;261818
217339;2024;48;22;593454
217339;2024;49;57;1650909
217339;2024;50;11;320000
217340;2024;44;6;174545
217340;2024;45;30;698181
217340;2024;46;40;1163636
217340;2024;47;21;610909
217340;2024;48;13;302545
217340;2024;50;9;196363
217341;2024;44;1;263636
217341;2024;45;2;421818
217341;2024;46;1;263636
217342;2024;45;4;587272
217342;2024;46;2;345454
217342;2024;47;1;172727
217342;2024;48;3;518181
217342;2024;49;1;172727
217342;2024;50;1;129545
217343;2024;44;1;81818
217343;2024;45;9;638181
217343;2024;46;3;245454
217343;2024;50;3;212727
217344;2024;44;3;422727
217344;2024;45;4;450909
217344;2024;46;2;281818
217344;2024;47;1;140909
217345;2024;44;1;127272
217345;2024;45;6;661818
217345;2024;46;3;356363
217345;2024;47;2;254545
217346;2024;43;10;354545
217346;2024;44;10;354545
217346;2024;45;14;425454
217346;2024;46;17;531818
217346;2024;47;3;106363
217346;2024;48;2;70909
217346;2024;49;11;390000
217346;2024;50;4;132954
217346;2025;6;1;35454
217347;2024;43;1;153636
217347;2024;45;4;491636
217347;2024;47;2;307273
217347;2024;49;3;460909
217347;2024;51;2;245818
217348;2024;43;4;436363
217348;2024;44;8;872727
217348;2024;45;9;850909
217348;2024;46;3;305454
217349;2024;43;1;304545
217349;2024;44;2;609090
217349;2024;45;3;791818
217350;2024;45;3;349090
217350;2024;46;3;407273
217350;2024;47;2;276363
217350;2024;48;7;1018181
217350;2024;49;1;145454
217350;2024;50;1;145454
217351;2024;44;2;400000
217351;2024;45;4;680000
217351;2024;46;1;200000
217351;2024;47;1;200000
217351;2024;48;1;200000
217351;2024;49;2;400000
217351;2024;50;7;1250000
217352;2024;44;2;218181
217352;2024;45;9;829090
217352;2024;46;7;698181
217352;2024;47;6;654545
217353;2024;43;2;45454
217353;2024;44;10;227272
217353;2024;45;21;381818
217353;2024;46;11;250000
217353;2024;47;14;318181
217353;2024;49;12;272727
217354;2024;43;1;109090
217354;2024;44;2;218181
217354;2024;45;4;392727
217354;2024;46;4;414545
217354;2024;47;4;436363
217354;2024;48;12;1309090
217354;2024;49;7;763636
217355;2024;45;11;1225909
217355;2024;46;1;131818
217356;2024;44;10;181818
217356;2024;45;53;872727
217356;2024;46;15;272727
217356;2024;47;6;109090
217356;2024;48;7;127272
217356;2024;49;21;381818
217356;2024;50;35;513636
217356;2024;51;33;500000
217356;2025;45;4;72727
217357;2024;44;3;218181
217357;2024;45;9;567272
217357;2024;46;15;1090909
217357;2024;47;8;581818
217357;2024;48;6;436363
217357;2024;49;13;945454
217357;2024;50;8;476363
217357;2024;51;10;636363
217358;2024;44;4;72727
217358;2024;45;2;32727
217358;2024;46;2;36363
217358;2024;47;30;545454
217358;2024;48;8;145454
217358;2024;49;6;109090
217358;2024;50;14;222727
217358;2024;51;33;536363
217359;2024;45;10;625454
217359;2024;46;6;421818
217359;2024;47;7;509090
217359;2024;48;2;145454
217359;2024;49;6;436363
217359;2024;50;5;349090
217360;2024;44;4;527272
217360;2024;45;8;869999
217363;2024;43;1;17272
217363;2024;44;8;138181
217363;2024;45;8;134727
217363;2024;46;6;103636
217363;2024;47;4;69090
217363;2024;48;3;51818
217363;2024;49;6;103636
217364;2024;44;9;155454
217364;2024;45;13;214181
217364;2024;46;6;96727
217364;2024;47;5;86363
217365;2024;44;1;26363
217365;2024;45;5;131818
217365;2024;46;4;100181
217365;2024;47;3;79090
217365;2024;48;1;26363
217365;2024;50;19;490364
217365;2024;51;1;19772
217366;2024;44;4;105454
217366;2024;45;18;384909
217366;2024;46;3;73818
217366;2024;47;9;237272
217366;2025;47;1;26363
217367;2024;43;1;26363
217367;2024;45;14;316363
217367;2024;46;10;258363
217367;2024;47;3;79090
217367;2024;50;6;158182
217367;2025;46;1;26363
217368;2024;49;3;681818
217368;2024;50;1;227272
217368;2024;51;5;795454
217368;2024;52;1;159090
217368;2025;47;1;227272
217369;2024;44;2;343636
217369;2024;45;5;824727
217369;2024;50;4;635727
217369;2024;51;7;1099636
217370;2024;50;3;496363
217370;2024;51;1;165454
217370;2024;52;1;189090
217370;2025;45;1;189090
217370;2025;47;2;472727
217370;2025;50;1;189090
217370;2025;52;1;165454
217371;2024;1;3;545454
217371;2024;49;1;227272
217371;2024;51;1;159090
217371;2024;52;4;636363
217371;2025;50;2;363636
217371;2025;51;2;318181
217371;2025;52;3;477272
217372;2024;44;2;343636
217372;2024;45;3;515454
217372;2024;47;4;549818
217372;2024;49;7;1202727
217372;2024;50;1;171818
217372;2024;51;1;120272
217373;2024;44;6;136363
217373;2024;45;27;568181
217373;2024;46;15;336363
217373;2024;47;10;227272
217373;2024;48;20;404545
217373;2024;49;11;245454
217373;2024;50;1;22726
217375;2024;44;16;580363
217375;2024;45;37;1080927
217375;2024;46;2;72545
217375;2024;48;8;290181
217375;2024;49;8;290181
217375;2024;50;49;1452722
217375;2024;51;24;705504
217377;2024;43;1;286363
217377;2024;44;5;1431818
217377;2024;45;2;458181
217379;2024;44;2;200000
217379;2024;45;4;340000
217379;2024;47;2;200000
217379;2024;48;5;500000
217379;2024;49;2;200000
217379;2025;46;1;100000
217412;2024;46;6;327272
217412;2024;47;3;163636
217412;2024;48;3;163636
217412;2024;49;14;763636
217412;2024;50;5;272727
217412;2024;51;2;95454
217412;2025;44;1;54545
217412;2025;48;5;261818
217412;2025;49;1;43636
217412;2025;51;1;32727
217412;2025;52;3;98181
217413;2024;43;5;272727
217413;2024;45;22;960000
217413;2024;46;1;54545
217413;2024;47;6;327272
217413;2024;48;12;523636
217413;2024;51;1;54545
217413;2024;52;1;43636
217414;2024;42;3;68181
217414;2024;43;3;68181
217414;2024;44;9;204545
217414;2024;45;50;1018181
217414;2024;46;27;586363
217414;2024;47;24;545454
217414;2024;48;26;563636
217414;2024;49;58;1318182
217414;2024;50;60;1151135
217414;2024;51;15;262500
217414;2024;52;5;90909
217414;2025;46;1;18181
217415;2024;43;3;122727
217415;2024;44;1;40909
217415;2024;45;19;621818
217415;2024;46;4;163636
217415;2024;47;8;327272
217415;2024;48;3;122727
217415;2024;49;3;122727
217415;2024;50;25;971590
217415;2025;44;1;40909
217415;2025;47;1;40909
217417;2024;43;3;210000
217417;2024;44;4;280000
217417;2024;45;28;1624000
217417;2024;48;1;70000
217418;2024;42;1;50000
217418;2024;44;5;250000
217418;2024;45;31;1270000
217418;2024;46;3;140000
217418;2024;47;6;300000
217419;2024;43;3;409090
217419;2024;44;1;136363
217419;2024;45;5;599999
217419;2024;46;2;245454
217419;2024;47;5;681818
217419;2024;48;5;627272
217419;2024;49;3;409090
217420;2024;42;1;71818
217420;2024;44;4;287272
217420;2024;45;6;344727
217420;2024;46;4;280090
217420;2024;47;4;280090
217420;2024;48;1;64636
217420;2024;50;1;53863
217420;2025;47;1;71818
217422;2024;42;1;50000
217422;2024;44;4;200000
217422;2024;45;9;360000
217422;2024;46;6;295000
217422;2024;47;3;145000
217422;2024;48;2;95000
217422;2024;49;2;100000
217422;2024;50;3;117500
217422;2024;51;1;40000
217422;2025;49;1;50000
217423;2024;45;1;331818
217423;2024;46;3;862727
217423;2024;47;3;995454
217423;2024;49;1;331818
217423;2025;41;1;331818
217423;2025;42;1;331818
217423;2025;44;2;663636
217424;2024;42;3;95454
217424;2024;43;6;190909
217424;2024;44;8;254545
217424;2024;45;26;706363
217424;2024;46;4;127272
217424;2024;47;1;31818
217426;2024;44;1;195454
217426;2024;45;5;820909
217427;2024;42;1;240909
217427;2024;44;1;240909
217427;2024;45;1;192727
217427;2024;47;3;722727
217429;2024;42;1;268181
217429;2024;44;3;804545
217429;2024;45;3;643636
217429;2024;46;3;804545
217429;2024;47;1;214545
217429;2025;46;1;268181
217430;2024;45;4;480000
217430;2024;46;2;300000
217430;2024;47;3;450000
217430;2024;48;1;150000
217431;2024;45;4;509090
217431;2024;46;4;458181
217431;2024;48;3;381818
217431;2024;49;1;127272
217432;2024;49;1;277272
217432;2024;50;2;554545
217432;2024;51;2;443636
217432;2024;52;1;221818
217433;2024;43;2;180000
217433;2024;44;4;360000
217433;2024;45;5;378000
217433;2024;46;7;594000
217433;2024;47;1;90000
217433;2024;48;4;360000
217433;2024;49;1;72000
217433;2024;50;1;67500
217434;2024;43;1;145454
217434;2024;44;2;290909
217434;2024;45;8;989090
217434;2024;48;2;290909
217435;2024;43;1;300000
217435;2024;46;3;900000
217435;2024;47;1;300000
217435;2024;48;1;300000
217436;2024;44;1;100000
217436;2024;45;13;1120000
217436;2024;48;2;200000
217436;2024;49;4;400000
217436;2024;50;2;175000
217436;2025;45;1;80000
217436;2025;47;5;500000
217436;2025;48;1;100000
217436;2025;49;1;100000
217437;2024;44;3;259090
217437;2024;45;19;1381818
217437;2024;46;6;518181
217437;2024;47;1;86363
217437;2024;48;1;86363
217437;2025;44;1;86363
217437;2025;45;3;241818
217438;2024;43;2;172727
217438;2024;44;7;604545
217438;2024;45;21;1606363
217438;2024;46;2;172727
217438;2024;48;3;259090
217438;2025;45;1;69090
217439;2024;44;4;328181
217439;2024;45;10;725454
217439;2024;46;3;259090
217439;2024;47;2;172727
217439;2024;48;5;345454
217440;2024;42;1;145454
217440;2024;44;3;436363
217440;2024;45;9;1047272
217440;2024;46;2;290909
217440;2024;48;1;145454
217441;2024;42;1;145454
217441;2024;44;2;290909
217441;2024;45;13;1570909
217442;2024;45;14;763636
217442;2024;46;2;109090
217442;2024;47;17;927272
217442;2024;48;1;54545
217442;2024;49;45;2454545
217442;2024;50;15;700909
217442;2024;51;5;218181
217443;2024;43;1;127272
217443;2024;44;1;127272
217443;2024;45;9;1069090
217443;2024;46;3;330909
217443;2024;47;2;254545
217443;2024;48;3;381818
217443;2024;50;2;203636
217443;2025;46;2;229090
217444;2024;42;2;236363
217444;2024;43;4;472727
217444;2024;44;3;354545
217444;2024;45;18;1938182
217444;2024;46;8;898181
217444;2024;47;4;472727
217444;2024;48;4;449090
217444;2024;51;3;330909
217445;2024;43;4;581818
217445;2024;44;3;436363
217445;2024;45;3;349090
217445;2024;46;1;116363
217445;2024;47;4;567272
217448;2024;43;1;65454
217448;2024;44;2;130909
217448;2024;45;2;104727
217448;2024;46;4;235636
217448;2024;48;1;65454
217448;2024;49;1;65454
217449;2024;43;1;127272
217449;2024;44;4;509090
217449;2024;45;6;610909
217449;2024;46;1;127272
217449;2024;48;1;127272
217450;2024;43;7;445090
217450;2024;44;2;130909
217450;2024;45;3;157090
217451;2024;43;2;81818
217451;2024;44;5;204545
217451;2024;45;4;130909
217451;2024;46;1;40909
217451;2024;47;4;163636
217451;2024;48;5;204545
217451;2024;49;3;122727
217453;2024;43;8;327272
217453;2024;44;2;81818
217453;2024;45;4;130909
217453;2024;46;4;147272
217453;2024;47;6;245454
217455;2024;44;1;604545
217455;2024;45;1;483636
217456;2024;43;1;200000
217456;2024;44;1;200000
217456;2024;47;1;200000
217456;2024;48;4;800000
217456;2024;49;3;600000
217456;2024;51;1;160000
217456;2024;52;1;160000
217457;2024;43;1;245454
217457;2024;44;2;490909
217457;2024;45;5;1079999
217458;2024;45;1;200000
217458;2024;46;3;600000
217458;2024;47;2;400000
217458;2024;48;1;200000
217458;2024;50;2;360000
217458;2024;51;1;160000
217458;2024;52;1;160000
217458;2025;45;1;160000
217463;2024;43;9;750545
217463;2024;44;8;698181
217463;2024;45;15;1256727
217463;2024;46;3;218181
217463;2025;41;1;87272
217463;2025;42;1;87272
217463;2025;43;4;340363
217463;2025;44;6;523636
217463;2025;45;16;1256727
217463;2025;46;11;925090
217463;2025;47;15;1309090
217464;2024;42;2;180000
217464;2024;43;4;360000
217464;2024;44;1;90000
217464;2024;45;12;918000
217464;2024;46;8;720000
217464;2024;47;3;270000
217473;2024;43;1;80000
217473;2024;45;1;64000
217473;2024;46;8;576000
217478;2024;43;11;590000
217478;2024;44;1;53636
217478;2024;45;1;42909
217478;2024;46;7;311090
217478;2024;49;1;53636
217480;2024;45;2;376727
217480;2024;46;1;235454
217480;2024;47;4;894727
217480;2024;48;1;235454
217481;2024;47;4;200000
217481;2024;48;2;100000
217481;2024;49;4;200000
217481;2024;50;7;280000
217481;2024;51;3;150000
217482;2024;45;1;28363
217482;2024;46;3;92181
217482;2024;47;1;35454
217482;2024;48;10;354545
217482;2024;49;4;141818
217482;2024;50;7;212727
217482;2024;51;6;170181
217483;2024;44;3;804545
217483;2024;45;5;1072727
217483;2024;46;8;2091818
217483;2024;47;3;777727
217483;2025;43;2;536363
217483;2025;45;10;2360000
217483;2025;46;8;1823636
217485;2024;44;1;213636
217485;2024;45;6;1068181
217485;2024;46;6;1260454
217485;2024;47;6;1281818
217486;2024;43;2;500000
217486;2024;45;22;4500000
217486;2024;46;1;250000
217487;2024;46;11;2300000
217487;2024;47;6;1254545
217491;2024;43;5;1250000
217491;2024;44;4;1000000
217491;2024;45;10;2200000
217491;2025;43;2;475000
217491;2025;44;4;1000000
217491;2025;45;9;1950000
217491;2025;46;5;1100000
217493;2024;43;1;154545
217493;2024;44;2;309090
217493;2024;45;5;618181
217493;2024;46;4;571818
217493;2024;47;5;772727
217493;2024;48;1;154545
217495;2024;44;1;95455
217495;2024;45;6;458181
217495;2024;46;5;458181
217495;2024;47;2;190909
217495;2024;48;2;190909
217495;2024;49;7;668182
217495;2025;44;1;95454
217496;2024;44;1;154545
217496;2024;45;2;247272
217496;2024;47;3;463635
217496;2024;48;9;1375454
217496;2024;49;1;154545
217496;2024;50;1;115909
217496;2025;46;1;123636
217498;2024;46;1;177272
217498;2024;47;3;531818
217498;2024;48;7;1223181
217498;2024;49;1;177272
217500;2024;43;1;122727
217500;2024;44;2;245454
217500;2024;45;7;687272
217500;2024;47;1;110454
217500;2024;48;1;122727
217502;2024;43;1;90000
217502;2024;44;1;90000
217502;2024;45;4;324000
217502;2024;46;3;270000
217502;2024;47;7;630000
217502;2024;48;6;531000
217502;2024;49;2;180000
217503;2024;44;1;154545
217503;2024;45;3;370909
217503;2024;47;2;309090
217503;2024;48;3;463636
217503;2024;49;3;463636
217505;2024;43;1;68181
217505;2024;44;3;204545
217505;2024;45;15;940909
217505;2024;46;3;122727
217505;2024;47;1;61363
217505;2024;48;1;68181
217506;2024;44;2;289090
217506;2024;45;2;260181
217506;2024;46;3;375818
217506;2024;47;2;289090
217506;2024;49;1;144545
217506;2025;46;1;144545
217508;2024;44;3;340909
217508;2024;45;3;295454
217508;2024;46;1;113636
217508;2024;47;1;113636
217508;2024;48;2;227272
217508;2025;46;1;113636
217508;2025;47;1;113636
217509;2024;43;2;1627272
217512;2024;45;1;800000
217512;2024;46;2;1800000
217512;2024;47;1;1000000
217513;2024;45;2;1774545
217514;2024;43;2;100000
217514;2024;44;8;400000
217514;2024;45;15;600000
217514;2024;46;8;390000
217514;2024;47;6;300000
217514;2024;48;2;100000
217514;2024;49;8;400000
217514;2024;50;4;200000
217514;2024;51;4;170000
217514;2024;52;2;80000
217514;2025;44;1;50000
217514;2025;45;7;340000
217514;2025;46;5;210000
217514;2025;47;2;100000
217514;2025;48;6;300000
217514;2025;49;5;250000
217514;2025;50;2;100000
217514;2025;51;8;240000
217514;2025;52;5;150000
217518;2024;43;12;425454
217518;2024;44;21;730363
217518;2024;45;20;595636
217518;2024;46;12;425454
217518;2024;47;10;354545
217518;2024;48;2;70909
217518;2024;49;15;475090
217518;2025;48;3;106363
217518;2025;51;2;42545
217519;2024;43;2;100000
217519;2024;44;9;450000
217519;2024;45;7;300000
217519;2024;46;4;200000
217519;2024;47;1;50000
217519;2024;48;10;500000
217519;2024;49;7;350000
217519;2024;50;1;37500
217519;2024;51;4;152500
217519;2024;52;1;40000
217521;2024;43;1;50000
217521;2024;44;1;50000
217521;2024;45;3;125000
217521;2024;46;1;50000
217521;2024;47;1;50000
217521;2024;48;4;200000
217521;2024;49;5;250000
217521;2024;50;18;732500
217521;2024;51;10;395000
217521;2024;52;1;40000
217521;2025;46;1;50000
217521;2025;50;1;50000
217523;2024;43;2;100000
217523;2024;44;2;100000
217523;2024;45;6;260000
217523;2024;46;4;200000
217523;2024;47;3;150000
217523;2024;48;6;300000
217523;2024;49;11;550000
217523;2024;50;11;550000
217523;2024;51;1;37500
217525;2024;42;1;22727
217525;2024;44;6;136363
217525;2024;45;26;513636
217525;2024;46;10;218181
217525;2024;47;19;431818
217525;2024;48;71;1468181
217525;2024;49;4;90909
217527;2024;42;1;17272
217527;2024;44;6;103636
217527;2024;45;16;269454
217527;2024;46;9;138181
217527;2024;47;16;276363
217527;2024;48;71;1188363
217527;2024;49;88;1485454
217527;2024;50;5;86363
217527;2024;51;2;25909
217528;2024;45;2;290909
217528;2024;46;5;872727
217528;2024;47;1;181818
217528;2024;49;5;800000
217528;2024;50;1;181818
217528;2024;52;2;290909
217529;2024;42;2;90909
217529;2024;45;18;709090
217529;2024;46;6;272727
217529;2024;48;5;227272
217529;2024;49;11;500000
217529;2024;50;2;90909
217529;2024;51;4;145454
217530;2024;43;8;254545
217530;2024;44;2;63636
217530;2024;45;32;833637
217530;2024;46;27;846363
217530;2024;47;9;286363
217530;2024;48;18;515454
217530;2025;51;2;38181
217531;2024;43;1;31818
217531;2024;44;14;445454
217531;2024;45;42;1132727
217531;2024;46;1;31818
217531;2024;47;14;445454
217531;2024;48;10;286363
217531;2024;49;10;254545
217531;2025;48;1;31818
217531;2025;50;1;31818
217531;2025;51;1;19090
217532;2024;45;1;149090
217532;2024;46;2;298181
217532;2024;47;2;372727
217532;2024;48;1;186363
217532;2024;49;3;559090
217532;2024;50;2;372727
217533;2024;45;2;349090
217533;2024;46;1;218181
217533;2024;49;1;218181
217534;2024;43;1;186363
217534;2024;44;1;186363
217534;2024;45;2;298181
217534;2024;46;3;559090
217534;2024;48;7;1304545
217534;2024;49;1;186363
217534;2025;42;1;149090
217534;2025;43;1;167727
217534;2025;44;2;372727
217534;2025;45;3;484545
217534;2025;46;5;857272
217534;2025;47;2;372727
217534;2025;49;2;335455
217536;2024;43;5;1068181
217536;2024;44;7;1399318
217536;2024;45;12;2093636
217536;2025;43;3;640909
217536;2025;44;2;427272
217536;2025;45;19;3290000
217537;2024;43;1;186363
217537;2024;44;7;1304545
217537;2024;45;16;2459999
217537;2024;47;1;186363
217542;2024;42;2;63636
217542;2024;43;3;95454
217542;2024;44;4;93863
217542;2024;45;18;553636
217542;2024;46;5;159090
217542;2024;47;9;286363
217542;2024;48;13;400909
217542;2024;49;12;378636
217542;2024;50;27;830454
217542;2024;51;1;23863
217543;2024;45;1;140909
217543;2024;47;1;140909
217543;2024;48;1;140909
217543;2024;49;1;140909
217543;2024;50;1;112727
217544;2024;43;6;636363
217544;2024;44;1;113636
217544;2024;47;1;113636
217545;2024;43;1;218181
217545;2024;44;3;654545
217545;2024;45;5;960000
217545;2024;46;2;392727
217545;2024;47;2;436363
217545;2024;48;1;218181
217545;2024;49;4;872727
217546;2024;43;2;881818
217546;2024;44;2;881818
217546;2024;48;2;881818
217546;2024;49;1;440909
217546;2024;50;3;925909
217546;2024;51;4;1234545
217546;2025;42;1;440909
217546;2025;43;1;440909
217546;2025;44;1;440909
217546;2025;45;1;352727
217546;2025;46;4;1587272
217546;2025;49;1;440909
217547;2024;43;3;1063635
217547;2024;45;15;4467272
217547;2024;46;2;709090
217547;2024;47;3;1063636
217547;2024;48;4;1382727
217547;2024;49;2;638181
217547;2024;50;8;2517272
217547;2025;46;1;283636
217548;2024;44;1;300000
217548;2024;45;2;480000
217548;2024;46;1;300000
217548;2024;48;1;300000
217548;2024;49;1;300000
217548;2024;50;5;1230000
217548;2024;51;4;1110000
217548;2025;46;1;300000
217549;2024;44;6;1418182
217549;2024;45;10;2044545
217549;2024;46;2;472727
217550;2024;44;1;318181
217550;2024;46;1;318181
217550;2024;47;1;318181
217550;2024;48;1;318181
217550;2024;49;3;954545
217550;2024;50;3;890909
217550;2024;51;1;222727
217551;2024;45;2;433636
217551;2024;48;2;481818
217551;2024;49;1;240909
217551;2024;50;1;240909
217551;2024;52;1;168636
217551;2025;45;1;240909
217551;2025;46;1;192727
217551;2025;50;1;240909
217551;2025;51;2;385454
217552;2024;42;1;245454
217552;2024;43;2;490909
217552;2024;45;4;785454
217552;2024;46;1;245454
217552;2024;47;1;245454
217552;2024;49;2;490909
217552;2024;51;1;171818
217552;2024;52;1;168637
217552;2025;45;3;589090
217552;2025;47;1;245454
217552;2025;48;1;245454
217553;2024;44;1;154545
217553;2024;46;2;309090
217553;2024;47;1;154545
217553;2024;48;2;309090
217553;2024;49;8;1236363
217553;2024;50;2;278181
217553;2024;51;3;363181
217553;2024;52;1;123636
217553;2025;46;1;154545
217553;2025;47;1;154545
217554;2024;42;1;113636
217554;2024;45;4;409090
217554;2024;46;3;340909
217554;2024;47;4;454545
217554;2024;48;5;568181
217554;2024;49;1;113636
217554;2024;50;1;113636
217554;2024;51;1;85227
217555;2024;45;4;618181
217555;2024;48;5;909090
217556;2024;43;1;159090
217556;2024;44;1;159090
217556;2024;45;4;540909
217556;2024;48;2;318181
217556;2024;49;1;159090
217558;2024;43;4;418181
217558;2024;44;7;731818
217558;2024;45;5;460000
217559;2024;43;2;718181
217559;2024;45;1;287272
217559;2024;47;1;359090
217899;2024;41;1;249090
218564;2024;45;35;948180
218564;2024;46;26;789090
218564;2024;47;26;827272
218564;2024;48;27;840000
218564;2024;49;24;763635
218564;2024;51;4;101818
218567;2024;45;67;1730908
218567;2024;46;36;1100909
218567;2024;47;30;954545
218567;2024;48;6;178181
218567;2024;49;1;31818
218567;2024;51;4;108181
218567;2024;52;1;25454
218571;2024;45;10;992727
218571;2024;48;2;189090
218575;2024;45;9;921818
218575;2024;48;3;283636
218579;2024;45;2;109090
218579;2025;50;1;54545
218580;2024;45;2;109090
218580;2025;47;1;68181
218580;2025;51;1;47727
218583;2024;45;4;479090
218583;2024;46;5;704545
218583;2024;47;6;845454
218583;2024;48;6;845454
218585;2024;45;7;900000
218585;2024;46;6;825000
218585;2024;47;9;1350000
218585;2024;48;3;450000
218586;2024;45;20;1530000
218586;2024;46;22;1962000
218586;2024;47;6;540000
218586;2025;44;8;720000
218586;2025;45;16;1278000
218586;2025;46;15;1224000
218586;2025;47;13;1170000
218587;2024;45;12;1066363
218587;2024;46;18;1714545
218587;2024;47;11;1150000
218587;2024;48;3;313636
218587;2025;44;7;731818
218587;2025;45;18;1610000
218587;2025;46;19;1840000
218587;2025;47;4;418181
218589;2025;45;7;870000
218589;2025;46;15;2130000
218589;2025;47;2;300000
218590;2024;45;2;414545
218590;2024;46;1;207272
218590;2024;47;2;518181
218590;2024;48;1;259090
218590;2024;49;2;518181
218590;2024;50;3;777272
218590;2024;51;1;194318
218591;2024;49;1;259090
218591;2024;50;5;1230681
218591;2024;51;5;1010454
218592;2024;45;1;1818181
218592;2024;46;1;2272727
218593;2024;45;3;650000
218593;2024;46;1;200000
218593;2024;47;2;500000
218594;2024;45;13;1554545
218594;2024;46;4;436363
218594;2024;47;4;545454
218594;2024;48;4;545454
218594;2024;49;3;409090
218594;2024;50;5;571827
218594;2024;51;8;886363
218594;2024;52;1;109090
218594;2025;45;5;572727
218594;2025;47;1;136363
218594;2025;48;1;136363
218594;2025;50;2;272727
218594;2025;52;2;163636
218595;2024;45;7;2198181
218595;2024;46;1;354545
218595;2024;50;1;265909
218596;2024;45;3;921818
218596;2024;46;3;1063636
218596;2024;47;4;1418181
218596;2024;48;6;2127272
218597;2024;47;1;354545
218597;2024;49;1;354545
218597;2024;51;3;886363
218597;2025;44;1;354545
218598;2024;45;19;414545
218598;2024;46;20;545454
218598;2024;47;4;109090
218598;2024;48;3;81818
218598;2024;49;1;27272
218598;2024;50;1;27272
218599;2024;45;3;469090
218599;2024;46;3;586363
218600;2024;45;8;436363
218600;2024;46;4;272727
218601;2024;45;4;80363
218601;2024;46;7;165454
218601;2024;47;4;94545
218601;2024;48;18;423090
218601;2024;49;17;392363
218601;2024;50;4;82727
218602;2024;45;23;439636
218602;2024;46;16;378181
218602;2024;47;9;212727
218602;2024;48;11;260000
218602;2024;49;13;297818
218603;2024;45;3;56727
218603;2024;46;4;94545
218603;2024;47;11;260000
218603;2024;48;1;23636
218603;2024;49;1;23636
218603;2024;50;5;106363
218603;2024;51;2;35454
218604;2024;45;38;690910
218604;2024;46;42;954545
218604;2024;47;25;568181
218604;2024;48;9;204545
218604;2024;49;39;886363
218604;2024;50;16;293181
218604;2024;51;63;1244318
218604;2024;52;14;254545
218605;2024;45;25;875454
218605;2024;46;43;1718181
218605;2024;47;7;286363
218605;2024;48;2;81818
218605;2024;49;2;81818
218605;2024;50;1;40909
218606;2024;45;4;2167272
218606;2024;46;3;1760909
218606;2024;47;1;812727
218606;2024;49;3;2031818
218606;2024;50;1;677272
218606;2025;46;3;2031818
218606;2025;48;2;1354545
218607;2024;45;1;254545
218607;2024;46;1;318182
218607;2024;49;1;318181
218610;2024;47;1;50000
218610;2024;48;11;550000
218610;2024;49;6;295000
218610;2025;50;1;40000
218615;2024;46;11;399200
218615;2024;47;3;136090
218615;2024;48;6;272181
218616;2024;45;58;698181
218616;2024;46;14;182727
218617;2024;45;7;351272
218617;2024;46;7;388909
218617;2024;47;6;376363
218617;2024;48;8;451636
218617;2024;49;1;62727
218618;2024;45;2;42181
218618;2024;46;6;152909
218618;2024;47;5;131818
218618;2024;48;8;200363
218618;2024;49;20;527273
218618;2024;50;8;210909
218619;2024;46;1;523636
218619;2024;47;2;1309090
218619;2024;48;4;2618181
218619;2024;49;1;654545
218619;2024;50;1;523636
218620;2024;45;2;138181
218620;2024;46;4;345454
218620;2024;47;1;86363
218620;2024;48;1;86363
218620;2024;49;3;207272
218621;2024;45;23;1216909
218621;2024;46;25;1568181
218621;2024;47;1;62727
218622;2024;45;5;250909
218622;2024;46;12;752727
218622;2024;47;1;18818
218622;2024;48;1;62727
218622;2024;49;4;200727
218623;2024;45;20;855272
218623;2024;46;22;971091
218623;2024;47;7;311818
218624;2024;45;40;1056363
218624;2024;46;8;254545
218625;2024;45;15;815454
218625;2024;47;4;250909
218625;2024;49;3;188181
218625;2024;50;2;94091
218626;2024;46;5;295454
218626;2024;47;5;295454
218626;2024;48;6;330909
218626;2024;49;23;1359090
218626;2024;50;11;576136
218626;2024;51;12;527182
218626;2024;52;1;47272
218626;2025;44;4;236363
218626;2025;45;1;47272
218626;2025;46;14;709090
218626;2025;47;5;295454
218626;2025;48;5;295454
218626;2025;49;1;35454
218626;2025;50;1;47272
218626;2025;51;1;35454
218627;2024;46;3;188181
218627;2024;47;7;439090
218627;2024;48;9;564545
218628;2024;48;1;237272
218628;2024;49;3;790909
218628;2024;50;2;527272
218628;2025;45;1;210909
218628;2025;47;1;263636
218628;2025;48;2;272727
218628;2025;49;2;263181
218628;2025;50;3;354545
218628;2025;51;3;286363
218628;2025;52;2;190909
218629;2024;46;4;200000
218629;2024;47;15;750000
218629;2024;48;13;650000
218629;2024;49;12;600000
218629;2024;50;14;625000
218629;2024;51;12;482500
218629;2024;52;9;360000
218629;2025;45;1;40000
218629;2025;49;3;150000
218629;2025;50;4;170000
218629;2025;51;6;180000
218630;2024;46;8;1200000
218630;2024;48;5;750000
218630;2024;49;9;1350000
218630;2024;50;14;2017500
218630;2024;51;11;1387500
218631;2024;47;7;413636
218631;2024;48;8;466818
218631;2024;49;21;1240909
218631;2024;50;19;1007499
218631;2024;51;12;567272
218631;2024;52;5;236363
218631;2025;44;2;118181
218631;2025;45;10;520000
218631;2025;46;13;723863
218632;2024;46;19;920000
218632;2024;47;9;450000
218632;2024;48;8;380000
218633;2024;45;13;626363
218633;2024;46;3;165454
218633;2024;47;10;590909
218633;2024;48;6;354545
218634;2024;46;11;199999
218634;2024;47;8;145454
218634;2024;48;22;400000
218634;2024;49;11;199999
218634;2024;50;13;203636
218634;2024;51;1;18181
218634;2025;44;2;36363
218634;2025;45;2;36363
218634;2025;46;7;127272
218634;2025;47;15;272727
218634;2025;48;21;381818
218634;2025;49;8;145454
218634;2025;50;17;261818
218635;2024;46;15;850909
218635;2024;47;7;413636
218635;2024;48;10;590908
218636;2024;46;10;472000
218636;2024;47;18;965454
218636;2024;48;4;214545
218636;2024;49;4;171636
218637;2024;46;14;827272
218637;2024;47;14;827272
218637;2024;48;14;827272
218637;2024;49;6;354545
218637;2025;47;24;1418181
218637;2025;48;22;1299999
218637;2025;49;2;106363
218638;2024;46;10;514909
218638;2024;47;2;107272
218638;2024;48;17;836727
218638;2024;49;5;268181
218638;2024;51;2;107273
218639;2024;46;24;1255090
218639;2024;47;34;1823636
218639;2024;48;13;697272
218639;2024;51;1;53636
218640;2024;45;10;480000
218640;2024;46;6;327272
218640;2024;47;10;545454
218640;2024;48;20;1080000
218640;2024;49;61;3327272
218640;2024;50;32;1718181
218640;2024;51;5;207272
218641;2024;46;4;214545
218641;2024;47;5;268181
218641;2024;48;33;1737817
218641;2024;49;28;1501818
218641;2024;50;2;107272
218642;2024;45;2;100363
218642;2024;46;1;62727
218642;2024;47;1;62727
218642;2024;48;13;790363
218642;2024;49;15;878181
218643;2024;45;64;1163636
218643;2024;46;68;1518181
218643;2024;47;4;90909
218643;2024;48;21;477272
218643;2024;49;19;431818
218643;2024;50;40;750000
218643;2025;46;4;81818
218643;2025;47;1;22727
218643;2025;50;1;18181
218644;2024;46;4;212727
218644;2024;47;2;118181
218644;2024;48;13;756363
218644;2024;49;5;271818
218645;2024;46;10;681818
218645;2024;47;5;340909
218645;2024;48;5;340909
218645;2024;49;6;402272
218645;2024;50;1;51136
218645;2024;51;2;122727
218645;2024;52;4;218181
218645;2025;45;1;68181
218645;2025;46;1;54545
218646;2024;46;2;45454
218646;2024;47;2;45454
218646;2024;48;3;68181
218646;2024;49;20;454545
218646;2024;51;52;939772
218646;2024;52;58;1054545
218646;2025;6;2;45454
218646;2025;7;13;261363
218646;2025;18;1;22727
218646;2025;45;1;22727
218646;2025;46;1;18181
218646;2025;47;1;22727
218646;2025;48;26;590906
218646;2025;50;28;509090
218646;2025;51;15;238636
218646;2025;52;4;63636
218646;2026;7;1;18181
218649;2024;45;1;61818
218649;2024;46;2;154545
218649;2024;48;2;154545
218649;2024;49;8;618182
218649;2024;50;5;367045
218649;2024;51;2;123636
218649;2025;45;1;61818
218649;2025;48;8;587272
218649;2025;49;2;123636
218650;2024;45;4;130909
218650;2024;46;8;321136
218650;2024;47;9;355908
218650;2024;48;14;544090
218650;2024;49;8;319090
218650;2024;50;1;30681
218650;2024;51;4;147272
218650;2025;46;1;40909
218650;2025;47;1;40909
218650;2025;48;3;122727
218650;2025;49;5;204545
218650;2025;50;1;32727
218650;2025;51;2;57272
218651;2024;46;4;272727
218651;2024;47;1;68181
218651;2024;49;2;136363
218651;2025;48;2;109090
218651;2025;49;2;136363
218651;2025;52;3;122727
218652;2024;46;11;664909
218652;2024;47;10;627272
218652;2024;49;2;100363
218652;2025;45;3;163090
218653;2024;45;38;574545
218653;2024;46;25;418181
218653;2024;47;3;54545
218654;2024;46;9;712000
218654;2024;47;8;647272
218654;2024;48;12;970909
218654;2024;49;3;218454
218655;2024;45;2;114909
218655;2024;46;1;71818
218655;2024;47;7;502727
218655;2024;48;8;488363
218656;2024;45;15;620000
218656;2024;46;4;200000
218656;2024;47;5;245000
218656;2024;48;4;200000
218656;2024;49;11;550000
218656;2024;50;7;325000
218657;2024;46;5;295454
218657;2024;47;8;466818
218657;2024;48;9;531818
218657;2024;49;13;756363
218657;2024;52;1;47272
218658;2024;45;3;172363
218658;2024;46;7;502727
218658;2024;48;5;359090
218658;2024;49;1;71818
218659;2024;45;3;150545
218659;2024;46;2;125454
218659;2024;47;3;188181
218659;2024;48;7;426545
218659;2024;49;1;62727
218659;2024;52;2;100363
218660;2024;46;5;295454
218660;2024;47;2;118181
218660;2024;48;7;378181
218660;2024;49;2;118181
218661;2024;47;1;17272
218661;2024;49;4;69090
218661;2024;50;16;228863
218661;2024;51;27;397272
218662;2024;46;5;404545
218662;2024;47;9;728182
218662;2024;50;4;242727
218663;2024;45;1;167272
218663;2024;46;2;418181
218663;2024;47;1;209090
218663;2024;48;1;209090
218663;2024;49;6;1254545
218664;2024;45;7;249454
218664;2024;46;29;1269545
218664;2024;47;22;979999
218664;2024;48;13;579090
218664;2024;52;1;35636
218665;2024;45;3;250909
218665;2024;46;2;209090
218665;2024;48;7;669090
218666;2024;45;11;1003636
218667;2024;45;8;752727
218667;2024;46;1;104545
218667;2024;47;1;104545
218667;2024;50;2;188181
218668;2024;45;3;250909
218668;2024;46;5;501818
218668;2024;47;1;104545
218668;2024;49;2;209090
218668;2024;50;1;78409
218669;2024;46;4;1709090
218669;2024;47;1;427272
218669;2024;49;1;427272
218669;2024;51;2;683636
218670;2024;45;21;469272
218670;2024;46;18;463999
218670;2024;47;1;26363
218670;2024;48;4;105454
218670;2024;49;9;237272
218670;2024;50;18;436318
218670;2024;51;8;177954
218676;2024;45;3;141818
218676;2024;46;14;815454
218676;2024;47;32;1890909
218676;2024;48;22;1234999
218676;2024;49;1;47272
218678;2024;46;2;143636
218678;2024;47;5;359090
218678;2024;48;7;502727
218678;2024;49;2;143636
218680;2024;45;2;100363
218680;2024;46;5;313636
218680;2024;47;8;501818
218680;2024;48;3;169363
218682;2024;45;3;120000
218682;2024;46;3;150000
218682;2024;47;5;250000
218682;2024;48;6;270000
218682;2024;49;7;350000
218682;2024;50;34;1507500
218682;2024;51;8;305000
218682;2024;52;6;156245
218684;2024;49;3;150000
218684;2024;51;2;70000
218684;2025;45;4;200000
218684;2025;51;1;30000
218684;2026;14;1;50000
219562;2024;45;1;29090
219562;2024;46;11;396363
219562;2024;47;3;109090
219562;2024;48;24;807272
219562;2024;49;31;1127273
219568;2024;47;7;350000
219568;2024;48;16;740000
219568;2024;49;9;450000
219568;2025;45;1;50000
219568;2025;46;1;40000
219570;2024;46;7;395909
219570;2024;47;2;118181
219570;2024;48;3;153636
219570;2024;49;2;118181
219570;2024;50;1;47272
219570;2024;52;1;47272
219572;2024;46;15;545454
219572;2024;47;7;254545
219572;2024;48;8;272727
219572;2024;49;2;72727
219572;2025;45;1;29090
219575;2024;46;6;354545
219575;2024;47;2;118181
219575;2024;49;2;118181
219575;2024;51;2;94545
219575;2025;47;3;177272
219578;2024;46;14;426363
219578;2024;47;8;254545
219578;2024;48;42;1247272
219578;2024;49;9;286363
219578;2024;50;2;55681
219578;2024;51;6;143181
219578;2025;46;5;152727
219578;2025;47;2;63636
219578;2025;48;1;31818
219581;2024;45;3;85090
219581;2024;46;3;106363
219581;2024;47;3;106363
219581;2024;48;15;531818
219581;2024;49;29;992727
219581;2024;50;20;609818
219581;2024;51;15;404181
219581;2024;52;2;56727
219584;2024;45;22;940000
219584;2024;46;2;100000
219584;2024;47;13;650000
219584;2024;48;5;250000
219584;2024;49;2;95000
219586;2024;46;9;286363
219586;2024;47;15;477272
219586;2024;48;32;929090
219586;2024;49;30;954545
219586;2024;50;8;246590
219586;2024;51;1;23863
219587;2024;46;19;604545
219587;2024;47;4;127272
219587;2024;48;6;190909
219587;2024;49;16;509090
219587;2024;50;27;746136
219587;2024;51;18;466136
219587;2024;52;6;152727
219587;2025;44;1;31818
219683;2024;46;18;2295000
219683;2024;47;5;750000
219683;2024;50;1;112500
219685;2024;45;2;269090
219685;2024;46;8;1244545
219685;2024;47;7;1177272
219685;2024;48;3;504545
219685;2024;49;4;672727
219686;2024;46;1;104545
219686;2024;47;3;313636
219686;2024;48;6;627272
219686;2024;49;6;627272
219686;2024;50;2;177727
219686;2024;51;5;439090
219686;2025;44;1;104545
219687;2024;47;5;501818
219687;2024;49;1;104545
219687;2024;50;8;742272
219687;2024;51;6;439090
219687;2025;44;1;104545
219687;2025;45;2;188181
219689;2024;46;14;420000
219689;2024;47;15;477272
219689;2024;48;4;127272
219689;2024;49;20;636363
219689;2024;50;20;552045
219689;2024;51;15;396136
219689;2025;45;2;50909
219689;2025;50;1;25454
219690;2024;46;4;454545
219690;2024;47;2;227272
219690;2024;48;2;227272
219690;2024;49;2;227272
219690;2024;50;2;170454
219690;2024;51;1;102272
219690;2024;52;1;90909
219690;2025;45;3;272727
219690;2025;47;3;340909
219690;2025;48;2;227272
219691;2024;46;1;268181
219691;2024;47;7;1877272
219691;2025;44;1;268181
219691;2025;45;3;750909
219691;2025;46;2;482727
219691;2025;47;2;536363
219692;2024;46;7;1336363
219692;2024;47;3;572727
219697;2024;46;2;381818
219697;2024;47;8;1508181
219698;2024;47;5;1181818
219698;2024;48;2;472727
219698;2024;49;1;236363
219699;2024;51;62;925818
219699;2024;52;31;428363
219699;2025;6;1;17272
219699;2026;7;1;13818
219700;2024;46;17;293636
219700;2024;47;17;293636
219700;2024;48;27;466363
219700;2024;49;18;310909
219700;2024;50;64;1021681
219701;2024;46;24;414545
219701;2024;47;7;120909
219701;2024;48;12;207272
219701;2024;49;2;34545
219701;2024;50;32;552727
219701;2024;51;48;717681
219701;2024;52;17;234909
219703;2024;46;1;62727
219703;2024;47;1;62727
219703;2024;49;1;62727
219703;2024;50;5;254045
219703;2025;45;1;50181
219703;2025;46;2;112909
219703;2025;48;1;62727
219784;2024;43;1;68181
219784;2024;44;6;409090
219784;2024;45;5;300000
219784;2024;46;8;545454
219784;2024;47;1;68181
219784;2024;48;3;204545
219796;2024;44;5;250000
219796;2024;45;15;620000
219796;2024;46;4;190000
219803;2024;45;4;1276363
219803;2024;46;4;1347272
219803;2024;47;2;709090
219803;2024;48;2;638181
219803;2025;42;1;283636
219803;2025;43;2;709090
219803;2025;44;1;354545
219803;2025;45;1;283636
219803;2025;46;6;1843636
219803;2025;47;1;354545
219804;2024;46;1;1363636
219805;2024;46;3;2520000
219805;2024;47;1;900000
219806;2024;45;1;93818
219806;2024;46;7;809181
219806;2024;47;6;609818
219806;2024;48;19;2216454
219806;2024;49;3;351818
219806;2024;50;1;117272
219806;2024;51;10;973363
219806;2024;52;1;93818
219807;2024;45;1;69090
219807;2024;46;2;172727
219807;2024;47;15;1295454
219807;2024;48;7;604545
219807;2024;49;21;1800685
219807;2024;52;2;138181
219808;2024;46;10;227272
219808;2024;47;11;250000
219808;2024;48;20;418181
219808;2024;49;50;1136363
219808;2024;51;1;22727
219808;2025;47;1;22727
219808;2025;52;3;40909
219809;2024;46;7;127272
219809;2024;47;26;472727
219809;2024;48;19;345454
219809;2024;49;38;690909
219809;2024;50;1;14545
219810;2024;46;5;181363
219810;2024;47;11;399000
219810;2024;48;11;398999
219810;2024;49;23;834273
219810;2024;50;27;865104
219810;2024;51;15;435272
219811;2024;45;1;21090
219811;2024;46;13;342727
219811;2024;47;6;158181
219811;2024;48;18;469272
219811;2024;49;35;922728
219811;2024;50;20;452136
219811;2024;51;46;997863
219811;2024;52;5;105454
219811;2025;45;1;26363
219811;2025;46;1;26363
219812;2024;46;33;835727
219812;2024;47;30;790909
219812;2024;48;32;843636
219812;2024;49;1;26363
219813;2024;47;2;155454
219813;2024;48;3;220909
219813;2024;49;6;490909
219813;2024;50;1;81818
219813;2024;51;2;126818
219813;2024;52;1;65454
219813;2025;45;4;310909
219813;2025;46;1;65454
219813;2025;47;2;163636
219813;2025;48;1;81818
219814;2024;43;1;135454
219814;2024;45;5;568909
219814;2024;46;2;270909
219814;2024;49;2;270909
219814;2024;50;2;243818
219815;2024;46;5;458181
219815;2024;47;2;181363
219815;2024;48;3;286363
219815;2025;45;1;95454
219816;2024;46;2;345454
219816;2024;47;2;345454
219817;2024;47;1;200000
219817;2024;48;1;200000
219817;2024;49;2;400000
219817;2024;51;1;150000
219817;2025;48;1;200000
219818;2024;46;1;109090
219818;2024;47;2;207272
219818;2024;48;2;218181
219819;2024;48;3;531818
219819;2024;49;1;177272
219819;2024;50;5;815454
219819;2024;51;1;141818
219819;2024;52;2;283636
219819;2025;45;3;425454
219819;2025;47;1;177272
219820;2024;48;2;230909
219820;2024;49;2;230909
219820;2024;50;9;929409
219820;2024;51;10;1027545
219820;2024;52;2;184727
219821;2024;1;2;184727
219821;2024;48;2;230909
219821;2024;49;1;115454
219821;2024;50;4;461818
219821;2024;51;3;277090
219821;2024;52;5;461818
219821;2025;1;1;115454
219821;2025;6;2;230909
219821;2025;7;1;86590
219821;2025;47;3;346363
219822;2024;48;4;461818
219822;2024;49;4;461818
219822;2024;50;15;1535545
219823;2024;47;2;230909
219823;2024;48;5;577272
219823;2024;49;3;346363
219823;2024;50;13;1391227
219823;2024;51;3;294409
219824;2024;46;4;360000
219824;2024;47;4;360000
219824;2024;48;24;2160000
219824;2024;49;16;1440000
219825;2024;1;1;35636
219825;2024;46;10;418727
219825;2024;47;11;490000
219825;2024;48;7;311818
219825;2024;49;4;178181
219825;2024;50;6;245000
219825;2024;51;10;371954
219825;2024;52;8;285090
219825;2025;45;2;80181
219825;2025;46;3;124727
219825;2025;47;1;44545
219826;2024;46;1;168181
219826;2024;47;2;336363
219826;2024;48;7;1143636
219826;2024;49;2;336363
219827;2024;43;6;154490
219827;2024;44;6;158181
219828;2024;46;16;1819636
219828;2025;43;1;126363
219828;2025;44;3;379090
219828;2025;45;6;657090
219828;2025;46;8;960363
219828;2025;47;9;1137272
219828;2025;48;5;631818
219829;2024;46;7;859272
219829;2024;47;9;1074090
219829;2025;46;12;1440545
219829;2025;47;13;1630091
219829;2025;48;6;758181
219829;2025;49;1;126363
219830;2024;47;2;452727
219830;2024;48;1;226363
219830;2024;49;2;452727
219830;2024;50;2;407454
219830;2024;51;1;169772
219830;2025;47;1;226363
219830;2025;48;1;226363
219830;2025;49;1;226363
219831;2024;44;1;80909
219831;2024;46;1;80909
219831;2024;48;4;323636
219831;2024;50;3;182045
219831;2024;51;1;64727
219832;2024;46;1;390909
219832;2024;47;2;781818
219832;2024;48;2;781818
219832;2024;49;4;1544090
219832;2024;50;3;1075000
219833;2024;46;2;1000000
219833;2024;50;1;500000
219833;2024;51;1;400000
219833;2025;45;1;500000
219833;2025;46;1;500000
219833;2025;47;2;1000000
219833;2025;48;1;500000
219833;2025;49;1;500000
219834;2024;46;1;113636
219834;2024;47;2;227272
219834;2024;48;4;454545
219834;2024;49;6;681818
219834;2024;50;1;90909
219834;2025;45;1;90909
219835;2024;46;11;944509
219835;2024;47;4;363272
219835;2024;48;4;363272
219835;2024;49;5;454090
219836;2024;43;1;83636
219836;2024;44;1;83636
219836;2024;45;7;518545
219836;2024;48;3;200727
219837;2024;46;2;107272
219837;2024;47;10;531000
219837;2024;48;30;1609090
219837;2024;49;6;321818
219837;2025;45;7;321818
219837;2025;46;9;439818
219837;2025;47;9;482727
219837;2025;48;17;911818
219837;2025;49;6;318063
219837;2025;50;1;42909
219838;2024;46;17;840000
219838;2024;47;16;795000
219838;2024;48;13;625000
219838;2025;42;3;140000
219838;2025;43;1;50000
219838;2025;44;1;50000
219838;2025;45;15;620000
219838;2025;46;9;390000
219838;2025;47;14;700000
219838;2025;48;6;300000
219839;2024;46;7;498181
219839;2024;47;15;1090909
219839;2024;48;26;1854544
219840;2024;46;8;395000
219840;2024;47;16;800000
219840;2024;48;3;150000
219840;2024;49;2;76950
219840;2024;50;1;40000
219842;2024;46;9;366136
219842;2024;47;20;818181
219842;2024;48;28;1137272
219842;2024;49;6;245454
219842;2025;44;2;81818
219842;2025;45;1;32727
219843;2024;47;4;254181
219843;2024;48;7;438463
219843;2024;49;13;826090
219843;2024;50;36;1925427
219843;2024;51;12;625922
219844;2024;46;2;127090
219844;2024;47;5;311372
219844;2024;48;13;826090
219844;2024;49;14;889636
219844;2024;50;23;1277263
219844;2024;51;6;292309
219844;2024;52;3;152509
219844;2025;46;2;101672
219845;2024;46;2;100000
219845;2024;47;5;250000
219845;2024;48;19;950000
219845;2024;49;12;600000
219845;2024;50;4;187500
219845;2025;42;1;50000
219845;2025;43;1;50000
219845;2025;45;3;120000
219845;2025;46;4;170000
219845;2025;47;6;300000
219845;2025;48;14;700000
219845;2025;49;15;733000
219846;2024;46;14;876927
219846;2024;47;8;502009
219846;2024;48;11;686291
219846;2024;49;1;63545
219846;2024;52;2;101672
219847;2024;43;2;234545
219847;2024;45;4;375272
219847;2024;46;3;351818
219847;2024;48;3;281454
219848;2024;46;15;745000
219848;2024;47;18;900000
219848;2024;48;9;430000
219848;2024;50;3;140000
219848;2024;51;1;37500
219848;2024;52;2;80000
219848;2025;42;6;300000
219848;2025;43;2;100000
219848;2025;44;5;250000
219848;2025;45;11;450000
219848;2025;46;5;230000
219848;2025;47;16;800000
219848;2025;48;2;100000
219849;2024;46;3;231818
219849;2024;48;9;695454
219849;2024;49;7;540909
219849;2024;50;2;154545
219850;2024;44;1;117272
219850;2024;45;3;328363
219850;2024;47;3;351818
219850;2024;48;5;539454
219851;2024;46;1;127272
219851;2024;47;1;127272
219851;2024;50;8;827272
219851;2024;51;1;101818
219851;2024;52;1;79144
219852;2024;52;3;237393
219853;2024;45;3;356363
219853;2024;46;9;1069091
219854;2024;45;6;693818
219855;2024;45;6;418181
219856;2024;46;1;86363
219856;2024;49;5;431818
219856;2024;50;1;69090
219856;2024;51;1;64772
219857;2024;45;6;434909
219858;2024;46;4;345109
219858;2024;47;3;272454
219858;2024;48;8;712922
219858;2024;49;5;454090
219858;2024;50;4;345109
219859;2024;46;12;425454
219859;2024;47;15;531818
219859;2024;48;10;354545
219859;2024;49;32;1042363
219859;2024;50;3;97499
219860;2024;46;8;545818
219860;2024;47;10;711000
219860;2024;48;4;287272
219860;2024;49;1;71818
219860;2025;45;1;57454
219861;2024;47;7;381181
219861;2024;48;1;43563
219861;2024;49;13;707909
219861;2024;50;2;68067
219861;2024;51;6;261381
219861;2024;52;1;43563
219861;2025;45;1;54454
219861;2025;46;1;54454
219861;2025;48;3;163363
219861;2025;51;1;32672
219861;2025;52;1;32672
219862;2024;46;10;792909
219862;2024;47;2;161818
219862;2025;42;3;242727
219862;2025;43;6;477363
219862;2025;44;2;161818
219862;2025;47;1;80909
219863;2024;43;2;52727
219863;2024;44;5;126545
219863;2024;45;5;116000
219864;2024;43;3;75400
219864;2024;44;5;126545
219864;2024;45;4;100181
219865;2024;46;6;509545
219865;2024;47;3;250454
219865;2024;48;2;172727
219865;2025;47;1;86363
219866;2024;43;3;79090
219866;2024;44;9;237272
219867;2024;47;1;345454
219867;2024;48;4;1381818
219867;2024;50;1;259091
219868;2024;43;2;52727
219868;2024;44;3;79090
219868;2024;45;7;168727
219869;2024;43;4;100181
219869;2024;44;8;210909
219869;2024;45;12;279454
219869;2024;46;1;21090
219870;2024;43;3;79090
219870;2024;44;5;131818
219870;2024;45;15;348000
219871;2024;44;3;215454
219871;2024;45;4;244181
219871;2024;46;10;682272
219871;2024;47;4;287273
219871;2024;48;2;114909
219872;2024;47;1;295454
219872;2024;48;3;886363
219872;2024;49;1;295454
219873;2024;44;2;107272
219873;2024;45;2;85818
219873;2024;46;14;750909
219873;2024;47;1;53636
219873;2024;48;4;214545
219873;2024;49;1;42909
219874;2024;44;5;404545
219874;2024;45;5;356000
219874;2024;47;1;72818
219874;2024;48;1;80909
219874;2024;51;3;194181
219875;2024;43;3;122727
219875;2024;45;3;98181
219875;2024;46;1;40909
219875;2024;49;2;81818
219875;2024;50;3;122727
219876;2024;43;1;50000
219876;2024;44;7;350000
219876;2024;45;12;570000
219876;2024;46;4;200000
219877;2024;44;5;495454
219877;2024;48;2;198182
219878;2024;44;1;59090
219878;2024;45;2;118181
219878;2024;46;4;236363
219878;2024;47;12;709090
219878;2024;48;4;236363
219879;2024;48;1;290909
219879;2024;50;2;450909
219879;2024;51;2;450909
219879;2025;45;1;290909
219880;2024;44;3;144818
219880;2024;45;8;343272
219880;2024;46;3;160909
219880;2024;47;9;482727
219881;2024;48;1;408181
219881;2024;50;4;1265363
219881;2024;51;1;306136
219882;2024;46;2;490745
219882;2024;49;4;1090545
219882;2024;50;1;204477
219883;2024;46;1;286363
219883;2024;47;2;572727
219883;2024;49;1;286363
219883;2024;51;1;214772
219883;2025;45;1;286363
219884;2024;47;3;831818
219884;2024;48;3;831818
219886;2024;46;1;552727
219886;2024;47;1;690909
219886;2025;43;1;690909
219886;2025;44;1;690909
219887;2024;46;1;83636
219887;2024;47;4;418181
219887;2024;48;4;418181
219887;2024;49;7;731817
219887;2024;50;3;261363
219887;2024;51;10;846818
219887;2024;52;5;418181
219887;2025;1;1;62727
219887;2025;45;1;83636
219888;2024;46;2;118181
219888;2024;47;2;118181
219888;2024;48;4;236363
219888;2024;49;6;354545
219888;2024;50;2;118181
219888;2024;51;8;384091
219888;2024;52;1;47272
219888;2025;45;4;200909
219888;2025;46;9;484545
219888;2025;47;2;118181
219888;2025;48;5;295454
219888;2025;49;1;59090
219889;2024;46;5;295454
219889;2024;47;3;177272
219889;2024;48;5;295454
219889;2024;49;7;413636
219889;2024;50;1;59090
219889;2024;51;4;192045
219889;2024;52;4;189090
219889;2025;45;7;330909
219889;2025;46;7;378182
219889;2025;47;2;118181
219889;2025;48;2;118181
219889;2025;49;1;59090
219890;2024;46;4;360000
219890;2024;47;5;450000
219890;2024;48;2;180000
219890;2024;49;2;180000
219890;2024;50;4;292500
219890;2024;51;13;940500
219890;2024;52;1;72000
219890;2025;45;1;72000
219890;2025;50;2;162000
219890;2025;51;2;144000
219891;2024;46;1;86363
219891;2024;47;2;172727
219891;2024;48;6;518182
219891;2024;49;6;518182
219891;2024;50;3;237499
219891;2025;44;1;86363
219891;2025;45;2;138181
219893;2024;46;21;1618181
219893;2024;47;2;161818
219893;2024;48;3;234636
219893;2024;49;1;80909
219893;2024;52;2;129454
219894;2024;46;4;345109
219894;2024;47;2;181636
219894;2024;48;5;445008
219894;2024;49;7;626645
219894;2024;50;1;90818
219894;2025;44;1;90818
219895;2024;45;5;355454
219895;2024;46;5;339999
219895;2024;47;5;386363
219895;2024;48;7;540909
219895;2024;49;8;618181
219895;2024;52;1;61818
219896;2024;46;2;310909
219896;2024;47;1;172727
219896;2024;48;3;518181
219896;2024;49;4;690908
219896;2024;50;4;544091
219896;2025;46;2;276363
219897;2024;46;2;304000
219897;2024;48;2;380000
219897;2024;49;1;171000
219897;2025;45;1;152000
219901;2024;46;4;854545
219901;2024;47;2;427272
219904;2024;46;4;869090
219904;2024;48;2;434545
219905;2024;46;2;73636
219905;2024;47;2;81818
219905;2024;48;7;286363
219905;2024;49;13;531818
219905;2024;50;20;717954
219905;2024;51;2;63409
219908;2024;46;9;765000
219908;2024;47;6;540000
219908;2024;49;2;180000
219910;2024;45;8;566363
219910;2024;46;4;291272
220132;2024;46;57;387272
220132;2024;47;47;320454
220132;2024;48;83;565909
220132;2024;49;109;743181
220132;2024;50;90;592499
220132;2024;51;7;42613
220132;2024;52;6;32727
220245;2024;42;1;199090
220245;2024;44;1;199090
220245;2024;45;2;318545
220245;2024;46;1;199090
220245;2024;47;1;199090
220245;2024;48;1;199090
220245;2024;49;7;1393636
220245;2024;50;9;1592727
220245;2024;51;2;308590
220251;2024;45;2;136363
220251;2024;46;17;1050000
220251;2024;47;22;1500000
220251;2024;48;20;1363636
220251;2024;49;28;1909090
220251;2024;50;68;4111363
220251;2024;51;57;3514772
220251;2024;52;20;1363636
220251;2025;1;8;545454
220251;2025;44;2;136363
220251;2025;45;7;422727
220251;2025;46;10;654545
220251;2025;47;10;681818
220251;2025;48;15;1022727
220251;2025;49;14;954545
220251;2025;50;73;4459091
220251;2025;51;88;5461363
220251;2025;52;42;2863636
220253;2024;41;1;26364
220253;2024;42;6;158181
220253;2024;43;1;26363
220253;2024;44;12;316363
220253;2024;45;18;390181
220253;2024;46;14;353272
220253;2024;47;9;237272
220253;2024;49;54;1423636
220253;2025;44;11;327727
220253;2025;45;27;719090
220253;2025;46;8;210000
220253;2025;47;6;158181
220253;2025;48;5;159090
220254;2024;42;1;1286363
220254;2024;44;1;836136
220254;2025;49;1;1093409
220254;2025;51;1;771818
220255;2024;41;3;136363
220255;2024;42;3;136363
220255;2024;43;1;45454
220255;2024;44;4;181818
220255;2024;45;8;318181
220255;2024;46;1;45454
220255;2024;48;3;136364
220256;2024;44;1;585000
220256;2024;47;1;900000
220256;2025;45;2;1440000
220257;2024;41;1;53636
220257;2024;42;1;53636
220257;2024;43;1;53636
220257;2024;45;13;622181
220257;2024;46;6;311090
220257;2024;48;1;53636
220257;2024;49;1;53636
220258;2024;42;1;309091
220258;2025;45;1;386363
220258;2025;46;1;309090
220259;2024;42;1;59090
220259;2024;44;2;118181
220259;2024;45;12;638181
220259;2024;46;7;401818
220260;2024;42;1;53636
220260;2024;43;1;53636
220260;2024;45;4;171636
220261;2024;42;2;216363
220261;2024;44;1;108181
220261;2024;45;2;173090
220261;2024;46;1;108181
220262;2024;42;2;318181
220262;2024;44;1;159090
220262;2024;45;3;381818
220283;2024;41;6;136363
220283;2024;42;1;22727
220283;2024;43;5;113636
220283;2024;44;4;90909
220283;2024;45;36;709090
220283;2024;46;70;1500000
220283;2024;47;62;1409090
220283;2024;48;12;272727
220283;2024;49;28;636363
220283;2024;50;90;1677272
220283;2024;51;128;2379545
220283;2024;52;2;36363
220283;2025;45;1;18181
220284;2024;41;6;103636
220284;2024;42;13;224545
220284;2024;43;2;34545
220284;2024;45;68;977636
220284;2024;46;41;687454
220284;2024;47;2;34545
220285;2024;41;1;26364
220285;2024;45;4;89636
220285;2024;46;6;158181
220285;2024;47;8;210909
220285;2024;48;6;158181
220285;2024;49;1;26363
220285;2024;50;10;263636
220285;2024;51;35;703909
220285;2025;46;2;52727
220415;2024;1;8;58181
220415;2024;45;8;72727
220415;2024;46;35;318181
220415;2024;48;25;227272
220415;2024;49;4;36363
220415;2025;1;4;36363
220415;2025;9;8;72727
220415;2025;10;21;190909
220415;2025;16;2;18181
220415;2025;31;1;9090
220416;2024;45;4;29090
220416;2024;46;20;169090
220416;2024;47;5;45454
220416;2024;48;12;109090
220416;2024;49;4;36363
220416;2024;50;27;206818
220416;2024;51;20;136363
220417;2024;1;27;196363
220417;2024;45;4;29090
220417;2024;46;6;54545
220417;2024;47;8;72727
220417;2024;48;65;590909
220417;2024;50;12;109090
220417;2024;51;1;6818
220417;2025;1;3;27272
220545;2024;41;4;77920
220545;2024;42;4;77920
220545;2024;44;8;155840
220545;2024;45;16;264923
220545;2024;46;30;568814
220545;2024;47;13;253240
220545;2024;48;10;194800
220545;2024;49;26;506480
220545;2024;50;10;161683
220545;2024;51;14;213302
220545;2024;52;3;46750
220546;2024;42;1;90000
220546;2024;45;1;72000
220546;2024;47;3;270000
220546;2024;48;2;180000
220546;2024;49;3;270000
220546;2024;50;8;612000
220546;2024;51;2;139500
220918;2024;46;2;8909090
220918;2024;47;1;4009091
220919;2024;42;4;90909
220919;2024;43;1;22727
220919;2024;44;33;750000
220919;2024;45;30;568181
220919;2024;46;7;159090
220919;2024;47;4;90909
220919;2024;48;2;45454
220920;2024;42;3;51818
220920;2024;43;4;69090
220920;2024;44;17;293636
220920;2024;45;4;69090
220921;2024;43;5;113636
220921;2024;44;5;113636
220921;2024;45;24;445454
220921;2024;46;5;113636
220921;2024;47;1;22727
220922;2024;42;5;86363
220922;2024;43;6;103636
220922;2024;44;3;51818
220922;2024;45;10;148545
220922;2024;46;4;69090
220922;2024;47;7;120909
220922;2024;48;15;259090
220922;2024;49;3;51818
220922;2024;50;14;241818
220922;2024;51;1;17272
220923;2024;43;4;127272
220923;2024;44;1;31818
220923;2024;45;9;235454
220923;2024;46;5;159090
220923;2024;47;2;63636
220923;2024;48;1;31818
220923;2024;49;1;31818
220923;2024;51;1;25454
220924;2024;42;10;263636
220924;2024;43;8;210909
220924;2024;44;5;131818
220924;2024;45;23;490363
220924;2024;46;5;116000
220924;2024;47;2;52727
220925;2025;45;15;127272
220925;2025;46;18;136363
220926;2024;43;3;68181
220926;2024;44;1;22727
220926;2024;45;7;150000
220926;2024;46;2;45454
220926;2024;47;2;45454
220926;2024;48;3;68181
220926;2024;50;3;68181
220926;2025;45;2;45454
220926;2025;46;1;22727
220927;2024;44;9;81818
220927;2024;45;2;16363
220927;2024;48;1;9090
220927;2025;45;36;298181
220927;2025;46;31;263636
220927;2025;47;24;218181
220927;2025;48;25;227272
220927;2025;49;10;90909
220928;2024;43;3;95454
220928;2024;44;2;63636
220928;2024;45;2;63636
220928;2024;46;1;31818
220929;2024;44;8;72727
220929;2024;45;50;407272
220929;2024;46;18;156363
220929;2024;47;16;145454
220929;2024;48;18;163636
220929;2024;49;13;118181
220929;2024;50;2;16363
220930;2024;43;2;89090
220930;2024;44;1;44545
220930;2024;45;1;35636
220931;2024;42;1;80909
220931;2024;43;1;80909
220931;2024;44;1;80909
220931;2024;45;3;226545
220931;2024;46;4;323636
220931;2024;47;3;242727
220931;2024;48;4;323636
220931;2024;49;4;323636
220931;2024;50;3;242727
220932;2024;44;8;72727
220932;2024;45;4;34545
220932;2024;48;1;9090
220932;2024;50;1;6818
220933;2024;44;18;163636
220933;2024;45;52;420000
220933;2024;46;21;187272
220933;2024;47;17;153636
220933;2024;48;13;118181
220933;2024;49;3;27272
220933;2024;50;1;7272
220934;2024;44;8;72727
220934;2024;45;46;367272
220934;2024;46;11;96363
220934;2024;47;17;154545
220934;2024;48;15;136363
220934;2024;49;10;90909
220934;2024;50;16;137727
220935;2024;44;7;63636
220935;2024;45;22;170909
220935;2024;46;3;25454
220935;2024;47;8;72727
220935;2024;48;9;81818
220935;2024;49;13;118181
220935;2024;50;52;407272
220935;2024;51;10;85454
220935;2025;50;1;9090
220936;2024;43;12;272727
220936;2024;44;26;590909
220936;2024;45;13;254545
220936;2024;46;9;186363
220936;2024;47;14;318181
220936;2024;48;7;159090
220936;2024;49;25;568181
220936;2024;50;1;22727
220936;2024;51;7;143181
220936;2025;49;1;22727
220937;2024;44;11;99999
220937;2024;45;1;9090
221012;2024;42;9;237272
221012;2024;43;8;210909
221012;2024;44;21;553636
221012;2024;45;91;2035272
221012;2024;46;16;390181
221185;2024;50;4;520727
221185;2024;51;7;1017045
221185;2024;52;1;162727
221185;2025;1;1;125181
221185;2025;3;4;618363
221185;2025;4;1;162727
221185;2025;7;11;1429545
221185;2025;31;1;117727
221185;2025;47;1;147272
221185;2025;49;2;294545
221185;2025;51;7;898363
221185;2025;52;3;375545
221185;2026;6;1;147272
221185;2026;7;1;117818
221185;2026;12;3;353454
221185;2026;14;1;117818
221185;2026;16;1;147272
221185;2026;17;1;147272
221186;2024;1;1;162727
221186;2024;50;1;130181
221186;2024;51;11;1505227
221186;2024;52;3;488181
221186;2025;3;3;488181
221186;2025;7;2;294318
221186;2025;14;2;336363
221186;2025;18;2;336363
221186;2025;19;1;168181
221186;2025;20;1;168181
221186;2025;23;1;168181
221186;2025;24;1;126136
221186;2025;27;1;117727
221186;2025;49;13;1914545
221186;2025;51;6;751090
221186;2025;52;2;250363
221186;2026;4;1;147272
221186;2026;14;1;117818
221198;2024;45;3;898181
221198;2024;46;1;310909
221198;2024;47;1;345454
221198;2024;48;2;690909
221198;2025;44;1;345454
221199;2024;42;1;154545
221199;2024;44;1;154545
221199;2024;45;6;834545
221199;2024;46;6;896363
221199;2024;47;4;618181
221199;2024;48;4;618181
221199;2025;47;1;154545
221200;2024;42;7;184545
221200;2024;43;1;26363
221200;2024;44;9;237272
221200;2024;45;62;1392000
221200;2024;46;16;421818
221200;2024;48;1;26363
221227;2024;42;5;86363
221227;2024;43;12;207272
221227;2024;45;4;55272
221229;2024;42;1;4545
221229;2024;43;3;18181
221229;2024;44;2;18181
221229;2024;46;3;27272
221229;2024;48;7;63636
221229;2024;49;1;9090
221229;2025;1;1;9090
221229;2025;46;1;18181
221229;2025;47;1;18181
221229;2025;48;6;109090
221229;2025;51;1;13636
221229;2025;52;1;18181
221229;2026;2;1;18181
221229;2026;6;2;36363
221229;2026;8;1;18181
221229;2026;10;1;18181
221229;2026;13;1;18181
221229;2026;17;1;18181
221230;2024;42;5;22727
221230;2024;44;1;7272
221230;2024;45;12;75635
221230;2025;47;6;81818
221230;2025;48;7;95454
221230;2025;50;1;10909
221230;2025;51;3;40909
221232;2024;43;2;17272
221232;2024;44;1;8636
221232;2024;45;7;60454
221232;2024;46;2;17272
221232;2024;47;1;8636
221232;2024;48;1;8636
221232;2024;49;1;8636
221232;2025;10;1;8636
221232;2025;46;1;10909
221232;2025;47;1;13636
221232;2025;49;1;13636
221232;2025;50;2;21818
221232;2025;51;2;20454
221232;2026;2;1;13636
221232;2026;4;1;13636
221232;2026;11;2;27272
221246;2024;43;1;9090
221246;2024;44;2;18181
221246;2024;45;9;65454
221246;2024;50;12;100909
221247;2024;42;1;9090
221247;2024;43;1;9090
221247;2024;44;7;63636
221247;2024;45;3;25454
221247;2024;50;12;89545
221248;2024;42;3;17727
221248;2024;43;8;47272
221248;2024;44;22;130000
221248;2024;45;21;108727
221248;2024;46;6;35454
221248;2024;50;59;316135
221313;2024;44;1;213636
221313;2024;45;1;213636
221313;2024;46;2;341818
221313;2024;47;6;1281818
221313;2024;48;2;427272
221313;2024;49;1;213636
221313;2024;50;5;982727
221313;2024;52;1;213636
221313;2025;47;1;213636
221313;2025;48;5;1068181
221313;2025;49;3;640909
221313;2025;52;1;213636
221313;2026;2;2;427272
221386;2024;44;1;20000
221386;2024;45;11;176000
221386;2024;47;2;40000
221386;2025;47;6;120000
221386;2025;48;5;100000
221386;2025;50;4;76000
221387;2024;44;8;189090
221387;2024;45;12;231636
221417;2024;43;2;143636
221417;2024;44;6;430909
221417;2024;45;2;114909
221418;2024;44;1;131818
221418;2024;45;9;1001818
221418;2024;46;3;395454
221418;2024;47;3;395454
221419;2024;43;1;22727
221419;2024;44;4;90909
221419;2024;45;27;531818
221419;2024;46;11;245454
221419;2024;47;15;340909
221419;2024;48;2;40909
221420;2024;44;5;222727
221420;2024;45;21;757272
221420;2024;46;12;527863
221420;2024;47;18;801817
221420;2024;48;7;302909
221593;2024;44;3;270000
221593;2024;45;11;810000
221593;2024;46;4;342000
221593;2025;44;2;180000
221593;2025;45;4;288000
221594;2024;44;2;216363
221594;2024;45;11;952000
221594;2024;46;5;476000
221594;2025;44;1;108181
221594;2025;45;5;432727
221595;2024;44;2;252727
221595;2024;45;8;859272
221595;2024;46;7;808727
221595;2024;47;1;126363
221595;2025;44;1;126363
221595;2025;45;5;486500
221596;2024;45;4;244636
221597;2024;44;1;126363
221597;2024;45;2;214818
221597;2024;46;3;379090
221598;2024;45;2;323000
221598;2024;46;4;760000
221599;2024;44;1;40909
221599;2024;45;1;32727
221599;2024;46;8;294545
221599;2024;47;2;81818
221600;2024;44;1;53636
221600;2024;46;4;214545
221600;2024;47;3;160909
221600;2024;48;2;107272
221600;2024;49;1;53636
221601;2024;46;2;122727
221601;2024;47;4;272727
221601;2024;48;3;204545
221601;2024;49;2;136363
221602;2024;44;1;80909
221602;2024;45;3;194181
221602;2024;46;2;129454
221602;2024;47;1;80909
221603;2024;45;4;325818
221603;2024;46;2;162909
221604;2024;45;2;225454
221604;2024;46;1;112727
221604;2024;47;3;422727
221604;2024;49;1;140909
221604;2024;51;1;105681
221605;2024;44;1;136363
221605;2024;48;1;136363
221605;2024;49;1;136363
221605;2024;51;1;109090
221605;2025;44;1;136363
221605;2025;45;1;109090
221606;2024;45;1;177272
221606;2024;48;1;177272
221606;2024;51;5;673636
221606;2024;52;1;141818
221606;2025;46;1;141818
221870;2024;44;1;327272
221870;2024;45;2;523636
221870;2024;46;5;1505454
221870;2024;48;2;654545
221870;2024;50;1;327272
221870;2024;51;1;245454
221870;2024;52;1;261818
221870;2025;15;1;196363
221870;2025;43;1;196363
221870;2025;44;2;654545
221870;2025;45;1;261818
221870;2025;46;2;589090
221870;2025;47;7;2290909
221870;2025;49;7;2290909
221871;2024;46;1;2217272
221871;2024;51;1;1724545
221872;2024;44;1;249090
221872;2024;45;3;547999
221872;2024;48;1;249090
221872;2026;17;1;249090
221873;2024;49;1;249090
221873;2024;50;1;186818
222313;2024;45;28;429090
222315;2024;48;1;450000
222315;2024;49;1;450000
222316;2025;15;1;654545
222333;2024;45;3;1568181
222333;2024;46;2;1045454
222333;2024;48;1;522727
222347;2024;46;8;18181
222347;2024;47;27;61363
222347;2024;48;35;79545
222347;2024;49;26;59090
222347;2024;50;76;153636
222347;2024;51;21;37613
222347;2024;52;30;54545
222348;2024;46;1;4545
222348;2024;47;7;31818
222348;2024;48;6;27272
222348;2024;49;2;9090
222348;2024;50;45;170227
222348;2024;51;9;34772
222349;2024;50;9;48750
222349;2024;51;52;253204
222349;2024;52;11;52000
222350;2024;49;16;94545
222350;2024;50;4;22159
222350;2024;51;25;116704
222350;2024;52;6;28363
222351;2024;47;1;5909
222351;2024;51;21;98386
222351;2024;52;3;14181
222352;2024;47;1;5000
222352;2024;50;6;30000
222352;2024;51;5;20250
222354;2024;46;7;49090
222354;2024;47;1;8181
222354;2024;48;23;188181
222354;2024;49;38;310909
222354;2024;50;23;177954
222355;2024;46;23;242181
222355;2024;47;7;76363
222355;2024;48;13;141818
222356;2024;46;4;32727
222356;2024;47;9;73636
222356;2024;49;23;188181
222356;2024;50;43;289636
222356;2024;51;17;108818
222357;2024;45;41;701272
222357;2024;46;25;421454
222357;2024;47;26;449090
222357;2024;48;42;722863
222357;2024;49;36;621818
222357;2024;50;24;393818
222357;2024;51;2;34545
222359;2024;45;28;456000
222359;2024;46;32;552727
222359;2024;47;22;380000
222359;2024;48;53;911999
222359;2024;49;79;1364545
222359;2024;50;50;809227
222359;2024;51;6;94999
222359;2024;52;2;27636
222376;2024;47;1;90909
222376;2024;48;1;90909
222377;2024;45;1;90909
222377;2024;48;1;90909
222377;2025;32;2;181818
222390;2024;45;4;130909
222390;2024;48;1;29090
222391;2024;45;3;70909
222391;2024;46;2;54545
222392;2024;45;1;18181
222392;2024;48;3;68181
222393;2024;45;5;76363
222394;2024;45;16;130909
222394;2024;46;1;8181
222394;2024;48;1;8181
222394;2025;46;6;109091
222394;2025;47;2;45454
222394;2025;48;1;22727
222394;2025;52;3;68181
222395;2024;45;10;204909
222395;2024;46;2;33454
222414;2024;45;27;957272
222414;2024;46;30;1028181
222414;2024;47;29;1028181
222414;2024;48;1;35454
222414;2024;50;1;35454
222414;2025;45;1;28363
222415;2024;45;4;145091
222415;2024;46;4;152727
222415;2024;47;7;267272
222415;2024;48;17;637636
222415;2024;49;25;943091
222415;2024;50;4;152727
222416;2024;45;9;712000
222416;2024;46;10;760545
222416;2024;47;8;639181
222416;2024;48;15;1213636
222416;2024;50;5;323636
222417;2024;45;1;159272
222417;2024;46;5;915818
222439;2024;49;7;111363
222439;2024;50;2;28636
222439;2024;51;6;73181
222439;2024;52;5;63636
222440;2024;46;3;68181
222440;2024;47;3;68181
222440;2024;50;2;40909
222440;2024;51;3;56818
222455;2024;51;1;170909
222455;2024;52;1;170909
222455;2025;23;1;213636
222455;2025;50;1;170909
222455;2025;51;4;651590
222456;2024;51;1;149454
222459;2024;46;14;445454
222459;2024;47;6;190909
222459;2024;48;1;31818
222459;2024;49;8;254545
222459;2024;50;29;827272
222459;2024;51;2;49318
222459;2025;1;15;681818
222459;2025;44;2;90909
222459;2025;45;4;181818
222459;2025;46;5;209090
222459;2025;47;4;181818
222459;2025;48;6;272727
222459;2025;49;8;363636
222459;2025;50;8;318182
222459;2025;51;13;465909
222459;2025;52;9;409090
222459;2026;3;1;45454
222460;2024;46;1;522727
222460;2024;48;3;1359090
222460;2024;49;5;2404545
222583;2024;46;9;154254
222583;2024;47;5;90909
222583;2024;48;10;178181
222583;2024;49;8;145454
222583;2024;50;4;72727
222583;2025;1;3;28635
222583;2025;48;6;81818
222583;2025;49;4;54545
222583;2025;50;4;46363
222583;2025;51;9;90000
222583;2025;52;16;152727
222584;2024;46;9;160454
222584;2024;47;10;181818
222584;2024;48;4;72727
222584;2024;49;2;36363
222584;2025;1;3;28636
222584;2025;48;6;81818
222584;2025;49;18;243545
222584;2025;50;29;343636
222584;2025;51;61;594545
222584;2025;52;56;534545
222585;2024;46;12;208636
222585;2024;47;8;145454
222644;2024;48;3;640909
222644;2024;49;2;427272
222644;2024;50;2;427272
222645;2024;48;3;520909
222645;2024;49;1;173636
222645;2024;50;3;520909
222646;2024;47;1;160909
222646;2024;48;1;160909
222646;2024;50;3;402272
222646;2024;51;1;128727
222647;2024;47;1;190909
222647;2024;48;1;190909
222647;2024;50;3;572727
222648;2024;47;1;161818
222648;2024;49;1;161818
222648;2024;50;2;323636
222649;2024;48;1;155454
222649;2024;50;3;435272
222649;2024;52;1;124363
222650;2024;47;4;247272
222650;2024;48;5;309090
222650;2024;49;12;741818
222650;2024;50;12;667636
222650;2024;51;14;698545
222651;2024;46;1;79090
222651;2024;47;4;316363
222651;2024;48;7;553636
222651;2024;49;8;632727
222651;2024;50;15;1020272
222651;2024;51;7;482454
222651;2024;52;2;126545
222652;2024;46;1;99090
222652;2024;47;3;297272
222652;2024;48;4;396363
222652;2024;49;10;990909
222652;2024;50;12;1045409
222652;2024;51;6;500409
222652;2024;52;1;79272
222653;2024;48;1;201818
222653;2024;49;1;201818
222653;2024;50;1;201818
222654;2024;48;2;218181
222654;2024;50;5;452727
222654;2024;51;1;87272
222655;2024;49;1;109090
222655;2024;50;1;109090
222656;2024;46;1;125454
222656;2024;47;2;250909
222656;2024;50;1;125454
222657;2024;48;1;201818
222657;2024;50;4;726545
222658;2024;49;1;136363
222658;2024;50;2;272727
222659;2024;48;1;130909
222659;2024;49;1;130909
222659;2024;50;3;340363
222659;2024;51;1;104727
222659;2024;52;1;104727
222674;2024;47;4;152727
222674;2024;48;4;152727
222674;2024;49;3;114545
222675;2024;46;1;30454
222675;2024;47;3;91363
222675;2024;48;5;152272
222675;2024;49;3;85273
222676;2024;46;2;45454
222676;2024;47;1;22727
222676;2024;48;1;22727
222676;2024;49;6;134090
222676;2024;50;3;68181
222677;2024;48;2;36363
222677;2024;49;8;145454
222677;2024;50;1;18181
222679;2024;47;3;27272
222679;2024;48;8;63636
222679;2024;49;4;36363
222679;2024;51;5;45454
222679;2024;52;5;45454
222679;2025;13;4;36363
222679;2025;16;1;9090
222679;2025;40;1;9090
222680;2024;49;2;60909
222680;2024;50;1;24363
222680;2025;11;1;30454
222680;2025;12;2;60909
222745;2024;47;2;87272
222745;2024;52;3;104727
222745;2025;8;2;87272
222745;2025;47;4;174545
222745;2026;5;1;43636
222746;2024;47;1;281818
222746;2024;49;1;281818
222746;2024;51;2;450909
222746;2025;51;1;281818
222749;2024;47;3;186818
222749;2024;48;3;186818
222749;2024;49;4;249090
222751;2024;1;4;247272
222751;2024;50;3;193181
222751;2024;51;3;200909
222751;2024;52;4;247272
222751;2025;16;2;154545
222751;2025;21;1;77272
222751;2025;32;1;77273
222751;2025;39;1;77272
222751;2025;42;1;61818
222751;2025;45;3;185454
222751;2025;50;2;123636
222751;2025;51;6;370909
222752;2024;1;1;61818
222752;2024;48;1;77272
222752;2024;49;1;77272
222752;2024;50;1;57954
222752;2024;51;2;123636
222752;2024;52;5;309090
222752;2025;32;1;77273
222752;2025;37;1;77272
222752;2025;42;1;61818
222752;2025;45;2;123636
222752;2025;50;6;370909
222752;2025;51;7;471363
223096;2024;48;3;488181
223096;2024;50;1;162727
223096;2024;51;2;252227
223099;2024;49;1;124545
223099;2024;50;6;716136
223099;2024;51;8;790863
223099;2024;52;1;99636
223099;2025;48;1;124545
223099;2025;49;3;373636
223099;2025;51;2;217954
223099;2025;52;2;249090
223162;2024;48;2;1120909
223162;2025;45;1;498181
223248;2024;47;6;212727
223248;2024;48;24;850909
223248;2024;49;10;354545
223248;2024;50;29;895227
223248;2024;51;30;849136
223249;2024;47;5;159090
223249;2024;48;3;95454
223249;2024;49;14;445454
223249;2024;50;23;698408
223249;2024;51;9;225909
223283;2024;49;21;553636
223283;2024;50;15;333500
223283;2024;51;42;895045
223283;2024;52;1;21090
223285;2024;49;2;303636
223285;2024;50;1;151818
223439;2024;47;4;54545
223439;2024;48;5;62727
223439;2024;49;1;10909
223439;2024;50;20;244090
223440;2024;47;8;109090
223440;2024;48;1;13636
223440;2024;49;1;10909
223441;2024;47;1;13636
223441;2024;48;3;40909
223441;2024;49;1;10909
223441;2024;51;1;10909
223442;2024;48;5;68181
223442;2024;49;1;10909
223442;2024;50;18;218863
223442;2024;51;6;68181
223443;2024;47;5;68181
223443;2024;48;14;190909
223443;2024;49;1;10909
223444;2024;47;10;136363
223444;2024;48;9;122727
223444;2024;49;1;10909
223445;2024;47;7;159090
223445;2024;48;13;295454
223445;2024;49;31;695454
223445;2024;50;73;1547727
223445;2024;51;5;88636
223446;2024;47;8;472727
223446;2024;48;60;3403636
223446;2024;49;6;324999
223446;2024;50;5;236363
223446;2024;51;2;88636
223447;2024;47;3;259090
223447;2024;48;18;1554545
223447;2024;50;3;237499
223447;2024;51;1;86363
223447;2025;45;2;204545
223447;2025;46;8;772727
223447;2025;47;5;568181
223447;2025;48;10;1136363
223447;2025;49;5;568181
223447;2026;13;7;795454
223447;2026;14;7;795454
223447;2026;15;1;113636
223448;2024;49;3;87272
223569;2024;48;4;363636
223569;2024;49;16;1454545
223569;2024;50;22;1745454
223569;2024;51;36;2686363
223569;2024;52;1;72727
223570;2024;48;5;272727
223570;2024;49;18;981818
223570;2024;50;25;1164545
223570;2024;51;34;1590000
223570;2025;45;8;403636
223570;2025;46;2;87272
223571;2024;49;2;218181
223571;2024;51;1;81818
223571;2024;52;1;87272
223571;2025;5;2;218181
223571;2025;7;1;87272
223571;2025;8;1;109090
223571;2025;10;1;109090
223571;2025;13;2;218181
223571;2025;19;1;87272
223571;2025;21;2;218181
223571;2025;22;1;109090
223571;2025;23;1;109090
223571;2025;24;1;87272
223571;2025;39;1;109090
223571;2025;40;1;109090
223571;2025;43;1;109090
223571;2025;45;1;109090
223571;2026;4;4;436363
223571;2026;9;1;109090
224306;2025;47;1;126363
224306;2025;49;1;126363
224306;2025;52;3;379090
224344;2024;49;9;81818
224344;2024;50;21;178181
224345;2024;49;9;163636
224345;2024;50;21;370000
224346;2024;49;2;118181
224346;2024;50;13;703181
224346;2024;51;5;248181
224346;2024;52;4;189090
224346;2025;45;1;47272
224346;2025;47;1;59090
224346;2025;48;2;118181
224346;2025;50;1;47272
224347;2024;1;4;58181
224347;2024;49;37;672727
224347;2024;50;170;2835453
224347;2024;51;221;3179454
224347;2024;52;50;541591
224347;2025;1;3;43636
224347;2025;45;4;58181
224347;2025;46;17;280000
224347;2025;47;23;418181
224347;2025;48;2;29090
224348;2024;50;147;2273636
224348;2024;51;122;1773636
224348;2024;52;50;664545
224348;2025;1;9;105454
224348;2025;45;19;316363
224348;2025;46;22;367272
224348;2025;47;33;572727
224348;2025;48;15;247272
224348;2025;49;27;476363
224348;2025;50;36;523636
224348;2025;51;100;1478180
224348;2025;52;35;600000
224470;2024;50;24;236181
224471;2024;50;20;732272
224471;2024;51;10;337500
224472;2024;50;30;913181
224473;2024;1;1;14545
224473;2024;50;123;2127272
224473;2024;51;85;1234545
224473;2024;52;66;960000
224473;2025;1;2;29090
224473;2025;45;6;109090
224473;2025;46;5;76363
224473;2025;47;18;327272
224473;2025;48;26;421818
224473;2025;49;9;138181
224473;2025;50;58;843636
224473;2025;51;42;648181
224473;2025;52;26;472727
224474;2024;50;129;2254544
224474;2024;51;2;29090
224474;2024;52;3;43636
224474;2025;1;1;14545
224475;2024;50;24;519318
224610;2024;1;2;274981
224610;2024;51;8;1157818
224610;2024;52;5;723636
224610;2025;48;3;515454
224610;2025;49;1;171818
224610;2025;50;1;171818
224610;2025;51;6;902045
224845;2024;1;6;27272
224845;2024;50;3;10227
224845;2024;51;19;77727
224845;2024;52;21;95454
224845;2025;1;1;4545
224845;2025;47;2;9090
224845;2025;49;3;13636
224845;2025;50;1;3636
224845;2025;51;1;3409
225018;2024;50;2;95454
225018;2024;51;2;81818
225018;2024;52;2;87272
225018;2025;8;1;54545
225018;2025;45;1;54545
225018;2025;47;1;54545
226030;2024;51;12;349090
226030;2024;52;3;87272
226031;2025;3;2;40000
226031;2025;7;3;46000
226031;2025;11;1;20000
226031;2025;20;1;20000
226031;2025;22;1;20000
226031;2025;30;1;20000
226032;2024;52;9;531818
226100;2024;1;7;286363
226100;2024;52;8;310909
226100;2025;1;1;28636
226100;2025;52;1;28636
234025;2025;43;1;80909
234025;2025;45;4;258909
234025;2025;46;13;970909
234025;2025;47;5;404545
236300;2025;45;4;172727
236300;2025;46;19;790909
236300;2025;47;5;227272
236300;2025;48;6;272727
236301;2025;46;4;182363
236301;2025;47;13;697272
236301;2025;48;3;160909
236301;2025;49;2;107272
236301;2025;51;3;112636
236302;2025;43;3;95454
236302;2025;44;1;31818
236302;2025;45;6;165454
236302;2025;46;10;267272
236302;2025;47;3;95454
236302;2025;48;1;31818
236302;2025;49;2;50909
236302;2025;50;8;210000
236302;2025;51;59;1342727
236302;2025;52;3;66818
236303;2025;43;5;272727
236303;2025;45;4;196363
236303;2025;48;5;272727
236303;2025;49;1;54545
236303;2025;51;20;796363
236304;2025;43;1;69545
236304;2025;44;1;77272
236304;2025;45;1;61818
236304;2025;47;1;77272
236304;2025;48;2;154545
236304;2025;49;1;77272
236304;2025;51;2;108181
236304;2025;52;2;108181
236305;2025;49;4;105454
236305;2025;50;12;258363
236305;2025;51;54;1004454
236305;2025;52;3;55363
236306;2025;43;2;100000
236306;2025;45;3;130000
236306;2025;46;5;220000
236306;2025;47;3;150000
236306;2025;50;5;210000
236306;2025;51;17;640000
236306;2025;52;1;35000
236307;2025;45;1;21090
236307;2025;46;8;200363
236307;2025;47;9;237272
236307;2025;48;5;131818
236307;2025;49;3;79090
236307;2025;50;6;142363
236307;2025;51;43;793545
236307;2025;52;11;203000
236308;2025;43;1;26363
236308;2025;44;8;210908
236308;2025;45;8;205636
236308;2025;46;15;353272
236308;2025;47;7;184545
236308;2025;48;3;79090
236308;2025;49;2;52727
236308;2025;50;1;21090
236308;2025;51;3;71181
236309;2025;45;16;564545
236309;2025;46;10;376363
236309;2025;47;9;368181
236309;2025;48;2;81818
236309;2025;49;1;40909
236313;2025;1;12;76363
236313;2025;34;8;61818
236313;2025;36;4;29090
236313;2025;38;6;54545
236313;2025;39;1;9090
236313;2025;40;9;81818
236313;2025;44;1;9090
236313;2025;46;6;54545
236313;2025;51;9;73636
236313;2025;52;8;50909
236313;2026;3;12;109090
236313;2026;4;4;36363
236314;2025;1;2;24181
236314;2025;34;1;13818
236314;2025;38;2;34545
236314;2025;41;1;17273
236314;2025;42;2;34545
236314;2025;46;4;69090
236314;2025;47;3;48363
236314;2025;50;1;17272
236314;2026;3;7;120909
236314;2026;4;6;103636
236314;2026;5;2;34545
236314;2026;6;1;17272
236314;2026;7;1;13818
236314;2026;10;1;13818
236924;2025;37;1;50000
236924;2025;44;1;50000
236924;2025;48;1;50000
236924;2025;49;1;50000
236924;2025;51;7;290000
236926;2025;49;1;68181
236926;2025;50;1;68181
236926;2025;51;3;143181
236926;2025;52;1;68181
237338;2025;45;4;247272
237338;2025;46;4;309090
237338;2025;47;1;77272
237338;2025;48;2;154545
237390;2025;44;1;95454
237390;2025;45;5;439090
237390;2025;46;6;458181
245677;2025;42;1;450000
245677;2025;47;1;450000
245677;2025;48;3;1350000
245677;2025;50;1;450000
245681;2025;50;2;1039090
245681;2025;51;2;808181
245682;2025;43;1;190909
245682;2025;44;4;763636
245682;2025;45;4;687272
245682;2025;46;3;534545
245682;2025;47;2;381818
245682;2025;48;2;381818
245682;2025;49;4;763636
245682;2025;50;4;725454
245684;2025;49;1;531818
245684;2025;50;2;850909
245684;2025;51;3;1276363
245685;2025;45;1;501090
245685;2025;46;1;626363
245685;2025;47;2;1252727
245689;2025;43;2;390909
245689;2025;46;3;586363
245689;2025;48;1;195454
245689;2025;49;2;390909
245689;2025;50;2;390909
245689;2025;51;2;332272
245700;2025;39;85;1159091
245700;2025;40;6;81818
245700;2025;41;2;27272
245700;2025;42;21;286363
245700;2025;43;6;81818
245700;2025;44;1;13636
245704;2025;39;4;90909
245704;2025;40;8;181818
245704;2025;41;6;136363
245704;2025;42;6;136363
245704;2025;44;4;90909
245704;2025;45;6;136363
245704;2025;46;25;568181
245704;2025;49;1;22727
245709;2025;41;2;118181
245709;2025;42;21;992727
245709;2025;43;1;59090
245713;2025;47;1;53636
245713;2025;48;11;590000
245713;2025;49;24;1276545
245713;2025;50;2;107272
245713;2025;51;13;504181
245713;2025;52;15;563181
245715;2025;40;1;2180909
245715;2025;42;1;1744727
245715;2025;51;1;1962818
245717;2025;43;1;126363
245717;2025;45;13;1415272
245717;2025;46;2;227454
245718;2025;42;1;422727
245718;2025;46;2;760909
245718;2025;47;2;845454
245718;2025;49;2;845454
245718;2025;50;1;422727
245724;2025;44;1;413636
245724;2025;45;2;661818
245726;2025;42;1;80909
245726;2025;44;2;161818
245726;2025;45;6;388363
245726;2025;46;10;776727
245726;2025;47;2;161818
245726;2025;48;15;1213636
245730;2025;42;1;50000
245730;2025;43;6;300000
245730;2025;45;13;550000
245730;2025;46;19;930000
245730;2025;48;7;315000
245730;2025;49;11;475000
245730;2025;50;13;520000
245735;2025;43;16;363636
245735;2025;45;12;218181
245735;2025;46;25;568181
245735;2025;47;6;136363
245735;2025;48;8;181818
245735;2025;50;27;550000
245735;2026;9;1;22727
245740;2025;42;7;785454
245740;2025;43;4;490909
245740;2025;44;5;613636
245740;2025;45;8;908181
245743;2025;42;15;818181
245743;2025;45;6;305454
245743;2025;46;3;152727
245748;2025;42;10;971090
245748;2025;45;1;79272
245761;2025;42;6;229090
245761;2025;43;7;274090
245761;2025;44;5;204545
245761;2025;45;16;556363
245761;2025;46;2;81818
245767;2025;43;6;73636
245767;2025;44;6;81818
245767;2025;45;35;447272
245767;2025;46;3;32727
245767;2025;48;14;190909
245767;2025;49;6;81818
245770;2025;42;5;127272
245770;2025;43;6;190909
245770;2025;44;12;381818
245770;2025;45;14;375454
245770;2025;46;11;318182
245770;2025;50;1;25454
245770;2025;51;13;248181
245770;2025;52;1;19090
245774;2025;42;1;250000
245774;2025;45;10;2000000
245774;2025;46;2;400000
245774;2025;48;2;400000
245786;2025;41;4;141818
245786;2025;42;1;35454
245786;2025;44;4;141818
245786;2025;45;14;439636
245786;2025;46;65;1914545
245786;2025;49;3;106363
245786;2025;50;5;170182
245787;2025;43;3;487727
245787;2025;44;7;1177272
245787;2025;45;5;672727
245787;2025;46;2;336363
245790;2025;42;10;436363
245790;2025;43;6;259090
245790;2025;44;15;681817
245790;2025;45;33;1318181
245790;2025;46;7;254545
245790;2025;48;1;45454
245794;2025;44;3;163636
245794;2025;45;8;381818
245794;2025;46;5;250909
245794;2025;47;2;109090
245794;2025;48;5;272726
245794;2025;49;12;654545
245794;2025;50;22;960000
245794;2025;51;10;327272
245794;2025;52;3;147273
245798;2025;44;1;44545
245798;2025;45;14;507818
245798;2025;46;32;1407636
245798;2025;47;24;1069090
245798;2025;48;2;80181
245802;2025;41;2;36363
245802;2025;42;1;18181
245802;2025;43;3;54545
245802;2025;44;26;472727
245802;2025;45;16;276363
245802;2025;46;33;558181
245802;2025;47;15;272727
245806;2025;42;8;145454
245806;2025;43;10;174545
245806;2025;44;41;745454
245806;2025;45;30;485454
245806;2025;46;6;90909
245832;2025;42;13;236363
245832;2025;43;9;163636
245832;2025;44;10;181818
245832;2025;45;25;418181
245832;2025;46;25;429090
245832;2025;49;12;218181
245832;2025;50;1;14545
245837;2025;45;2;458181
245837;2025;46;6;1431818
245837;2025;47;2;572727
245837;2025;48;1;286363
245837;2025;49;1;286363
245838;2025;43;3;600000
245838;2025;44;2;380000
245838;2025;45;1;160000
245838;2025;46;5;880000
245838;2025;47;1;200000
245840;2025;42;6;368181
245840;2025;43;1;68181
245840;2025;44;1;68181
245840;2025;45;5;272727
245840;2025;46;5;313636
245840;2025;47;6;409090
245840;2025;48;4;259090
245840;2025;49;1;68181
245840;2025;50;5;272727
245840;2025;51;2;95454
245842;2025;45;5;180000
245842;2025;46;5;188181
245842;2025;47;12;490909
245842;2025;48;18;736363
245842;2026;16;1;40909
245844;2025;42;1;62727
245844;2025;43;2;125454
245844;2025;44;14;878181
245844;2025;45;3;150545
245844;2025;46;3;169363
245844;2025;48;2;125454
245844;2025;49;4;238363
245844;2025;50;4;200727
245846;2025;1;1;40909
245846;2025;43;4;272727
245846;2025;45;1;68181
245846;2025;46;2;136363
245846;2025;47;3;204545
245846;2025;48;2;136363
245846;2025;49;2;136363
245846;2025;50;1;54545
245846;2025;51;4;163636
245846;2025;52;3;122727
245905;2025;1;5;109090
245905;2025;46;3;87272
245905;2025;48;1;36363
245905;2025;50;3;94545
245905;2025;51;5;109090
245905;2025;52;6;130909
245906;2025;41;1;36363
245906;2025;42;2;72727
245906;2025;43;3;109090
245906;2025;44;1;36363
245906;2025;45;12;349090
245906;2025;46;4;116363
245906;2025;47;1;36363
245906;2025;48;5;181818
245906;2025;49;1;36363
245906;2025;50;2;65454
245906;2025;51;4;145454
245907;2025;41;8;429090
245907;2025;42;1;53636
245907;2025;43;1;53636
245907;2025;44;3;160909
245907;2025;46;10;439818
245907;2025;47;1;53636
245907;2025;49;6;311090
245907;2025;50;1;42909
245907;2025;51;6;193090
245908;2025;41;1;59090
245908;2025;43;2;118181
245908;2025;44;17;1004545
245908;2025;45;13;650000
245908;2025;46;13;768181
245909;2025;46;1;331818
245909;2025;48;1;331818
245910;2025;42;36;559999
245910;2025;44;26;472727
245910;2025;45;13;189090
245910;2025;46;1;18181
245910;2025;47;19;345454
245910;2025;48;1;14545
245911;2025;41;5;90909
245911;2025;43;1;18181
245911;2025;44;12;218181
245911;2025;45;44;661818
245911;2025;46;42;676364
245911;2025;47;16;290909
245911;2025;48;27;436363
245911;2025;49;23;401818
245911;2025;50;22;320000
245912;2025;43;2;118181
245912;2025;45;3;141818
245912;2025;47;2;106363
245912;2025;48;2;118181
245912;2025;49;6;354545
245912;2025;50;6;319090
245912;2025;51;3;130000
245913;2025;42;3;79090
245913;2025;43;3;79090
245913;2025;44;5;131818
245913;2025;45;27;632727
245913;2025;46;56;1370909
245913;2025;48;2;52727
245914;2025;42;1;35455
245914;2025;43;3;106363
245914;2025;44;11;390000
245914;2025;45;5;134726
245914;2025;46;14;496363
245914;2025;47;13;460909
245914;2025;52;1;21272
245915;2025;41;14;182727
245915;2025;42;19;250909
245915;2025;43;31;388636
245915;2025;44;12;163636
245915;2025;45;60;796363
245915;2025;46;57;621818
245915;2025;47;1;13636
245915;2025;48;1;13636
245916;2025;42;7;159090
245916;2025;43;7;184545
245916;2025;44;6;158181
245916;2025;45;21;463999
245916;2025;46;53;1144181
245916;2025;47;2;52727
245917;2025;41;5;159090
245917;2025;44;1;35454
245917;2025;46;3;106363
245917;2025;47;8;283636
245917;2025;48;3;85090
245917;2025;49;1;35454
245917;2025;50;1;28363
245917;2025;51;2;49636
245918;2025;42;3;82727
245918;2025;43;4;124090
245918;2025;45;1;31818
245918;2025;46;2;63636
245918;2025;47;6;190909
245918;2025;48;3;89090
245918;2025;49;4;124090
245919;2025;45;5;72727
245919;2025;46;69;1181818
245919;2025;47;9;163636
245919;2025;48;2;36363
245920;2025;43;1;99090
245920;2025;44;4;396363
245920;2025;45;10;812545
245920;2025;48;1;79272
245921;2025;42;3;68181
245921;2025;44;15;340909
245921;2025;45;38;718181
245921;2025;46;12;272727
245921;2025;47;22;500000
245921;2025;48;1;22727
245921;2025;49;9;186363
245921;2025;50;22;400000
245922;2025;42;3;68181
245922;2025;43;1;22727
245922;2025;44;35;795454
245922;2025;45;11;227272
245922;2025;46;23;418181
245922;2025;48;1;18181
245922;2025;49;24;436364
245923;2025;42;47;1181091
245923;2025;44;3;79090
245923;2025;45;6;142363
245923;2025;46;4;84363
245923;2025;47;8;210909
245923;2025;49;10;224091
245923;2025;50;54;1138909
245924;2025;42;6;163636
245924;2025;43;13;413636
245924;2025;44;12;381818
245924;2025;45;32;814542
245924;2025;46;34;865454
245924;2025;50;22;566363
245925;2025;42;7;95454
245925;2025;43;21;286363
245925;2025;44;7;95454
245925;2025;45;52;616363
245925;2025;46;60;730909
245925;2025;47;58;790909
245925;2025;48;14;180000
245926;2025;42;2;36363
245926;2025;43;3;54545
245926;2025;44;5;90909
245926;2025;45;22;352727
245926;2025;46;48;832727
245926;2025;47;33;600000
245926;2025;48;39;629090
245926;2025;49;15;272727
245926;2025;50;10;145454
245927;2025;42;1;104545
245927;2025;44;4;418181
245927;2025;45;1;83636
245927;2025;46;16;1547270
245927;2025;47;11;1149999
245928;2025;43;1;31818
245928;2025;45;6;171818
245928;2025;46;12;356363
245928;2025;47;1;31818
245928;2025;48;11;330909
245928;2025;49;16;445454
245928;2025;50;28;712727
245928;2025;51;15;318181
245929;2025;41;1;17272
245929;2025;42;1;17272
245929;2025;44;2;34545
245929;2025;45;4;62181
245929;2025;46;16;252182
245929;2025;47;21;362727
245929;2025;48;27;438727
245929;2025;49;30;452545
245929;2025;50;6;82909
245929;2025;51;30;317818
245929;2025;52;6;62181
245930;2025;41;1;17272
245930;2025;42;5;82909
245930;2025;43;17;285000
245930;2025;44;10;172727
245930;2025;45;37;559636
245930;2025;46;15;241818
245930;2025;47;30;492272
245930;2025;48;1;17272
245930;2025;49;3;41454
245930;2025;50;1;16409
245931;2025;42;5;65454
245931;2025;43;12;158181
245931;2025;44;4;54545
245931;2025;45;14;160909
245931;2025;46;11;150000
245931;2025;47;34;463636
245931;2025;48;19;259090
245931;2025;49;5;65454
245931;2025;50;17;225000
245932;2025;43;1;17272
245932;2025;44;4;69090
245932;2025;45;9;127818
245932;2025;46;7;110545
245932;2025;47;8;138181
245932;2025;48;12;169272
245932;2025;49;19;297090
245932;2025;50;37;511272
245932;2025;51;46;504363
245932;2025;52;1;10363
245933;2025;45;1;83636
245933;2025;46;4;376363
245933;2025;47;6;627272
245933;2025;48;2;188181
245933;2025;49;4;397272
245933;2025;50;3;250909
245933;2025;51;2;125454
245938;2025;42;7;95454
245938;2025;43;13;177272
245938;2025;44;50;676363
245938;2025;45;61;752727
245938;2025;46;54;668181
245938;2025;47;33;450000
245938;2025;48;14;190909
245938;2025;49;8;103636
245941;2025;43;4;69090
245941;2025;44;3;54545
245941;2025;45;19;276363
245941;2025;46;34;560000
245941;2025;47;14;254545
245941;2025;48;6;98181
245941;2025;49;7;125454
245941;2025;50;21;305454
245941;2025;51;19;210909
245941;2025;52;2;21818
245943;2025;43;18;310909
245943;2025;44;21;362727
245943;2025;45;27;393818
245943;2025;46;45;694363
245943;2025;47;45;777272
245943;2025;48;21;362727
245943;2025;49;8;127818
245943;2025;50;7;96727
245944;2025;42;19;518181
245944;2025;43;4;114545
245944;2025;44;48;215
245944;2025;45;27;840000
245944;2025;46;10;254545
245945;2025;42;22;495454
245945;2025;43;16;354545
245945;2025;44;23;522727
245945;2025;45;73;1440909
245945;2025;48;10;227272
245946;2025;45;1;168181
245946;2025;46;1;168181
245946;2025;48;2;269090
245946;2025;49;1;168181
245946;2025;51;7;807272
245947;2025;41;6;136363
245947;2025;42;8;181818
245947;2025;43;8;181818
245947;2025;44;3;68181
245947;2025;45;16;338636
245947;2025;46;28;586363
245947;2025;47;17;386363
245947;2025;48;26;540909
245947;2025;49;36;772727
245947;2025;50;6;109090
245949;2025;43;2;336363
245949;2025;45;8;1110000
245949;2025;46;5;773636
245950;2025;44;1;162727
245950;2025;45;15;2115454
245951;2025;43;4;600000
245951;2025;44;3;450000
245951;2025;45;4;510000
245952;2025;44;2;245454
245952;2025;46;2;245454
245952;2025;47;3;355909
245952;2025;48;1;122727
245953;2025;45;2;283636
245953;2025;46;2;319090
245953;2025;47;3;514090
245953;2025;48;1;177272
245955;2025;42;1;122727
245955;2025;43;1;122727
245955;2025;44;5;613636
245955;2025;45;1;122727
245956;2025;43;1;177272
245956;2025;44;2;354545
245956;2025;45;2;354545
245956;2025;46;3;531818
245957;2025;42;4;108181
245957;2025;43;4;127272
245957;2025;44;17;540909
245957;2025;45;21;547272
245957;2025;46;21;591818
245957;2025;47;9;286363
245957;2025;48;13;337272
245957;2025;49;1;31818
245957;2025;50;2;57272
245957;2025;51;3;66818
245957;2025;52;1;22272
245958;2025;42;15;613636
245958;2025;45;4;160363
245958;2025;47;3;133636
245958;2025;49;2;89090
245958;2025;50;6;267272
245958;2025;51;5;133636
245958;2025;52;3;80181
245959;2025;42;2;286363
245959;2025;43;1;159090
245959;2025;44;2;318181
245959;2025;45;4;636363
245959;2025;48;3;477272
245960;2025;42;1;186363
245960;2025;43;1;186363
245960;2025;46;6;1006363
245960;2025;47;2;372727
245960;2025;48;1;186363
245960;2025;49;1;186363
245962;2025;42;3;395454
245962;2025;44;1;131818
245962;2025;45;2;263636
245962;2025;49;1;131818
245962;2025;51;5;500909
245963;2025;42;3;395454
245963;2025;43;1;131818
245963;2025;44;1;131818
245963;2025;45;1;131818
245963;2025;49;1;131818
245963;2025;50;1;105454
245963;2025;51;4;448181
245965;2025;1;3;66818
245965;2025;46;14;439090
245965;2025;47;1;15727
245965;2025;48;4;127272
245965;2025;49;15;477272
245965;2025;50;5;140000
245965;2025;51;37;871818
245965;2025;52;11;245000
245966;2025;43;10;536363
245966;2025;44;11;590000
245966;2025;45;2;85818
245966;2025;46;2;107272
245966;2025;47;3;160909
245966;2025;49;4;214545
245966;2025;50;6;278909
245966;2025;51;9;289636
245970;2025;45;4;540909
245970;2025;46;5;795454
245970;2025;48;1;159090
245970;2025;49;2;318181
245972;2025;45;2;216727
245972;2025;46;2;270909
245972;2025;47;1;135454
245972;2025;48;1;135455
245972;2025;49;4;541818
245972;2025;51;1;94818
245972;2025;52;1;94818
245974;2025;44;2;180000
245974;2025;45;1;72000
245974;2025;46;2;162000
245974;2025;47;1;90000
245974;2025;48;3;270000
245974;2025;49;6;540000
245974;2025;50;9;720000
245975;2025;1;1;63000
245975;2025;45;4;288000
245975;2025;46;1;90000
245975;2025;47;3;270000
245975;2025;48;2;180000
245975;2025;49;1;90000
245975;2025;50;4;324000
245975;2025;51;6;378000
245975;2025;52;2;126000
245976;2025;45;1;134545
245976;2025;46;2;336363
245976;2025;49;3;504545
245976;2025;50;4;571818
245976;2025;51;2;235454
245977;2025;45;2;679090
245977;2025;46;2;679090
245977;2025;50;1;301818
245977;2025;51;2;452727
245979;2025;42;4;92727
245979;2025;43;8;254545
245979;2025;44;6;190909
245979;2025;45;27;725454
245979;2025;46;32;820909
245979;2025;47;10;318181
245979;2025;48;9;286363
245981;2025;42;1;42909
245981;2025;44;2;107272
245981;2025;45;3;139454
245981;2025;46;1;53636
245981;2025;47;4;214545
245981;2025;48;4;214545
245981;2025;49;3;160909
245981;2025;50;28;1287272
245981;2025;51;2;75090
245982;2025;42;2;318181
245982;2025;43;3;477272
245982;2025;44;5;795454
245982;2025;45;1;127272
245982;2025;47;1;159090
245983;2025;45;3;352181
245983;2025;46;2;270909
245983;2025;47;4;541818
245983;2025;48;2;270909
245983;2025;49;1;135454
245984;2025;42;1;117272
245984;2025;43;1;117272
245984;2025;44;1;117272
245984;2025;45;6;562909
245984;2025;46;1;117272
245984;2025;47;1;117272
245984;2025;49;1;117272
245986;2025;44;1;90000
245986;2025;45;5;360000
245986;2025;46;3;252000
245986;2025;47;8;720000
245986;2025;48;2;180000
245986;2025;49;5;450000
245987;2025;42;1;123636
245987;2025;43;1;154545
245987;2025;45;3;401818
245987;2025;46;5;741818
245987;2025;47;2;309090
245989;2025;44;1;168181
245989;2025;45;2;269090
245989;2025;46;1;168181
245989;2025;47;6;1009090
245989;2025;48;2;336363
245990;2025;1;1;22272
245990;2025;42;2;54545
245990;2025;44;1;31818
245990;2025;45;14;369090
245990;2025;46;12;330909
245990;2025;47;12;381818
245990;2025;48;8;254545
245990;2025;50;10;286363
245990;2025;51;14;311818
245990;2025;52;4;89090
245991;2025;44;1;53636
245991;2025;45;13;579272
245991;2025;46;11;568545
245991;2025;47;8;429090
245991;2025;48;12;643636
245992;2025;45;3;379272
245992;2025;46;9;1056545
245994;2025;42;1;135454
245994;2025;43;3;406363
245994;2025;44;2;270909
245994;2025;45;2;216727
245994;2025;46;4;460545
245995;2025;43;1;231818
245995;2025;45;1;185454
245995;2025;46;4;880909
245995;2025;47;2;463636
245996;2025;45;2;463636
245996;2025;46;4;834545
245996;2025;47;2;463636
245998;2025;44;3;627272
245998;2025;45;6;1170909
245998;2025;46;3;585454
245999;2025;43;3;515454
245999;2025;45;8;1168363
245999;2025;46;6;962181
245999;2025;47;5;859090
245999;2025;48;2;343636
246000;2025;42;1;180909
246000;2025;43;3;542727
246000;2025;44;3;542727
246000;2025;45;4;651272
246000;2025;46;11;1809090
246000;2025;50;1;180909
246000;2025;52;1;162818
246001;2025;43;1;200000
246001;2025;44;2;400000
246001;2025;45;7;1240000
246001;2025;46;8;1440000
246001;2025;47;5;980000
246001;2025;49;1;200000
246002;2025;46;2;360000
246002;2025;47;2;400000
246002;2025;48;6;1200000
246002;2025;49;5;980000
246002;2025;50;6;1080000
246002;2025;51;1;120000
246003;2025;46;1;269181
246003;2025;47;4;1196363
246003;2025;48;4;1196363
246003;2025;49;3;897272
246004;2025;45;16;690000
246004;2025;46;15;650000
246004;2025;47;2;100000
246005;2025;45;53;780727
246005;2025;46;30;414545
246020;2025;46;2;218181
246020;2025;47;16;1745454
246020;2025;48;17;1854545
246020;2025;49;1;109090
246022;2025;45;1;54545
246022;2025;47;1;68181
246025;2025;43;7;374090
246025;2025;44;1;59090
246025;2025;46;1;59090
246025;2025;47;3;177272
246025;2025;48;2;118181
246025;2025;49;7;413636
246025;2025;50;8;425454
246025;2025;51;18;744545
246025;2025;52;1;41363
246026;2025;43;6;320454
246026;2025;44;1;59090
246026;2025;45;1;59090
246026;2025;46;2;94545
246026;2025;47;1;59090
246026;2025;48;1;59090
246026;2025;49;6;354545
246026;2025;50;11;567272
246026;2025;51;15;638181
246026;2025;52;1;41363
246029;2025;42;1;44545
246029;2025;43;9;374181
246029;2025;44;1;44545
246029;2025;45;7;267272
246029;2025;46;6;258363
246030;2025;43;2;198181
246030;2025;45;1;99090
246030;2025;47;7;693636
246030;2025;50;4;336909
246030;2025;51;2;138727
246031;2025;43;4;327272
246031;2025;44;2;163636
246031;2025;45;1;65454
246031;2025;50;9;605454
246032;2025;42;2;161818
246032;2025;45;1;69090
246032;2025;49;5;414545
246033;2025;42;6;321818
246033;2025;43;18;933272
246033;2025;44;11;590000
246033;2025;45;5;225272
246033;2025;46;6;311090
246033;2025;47;7;375454
246033;2025;48;5;268181
246033;2025;49;3;144818
246033;2025;50;18;815272
246033;2025;51;11;429090
246033;2025;52;4;150181
246033;2026;1;1;53636
246034;2025;43;8;107727
246034;2025;44;67;913636
246034;2025;45;19;256363
246034;2025;46;1;10909
246034;2025;48;1;13636
246035;2025;45;21;240000
246035;2025;46;9;122727
246035;2025;47;60;818181
246035;2025;50;5;54545
246036;2025;1;1;9545
246036;2025;44;18;245454
246036;2025;45;77;924545
246037;2025;42;3;175636
246037;2025;44;2;125454
246037;2025;45;7;376363
246037;2025;46;24;1480363
246046;2025;43;3;215454
246046;2025;44;1;71818
246046;2025;45;2;114909
246046;2025;46;7;445272
246046;2025;47;2;143636
246046;2025;48;9;646363
246047;2025;43;13;224545
246047;2025;44;32;552727
246047;2025;45;41;618363
246047;2025;46;10;141636
246048;2025;42;96;1309090
246048;2025;43;34;463636
246048;2025;44;44;600000
246048;2025;45;31;261817
246048;2025;46;5;65454
246048;2025;47;5;68181
246048;2025;50;1;13636
246049;2025;42;15;272727
246049;2025;43;12;218181
246049;2025;44;6;109090
246049;2025;45;67;1058181
246049;2025;46;5;90909
246049;2025;47;3;54545
246050;2025;42;7;95454
246050;2025;43;5;68181
246050;2025;44;5;68181
246050;2025;45;57;657272
246050;2025;46;100;1232727
246050;2025;47;51;695454
246050;2025;48;15;204545
246050;2025;49;1;13636
246050;2025;50;1;13636
246051;2025;42;17;448181
246051;2025;43;19;495636
246051;2025;44;14;369090
246051;2025;45;46;1028181
246051;2025;46;11;268909
246052;2025;43;17;309090
246052;2025;44;6;109090
246052;2025;45;55;872727
246052;2025;46;73;1218181
246052;2025;47;21;381819
246053;2025;42;10;177272
246053;2025;43;5;68181
246053;2025;44;9;122727
246053;2025;45;21;261818
246053;2025;46;67;859090
246053;2025;47;66;899999
246053;2025;48;8;127272
246053;2025;49;2;36363
246054;2025;42;11;200000
246054;2025;43;3;54545
246054;2025;44;16;290909
246054;2025;45;26;403636
246054;2025;46;10;149091
246054;2025;47;37;672727
246054;2025;48;17;309090
246054;2025;49;19;301817
246054;2025;50;1;18181
246055;2025;42;12;163636
246055;2025;43;13;177272
246055;2025;44;8;109090
246055;2025;45;42;496363
246055;2025;46;48;610909
246055;2025;47;57;777272
246055;2025;48;10;136363
246055;2025;50;1;10909
246056;2025;44;4;54545
246056;2025;45;19;248181
246056;2025;46;14;169090
246056;2025;47;95;1295454
246056;2025;48;51;695454
246056;2025;49;6;81818
246056;2025;50;2;27272
246058;2025;43;1;26363
246058;2025;44;15;395454
246058;2025;45;69;1560727
246058;2025;46;21;463999
246059;2025;42;9;237272
246059;2025;43;3;79090
246059;2025;44;6;158181
246059;2025;45;44;970182
246059;2025;46;21;524636
246059;2025;47;23;606363
246059;2025;48;2;52727
246060;2025;42;1;18181
246060;2025;43;5;90909
246060;2025;44;10;181818
246060;2025;45;23;378181
246060;2025;46;56;905454
246060;2025;47;32;581818
246060;2025;48;16;290909
246060;2025;51;1;10909
246061;2025;42;7;340000
246061;2025;43;1;50000
246061;2025;44;10;500000
246061;2025;45;17;700000
246061;2025;46;1;50000
246063;2025;44;4;763636
246063;2025;45;3;572727
246063;2025;46;4;610909
246063;2025;47;1;190909
246063;2025;49;2;343636
246064;2025;44;2;380000
246064;2025;45;4;760000
246064;2025;46;4;760000
246067;2025;42;2;100000
246067;2025;44;4;200000
246067;2025;45;6;250000
246067;2025;46;25;1040000
246067;2025;47;1;50000
246067;2025;48;4;180000
246067;2025;49;6;300000
246068;2025;42;1;253636
246068;2025;44;1;253636
246068;2025;45;2;456545
246069;2025;44;2;381818
246069;2025;45;2;305454
246069;2025;46;12;2023636
246070;2025;44;1;86363
246070;2025;45;4;328181
246070;2025;46;2;155454
246070;2025;47;17;1459545
246072;2025;43;1;136363
246072;2025;44;3;409090
246072;2025;46;2;272727
246072;2025;47;4;545454
246072;2025;48;2;272727
246072;2025;49;1;136363
246074;2025;42;1;13636
246074;2025;45;2;281818
246074;2025;46;2;253636
246074;2025;47;5;704545
246074;2025;48;1;140909
246075;2025;43;2;236363
246075;2025;45;3;354545
246075;2025;46;3;283636
246075;2025;47;2;236363
246075;2025;48;1;118181
246075;2025;49;1;118181
246075;2025;50;1;70908
246076;2025;42;1;177272
246076;2025;43;2;354545
246076;2025;44;3;531818
246078;2025;42;3;951818
246078;2025;43;2;634545
246078;2025;44;1;317272
246078;2025;45;6;1586363
246079;2025;42;1;209090
246079;2025;47;1;188181
246079;2025;48;3;606363
246079;2025;49;1;209090
246080;2025;45;16;605818
246080;2025;46;2;89090
246080;2025;47;2;89090
246080;2025;48;6;267272
246080;2025;52;1;40091
246082;2025;43;2;89090
246082;2025;45;14;507818
246082;2025;48;2;89090
246082;2025;49;1;44545
246082;2025;50;2;89090
246082;2026;9;1;44545
246094;2025;42;1;317272
246094;2025;45;2;602818
246094;2025;46;1;317272
246097;2025;42;1;213636
246097;2025;43;1;213636
246097;2025;44;1;213636
246097;2025;46;1;213636
246102;2025;43;2;119181
246102;2025;44;6;369100
246102;2025;45;5;275999
246102;2025;46;8;451636
246102;2025;47;3;184550
246105;2025;44;2;63636
246105;2025;45;2;50909
246105;2025;46;12;350000
246105;2025;47;7;222727
246105;2025;48;1;31818
246107;2025;43;3;95454
246107;2025;44;2;63636
246107;2025;45;4;114545
246107;2025;46;14;381818
246107;2025;47;1;31818
246108;2025;43;2;400000
246108;2025;45;5;800000
246108;2025;46;11;2040000
246203;2025;40;12;272727
246203;2025;41;49;1113636
246203;2025;42;78;1540909
246203;2025;43;19;431818
246203;2025;44;24;534090
246203;2025;45;50;927272
246203;2025;46;100;2184090
246203;2025;47;50;710000
246203;2025;48;12;109090
246204;2025;45;2;72727
246204;2025;46;15;681818
246204;2025;47;68;1271818
246204;2025;48;94;1501818
246204;2025;49;121;1956363
246204;2025;50;85;1236363
246205;2025;40;1;86363
246205;2025;43;7;604545
246205;2025;45;9;673636
246205;2025;46;22;1692727
246205;2025;47;40;2140909
246205;2025;48;53;1621818
246205;2025;49;43;1425454
246205;2025;50;100;2909090
246205;2025;51;88;1920000
246205;2025;52;4;87272
246206;2025;1;2;81818
246206;2025;40;2;254545
246206;2025;45;4;407272
246206;2025;46;18;2087273
246206;2025;47;4;272727
246206;2025;48;12;695454
246206;2025;49;5;340909
246206;2025;50;1;54545
246206;2025;51;17;695454
246207;2025;1;5;245454
246207;2025;43;2;327272
246207;2025;45;5;654545
246207;2025;46;28;4000909
246207;2025;47;5;409101
246207;2025;48;7;490909
246207;2025;50;3;196363
246207;2025;51;23;1129090
246207;2025;52;7;343636
246208;2025;1;6;65454
246208;2025;40;12;196363
246208;2025;41;4;72727
246208;2025;45;7;101818
246208;2025;46;15;258181
246208;2025;47;14;200000
246208;2025;48;17;267272
246208;2025;49;10;163636
246208;2025;50;31;472727
246208;2025;51;33;389090
246208;2025;52;25;272727
246209;2025;41;2;90909
246209;2025;45;8;318181
246209;2025;46;2;90909
246209;2025;47;10;428181
246209;2025;48;17;722726
246209;2025;49;14;590909
246209;2025;50;13;472727
246209;2025;51;3;81818
246209;2025;52;4;109090
246210;2025;40;5;90909
246210;2025;41;10;181818
246210;2025;42;11;174545
246210;2025;43;3;35454
246210;2025;44;12;207272
246210;2025;45;52;876363
246210;2025;46;43;701818
246210;2025;47;67;1031818
246210;2025;48;6;54545
246210;2025;49;5;36363
246210;2025;51;3;16363
246211;2025;42;10;363636
246211;2025;43;15;618181
246211;2025;44;12;545454
246211;2025;45;26;1036363
246211;2025;46;22;922727
246211;2025;47;10;454545
246211;2025;48;5;209090
246211;2025;50;26;945454
246211;2025;51;11;300000
246211;2025;52;5;136363
246212;2025;41;6;136363
246212;2025;43;6;136363
246212;2025;44;11;250000
246212;2025;45;90;1800000
246212;2025;46;71;1304545
246212;2025;47;16;363636
246212;2025;48;9;81818
246212;2025;50;7;50909
246213;2025;41;3;136363
246213;2025;43;2;90909
246213;2025;44;9;409090
246213;2025;45;93;3663636
246213;2025;46;28;972727
246213;2025;47;1;45454
246213;2025;48;15;282545
246213;2025;49;4;76363
246213;2025;50;3;45818
246213;2025;51;22;252000
246213;2026;2;9;87561
246214;2025;40;5;159090
246214;2025;41;9;286363
246214;2025;42;11;302272
246214;2025;43;21;658636
246214;2025;44;24;763636
246214;2025;45;34;922727
246214;2025;46;11;343636
246214;2025;47;76;1363636
246214;2025;48;51;894545
246214;2025;49;11;174545
246214;2025;51;1;10909
246215;2025;1;1;21818
246215;2025;42;1;45454
246215;2025;44;6;272727
246215;2025;45;14;581818
246215;2025;46;4;145454
246215;2025;47;41;1403636
246215;2025;48;14;443636
246215;2025;49;21;690909
246215;2025;50;2;58181
246215;2025;51;19;421818
246215;2025;52;10;218181
246216;2025;1;1;43636
246216;2025;45;3;327272
246216;2025;47;14;1010909
246216;2025;48;32;2327272
246216;2025;50;3;174545
246216;2025;51;5;232727
246216;2025;52;3;130909
246217;2025;44;2;318182
246217;2025;45;5;795454
246217;2025;47;20;2341636
246217;2025;48;4;490909
246217;2025;51;6;441818
246217;2025;52;1;73636
246218;2025;1;17;92727
246218;2025;43;2;27272
246218;2025;44;19;259090
246218;2025;45;33;376363
246218;2025;46;15;163636
246218;2025;47;28;267272
246218;2025;48;4;29090
246218;2025;49;12;101818
246218;2025;50;5;36363
246218;2025;51;50;272727
246218;2025;52;9;49090
246219;2025;42;12;381818
246219;2025;44;21;668181
246219;2025;45;25;757272
246219;2025;46;31;986363
246219;2025;47;94;1721818
246219;2025;50;18;261818
246220;2025;42;10;454545
246220;2025;46;10;454545
246220;2025;47;10;363636
246220;2025;48;61;2167272
246220;2025;49;35;1221818
246220;2025;50;39;1134545
246220;2025;51;6;130909
246220;2025;52;19;414545
246223;2025;43;1;109090
246223;2025;44;2;218181
246223;2025;45;3;261818
246223;2025;46;3;327272
246223;2025;47;1;72727
246223;2025;48;5;349090
246223;2025;49;3;189090
246223;2025;50;7;407272
246223;2025;51;5;218181
246223;2025;52;1;43636
246224;2025;43;1;159090
246224;2025;44;2;318182
246224;2025;45;4;572727
246224;2025;46;1;159090
246224;2025;47;5;613636
246224;2025;48;8;981818
246224;2025;49;4;466363
246224;2025;51;1;73636
246225;2025;43;2;125454
246225;2025;44;2;125454
246225;2025;45;5;241499
246225;2025;46;8;464181
246225;2025;47;7;439090
246225;2025;48;2;125454
246226;2025;43;1;62727
246226;2025;44;2;125454
246226;2025;45;11;564545
246226;2025;46;8;451636
246227;2025;44;1;354545
246227;2025;45;2;638181
246227;2025;46;1;354545
246227;2025;47;2;709090
246228;2025;45;1;527272
246228;2025;46;1;527272
246228;2025;47;1;659090
246228;2025;48;2;1318181
246228;2025;49;1;659090
246229;2025;45;2;760909
246229;2025;46;3;1268181
246229;2025;47;1;422727
246230;2025;45;1;340909
246230;2025;46;1;340909
246230;2025;47;1;340909
246230;2025;48;2;681818
246230;2025;49;3;1022727
246230;2025;51;1;340909
246231;2025;45;1;340909
246231;2025;46;2;545454
246231;2025;47;2;681818
246231;2025;49;1;340909
246231;2025;50;1;272727
246232;2025;43;2;863636
246232;2025;46;1;431818
246232;2025;47;1;431818
246233;2025;1;1;13636
246233;2025;44;1;22727
246233;2025;45;3;59090
246233;2025;46;6;127272
246233;2025;47;10;227272
246233;2025;48;7;159090
246233;2025;49;6;136363
246233;2025;50;10;213636
246233;2025;51;3;40909
246234;2025;1;2;27272
246234;2025;45;1;22727
246234;2025;46;1;22727
246234;2025;48;2;45454
246234;2025;49;1;22727
246234;2025;51;3;40909
246235;2025;45;1;22727
246235;2025;46;4;90909
246235;2025;47;3;68181
246235;2025;50;3;54545
246235;2025;51;8;109090
246235;2025;52;2;27272
246236;2025;1;1;19090
246236;2025;44;1;31818
246236;2025;45;5;133636
246236;2025;46;8;235454
246236;2025;47;4;127272
246236;2025;48;11;350000
246236;2025;49;10;311818
246236;2025;50;14;426363
246236;2025;51;30;585454
246236;2025;52;11;210000
246237;2025;45;4;108181
246237;2025;47;5;159090
246237;2025;48;3;95454
246237;2025;49;6;190909
246237;2025;50;5;140000
246237;2025;51;11;210000
246237;2025;52;6;114545
246238;2025;1;2;38181
246238;2025;44;1;31818
246238;2025;47;1;31818
246238;2025;48;1;31818
246238;2025;49;1;31818
246238;2025;50;2;50909
246238;2025;51;2;38181
246238;2025;52;5;95454
246239;2025;44;1;31818
246239;2025;45;3;76363
246239;2025;46;9;248181
246239;2025;47;1;31818
246239;2025;48;8;254545
246239;2025;49;3;95454
246239;2025;50;5;133636
246239;2025;51;7;146363
246239;2025;52;5;95454
246240;2025;44;2;100000
246240;2025;45;5;220000
246240;2025;46;10;480000
246240;2025;47;14;700000
246240;2025;48;10;490000
246240;2025;49;19;950000
246240;2025;50;29;1290000
246240;2025;51;9;310000
246241;2025;45;4;180000
246241;2025;46;5;220000
246241;2025;47;7;350000
246241;2025;48;8;400000
246241;2025;49;14;700000
246241;2025;50;20;880000
246241;2025;51;34;1105000
246241;2025;52;1;30000
246242;2025;43;1;31818
246242;2025;45;13;381818
246242;2025;46;21;645909
246242;2025;47;16;509090
246242;2025;48;6;190909
246242;2025;49;1;31818
246243;2025;43;3;95454
246243;2025;44;2;63636
246243;2025;45;2;57272
246243;2025;46;7;213181
246243;2025;47;10;318181
246243;2025;48;7;222727
246243;2025;49;10;318181
246243;2025;50;14;369090
246243;2025;51;10;251363
246244;2025;45;14;413636
246244;2025;46;7;210000
246244;2025;47;7;222727
246244;2025;48;4;127272
246244;2025;49;6;190909
246244;2025;50;15;394545
246244;2025;51;4;89090
246245;2025;44;1;44545
246245;2025;45;1;44545
246245;2025;46;2;80181
246245;2025;47;2;89090
246245;2025;48;6;267272
246245;2025;49;8;356363
246245;2025;50;7;276181
246245;2025;51;30;935454
246245;2025;52;3;93545
246245;2026;1;1;44545
246246;2025;43;1;18181
246246;2025;44;2;36363
246246;2025;45;10;156363
246246;2025;46;19;320000
246246;2025;47;3;54545
246246;2025;48;1;18181
246246;2025;49;6;109090
246246;2025;50;4;65454
246246;2025;51;2;25454
246247;2025;43;1;18181
246247;2025;44;14;254545
246247;2025;45;29;465454
246247;2025;46;8;120000
246248;2025;43;2;36363
246248;2025;44;8;145454
246248;2025;45;25;385454
246248;2025;46;13;203636
246249;2025;44;11;200000
246249;2025;45;24;389090
246249;2025;46;10;149090
246249;2025;49;1;18181
246249;2025;50;2;32727
246250;2025;43;1;18181
246250;2025;44;4;72727
246250;2025;45;20;323636
246250;2025;46;12;178181
246250;2025;51;4;56363
246251;2025;43;3;81818
246251;2025;44;2;54545
246251;2025;45;1;21818
246251;2025;46;7;158181
246251;2025;47;3;81818
246251;2025;48;1;27272
246251;2025;49;1;27272
246251;2025;50;27;616363
246251;2025;51;2;38181
246252;2025;43;2;54545
246252;2025;44;2;54545
246252;2025;45;1;21818
246252;2025;46;6;147272
246252;2025;47;6;163636
246252;2025;48;11;300000
246252;2025;49;8;218181
246252;2025;50;10;256363
246252;2025;51;1;19090
246253;2025;43;1;27272
246253;2025;45;3;81818
246253;2025;46;3;70909
246253;2025;47;8;218181
246253;2025;48;15;409090
246253;2025;49;8;218181
246253;2025;50;4;98181
246254;2025;43;1;27272
246254;2025;44;1;27272
246254;2025;45;1;27272
246254;2025;46;11;261818
246254;2025;47;3;81818
246254;2025;48;8;218181
246254;2025;49;15;409090
246254;2025;50;8;185454
246255;2025;43;3;81818
246255;2025;45;4;92727
246255;2025;46;7;174545
246255;2025;47;5;136363
246255;2025;48;2;54545
246255;2025;49;12;327272
246255;2025;50;15;381818
246256;2025;43;2;54545
246256;2025;44;2;54545
246256;2025;45;6;152727
246256;2025;46;3;81818
246256;2025;47;4;109090
246256;2025;48;6;163636
246256;2025;49;10;272727
246256;2025;50;19;452727
246256;2025;51;2;46363
246257;2025;43;2;36363
246257;2025;44;2;36363
246257;2025;45;5;83636
246257;2025;46;15;247272
246257;2025;47;1;18181
246257;2025;48;8;145454
246257;2025;49;11;199999
246257;2025;50;2;29090
246258;2025;43;6;109090
246258;2025;44;1;18181
246258;2025;45;10;167273
246258;2025;46;10;163636
246258;2025;47;8;145454
246258;2025;48;3;54545
246258;2025;49;6;109090
246258;2025;50;5;80000
246259;2025;43;4;72727
246259;2025;44;2;36363
246259;2025;45;9;156363
246259;2025;46;21;352727
246259;2025;47;4;72727
246259;2025;48;4;72727
246259;2025;49;7;127272
246260;2025;43;9;160363
246260;2025;44;1;26727
246260;2025;45;41;691090
246260;2025;46;1;15272
246261;2025;43;6;103091
246261;2025;44;5;106908
246261;2025;45;22;370363
246261;2025;46;13;198545
246262;2025;43;4;32727
246262;2025;44;6;49090
246262;2025;45;18;129272
246262;2025;46;36;266727
246262;2025;47;30;245454
246262;2025;48;7;57272
246263;2025;44;5;40909
246263;2025;45;8;57272
246263;2025;46;26;202909
246263;2025;47;34;278181
246263;2025;48;24;188181
246264;2025;43;8;65454
246264;2025;44;5;40909
246264;2025;45;14;103090
246264;2025;46;43;320727
246264;2025;47;29;237272
246264;2025;48;4;32727
246265;2025;44;4;32727
246265;2025;45;22;155454
246265;2025;46;27;198000
246265;2025;47;39;319090
246265;2025;48;4;32727
246265;2025;49;2;16363
246266;2025;43;2;16363
246266;2025;44;19;153818
246266;2025;45;44;314181
246266;2025;46;31;225818
246266;2025;47;3;24545
246267;2025;47;96;433181
246267;2025;48;1;3636
246267;2025;50;2;7272
246267;2025;51;1;2727
246268;2025;47;86;700363
246268;2025;48;14;114545
246268;2025;50;1;6545
246269;2025;47;66;716727
246269;2025;48;30;321818
246269;2025;49;2;19636
246269;2025;50;1;8727
246270;2025;47;54;736363
246270;2025;48;46;621818
246271;2025;43;7;120909
246271;2025;44;17;286727
246271;2025;45;30;449090
246271;2025;46;30;473273
246271;2025;47;14;241818
246271;2025;48;1;17272
246271;2025;49;1;17272
246272;2025;44;1;13636
246272;2025;45;6;65454
246272;2025;46;8;98181
246272;2025;47;6;50000
246272;2025;49;3;40909
246272;2025;50;4;51818
246272;2025;51;11;90000
246272;2025;52;5;40909
246273;2025;43;3;24545
246273;2025;44;3;24545
246273;2025;45;14;96545
246273;2025;46;8;60545
246273;2025;47;8;47272
246273;2025;48;9;73636
246273;2025;49;10;81818
246273;2025;50;22;171818
246273;2025;51;21;103090
246275;2025;40;6;54545
246275;2025;41;4;36363
246275;2025;42;10;83636
246275;2025;44;10;90909
246275;2025;45;38;276363
246275;2025;46;31;281818
246276;2025;48;6;81818
246276;2026;14;2;27272
246277;2025;40;1;18181
246277;2025;43;20;363636
246277;2025;45;6;109090
246277;2025;46;43;767272
246277;2025;47;5;90909
246277;2025;48;6;109090
246277;2025;49;8;145454
246277;2026;4;4;72727
246278;2025;44;13;177272
246278;2025;46;4;43636
246278;2025;48;2;27272
246278;2026;4;2;27272
246278;2026;14;1;13636
246279;2025;44;3;177272
246279;2025;45;18;909999
246279;2025;46;14;720909
246279;2025;47;10;602727
246279;2025;48;3;153636
246279;2025;51;1;35454
246280;2025;43;1;59090
246280;2025;44;3;177272
246280;2025;45;12;579090
246280;2025;46;7;389999
246280;2025;47;18;1063636
246280;2025;48;5;295454
246280;2025;49;2;118181
246280;2025;51;1;35454
246281;2025;44;1;59090
246281;2025;45;8;390000
246281;2025;46;11;579090
246281;2025;47;12;709090
246281;2025;48;5;295454
246281;2025;49;10;590909
246281;2025;50;1;59090
246281;2025;51;1;35454
246282;2025;42;3;141581
246282;2025;43;12;653454
246282;2025;44;5;272272
246282;2025;45;30;1355918
246283;2025;40;1;31818
246283;2025;41;1;54454
246283;2025;42;5;272272
246283;2025;43;10;522763
246283;2025;44;18;947509
246283;2025;45;16;844045
246284;2025;41;3;108818
246284;2025;42;33;1022890
246284;2025;43;8;290181
246284;2025;44;3;108818
246284;2025;45;3;108818
246285;2025;41;4;145090
246285;2025;42;4;145090
246285;2025;43;23;743590
246285;2025;44;11;377236
246285;2025;45;8;261163
246286;2025;42;10;180909
246286;2025;43;23;416090
246286;2025;44;6;108545
246286;2025;45;10;155581
246287;2025;40;7;95454
246287;2025;41;8;144727
246287;2025;42;5;90454
246287;2025;43;43;770672
246287;2025;44;26;470363
246287;2025;45;12;180909
246288;2025;1;3;14727
246288;2025;43;4;32727
246288;2025;44;14;109636
246288;2025;45;3;21272
246288;2025;46;1;8181
246288;2025;47;1;4545
246288;2025;49;2;16363
246288;2025;50;2;14727
246288;2025;51;4;19636
246288;2025;52;6;29454
246288;2026;2;1;8181
246288;2026;4;1;8181
246288;2026;5;1;8181
246288;2026;7;5;40909
246288;2026;10;3;24545
246288;2026;11;1;8181
246288;2026;12;1;8181
246288;2026;16;1;8181
246289;2025;43;7;57272
246289;2025;44;3;24545
246289;2025;50;2;16363
246289;2025;51;3;18000
246289;2026;2;1;8181
246289;2026;5;2;16363
246289;2026;9;20;163636
246289;2026;13;1;8181
246290;2025;43;1;22727
246290;2025;44;3;68181
246290;2025;45;8;145454
246290;2025;46;12;272727
246290;2025;47;21;477272
246290;2025;48;2;45454
246291;2025;45;7;131818
246291;2025;46;5;95454
246291;2025;47;19;431818
246291;2025;48;10;227272
246291;2025;49;4;90909
246292;2025;43;6;81818
246292;2025;44;8;109090
246292;2025;45;27;310909
246292;2025;46;49;602727
246292;2025;47;7;86363
246293;2025;44;4;54545
246293;2025;45;90;1006363
246293;2025;46;4;54545
246293;2025;47;1;9090
246294;2025;46;1;9090
246294;2025;47;11;99999
246294;2025;48;39;354545
246294;2025;49;10;90909
246294;2025;50;37;312727
246295;2025;44;10;90909
246295;2025;45;8;67272
246295;2025;46;30;225454
246295;2025;47;8;72727
246295;2025;48;35;318181
246295;2025;49;8;72727
246308;2025;43;6;81818
246308;2025;44;3;40909
246308;2025;45;30;346363
246308;2025;46;63;793636
246308;2025;47;53;640909
246308;2025;48;21;286363
246308;2025;49;2;27272
246308;2025;50;15;182727
246308;2025;51;5;51818
246308;2025;52;2;19090
246312;2025;1;3;28636
246312;2025;37;4;54545
246312;2025;38;3;40909
246312;2025;43;2;27272
246312;2025;46;3;40909
246312;2025;47;3;35454
246312;2025;50;3;32727
246312;2025;52;1;9545
246312;2026;4;1;13636
246312;2026;6;1;13636
246312;2026;8;1;13636
246312;2026;9;1;13636
246312;2026;11;5;62727
246312;2026;12;7;95454
246312;2026;13;6;81818
246312;2026;14;8;106227
246312;2026;15;2;27272
246312;2026;17;1;13636
246312;2026;18;1;13636
246317;2025;43;2;27272
246317;2025;44;3;40909
246317;2025;45;20;261818
246317;2025;46;58;706363
246317;2025;47;53;651818
246317;2025;48;22;300000
246317;2025;49;19;259090
246317;2025;50;14;163636
246317;2025;51;7;70909
246321;2025;35;1;13636
246321;2025;36;15;204545
246321;2025;37;5;60000
246321;2025;40;2;27272
246321;2025;41;1;13636
246321;2025;42;2;27272
246321;2025;44;5;68180
246321;2025;45;4;49090
246321;2025;46;3;35454
246321;2025;49;1;13636
246321;2026;8;4;54545
246321;2026;9;1;13636
246321;2026;11;4;54545
246321;2026;12;1;13636
246321;2026;13;2;27272
246322;2025;43;3;40909
246322;2025;44;8;109090
246322;2025;45;39;466363
246322;2025;48;32;436363
246322;2025;49;29;395454
246322;2025;50;42;509999
246322;2025;51;17;166363
246323;2025;43;2;27272
246323;2025;44;2;27272
246323;2025;45;13;158181
246323;2025;46;12;147272
246323;2025;47;3;40909
246323;2025;48;3;40909
246323;2025;49;1;13636
246323;2025;51;4;38181
246323;2025;52;4;38181
246326;2025;43;2;52727
246326;2025;44;12;316363
246326;2025;49;8;210909
246326;2025;51;10;184545
246326;2026;5;19;500909
246326;2026;6;12;316363
246326;2026;9;10;263636
246326;2026;11;12;316363
246328;2025;45;76;861817
246328;2025;46;29;351818
246329;2025;45;29;365454
246329;2025;46;70;844090
246330;2025;43;6;81818
246330;2025;44;2;27272
246330;2025;45;83;998181
246331;2025;43;12;163636
246331;2025;44;12;163636
246331;2025;45;75;1000909
246331;2025;46;2;21818
246331;2025;47;1;13636
246332;2025;44;1;31818
246332;2025;45;3;89090
246332;2025;46;5;152727
246332;2025;49;15;477272
246332;2025;50;1;25454
246333;2025;43;2;63636
246333;2025;45;4;108181
246333;2025;46;6;178181
246333;2025;47;2;63636
246333;2025;48;5;159090
246333;2025;49;4;127272
246334;2025;43;1;31818
246334;2025;44;1;31818
246334;2025;45;6;165454
246334;2025;46;6;165454
246334;2025;48;10;318181
246335;2025;43;1;20681
246335;2025;44;8;254545
246335;2025;45;48;1336363
246335;2025;51;3;57273
246336;2025;40;1;31818
246336;2025;41;1;31818
246336;2025;43;2;52500
246336;2025;44;10;318181
246336;2025;45;27;769999
246336;2025;46;1;31818
246337;2025;43;2;63636
246337;2025;44;7;222727
246337;2025;45;10;267272
246337;2025;46;12;375454
246337;2025;47;9;283181
246338;2025;43;1;31818
246338;2025;44;1;31818
246338;2025;45;12;311818
246338;2025;46;25;719090
246338;2025;47;7;216363
246338;2025;49;3;89091
246338;2025;50;4;82727
246338;2025;51;2;41363
246339;2025;42;1;31818
246339;2025;45;6;152727
246339;2025;46;30;855909
246339;2025;47;6;187727
246339;2025;49;2;50910
246340;2025;45;2;57272
246340;2025;46;40;1272727
246340;2025;47;17;540909
246397;2025;44;4;127272
246397;2025;45;19;534545
246397;2025;46;29;763636
246397;2025;47;6;190909
246397;2025;48;18;572727
246397;2025;49;7;222727
246397;2025;50;9;260909
246398;2025;45;3;331617
246398;2025;47;8;1156363
246398;2025;48;2;289090
246398;2025;49;5;562054
246398;2025;50;8;982909
246398;2025;51;15;1574708
246398;2025;52;1;101181
246398;2026;1;1;144545
246399;2025;42;3;95454
246399;2025;43;2;63636
246399;2025;45;1;31818
246399;2025;46;8;235454
246399;2025;47;6;190909
246399;2025;48;11;350000
246399;2025;49;9;286363
246399;2025;50;3;89090
246400;2025;46;1;25454
246400;2025;48;3;95454
246400;2025;49;4;127272
246400;2025;50;5;127272
246400;2025;51;15;346818
246400;2025;52;6;133636
246401;2025;43;2;90909
246401;2025;44;3;136363
246401;2025;45;2;72727
246401;2025;46;8;309090
246401;2025;47;5;218181
246401;2025;48;3;136363
246401;2025;49;5;227272
246401;2025;50;14;609090
246401;2025;51;5;159090
246401;2025;52;2;63636
246402;2025;45;3;425628
246402;2025;47;2;380909
246402;2025;48;2;343727
246402;2025;49;1;99992
246402;2025;51;5;605719
246402;2025;52;4;506545
246403;2025;46;3;127272
246403;2025;47;3;135454
246403;2025;48;1;45454
246403;2025;49;2;90909
246403;2025;50;5;181818
246403;2025;51;11;336363
246403;2025;52;2;63636
246404;2025;45;1;92727
246404;2025;48;3;542727
246404;2025;50;1;144727
246404;2025;51;3;401096
246404;2025;52;1;126636
246405;2025;1;1;31818
246405;2025;43;1;45454
246405;2025;44;2;90909
246405;2025;45;8;299999
246405;2025;46;16;668181
246405;2025;47;8;363636
246405;2025;48;9;390909
246405;2025;49;1;45454
246405;2025;50;10;381818
246405;2025;51;14;500000
246406;2025;41;1;31818
246406;2025;43;1;31818
246406;2025;45;5;140000
246406;2025;46;10;286363
246406;2025;47;19;549909
246406;2025;48;21;668181
246406;2025;49;16;509090
246406;2025;50;20;559999
246406;2025;51;1;22272
246407;2025;41;2;263636
246407;2025;42;1;125227
246407;2025;45;5;544409
246407;2025;46;2;237272
246407;2025;47;6;777726
246407;2025;48;4;527272
246407;2025;49;2;196484
246407;2025;50;2;210909
246407;2025;51;1;131818
246408;2025;41;2;45454
246408;2025;44;6;136363
246408;2025;45;11;209090
246408;2025;46;25;509090
246408;2025;47;38;852006
246408;2025;48;15;459092
246408;2025;49;13;407272
246408;2025;50;13;350000
246408;2025;51;15;362727
246408;2025;52;4;89090
246409;2025;40;1;136363
246409;2025;42;1;136363
246409;2025;43;2;259090
246409;2025;45;5;613636
246409;2025;46;7;872727
246409;2025;47;6;736363
246409;2025;48;2;172727
246410;2025;41;2;45454
246410;2025;44;9;204545
246410;2025;45;14;281818
246410;2025;46;23;459090
246411;2025;42;2;245454
246411;2025;45;4;504545
246411;2025;46;13;1609090
246411;2025;48;4;531817
246411;2025;49;2;259090
246411;2025;50;1;109090
246412;2025;42;1;22727
246412;2025;43;1;22727
246412;2025;44;2;45454
246412;2025;45;6;131818
246412;2025;46;3;63636
246412;2025;48;1;22727
246412;2025;49;1;22727
246412;2025;50;3;59090
246412;2025;51;3;47727
246412;2025;52;3;47727
246413;2025;40;3;68181
246413;2025;42;1;31818
246413;2025;45;14;420000
246413;2025;46;11;330909
246413;2025;48;1;31818
246413;2025;50;3;89090
246413;2025;51;8;178181
246414;2025;41;2;272727
246414;2025;42;1;129545
246414;2025;45;8;839812
246414;2025;46;6;736363
246414;2025;47;3;409090
246414;2025;48;4;545454
246415;2025;40;5;113636
246415;2025;41;1;22727
246415;2025;42;4;86363
246415;2025;43;9;193181
246415;2025;44;4;90909
246415;2025;45;21;404545
246415;2025;46;31;677272
246415;2025;47;12;236454
246415;2025;48;3;68181
246415;2025;49;4;90909
246415;2025;50;1;22727
246415;2025;51;2;45454
246416;2025;41;2;245454
246416;2025;42;1;136363
246416;2025;43;2;272727
246416;2025;44;7;859090
246416;2025;45;7;797540
246416;2025;46;4;490909
246416;2025;47;2;147272
246417;2025;40;8;181818
246417;2025;41;3;68181
246417;2025;42;9;204545
246417;2025;43;10;213636
246417;2025;44;26;579545
246417;2025;45;37;760227
246417;2025;50;1;22727
246417;2025;51;2;27273
246418;2025;40;2;45454
246418;2025;41;5;113636
246418;2025;42;6;118181
246418;2025;43;5;113636
246418;2025;44;8;179545
246418;2025;45;52;981817
246418;2025;46;16;313636
246418;2025;47;1;22727
246419;2025;40;1;45454
246419;2025;41;5;227272
246419;2025;42;6;254545
246419;2025;43;2;90909
246419;2025;44;20;909090
246419;2025;45;54;2168182
246419;2025;46;2;72727
246419;2025;50;3;136363
246420;2025;41;1;45454
246420;2025;42;5;199999
246420;2025;43;5;227272
246420;2025;45;18;754545
246420;2025;46;14;577272
246420;2025;50;5;200000
246421;2025;42;2;109090
246421;2025;43;2;109090
246421;2025;46;7;370909
246421;2025;47;1;54545
246421;2025;48;10;545454
246421;2025;49;8;436363
246421;2025;50;6;294545
246421;2025;51;9;343636
246421;2025;52;3;114545
246422;2025;43;1;31818
246422;2025;45;1;31818
246422;2025;46;1;31818
246422;2025;48;1;31818
246422;2025;49;1;31818
246422;2025;50;3;76363
246422;2025;51;2;44545
246422;2025;52;4;89090
246423;2025;1;1;22272
246423;2025;45;1;31818
246423;2025;46;3;82727
246423;2025;47;3;95454
246423;2025;48;3;95454
246423;2025;49;4;127272
246423;2025;50;10;292727
246423;2025;51;8;178181
246423;2025;52;3;66818
246424;2025;44;3;106363
246424;2025;46;1;35454
246424;2025;47;4;141818
246424;2025;48;3;106363
246424;2025;49;1;35454
246424;2025;50;3;85090
246424;2025;51;5;124090
246424;2025;52;2;49636
246425;2025;42;2;70909
246425;2025;43;4;141818
246425;2025;44;2;70909
246425;2025;45;2;63818
246425;2025;46;3;92181
246425;2025;47;8;288181
246425;2025;48;3;106363
246425;2025;49;2;70909
246425;2025;50;6;191454
246425;2025;51;13;297818
246425;2025;52;2;56727
246426;2025;42;1;35454
246426;2025;43;1;35454
246426;2025;44;2;70909
246426;2025;45;9;269454
246426;2025;46;3;99272
246426;2025;47;5;173636
246426;2025;48;4;141818
246426;2025;49;3;106363
246426;2025;50;2;56727
246426;2025;51;8;198545
246426;2025;52;1;24818
246431;2025;1;2;197272
246431;2025;51;1;98636
246431;2025;52;3;295909
246431;2026;1;3;338181
246431;2026;2;4;563636
246431;2026;3;6;760909
246431;2026;4;3;422727
246432;2025;1;2;222727
246432;2025;44;1;159090
246432;2025;45;3;413636
246432;2025;49;2;302272
246432;2025;51;1;111364
246432;2025;52;2;222727
246432;2026;1;2;318181
246432;2026;2;4;636363
246432;2026;4;1;159090
246432;2026;5;1;159090
246432;2026;6;1;127272
246433;2025;1;1;124090
246433;2025;48;1;177272
246433;2025;49;3;531818
246433;2025;50;2;319090
246433;2025;51;2;248181
246433;2025;52;3;372272
246433;2026;2;7;1240909
246433;2026;3;1;177272
246433;2026;5;3;531818
246434;2025;43;1;45454
246434;2025;45;4;163636
246434;2025;46;7;290909
246434;2025;47;7;318181
246434;2025;48;8;363636
246434;2025;49;9;409090
246434;2025;50;7;281818
246435;2025;43;4;181818
246435;2025;44;8;363636
246435;2025;45;20;772727
246435;2025;46;32;1336364
246435;2025;47;30;1363636
246435;2025;48;1;45454
246435;2025;50;4;172727
246436;2025;43;1;22727
246436;2025;44;2;45454
246436;2025;45;15;286363
246436;2025;46;30;627272
246436;2025;47;37;840908
246436;2025;48;11;249999
246437;2025;46;3;327272
246437;2025;47;3;289090
246437;2025;48;2;218181
246437;2025;49;7;763636
246437;2025;50;9;872727
246438;2025;46;1;150000
246438;2025;48;2;300000
246438;2025;49;3;450000
246438;2025;50;3;390000
246438;2025;51;9;990000
246438;2025;52;4;420000
246439;2025;46;1;109090
246439;2025;47;5;488181
246439;2025;48;3;305454
246439;2025;49;6;654545
246439;2025;50;10;1025454
246440;2025;1;1;105000
246440;2025;46;1;150000
246440;2025;47;1;135454
246440;2025;48;1;150000
246440;2025;49;4;600000
246440;2025;50;4;570000
246440;2025;51;6;675000
246440;2025;52;6;630000
246493;2025;42;2;81818
246493;2025;43;1;40909
246493;2025;45;5;171818
246493;2025;46;14;531818
246493;2025;47;10;245454
246493;2025;48;31;1183185
246493;2025;49;10;396818
246493;2025;50;22;785454
246493;2025;51;6;184090
246494;2025;44;2;118181
246494;2025;45;3;153636
246494;2025;46;8;449090
246494;2025;47;4;236363
246494;2025;48;5;295454
246494;2025;49;7;413636
246494;2025;50;20;1016363
246494;2025;51;1;41363
246495;2025;43;1;22727
246495;2025;44;5;113636
246495;2025;45;12;218181
246495;2025;46;11;243181
246495;2025;47;10;227272
246495;2025;48;9;200000
246495;2025;49;2;45454
246496;2025;44;1;22727
246496;2025;45;3;59090
246496;2025;46;13;259090
246496;2025;47;7;159090
246496;2025;48;16;363636
246496;2025;49;2;45454
246496;2025;50;8;181818
246497;2025;45;13;368727
246497;2025;46;27;957272
246497;2025;47;2;70909
246497;2025;48;5;177272
246497;2025;49;1;35454
246498;2025;43;1;35454
246498;2025;44;2;70909
246498;2025;45;36;1021090
246498;2025;46;5;177272
246498;2025;47;4;141818
246499;2025;43;2;45454
246499;2025;45;5;95454
246499;2025;46;11;222727
246499;2025;47;4;63636
246499;2025;48;7;159090
246499;2025;49;4;90909
246499;2025;50;13;286363
246499;2025;51;4;63636
246500;2025;43;1;22727
246500;2025;44;2;45454
246500;2025;45;10;195454
246500;2025;46;9;195454
246500;2025;47;10;181818
246500;2025;48;9;204545
246500;2025;49;3;68181
246500;2025;50;6;130681
246501;2025;1;2;31818
246501;2025;43;1;22727
246501;2025;45;1;22727
246501;2025;46;4;81818
246501;2025;48;2;45454
246501;2025;50;1;21590
246501;2025;51;16;259091
246501;2025;52;9;143181
246502;2025;43;1;22727
246502;2025;44;6;136363
246502;2025;45;14;259090
246502;2025;46;20;422727
246502;2025;47;6;136363
246502;2025;48;2;45454
246502;2025;49;1;22727
246503;2025;43;4;63908
246503;2025;45;2;27636
246503;2025;46;4;65636
246503;2025;47;17;293636
246503;2025;48;7;120909
246503;2025;49;3;51818
246503;2025;50;4;62181
246503;2025;51;9;108818
246504;2025;43;4;63908
246504;2025;44;2;34545
246504;2025;45;2;31090
246504;2025;47;2;34545
246504;2025;48;5;86363
246504;2025;49;3;51818
246504;2025;50;5;82909
246504;2025;51;19;236636
246504;2025;52;8;96727
246505;2025;44;3;122727
246505;2025;45;4;163636
246505;2025;46;1;32727
246505;2025;47;9;368181
246505;2025;48;4;163636
246505;2025;49;6;245454
246505;2025;50;7;261818
246505;2025;51;17;499090
246506;2025;43;1;40909
246506;2025;44;1;40909
246506;2025;45;1;32727
246506;2025;46;3;114545
246506;2025;47;2;81818
246506;2025;48;3;122727
246506;2025;49;7;286363
246506;2025;50;7;253636
246506;2025;51;24;687272
246507;2025;44;2;34545
246507;2025;45;8;110545
246507;2025;47;2;34545
246507;2025;50;6;86363
246507;2025;51;8;96727
246507;2025;52;24;290181
246508;2025;44;1;17272
246508;2025;45;1;17272
246508;2025;47;2;34545
246508;2025;48;3;51818
246508;2025;49;2;34545
246508;2025;50;8;117454
246508;2025;51;30;378272
246508;2025;52;5;60454
246509;2025;44;2;34545
246509;2025;45;1;13818
246509;2025;46;4;55272
246509;2025;50;7;103636
246509;2025;51;26;316090
246509;2025;52;4;48363
246510;2025;1;1;12090
246510;2025;46;2;34545
246510;2025;47;10;172727
246510;2025;49;1;17272
246510;2025;50;11;183090
246510;2025;51;19;250454
246510;2025;52;6;72545
246511;2025;44;6;103636
246511;2025;45;36;532000
246511;2025;46;6;82909
246511;2025;48;1;13818
246512;2025;44;4;69090
246512;2025;45;10;172727
246512;2025;46;8;117454
246512;2025;47;10;172727
246512;2025;48;5;86363
246512;2025;49;15;259090
246513;2025;43;7;120909
246513;2025;44;10;172727
246513;2025;45;29;459454
246513;2025;52;3;36272
246514;2025;43;1;17272
246514;2025;44;3;51818
246514;2025;45;27;390363
246514;2025;46;14;193454
246515;2025;44;1;26363
246515;2025;45;18;379636
246515;2025;46;6;147637
246515;2025;47;8;210909
246515;2025;48;2;52727
246515;2025;49;1;21090
246515;2025;50;1;21090
246516;2025;45;8;168727
246516;2025;46;14;305818
246516;2025;47;8;210909
246516;2025;48;4;105454
246516;2025;49;6;158181
246516;2025;50;9;189818
246517;2025;44;9;237272
246517;2025;45;39;980727
246518;2025;44;2;34545
246518;2025;45;12;190000
246518;2025;46;8;138181
246518;2025;47;14;238363
246518;2025;48;4;69090
246518;2025;49;3;41454
246519;2025;43;2;27636
246519;2025;44;1;17272
246519;2025;45;2;34545
246519;2025;46;4;69090
246519;2025;47;6;100181
246519;2025;48;4;69090
246519;2025;49;28;483636
246519;2025;50;1;17272
246525;2025;40;200;883091
246525;2025;41;9;81818
246525;2025;42;19;170909
246525;2025;43;12;108181
246525;2025;44;22;199090
246525;2025;45;32;267272
246525;2025;46;3;21818
246526;2025;40;50;220773
246527;2025;40;50;220773
246528;2025;40;52;238954
246528;2025;41;3;27272
246528;2025;42;3;27272
246528;2025;43;3;27272
246528;2025;44;9;80909
246528;2025;45;16;134545
246528;2025;46;28;243636
246528;2025;47;7;63636
246528;2025;51;1;6363
246577;2025;44;1;1954545
246578;2025;44;5;22727
246578;2025;45;51;192727
246578;2025;46;20;80000
246578;2025;47;22;100000
246579;2025;44;2;12727
246579;2025;45;16;96727
246579;2025;46;14;78909
246579;2025;47;40;303636
246579;2025;48;4;25454
246579;2025;49;20;127272
246580;2025;45;10;65454
246580;2025;46;8;54000
246580;2025;47;2;16363
246580;2025;48;11;89999
246580;2025;49;17;139090
246580;2025;50;39;271636
246580;2025;51;17;131727
246581;2025;45;9;32727
246581;2025;46;14;55454
246581;2025;47;15;73636
246581;2025;48;44;235454
246581;2025;49;20;90909
246582;2025;45;5;25454
246582;2025;46;8;48363
246582;2025;47;23;184545
246582;2025;48;12;78181
246582;2025;49;51;324545
246582;2025;50;2;12727
246583;2025;44;1;8181
246583;2025;45;11;72000
246583;2025;46;11;75272
246583;2025;47;1;8181
246583;2025;48;5;40909
246583;2025;49;4;32727
246583;2025;50;18;124363
246583;2025;51;42;257727
246584;2025;43;1;8181
246584;2025;44;2;16363
246584;2025;45;5;36000
246584;2025;46;9;70363
246584;2025;47;6;45454
246584;2025;49;1;8181
246584;2025;50;21;165272
246584;2025;52;1;5727
246585;2025;44;2;16363
246585;2025;45;4;31090
246585;2025;46;4;31090
246585;2025;47;4;29090
246585;2025;48;1;8181
246585;2025;49;8;65454
246585;2025;50;19;130909
246585;2025;51;7;49909
246585;2025;52;1;5727
246586;2025;45;7;45818
246586;2025;46;5;32727
246586;2025;49;6;49090
246586;2025;50;25;194727
246586;2025;51;6;36818
246586;2025;52;5;28636
246587;2025;45;9;58909
246587;2025;46;8;60546
246587;2025;47;6;49090
246587;2025;52;1;5727
246721;2025;46;4;600000
246721;2025;47;4;600000
246721;2025;48;5;750000
246721;2025;49;4;600000
246721;2025;50;2;240000
246724;2025;46;6;840000
246724;2025;47;3;450000
246724;2025;48;4;600000
246724;2025;49;2;300000
246729;2025;42;4;109090
246729;2025;43;1;27272
246729;2025;44;1;27272
246729;2025;45;6;152727
246729;2025;46;12;305454
246729;2025;47;3;81818
246729;2025;48;9;245454
246729;2025;49;7;190909
246729;2025;50;7;174545
246730;2025;44;3;79090
246730;2025;45;8;184545
246730;2025;46;8;195090
246730;2025;47;7;184545
246730;2025;48;10;263636
246730;2025;49;10;263636
246730;2025;50;6;142363
246730;2025;51;9;152909
246730;2025;52;2;31636
246732;2025;42;7;95454
246732;2025;43;9;122726
246732;2025;44;15;203181
246732;2025;45;34;389999
246732;2025;46;5;68181
246732;2025;49;1;13636
246733;2025;42;8;210909
246733;2025;43;1;26363
246733;2025;45;14;305818
246733;2025;46;12;284727
246733;2025;47;5;131818
246733;2025;48;6;158181
246733;2025;49;15;395454
246733;2025;50;17;379636
246733;2025;51;13;336136
246734;2025;42;9;237272
246734;2025;43;4;105454
246734;2025;44;5;131818
246734;2025;45;8;189818
246734;2025;46;18;450818
246734;2025;47;20;527272
246734;2025;48;7;184545
246734;2025;49;23;606363
246734;2025;50;37;891090
246734;2025;51;16;415227
246735;2025;42;1;13636
246735;2025;47;1;13636
246735;2025;48;8;106363
246735;2025;49;18;245454
246735;2025;50;38;455454
246735;2025;51;31;332727
246736;2025;42;2;52727
246736;2025;45;2;47454
246736;2025;46;18;442909
246736;2025;47;10;263636
246736;2025;48;6;158181
246736;2025;49;4;105454
246736;2025;50;14;337454
246736;2025;51;16;326909
246741;2025;43;8;126136
246741;2025;44;7;184545
246741;2025;45;9;206954
246741;2025;46;4;100181
246741;2025;47;6;158181
246741;2025;48;1;26363
246741;2025;49;8;210909
246741;2025;50;5;105454
246747;2025;42;5;113636
246747;2025;43;7;154545
246747;2025;44;11;250000
246747;2025;45;49;986363
246747;2025;46;46;977272
246747;2025;47;23;522727
246747;2025;48;1;22727
246747;2025;49;1;22727
246749;2025;42;1;13636
246749;2025;43;1;13636
246749;2025;44;2;27272
246749;2025;45;15;177272
246749;2025;46;15;201818
246749;2025;47;16;218181
246749;2025;48;22;300000
246749;2025;49;30;409090
246749;2025;50;35;400909
246749;2025;51;5;51818
246750;2025;42;4;54545
246750;2025;43;4;54545
246750;2025;44;1;17272
246750;2025;45;27;386909
246750;2025;46;26;414545
246750;2025;47;13;224545
246750;2025;48;33;566545
246750;2025;49;13;224545
246750;2025;50;23;359272
246751;2025;42;1;13636
246751;2025;43;2;27272
246751;2025;45;11;125454
246751;2025;46;56;706363
246751;2025;47;11;150000
246751;2025;48;1;13636
246751;2025;49;1;13636
246751;2025;50;6;76363
246753;2025;42;14;169090
246753;2025;43;4;54545
246753;2025;45;28;310909
246753;2025;46;48;599999
246754;2025;42;8;200363
246754;2025;43;4;105454
246754;2025;44;7;184545
246754;2025;48;1;26363
246754;2025;52;3;55364
246758;2025;42;3;81818
246758;2025;43;6;163636
246758;2025;44;18;490909
246758;2025;45;26;613636
246758;2025;46;18;425454
246759;2025;42;15;199090
246759;2025;43;22;300000
246759;2025;44;7;95454
246759;2025;45;28;327272
246761;2025;42;2;162000
246761;2025;43;1;90000
246761;2025;45;4;324545
246761;2025;46;6;477272
246761;2025;47;8;763636
246761;2025;48;2;190909
246762;2025;42;2;158545
246762;2025;45;14;1149454
246762;2025;46;9;812545
246762;2025;47;3;297272
246762;2025;48;3;297272
246766;2025;43;2;81818
246766;2025;45;8;261818
246766;2025;46;12;474545
246766;2025;47;10;409090
246766;2025;48;11;450000
246766;2025;49;13;531818
246766;2025;50;8;270000
246767;2025;42;4;250909
246767;2025;43;5;329999
246767;2025;44;1;68181
246767;2025;45;12;668181
246767;2025;46;22;1459090
246767;2025;47;23;1568181
246767;2025;48;4;272727
246768;2025;42;4;396363
246768;2025;43;4;396363
246768;2025;44;1;99090
246768;2025;45;20;1744000
246768;2025;46;11;1050363
246768;2025;47;8;792727
246769;2025;42;5;477272
246769;2025;46;5;458181
246769;2025;47;6;572727
246769;2025;48;5;477272
246769;2025;49;6;572727
246769;2025;50;4;362727
246770;2025;42;8;449090
246770;2025;43;4;236363
246770;2025;44;4;236363
246770;2025;45;30;1642727
246770;2025;46;4;212727
246771;2025;42;10;363636
246771;2025;43;9;327272
246771;2025;44;4;145454
246771;2025;45;41;1338181
246771;2025;46;32;1010909
246771;2025;50;1;29090
246772;2025;42;6;316363
246772;2025;43;3;163636
246772;2025;44;5;272727
246772;2025;45;19;905454
246772;2025;46;12;545454
246773;2025;43;4;650909
246773;2025;44;8;1301818
246773;2025;45;7;1008909
246773;2025;46;5;716000
246774;2025;42;1;180909
246774;2025;43;1;180909
246774;2025;44;6;1085454
246774;2025;45;3;542727
246775;2025;43;4;130909
246775;2025;44;4;152726
246775;2025;45;21;654545
246775;2025;46;11;400000
246775;2025;47;4;145454
246775;2025;48;14;450909
246775;2025;50;16;465454
246775;2025;51;6;130909
246775;2025;52;7;152727
246776;2025;42;2;198181
246776;2025;43;1;99090
246776;2025;44;2;198181
246776;2025;45;15;1208909
246776;2025;46;4;336909
246777;2025;45;5;539454
246777;2025;46;10;1055454
246777;2025;47;1;117272
246779;2025;42;3;351818
246779;2025;43;1;117272
246779;2025;45;3;328363
246779;2025;46;6;680181
246779;2025;47;3;351818
246782;2025;46;1;810909
246782;2025;51;1;709545
246784;2025;45;1;956363
246791;2025;46;8;1105454
246791;2025;47;2;290909
246791;2025;48;6;872727
246791;2025;49;16;2312727
246793;2025;43;1;204545
246793;2025;44;1;204545
246793;2025;45;1;163636
246793;2025;46;1;204545
246793;2025;48;3;613636
246793;2025;50;1;163636
246795;2025;43;1;280909
246795;2025;45;1;224727
246795;2025;46;3;786545
246795;2025;47;4;1123636
246795;2025;48;3;842727
246799;2025;42;1;63636
246799;2025;43;2;131818
246799;2025;44;2;136363
246799;2025;45;16;913636
246799;2025;46;3;163636
246800;2025;45;9;518181
246800;2025;46;2;109090
246802;2025;43;1;68181
246802;2025;44;6;409090
246802;2025;45;11;654545
246802;2025;46;28;1731817
246802;2025;47;2;136363
246805;2025;44;1;68181
246805;2025;45;2;122727
246805;2025;46;9;545454
246807;2025;45;11;627272
246807;2025;46;1;54545
246810;2025;42;1;68181
246810;2025;43;2;136363
246810;2025;44;4;272727
246810;2025;45;5;272727
246814;2025;45;3;163636
246814;2025;46;7;409090
246814;2025;47;3;204545
246819;2025;42;1;54545
246819;2025;44;1;68181
246819;2025;45;8;450000
246819;2025;46;11;668181
246819;2025;47;4;272727
246819;2025;48;9;613636
246819;2025;49;2;136363
246823;2025;52;1;79545
246828;2025;43;2;300000
246828;2025;44;7;1050000
246828;2025;45;1;150000
246828;2025;46;7;930000
246828;2025;47;5;750000
246828;2025;48;1;150000
246829;2025;43;1;195454
246829;2025;44;1;195454
246829;2025;45;2;312727
246829;2025;46;6;1133636
246829;2025;47;5;977272
246830;2025;42;1;99090
246830;2025;43;2;198181
246830;2025;44;1;99090
246830;2025;45;4;336909
246830;2025;46;7;594545
246830;2025;47;4;396363
246830;2025;48;3;297272
246830;2025;49;1;99090
246832;2025;42;1;77272
246832;2025;43;3;231818
246832;2025;44;4;309090
246832;2025;45;2;123636
246832;2025;46;5;355454
246832;2025;48;7;540909
246832;2025;49;2;154545
246847;2025;42;1;61818
246847;2025;44;2;154545
246847;2025;45;7;448181
246847;2025;46;2;154545
246847;2025;47;3;231818
246847;2025;48;2;154545
246847;2025;49;7;540909
246848;2025;42;48;1440000
246848;2025;43;8;254545
246848;2025;45;8;203636
246850;2025;42;1;81818
246850;2025;43;3;245454
246850;2025;44;4;327272
246850;2025;45;5;360000
246850;2025;46;10;720000
246850;2025;47;1;81818
246855;2025;42;2;609090
246855;2025;43;1;304545
246855;2025;44;1;304545
246857;2025;42;5;376363
246857;2025;43;6;490909
246857;2025;44;1;81818
246858;2025;42;5;327272
246858;2025;43;3;215454
246858;2025;44;3;215454
246858;2025;45;5;359090
246860;2025;42;2;161818
246860;2025;44;5;404545
246860;2025;45;9;582545
246860;2025;46;8;590636
246863;2025;42;1;86545
246863;2025;44;2;216363
246863;2025;45;1;86545
246863;2025;46;5;519272
246863;2025;47;3;324545
246865;2025;42;3;815454
246865;2025;43;2;453954
246865;2025;44;1;277272
246865;2025;45;4;998181
246868;2025;43;9;155454
246868;2025;44;11;190000
246868;2025;45;34;476727
246868;2025;46;26;390363
246868;2025;47;24;414545
246868;2025;48;43;739272
246868;2025;49;16;274636
246868;2025;50;30;435272
246868;2025;51;46;483636
246868;2025;52;29;300545
246870;2025;42;5;204545
246870;2025;43;3;122727
246870;2025;44;8;323181
246870;2025;45;20;736363
246870;2025;46;11;425454
246871;2025;42;10;680000
246871;2025;43;3;231818
246871;2025;44;7;540909
246871;2025;45;10;649090
246871;2025;47;1;77272
246871;2025;48;1;77272
246872;2025;42;13;217636
246872;2025;43;11;190000
246872;2025;44;7;120909
246872;2025;45;15;245272
246872;2025;46;41;651181
246872;2025;47;8;138181
246872;2025;48;11;190000
246872;2025;49;3;51818
246872;2025;50;22;324727
246872;2025;51;13;141636
246873;2025;42;17;432727
246873;2025;43;15;464545
246873;2025;44;24;763636
246873;2025;46;20;509090
246873;2025;47;2;63636
246873;2025;48;4;127272
246873;2025;49;3;95454
246874;2025;42;7;190909
246874;2025;43;7;190909
246874;2025;44;12;327272
246874;2025;45;28;665454
246874;2025;46;13;305454
246875;2025;44;2;118181
246875;2025;45;5;271818
246875;2025;46;6;354545
246875;2025;47;8;472727
246875;2025;48;4;236363
246875;2025;49;1;59090
246876;2025;42;3;136363
246876;2025;43;1;45454
246876;2025;44;1;45454
246876;2025;46;1;45454
246876;2025;47;4;181818
246876;2025;50;2;81818
246876;2025;51;9;286363
246876;2025;52;1;31818
246877;2025;42;15;859090
246877;2025;43;1;68181
246877;2025;44;1;68181
246877;2025;45;6;340909
246878;2025;42;12;689454
246878;2025;43;1;71818
246878;2025;44;2;143636
246879;2025;42;9;304909
246879;2025;43;3;106364
246879;2025;44;3;106363
246879;2025;45;4;127636
246879;2025;46;18;588545
246879;2025;47;8;276545
246880;2025;42;1;59090
246880;2025;44;2;125454
246880;2025;45;5;301090
246880;2025;46;7;426545
246880;2025;47;8;501818
246881;2025;42;2;63636
246881;2025;43;2;63636
246881;2025;44;3;95454
246881;2025;45;9;248181
246881;2025;46;14;426363
246881;2025;47;6;190909
246881;2025;48;15;474090
246881;2025;50;1;31818
246882;2025;42;7;381818
246882;2025;43;8;463636
246882;2025;44;4;236363
246882;2025;45;12;602727
246883;2025;44;1;268181
246883;2025;45;1;214545
246883;2025;46;4;911818
246884;2025;43;3;160909
246884;2025;44;2;107272
246884;2025;45;5;225272
246884;2025;46;19;933272
246884;2025;47;5;268181
246884;2025;48;11;590000
246884;2025;49;3;160909
246885;2025;43;4;127272
246885;2025;44;5;159090
246885;2025;45;9;260909
246885;2025;46;48;1431818
246885;2025;47;11;349999
246885;2025;48;19;604545
246933;2025;52;8;65454
246933;2026;3;1;6545
247005;2025;45;12;163636
247005;2025;46;2;21818
247005;2025;47;1;13636
247005;2025;50;6;65454
247005;2025;51;12;98181
247005;2025;52;2;16363
247006;2025;43;1;13636
247006;2025;44;2;27272
247006;2025;45;3;32727
247006;2025;46;8;87272
247006;2025;47;9;122727
247006;2025;48;19;248181
247006;2025;49;14;174545
247006;2025;50;25;272727
247006;2025;51;9;73636
247006;2025;52;6;49090
247007;2025;46;11;130908
247007;2025;47;12;163636
247007;2025;48;43;580909
247007;2025;49;10;136363
247007;2025;51;2;16363
247007;2025;52;42;343636
247008;2025;45;34;370909
247008;2025;46;11;120000
247008;2025;50;4;43636
247008;2025;51;7;57272
247008;2025;52;8;65454
247009;2025;42;2;118181
247009;2025;43;2;118181
247009;2025;44;5;295454
247009;2025;45;10;478636
247009;2025;46;4;224545
247009;2025;47;8;460909
247009;2025;48;11;590909
247009;2025;49;6;319090
247009;2025;50;12;567272
247009;2025;51;21;744545
247009;2025;52;7;248181
247010;2025;42;1;52363
247010;2025;43;2;130909
247010;2025;45;12;667636
247010;2025;46;6;327272
247010;2025;47;27;1767272
247010;2025;48;3;196364
247010;2025;49;5;301090
247010;2025;50;1;52363
247010;2025;51;11;432000
247011;2025;41;4;54545
247011;2025;44;5;68181
247011;2025;46;15;204545
247011;2025;47;21;286363
247011;2025;49;19;242727
247011;2025;50;40;436363
247011;2025;51;9;73636
247011;2025;52;21;171818
247012;2025;48;5;225272
247012;2025;50;2;85818
247012;2025;51;3;96545
247013;2025;1;2;81818
247013;2025;43;2;122727
247013;2025;45;1;61364
247013;2025;48;2;136363
247013;2025;49;1;68181
247013;2025;50;6;327272
247013;2025;51;5;204545
247013;2025;52;1;40909
247014;2025;50;6;261818
247014;2025;51;12;392727
247014;2025;52;16;523636
247015;2025;43;7;381818
247015;2025;45;13;567272
247015;2025;46;16;807272
247015;2025;47;16;872727
247015;2025;48;12;556363
247015;2025;49;3;141818
247015;2025;50;20;872726
247015;2025;51;14;458181
247016;2025;1;2;65454
247016;2025;43;1;54545
247016;2025;44;3;163636
247016;2025;45;5;234545
247016;2025;46;5;240000
247016;2025;47;13;709090
247016;2025;48;9;425454
247016;2025;49;6;294545
247016;2025;50;13;567272
247016;2025;51;11;359999
247016;2025;52;3;98181
247017;2025;43;1;49091
247017;2025;46;2;109090
247017;2025;47;3;163636
247017;2025;48;5;229090
247017;2025;49;9;458181
247017;2025;50;4;174545
247017;2025;51;9;294545
247017;2025;52;4;130909
247018;2025;1;7;229090
247018;2025;44;1;54545
247018;2025;46;1;54545
247018;2025;48;8;392726
247018;2025;49;3;130909
247018;2025;50;4;174545
247018;2025;51;4;130909
247018;2025;52;4;130909
247019;2025;45;9;496363
247019;2025;46;13;738181
247019;2025;47;22;1400000
247019;2025;48;4;241818
247019;2025;49;21;1234545
247019;2025;50;21;1081818
247019;2025;51;6;241818
247020;2025;43;2;136363
247020;2025;44;3;204545
247020;2025;45;6;381818
247020;2025;46;7;422727
247020;2025;47;4;272727
247020;2025;48;4;272727
247020;2025;49;5;327272
247020;2025;50;10;545454
247020;2025;51;5;218181
247020;2025;52;3;122727
247021;2025;40;1;50000
247021;2025;41;3;150000
247021;2025;43;1;50000
247021;2025;44;3;150000
247021;2025;45;5;225000
247021;2025;46;9;390000
247021;2025;47;14;700000
247021;2025;48;5;250000
247021;2025;49;6;250000
247021;2025;50;13;520000
247021;2025;51;30;910000
247022;2025;41;1;53636
247022;2025;45;6;289636
247022;2025;46;4;182363
247022;2025;47;12;643636
247022;2025;48;4;214545
247022;2025;49;1;53636
247022;2025;50;1;42909
247022;2025;51;7;236000
247022;2025;52;3;96545
247023;2025;41;10;500000
247023;2025;43;2;100000
247023;2025;44;2;100000
247023;2025;45;2;90000
247023;2025;46;20;880000
247023;2025;47;3;150000
247023;2025;48;4;200000
247023;2025;49;3;150000
247023;2025;50;9;380000
247023;2025;51;28;850000
247023;2025;52;9;270000
247024;2025;41;2;107272
247024;2025;45;5;214545
247024;2025;46;4;203818
247024;2025;47;2;107272
247024;2025;48;8;429090
247024;2025;49;6;300363
247024;2025;50;5;214545
247024;2025;51;15;504181
247024;2025;52;7;225272
247025;2025;41;2;100000
247025;2025;46;5;220000
247025;2025;47;4;200000
247025;2025;48;10;490000
247025;2025;50;6;240000
247025;2025;51;2;60000
247026;2025;1;4;150545
247026;2025;45;1;50181
247026;2025;46;10;602181
247026;2025;47;17;1041272
247026;2025;48;9;536317
247026;2025;49;2;112909
247026;2025;50;6;301090
247026;2025;51;10;401454
247026;2025;52;1;37636
247027;2025;43;1;63636
247027;2025;45;3;152727
247027;2025;46;4;235454
247027;2025;47;5;299090
247027;2025;48;2;127272
247027;2025;49;1;50909
247027;2025;50;1;50909
247027;2025;51;7;267272
247027;2025;52;2;76363
247028;2025;41;1;22727
247028;2025;42;1;22727
247028;2025;43;21;470454
247028;2025;44;4;93181
247028;2025;45;21;422727
247028;2025;46;10;218181
247028;2025;47;18;409090
247028;2025;48;24;495454
247028;2025;49;18;368181
247028;2025;50;3;54545
247028;2025;51;1;13636
247029;2025;41;1;77272
247029;2025;45;2;123636
247029;2025;46;4;278181
247029;2025;47;5;386363
247029;2025;48;5;355454
247029;2025;49;5;355454
247029;2025;50;10;618181
247029;2025;51;7;340000
247029;2025;52;9;417272
247030;2025;44;1;80909
247030;2025;45;7;453090
247030;2025;46;1;80909
247030;2025;47;13;1011363
247030;2025;48;5;388363
247030;2025;49;2;161818
247030;2025;50;7;453090
247030;2025;51;3;145636
247030;2025;52;5;242726
247031;2025;47;39;1240909
247031;2025;48;11;318181
247031;2025;49;14;388181
247032;2025;42;1;208181
247032;2025;44;2;416363
247032;2025;45;5;832727
247032;2025;46;1;166545
247033;2025;42;1;268181
247033;2025;45;1;268181
247033;2025;46;4;965454
247034;2025;46;1;261090
247034;2025;47;1;326363
247034;2025;49;1;261090
247034;2025;50;3;783272
247035;2025;45;2;106363
247035;2025;46;1;59090
247035;2025;47;2;118181
247035;2025;48;1;59090
247035;2025;49;3;165454
247035;2025;50;4;189090
247035;2025;51;5;177272
247036;2025;1;1;35454
247036;2025;45;1;59090
247036;2025;50;2;94545
247036;2025;51;4;141818
247036;2025;52;3;106363
247037;2025;44;1;59090
247037;2025;45;4;200909
247037;2025;46;3;165454
247037;2025;47;1;59090
247037;2025;48;7;390000
247037;2025;49;2;94545
247037;2025;50;6;283636
247037;2025;51;10;354545
247037;2025;52;3;106363
247038;2025;1;3;106363
247038;2025;46;1;59090
247038;2025;48;1;47272
247038;2025;50;5;236364
247038;2025;51;7;271818
247038;2025;52;6;212727
247039;2025;44;1;59090
247039;2025;46;2;118182
247039;2025;48;3;165454
247039;2025;51;6;283636
247040;2025;47;3;190909
247040;2025;51;3;114545
247041;2025;41;4;781818
247041;2025;42;2;312727
247041;2025;43;2;371363
247041;2025;45;3;547272
247041;2025;46;1;195454
247042;2025;44;2;154545
247042;2025;46;1;77272
247042;2025;47;2;139090
247042;2025;49;1;77272
247042;2025;50;1;61818
247043;2025;46;1;76363
247043;2025;47;1;85909
247043;2025;48;2;190909
247043;2025;50;2;152727
247044;2025;41;4;214545
247044;2025;42;1;53636
247044;2025;43;2;107272
247044;2025;44;10;461272
247044;2025;45;8;375454
247044;2025;46;14;750909
247044;2025;47;7;375454
247044;2025;49;1;53636
247045;2025;42;1;90000
247045;2025;44;4;360000
247045;2025;45;2;180000
247045;2025;47;5;450000
247045;2025;48;8;648000
247045;2025;49;11;882000
247046;2025;1;2;86181
247046;2025;43;2;143636
247046;2025;44;3;215454
247046;2025;45;7;474000
247046;2025;46;3;201090
247046;2025;47;12;861818
247046;2025;48;4;258545
247046;2025;49;4;287272
247046;2025;50;4;229818
247046;2025;51;2;86181
247047;2025;45;2;161818
247047;2025;49;8;647272
247048;2025;41;2;180000
247048;2025;45;2;144000
247048;2025;46;2;144000
247048;2025;47;2;180000
247048;2025;48;5;414000
247048;2025;49;4;342000
247048;2025;50;3;216000
247048;2025;51;8;432000
247049;2025;43;2;129273
247049;2025;45;4;244182
247049;2025;46;1;57454
247049;2025;47;10;718183
247049;2025;48;7;459636
247049;2025;49;4;272909
247049;2025;51;4;229818
247050;2025;42;1;72727
247050;2025;45;1;72727
247050;2025;46;4;276363
247050;2025;48;2;130909
247050;2025;49;3;189090
247050;2025;50;1;58181
247050;2025;51;1;43636
247051;2025;44;2;143636
247051;2025;45;4;244181
247051;2025;46;4;272909
247051;2025;47;4;287272
247051;2025;48;7;474000
247051;2025;49;4;244181
247051;2025;50;5;287272
247051;2025;51;2;86181
247052;2025;45;1;65454
247052;2025;46;2;130909
247052;2025;47;1;81818
247052;2025;48;7;458181
247052;2025;49;7;572727
247052;2025;50;4;261818
247052;2025;51;2;98181
247053;2025;46;1;50909
247053;2025;47;2;127272
247053;2025;49;1;50909
247053;2025;51;1;38181
247054;2025;47;1;68181
247054;2025;49;4;231818
247054;2025;50;3;163636
247054;2025;51;6;245454
247054;2025;52;6;245454
247055;2025;1;1;40909
247055;2025;42;2;136363
247055;2025;47;3;204545
247055;2025;48;6;368181
247055;2025;49;2;122727
247055;2025;50;4;218181
247055;2025;51;2;81818
247056;2025;45;4;232727
247056;2025;47;1;72727
247056;2025;48;1;58181
247056;2025;51;1;43636
247057;2025;1;1;43090
247057;2025;45;1;57454
247057;2025;46;3;201090
247057;2025;47;1;71818
247057;2025;48;9;617636
247057;2025;50;1;57454
247057;2025;51;1;43090
247057;2025;52;1;43090
247058;2025;42;3;204545
247058;2025;43;4;272727
247058;2025;44;3;190909
247058;2025;45;10;647727
247058;2025;46;7;470454
247058;2025;47;5;340909
247058;2025;48;10;586363
247058;2025;49;2;109090
247058;2025;50;3;163636
247059;2025;41;1;68181
247059;2025;42;7;477273
247059;2025;44;4;265909
247059;2025;45;9;518181
247059;2025;46;3;204545
247059;2025;47;7;477272
247059;2025;48;15;831817
247059;2025;49;3;177272
247059;2025;50;3;163636
247059;2025;51;1;40909
247060;2025;41;1;68181
247060;2025;42;21;1268181
247060;2025;45;42;2386363
247060;2025;46;27;1500000
247060;2025;48;2;136363
247060;2025;49;2;136363
247061;2025;41;1;208181
247061;2025;45;3;582909
247061;2025;47;3;624545
247061;2025;49;2;416363
247062;2025;42;2;63636
247062;2025;43;6;190909
247062;2025;44;2;63636
247062;2025;45;12;369090
247062;2025;47;2;63636
247063;2025;42;4;141818
247063;2025;43;3;106363
247063;2025;44;7;248181
247063;2025;45;9;262363
247063;2025;46;1;35454
247064;2025;41;9;237272
247064;2025;42;7;163454
247064;2025;44;10;263636
247064;2025;45;7;158181
247064;2025;46;5;110727
247065;2025;41;11;290000
247065;2025;42;3;68545
247065;2025;44;1;26363
247065;2025;45;14;316363
247065;2025;46;3;63272
247066;2025;42;11;311818
247066;2025;43;4;124090
247066;2025;44;5;159090
247066;2025;45;4;127272
247067;2025;44;2;216363
247067;2025;45;2;173090
247067;2025;46;6;562545
247067;2025;47;1;108181
247067;2025;48;1;108181
247068;2025;41;3;177272
247068;2025;42;3;165454
247068;2025;46;18;1063636
247068;2025;47;21;1229090
247068;2025;48;6;354545
247068;2025;49;14;827272
247069;2025;41;2;161818
247069;2025;42;1;80909
247069;2025;43;3;242727
247069;2025;45;1;80909
247069;2025;46;16;1278363
247069;2025;47;8;631090
247069;2025;48;11;890000
247069;2025;49;6;485454
247070;2025;41;2;227272
247070;2025;42;1;113636
247070;2025;44;1;113636
247070;2025;45;1;113636
247070;2025;46;1;113636
247070;2025;47;4;454545
247070;2025;48;2;227272
247071;2025;41;4;250909
247071;2025;42;12;602181
247071;2025;46;13;809182
247071;2025;47;13;815454
247071;2025;48;17;1016181
247071;2025;49;5;313636
247072;2025;42;19;846363
247072;2025;45;3;106909
247072;2025;46;25;1064636
247072;2025;47;12;534545
247072;2025;48;22;890909
247073;2025;42;2;180000
247073;2025;43;3;270000
247073;2025;45;4;288000
247073;2025;46;9;648000
247073;2025;47;1;90000
247073;2025;48;13;1062000
247073;2025;49;8;720000
247073;2025;50;8;576000
247073;2025;51;6;324000
247074;2025;1;1;30000
247074;2025;41;4;200000
247074;2025;45;6;300000
247074;2025;46;1;50000
247074;2025;47;3;150000
247074;2025;48;1;40000
247074;2025;51;2;60000
247075;2025;47;2;89090
247075;2025;50;2;71272
247075;2025;51;12;320727
247075;2025;52;5;133636
247076;2025;41;5;136363
247076;2025;42;3;81818
247076;2025;43;13;354545
247076;2025;45;32;823636
247076;2025;46;8;190909
247076;2025;47;14;381818
247076;2025;48;5;125454
247076;2025;49;13;300000
247076;2025;50;9;196363
247076;2025;51;11;180000
247076;2025;52;1;16363
247077;2025;41;2;63636
247077;2025;43;5;142909
247077;2025;44;17;540909
247077;2025;45;24;744545
247078;2025;41;7;159090
247078;2025;42;4;90909
247078;2025;43;3;68181
247078;2025;44;28;636363
247078;2025;45;6;136363
247079;2025;41;1;31818
247079;2025;43;1;31818
247079;2025;45;12;350000
247079;2025;46;1;31818
247079;2025;47;2;63636
247079;2025;48;5;159090
247079;2025;49;5;159090
247079;2025;50;14;362727
247079;2025;51;2;41363
247079;2025;52;1;22272
247080;2025;42;1;31818
247080;2025;43;1;31818
247080;2025;47;2;63636
247080;2025;48;1;31818
247080;2025;49;2;63636
247080;2025;50;3;76363
247080;2025;51;7;155909
247080;2025;52;3;66818
247081;2025;42;1;40909
247081;2025;43;6;245454
247081;2025;44;4;163636
247081;2025;45;6;196363
247081;2025;46;12;474545
247081;2025;47;42;1714090
247081;2025;48;22;883636
247081;2025;49;3;122727
247082;2025;41;2;63636
247082;2025;42;3;79090
247082;2025;43;5;159090
247082;2025;44;8;254545
247082;2025;45;5;152727
247082;2025;46;26;776363
247082;2025;47;14;445454
247082;2025;48;10;318181
247082;2025;49;19;602318
247082;2025;50;31;820909
247082;2025;51;13;346818
247083;2025;45;15;550227
247083;2025;46;7;245454
247083;2025;47;8;327272
247083;2025;48;2;81818
247083;2025;49;9;368181
247083;2025;50;3;106363
247083;2025;51;5;143181
247084;2025;44;1;31818
247084;2025;45;13;330909
247084;2025;46;3;95454
247084;2025;47;6;186454
247084;2025;48;15;477272
247084;2025;49;8;254545
247084;2025;50;2;63636
247085;2025;42;6;220909
247085;2025;43;2;81818
247085;2025;44;2;81818
247085;2025;45;6;237272
247085;2025;46;7;261818
247085;2025;47;16;642272
247085;2025;48;6;241363
247085;2025;49;3;122727
247087;2025;42;14;425454
247087;2025;43;2;70909
247087;2025;44;4;141818
247087;2025;45;25;822545
247087;2025;47;5;177272
247088;2025;42;6;245454
247088;2025;43;3;122727
247088;2025;44;7;286363
247088;2025;45;29;998181
247088;2025;46;21;769090
247088;2025;47;9;360000
247088;2025;48;13;527727
247088;2025;49;6;237272
247088;2025;50;8;294545
247088;2025;51;20;609545
247088;2025;52;10;286363
247089;2025;44;4;155454
247089;2025;45;10;392727
247089;2025;46;5;180000
247089;2025;47;7;270000
247089;2025;48;11;450000
247089;2025;49;6;242590
247089;2025;50;1;40909
247090;2025;41;1;31818
247090;2025;42;5;140909
247090;2025;44;2;63636
247090;2025;45;6;165454
247090;2025;46;10;299090
247090;2025;47;3;95454
247090;2025;48;11;337272
247090;2025;49;10;318181
247090;2025;50;4;120909
247090;2025;51;9;210000
247090;2025;52;2;44545
247091;2025;42;3;76363
247091;2025;44;10;318181
247091;2025;45;12;324545
247091;2025;46;7;222727
247091;2025;47;4;127272
247091;2025;48;1;31818
247091;2025;49;5;159090
247091;2025;50;4;108181
247091;2025;51;2;44545
247092;2025;43;1;77272
247092;2025;44;3;231818
247092;2025;45;12;741818
247092;2025;46;2;139090
247092;2025;47;10;772727
247092;2025;48;10;726363
247092;2025;49;2;154545
247092;2025;50;4;247272
247092;2025;51;3;139090
247093;2025;42;3;95454
247093;2025;43;1;31818
247093;2025;44;4;127272
247093;2025;45;9;280000
247093;2025;46;4;114545
247093;2025;47;7;213181
247093;2025;48;8;254545
247093;2025;49;3;95454
247093;2025;50;3;89090
247093;2025;51;11;254545
247093;2025;52;5;111363
247094;2025;41;1;40909
247094;2025;42;3;111818
247094;2025;43;1;40909
247094;2025;44;2;81818
247094;2025;45;10;360000
247094;2025;46;7;253636
247095;2025;42;3;259090
247095;2025;45;1;69090
247095;2025;47;5;431818
247095;2025;48;2;155454
247095;2025;49;2;172727
247095;2025;50;4;276363
247095;2025;51;3;155454
247095;2025;52;1;51818
247096;2025;41;2;90909
247096;2025;42;1;45454
247096;2025;43;2;81818
247096;2025;44;4;163636
247096;2025;45;3;118181
247096;2025;46;11;463636
247096;2025;47;57;2572727
247096;2025;48;12;545454
247096;2025;49;4;181818
247096;2025;51;1;31818
247098;2025;49;2;114909
247098;2025;50;5;287272
247098;2025;51;13;574545
247099;2025;42;2;63636
247099;2025;43;4;124090
247099;2025;44;9;286363
247099;2025;45;11;292727
247099;2025;46;12;375454
247099;2025;47;19;594999
247099;2025;48;11;346818
247099;2025;49;3;95455
247099;2025;50;1;25454
247100;2025;46;2;122727
247100;2025;47;2;136363
247100;2025;48;3;204545
247100;2025;50;3;163636
247100;2025;51;5;218181
247101;2025;43;2;81818
247101;2025;44;6;272727
247101;2025;45;21;836363
247101;2025;46;43;1795454
247102;2025;45;3;216000
247102;2025;47;2;180000
247102;2025;48;2;144000
247102;2025;49;1;90000
247103;2025;42;4;109090
247103;2025;43;3;89090
247103;2025;44;7;222727
247103;2025;45;13;356363
247103;2025;46;16;445454
247103;2025;47;5;159090
247104;2025;44;3;242727
247104;2025;45;3;226545
247104;2025;46;7;453090
247104;2025;49;13;954727
247104;2025;50;8;517818
247104;2025;51;2;113272
247105;2025;42;3;81818
247105;2025;43;2;54545
247105;2025;44;3;95454
247105;2025;45;20;579090
247105;2025;46;20;547272
247106;2025;42;2;63636
247106;2025;43;8;245000
247106;2025;44;2;63636
247106;2025;45;12;324545
247106;2025;46;12;337272
247106;2025;47;6;161636
247106;2025;48;1;31818
247106;2025;50;2;50909
247107;2025;42;1;77272
247107;2025;43;2;154545
247107;2025;44;5;386363
247107;2025;45;6;386363
247107;2025;46;5;339999
247107;2025;47;7;540909
247107;2025;48;3;216363
247107;2025;49;7;540909
247107;2025;50;4;247272
247107;2025;51;3;139090
247107;2025;52;3;139090
247108;2025;43;2;100000
247108;2025;44;2;90000
247108;2025;45;5;230000
247108;2025;46;1;50000
247108;2025;47;9;420000
247108;2025;49;2;100000
247108;2025;50;5;230000
247108;2025;51;1;35000
247108;2025;52;1;35000
247109;2025;45;3;245454
247109;2025;46;12;949090
247109;2025;47;7;572727
247109;2025;49;2;130909
247109;2025;50;6;392727
247109;2025;51;10;507272
247110;2025;1;1;19090
247110;2025;45;2;49090
247110;2025;47;1;27272
247110;2025;48;1;27272
247110;2025;49;3;81818
247110;2025;50;3;70909
247110;2025;51;6;114545
247110;2025;52;2;38181
247111;2025;43;3;68181
247111;2025;44;2;45454
247111;2025;45;6;113636
247111;2025;46;12;231818
247111;2025;47;1;22727
247112;2025;42;1;77272
247112;2025;45;5;355454
247112;2025;46;12;819090
247112;2025;47;3;231818
247112;2025;48;3;185454
247112;2025;49;14;1035454
247112;2025;50;5;309090
247112;2025;51;5;247272
247113;2025;42;1;22727
247113;2025;43;1;22727
247113;2025;45;13;272727
247113;2025;46;12;259090
247113;2025;47;16;350000
247113;2025;48;5;104545
247114;2025;45;2;123636
247114;2025;47;1;77272
247114;2025;48;5;323636
247114;2025;49;2;161818
247114;2025;50;1;64727
247114;2025;51;1;48545
247115;2025;44;1;45454
247115;2025;45;11;418181
247115;2025;46;15;650000
247115;2025;47;13;577273
247115;2025;48;2;90909
247115;2025;49;4;181818
247116;2025;41;2;90909
247116;2025;42;1;45454
247116;2025;43;7;299999
247116;2025;44;14;636363
247116;2025;45;24;1013636
247117;2025;1;1;46363
247117;2025;46;2;154545
247117;2025;48;4;262727
247117;2025;49;2;123636
247118;2025;41;2;45454
247118;2025;42;4;90909
247118;2025;43;4;90909
247118;2025;44;10;227272
247118;2025;45;20;418181
247118;2025;46;5;100000
247118;2025;50;1;22727
247118;2025;51;2;27273
247119;2025;41;1;80909
247119;2025;42;1;80909
247119;2025;45;1;64727
247119;2025;46;1;64727
247119;2025;47;5;404545
247119;2025;49;3;242727
247119;2025;50;1;64727
247119;2025;51;4;226545
247120;2025;41;1;22727
247120;2025;42;8;181818
247120;2025;43;6;134090
247120;2025;44;12;268181
247120;2025;45;21;431818
247121;2025;1;2;92727
247121;2025;41;1;77272
247121;2025;45;1;61818
247121;2025;46;4;278181
247121;2025;47;9;695454
247121;2025;48;1;77272
247121;2025;49;3;231818
247121;2025;50;1;61818
247121;2025;51;6;293636
247121;2025;52;1;46363
247122;2025;41;6;272727
247122;2025;42;5;227272
247122;2025;43;16;622727
247122;2025;44;12;540909
247122;2025;45;6;250000
247122;2025;46;3;109090
247123;2025;41;1;22727
247123;2025;42;1;22727
247123;2025;43;2;43181
247123;2025;44;11;245454
247123;2025;45;33;688636
247124;2025;43;4;290909
247124;2025;46;9;625454
247124;2025;48;2;130909
247124;2025;49;1;58181
247124;2025;50;6;349090
247124;2025;51;2;101818
247125;2025;46;5;204545
247125;2025;47;11;410545
247125;2025;48;28;1096363
247125;2025;49;20;818181
247125;2025;50;8;327272
247126;2025;46;1;77273
247126;2025;47;9;664545
247126;2025;48;2;139090
247126;2025;49;3;231818
247126;2025;50;3;185454
247126;2025;51;7;340000
247127;2025;43;4;116999
247127;2025;44;3;106363
247127;2025;45;14;355572
247127;2025;46;11;347454
247127;2025;47;17;552272
247127;2025;48;21;723272
247127;2025;51;5;113454
247128;2025;1;3;85909
247128;2025;42;1;40909
247128;2025;44;3;122727
247128;2025;45;10;351818
247128;2025;46;10;368181
247128;2025;47;8;327272
247128;2025;48;4;163636
247128;2025;49;16;654545
247128;2025;50;16;605454
247128;2025;51;4;102272
247129;2025;46;14;916363
247129;2025;47;4;290909
247129;2025;48;3;218181
247129;2025;50;4;212364
247129;2025;51;13;567272
247129;2025;52;5;218181
247130;2025;42;1;31818
247130;2025;43;2;63636
247130;2025;45;8;222727
247130;2025;46;11;337272
247130;2025;47;24;763636
247130;2025;48;20;617272
247130;2025;49;3;95454
247130;2025;50;3;89090
247131;2025;45;6;453090
247131;2025;46;2;161818
247131;2025;47;3;242727
247131;2025;48;7;501636
247131;2025;49;5;388363
247131;2025;50;1;64727
247132;2025;41;3;122727
247132;2025;42;4;163636
247132;2025;45;10;368181
247132;2025;46;3;122727
247132;2025;47;2;78954
247132;2025;48;1;40909
247132;2025;49;2;81818
247133;2025;43;2;154545
247133;2025;45;8;556363
247133;2025;46;6;417272
247133;2025;47;2;154545
247133;2025;48;2;139090
247133;2025;49;2;139090
247133;2025;50;2;123636
247134;2025;42;2;400000
247134;2025;45;4;760000
247134;2025;46;6;1080000
247134;2025;48;2;380000
247134;2025;49;3;600000
247134;2025;50;1;160000
247134;2025;51;4;560000
247134;2025;52;1;120000
247135;2025;1;2;92727
247135;2025;45;2;123636
247135;2025;46;6;401818
247135;2025;47;17;1305908
247135;2025;48;5;370908
247135;2025;49;9;649090
247135;2025;50;4;247272
247135;2025;52;1;46363
247136;2025;46;1;286363
247136;2025;50;5;1260000
247136;2025;51;2;458181
247136;2025;52;3;515454
247137;2025;1;2;87272
247137;2025;42;1;72727
247137;2025;43;1;72727
247137;2025;46;3;189090
247137;2025;47;6;429090
247137;2025;48;8;509090
247137;2025;49;3;218181
247137;2025;50;5;290909
247137;2025;51;2;87272
247137;2025;52;4;174545
247138;2025;41;1;127272
247138;2025;44;1;127272
247138;2025;45;5;534545
247138;2025;46;3;330909
247138;2025;47;3;381818
247138;2025;48;1;127272
247138;2025;49;2;254545
247139;2025;45;6;441818
247139;2025;46;4;327272
247139;2025;47;1;81818
247139;2025;48;1;65454
247139;2025;49;4;310909
247139;2025;51;2;98181
247140;2025;43;2;254545
247140;2025;44;2;254545
247140;2025;45;2;203636
247140;2025;46;10;1145454
247141;2025;42;1;144545
247141;2025;43;1;144545
247141;2025;45;2;260181
247141;2025;46;3;375818
247141;2025;47;2;289090
247141;2025;48;7;1011818
247142;2025;1;3;155454
247142;2025;44;1;86363
247142;2025;45;2;138181
247142;2025;46;2;172727
247142;2025;47;10;863636
247142;2025;48;3;259090
247142;2025;49;1;86363
247142;2025;50;1;69090
247142;2025;51;2;103636
247142;2025;52;6;310909
247143;2025;43;2;281818
247143;2025;44;2;281818
247143;2025;45;3;366363
247143;2025;46;1;140909
247143;2025;47;1;140909
247143;2025;48;3;422727
247143;2025;49;1;140909
247143;2025;50;3;366363
247144;2025;1;1;49090
247144;2025;44;1;81818
247144;2025;45;3;196363
247144;2025;47;6;490909
247144;2025;48;4;294545
247144;2025;49;5;376363
247144;2025;50;11;719999
247144;2025;51;10;490909
247144;2025;52;3;147272
247145;2025;42;5;359091
247145;2025;45;1;57454
247145;2025;46;4;287272
247145;2025;48;4;244181
247145;2025;49;4;272909
247145;2025;50;5;287272
247145;2025;51;1;43090
247146;2025;45;1;140909
247146;2025;47;14;1972727
247146;2025;48;3;422727
247147;2025;1;1;40909
247147;2025;41;2;136363
247147;2025;45;1;54545
247147;2025;46;2;136363
247147;2025;47;5;340909
247147;2025;48;3;204545
247147;2025;49;5;327272
247147;2025;50;7;409091
247147;2025;51;11;449999
247147;2025;52;9;368181
247148;2025;43;2;220909
247148;2025;45;6;613636
247148;2025;46;1;122727
247148;2025;47;2;233181
247148;2025;48;10;1227272
247149;2025;46;4;967272
247149;2025;47;1;254545
247149;2025;48;3;687273
247149;2025;50;4;814545
247150;2025;42;1;231818
247150;2025;43;1;231818
247150;2025;45;1;185454
247150;2025;46;5;973636
247151;2025;47;1;104545
247151;2025;48;21;2195454
247151;2025;49;10;1045454
247152;2025;41;4;781818
247152;2025;44;1;195454
247152;2025;45;4;742727
247152;2025;46;3;547272
247153;2025;43;3;542727
247153;2025;44;1;180909
247153;2025;45;3;434181
247153;2025;46;5;759818
247154;2025;42;3;163635
247154;2025;43;7;370909
247154;2025;44;11;600000
247154;2025;45;6;283636
247154;2025;46;12;600000
247154;2025;47;7;381818
247155;2025;45;2;370909
247155;2025;46;1;185454
247155;2025;48;3;695454
247155;2025;49;6;1390909
247156;2025;45;1;465454
247156;2025;46;2;1047272
247156;2025;47;1;581818
247157;2025;45;1;566545
247157;2025;47;1;708181
247157;2025;49;2;1416363
247158;2025;46;3;1440000
247158;2025;47;3;1800000
247159;2025;45;2;1883636
247160;2025;42;1;14545
247160;2025;45;4;58181
247160;2025;46;5;76363
247160;2025;48;9;141818
247160;2025;49;5;76363
247160;2025;50;3;43636
247160;2025;51;21;232727
247160;2025;52;21;229090
247161;2025;42;4;69090
247161;2025;45;16;261818
247161;2025;47;3;54545
247161;2025;48;5;76363
247161;2025;49;11;160000
247161;2025;50;22;320000
247161;2025;51;65;763636
247161;2025;52;11;120000
247162;2025;41;3;68181
247162;2025;42;3;68181
247162;2025;43;16;363636
247162;2025;44;7;159090
247162;2025;45;56;1018181
247162;2025;46;34;640909
247162;2025;47;26;590909
247162;2025;48;8;181818
247162;2025;49;6;118181
247162;2025;50;33;600000
247162;2025;51;72;1072726
247163;2025;1;5;95454
247163;2025;43;6;190909
247163;2025;44;8;254545
247163;2025;45;11;318181
247163;2025;47;26;827272
247163;2025;48;35;1094545
247163;2025;49;6;190909
247163;2025;50;3;76363
247163;2025;51;23;470909
247163;2025;52;4;76363
247164;2025;42;22;700000
247164;2025;44;4;127272
247164;2025;45;7;210000
247164;2025;46;19;598181
247164;2025;47;15;477272
247164;2025;48;4;127272
247164;2025;49;11;330909
247164;2025;50;3;76363
247164;2025;51;10;203636
247164;2025;52;2;38181
247165;2025;44;10;263636
247165;2025;45;6;158181
247165;2025;46;11;232000
247165;2025;47;15;395454
247165;2025;48;43;1112545
247165;2025;49;7;184545
247165;2025;51;9;142364
247166;2025;1;2;31636
247166;2025;43;1;26363
247166;2025;45;6;139727
247166;2025;46;2;42181
247166;2025;47;14;369090
247166;2025;48;6;147636
247166;2025;49;3;73818
247166;2025;50;7;147636
247166;2025;51;17;268909
247166;2025;52;18;284727
247167;2025;42;6;218181
247167;2025;43;18;605454
247167;2025;44;16;581818
247167;2025;45;15;436363
247167;2025;47;16;581818
247168;2025;42;3;79090
247168;2025;43;3;51409
247168;2025;44;2;52727
247168;2025;45;26;543090
247168;2025;46;12;274181
247168;2025;49;10;263636
247168;2025;50;6;109672
247168;2025;51;34;553636
247169;2025;42;2;180000
247169;2025;43;2;180000
247169;2025;44;2;180000
247169;2025;47;1;90000
247169;2025;48;1;90000
247169;2025;49;2;180000
247169;2025;50;5;432000
247169;2025;51;8;432000
247170;2025;42;3;216363
247170;2025;43;3;231818
247170;2025;44;3;231818
247170;2025;45;1;69545
247170;2025;50;1;61818
247171;2025;42;4;207272
247171;2025;43;1;54545
247171;2025;44;4;218181
247171;2025;45;11;556363
247171;2025;46;2;87272
247171;2025;47;1;54545
247172;2025;43;3;160909
247172;2025;44;5;268181
247172;2025;45;8;364727
247172;2025;46;8;375454
247173;2025;41;4;145454
247173;2025;42;2;72727
247173;2025;43;1;36363
247173;2025;45;5;174545
247173;2025;46;3;101818
247173;2025;47;1;36363
247173;2025;48;6;218181
247173;2025;49;7;254545
247173;2025;50;10;312727
247173;2025;51;9;210909
247174;2025;41;2;180000
247174;2025;45;6;459000
247174;2025;46;3;252000
247174;2025;47;12;1080000
247174;2025;48;1;90000
247175;2025;1;3;40909
247175;2025;41;1;22727
247175;2025;42;1;22727
247175;2025;43;10;227272
247175;2025;44;4;90909
247175;2025;46;4;77272
247175;2025;47;1;22727
247175;2025;48;12;272727
247175;2025;49;5;113635
247175;2025;50;9;181818
247175;2025;51;20;309091
247175;2025;52;4;54545
247176;2025;1;1;57272
247176;2025;45;1;76363
247176;2025;46;2;152727
247176;2025;52;2;114545
247177;2025;42;10;136363
247177;2025;43;22;300000
247177;2025;44;6;81818
247177;2025;45;12;150000
247177;2025;46;15;190909
247177;2025;47;52;709090
247177;2025;48;17;231818
247177;2025;49;63;736363
247177;2025;50;24;282272
247177;2025;51;6;49090
247178;2025;47;2;236363
247178;2025;48;5;590909
247178;2025;49;2;236363
247178;2025;50;9;921818
247178;2025;51;5;401818
247179;2025;41;3;79090
247179;2025;42;17;419181
247179;2025;43;3;79090
247179;2025;44;21;553636
247179;2025;45;37;843636
247179;2025;46;15;374363
247180;2025;41;2;54545
247180;2025;42;6;163636
247180;2025;43;2;54545
247180;2025;44;2;54545
247180;2025;45;2;49090
247180;2025;47;2;54545
247180;2025;49;6;163636
247180;2025;50;2;49090
247181;2025;45;13;1658181
247181;2025;46;6;698181
247181;2025;47;8;1163636
247181;2025;48;5;727272
247181;2025;50;17;1978181
247182;2025;45;6;1281818
247182;2025;46;2;384545
247182;2025;50;4;683636
247183;2025;41;5;813636
247183;2025;42;4;520727
247183;2025;43;1;162727
247184;2025;42;7;249454
247184;2025;44;9;400909
247184;2025;45;5;178181
247184;2025;47;3;133636
247185;2025;41;3;85909
247185;2025;43;1;31818
247185;2025;44;3;95454
247185;2025;45;6;152727
247185;2025;46;122;3665454
247185;2025;50;7;178181
247186;2025;45;14;203639
247186;2025;46;27;454545
247186;2025;47;38;690909
247186;2025;48;21;381818
247186;2025;50;1;14545
247187;2025;43;10;172727
247187;2025;45;20;288454
247187;2025;46;27;373090
247187;2025;47;26;449090
247187;2025;48;26;397273
247187;2025;49;30;485363
247187;2025;50;29;400727
247187;2025;51;11;114000
247188;2025;44;4;72727
247188;2025;45;90;1476363
247188;2025;46;65;1058181
247188;2025;48;1;14545
247189;2025;42;2;34545
247189;2025;44;13;224545
247189;2025;45;17;248727
247189;2025;46;38;576909
247189;2025;47;20;345454
247189;2025;48;23;376545
247189;2025;49;29;474999
247189;2025;50;17;234909
247190;2025;45;1;18181
247190;2025;46;5;90909
247190;2025;47;4;72727
247190;2025;48;9;160000
247190;2025;49;3;43636
247190;2025;50;13;189090
247190;2025;51;35;381818
247190;2025;52;17;185454
247191;2025;41;4;109090
247191;2025;43;24;654545
247191;2025;44;8;218181
247191;2025;45;7;163636
247191;2025;46;27;709090
247191;2025;47;25;681818
247191;2025;50;1;21818
247192;2025;42;7;95454
247192;2025;43;16;210000
247192;2025;44;10;125454
247192;2025;45;30;340909
247192;2025;46;52;630000
247192;2025;47;76;1036363
247192;2025;48;25;340909
247194;2025;43;94;1124318
247194;2025;44;11;150000
247194;2025;45;72;773181
247194;2025;46;76;940909
247194;2025;47;83;1045908
247194;2025;48;64;826363
247194;2025;49;52;709090
247194;2025;50;16;174545
247195;2025;42;1;18181
247195;2025;43;13;288636
247195;2025;45;18;359090
247195;2025;46;8;163636
247195;2025;47;13;295454
247195;2025;48;9;168181
247195;2025;49;22;500000
247195;2025;50;37;672727
247195;2025;52;2;40909
247196;2025;42;1;10909
247196;2025;43;2;27272
247196;2025;45;8;100909
247196;2025;46;14;171818
247196;2025;48;3;32727
247196;2025;50;40;436363
247196;2025;51;12;109090
247196;2025;52;5;40909
247197;2025;42;6;190909
247197;2025;43;15;477272
247197;2025;44;19;604545
247197;2025;45;44;1253636
247197;2025;46;18;496363
247198;2025;47;4;69090
247198;2025;51;2;20727
247198;2025;52;5;51818
247199;2025;41;1;27272
247199;2025;42;6;163636
247199;2025;43;9;245454
247199;2025;44;8;218181
247199;2025;45;18;419999
247199;2025;46;14;360000
247200;2025;44;6;136363
247200;2025;45;44;845454
247200;2025;46;13;272727
247200;2025;47;10;227272
247200;2025;48;1;22727
247200;2025;50;4;72727
247200;2025;51;12;163636
247200;2025;52;5;68181
247201;2025;44;1;22727
247201;2025;45;9;186363
247201;2025;46;21;409090
247201;2025;47;26;545454
247201;2025;48;9;186363
247201;2025;49;81;1840909
247201;2025;50;19;345454
247201;2025;51;22;299999
247201;2025;52;19;259090
247202;2025;42;3;68181
247202;2025;43;6;136363
247202;2025;44;5;113636
247202;2025;45;51;927272
247202;2025;46;42;909090
247202;2025;48;15;304545
247202;2025;49;10;227272
247202;2025;50;11;200000
247203;2025;42;7;38181
247203;2025;44;13;70909
247203;2025;45;29;133090
247203;2025;46;60;314181
247203;2025;47;65;354545
247203;2025;48;154;736365
247203;2025;49;159;843272
247203;2025;50;13;56727
247204;2025;43;5;136363
247204;2025;44;4;109090
247204;2025;45;9;201818
247204;2025;46;30;725454
247204;2025;47;13;354545
247204;2025;48;10;272727
247204;2025;49;7;169090
247204;2025;50;19;414545
247204;2025;51;5;87272
247205;2025;41;2;45454
247205;2025;42;1;22727
247205;2025;44;19;431818
247205;2025;45;50;977272
247205;2025;46;68;1404545
247205;2025;47;6;136363
247206;2025;43;4;90909
247206;2025;45;43;886363
247206;2025;46;45;840909
247206;2025;47;4;90909
247206;2025;48;20;418181
247206;2025;49;21;427272
247206;2025;50;6;109090
247206;2025;51;1;18181
247207;2025;41;4;54545
247207;2025;42;5;68181
247207;2025;43;3;40909
247207;2025;44;6;81818
247207;2025;45;24;286363
247207;2025;46;21;267272
247207;2025;47;7;95454
247207;2025;49;1;13636
247208;2025;41;2;109090
247208;2025;43;15;818181
247208;2025;45;2;87272
247208;2025;49;6;272727
247208;2025;50;4;174545
247209;2025;41;2;52727
247209;2025;44;1;26363
247209;2025;45;6;126545
247209;2025;46;11;279454
247209;2025;47;19;500909
247209;2025;48;11;279454
247209;2025;49;18;474545
247209;2025;50;46;1070363
247209;2025;51;30;485090
247210;2025;41;1;27272
247210;2025;43;4;109090
247210;2025;44;1;27272
247210;2025;45;8;185454
247210;2025;46;32;834545
247210;2025;47;16;436363
247210;2025;48;15;409090
247210;2025;49;14;355999
247210;2025;50;38;916363
247210;2025;51;13;212727
247210;2025;52;1;16363
247211;2025;41;1;59090
247211;2025;47;2;118181
247211;2025;50;7;330909
247211;2025;51;2;70909
247212;2025;41;5;113636
247212;2025;42;4;72727
247212;2025;43;6;136363
247212;2025;45;18;327272
247212;2025;46;22;440909
247212;2025;47;2;45454
247212;2025;48;16;363636
247212;2025;49;5;113636
247212;2025;50;19;363636
247212;2025;51;20;272727
247212;2025;52;11;150000
247213;2025;41;1;26363
247213;2025;42;10;263636
247213;2025;43;6;158181
247213;2025;45;20;421818
247213;2025;46;12;295272
247213;2025;47;11;290000
247213;2025;48;12;316363
247213;2025;49;4;105454
247213;2025;50;6;147636
247213;2025;51;4;63272
247213;2025;52;11;174000
247214;2025;45;4;229818
247214;2025;46;18;1106000
247214;2025;47;3;215454
247214;2025;48;6;359090
247214;2025;49;2;114909
247214;2025;50;16;919272
247214;2025;51;11;474000
247215;2025;41;1;22727
247215;2025;42;6;136363
247215;2025;43;11;236363
247215;2025;45;7;131818
247215;2025;46;34;754545
247215;2025;47;3;68181
247215;2025;48;7;159090
247215;2025;49;5;113636
247215;2025;50;13;259090
247215;2025;51;2;27272
247215;2025;52;10;136363
247216;2025;41;2;12727
247216;2025;42;3;19090
247216;2025;43;1;6363
247216;2025;44;3;19090
247216;2025;45;18;109454
247216;2025;46;7;44545
247216;2025;47;12;76363
247216;2025;48;4;25454
247216;2025;49;18;114545
247216;2025;50;16;84000
247216;2025;51;39;148909
247216;2025;52;14;53454
247217;2025;43;6;171818
247217;2025;45;6;174999
247217;2025;46;22;617272
247217;2025;47;3;95454
247217;2025;48;6;190909
247217;2025;49;11;292727
247217;2025;50;35;890909
247217;2025;51;7;133636
247218;2025;1;1;3818
247218;2025;42;3;19090
247218;2025;43;1;6363
247218;2025;44;3;19090
247218;2025;45;18;109454
247218;2025;46;14;89090
247218;2025;47;14;89090
247218;2025;48;9;57272
247218;2025;50;12;68727
247218;2025;51;24;91636
247218;2025;52;18;68727
247219;2025;1;3;57272
247219;2025;46;8;203636
247219;2025;48;1;25454
247219;2025;51;3;57272
247219;2025;52;9;171818
247220;2025;43;45;363272
247220;2025;44;18;147272
247220;2025;45;37;252000
247220;2025;46;95;724909
247220;2025;47;15;122727
247220;2025;48;35;286364
247220;2025;49;21;171817
247220;2025;50;19;134181
247220;2025;51;12;58909
247220;2025;52;1;4909
247221;2025;46;2;125454
247222;2025;45;8;229090
247222;2025;46;6;152727
247222;2025;47;39;1240909
247222;2025;50;40;1018181
247222;2025;51;1;19090
247223;2025;46;9;564545
247224;2025;42;6;136363
247224;2025;45;1;22727
247224;2025;46;3;54545
247224;2025;47;12;272727
247224;2025;48;10;190909
247224;2025;49;44;972727
247224;2025;50;3;54545
247224;2025;51;7;95455
247225;2025;44;4;250909
247225;2025;45;7;351272
247225;2025;47;13;777818
247226;2025;1;8;109090
247226;2025;45;11;236363
247226;2025;46;4;90909
247226;2025;47;11;250000
247226;2025;48;7;145454
247226;2025;49;16;354545
247226;2025;50;2;36363
247226;2025;51;40;545454
247226;2025;52;4;54545
247227;2025;42;8;216363
247227;2025;43;10;318181
247227;2025;44;15;67
247227;2025;45;4;101818
247227;2025;48;2;63636
247227;2025;50;5;127272
247227;2025;51;4;114545
247228;2025;43;12;316363
247228;2025;44;21;553636
247228;2025;45;6;126545
247228;2025;46;5;110727
247228;2025;47;8;210909
247228;2025;48;7;179272
247228;2025;49;1;21090
247228;2025;50;9;189818
247228;2025;51;2;31636
247228;2025;52;24;379636
247229;2025;1;1;13636
247229;2025;44;10;227272
247229;2025;45;21;395454
247229;2025;46;33;663636
247229;2025;47;26;590909
247229;2025;48;1;22727
247229;2025;49;6;136363
247229;2025;50;16;300000
247229;2025;51;7;95454
247229;2025;52;11;149999
247230;2025;44;8;165909
247230;2025;45;6;131818
247230;2025;46;38;845454
247230;2025;47;55;1250000
247230;2025;48;11;245454
247230;2025;49;3;68181
247231;2025;42;10;263636
247231;2025;44;10;263636
247231;2025;45;56;1270727
247231;2025;46;20;427090
247232;2025;1;4;63272
247232;2025;45;4;94909
247232;2025;47;15;395454
247232;2025;48;4;94909
247232;2025;49;16;406000
247232;2025;50;2;42181
247232;2025;51;14;221454
247232;2025;52;11;174000
247233;2025;42;2;45454
247233;2025;44;4;90909
247233;2025;45;50;981818
247233;2025;46;24;454545
247233;2025;47;2;45454
247233;2025;48;4;90909
247233;2025;49;1;22727
247233;2025;50;3;54545
247233;2025;51;2;27272
247233;2025;52;4;54545
247234;2025;42;4;105454
247234;2025;43;1;26363
247234;2025;44;1;26363
247234;2025;45;6;137090
247234;2025;47;10;263636
247234;2025;48;13;300545
247234;2025;49;14;363818
247234;2025;50;27;569454
247234;2025;51;15;237272
247235;2025;42;1;22727
247235;2025;43;1;22727
247235;2025;44;4;90909
247235;2025;45;50;1000000
247235;2025;46;33;649999
247235;2025;47;5;113636
247235;2025;48;2;45454
247236;2025;42;12;330909
247236;2025;43;2;63636
247236;2025;44;20;636363
247236;2025;45;23;642727
247236;2025;46;2;63636
247236;2025;47;2;63636
247236;2025;48;6;190909
247236;2025;50;2;50909
247236;2025;51;3;57272
247237;2025;46;7;525454
247237;2025;47;2;154545
247237;2025;49;5;370909
247237;2025;50;1;77272
247237;2025;51;6;340000
247238;2025;41;2;45454
247238;2025;45;14;263636
247238;2025;46;9;195454
247238;2025;47;20;454545
247238;2025;49;15;272727
247238;2025;50;39;722727
247238;2025;51;42;650000
247239;2025;45;2;154545
247239;2025;48;1;77272
247239;2025;49;3;231817
247239;2025;50;2;123636
247239;2025;51;7;324545
247239;2025;52;1;46363
247240;2025;42;10;445454
247240;2025;43;4;178181
247240;2025;44;4;178181
247240;2025;45;17;721636
247240;2025;46;18;748363
247240;2025;47;22;980000
247240;2025;48;16;650363
247240;2025;49;4;169272
247240;2025;50;1;35636
247241;2025;41;6;136363
247241;2025;42;1;22727
247241;2025;45;10;209090
247241;2025;46;7;145454
247241;2025;47;9;204545
247241;2025;48;18;409090
247241;2025;49;4;90909
247241;2025;50;21;445454
247241;2025;51;18;254545
247242;2025;42;4;109090
247242;2025;43;3;81818
247242;2025;44;5;136363
247242;2025;45;18;428181
247242;2025;46;7;185454
247242;2025;47;18;490909
247242;2025;48;30;763636
247242;2025;49;11;294545
247243;2025;41;8;181818
247243;2025;42;6;113636
247243;2025;44;19;431818
247243;2025;45;55;1068181
247243;2025;46;47;872727
247243;2025;47;7;159090
247243;2025;49;3;68181
247244;2025;42;7;190909
247244;2025;43;11;300000
247244;2025;44;3;81818
247244;2025;45;15;376363
247244;2025;46;10;240000
247244;2025;47;17;463636
247244;2025;48;11;256363
247244;2025;49;8;179999
247244;2025;50;13;283636
247246;2025;41;10;181818
247246;2025;42;12;218181
247246;2025;43;12;218181
247246;2025;44;18;327272
247246;2025;45;29;483636
247246;2025;48;2;36363
247246;2025;49;14;254545
247248;2025;42;19;165454
247248;2025;43;22;190909
247248;2025;44;37;336363
247248;2025;45;81;696363
247248;2025;46;22;160000
247248;2025;47;73;663636
247248;2025;48;42;381818
247249;2025;43;2;63636
247249;2025;45;7;190909
247249;2025;46;9;267272
247249;2025;47;24;738181
247249;2025;48;9;299090
247249;2025;49;21;540909
247250;2025;41;3;68181
247250;2025;42;29;645454
247250;2025;43;7;145454
247250;2025;44;31;704545
247250;2025;45;53;1000000
247250;2025;46;29;577272
247250;2025;47;7;159090
247250;2025;49;4;90909
247251;2025;47;1;31818
247251;2025;48;1;25454
247251;2025;49;5;152727
247251;2025;50;47;1196363
247251;2025;51;16;305454
247252;2025;42;3;76363
247252;2025;45;27;687272
247252;2025;46;36;980000
247252;2025;47;25;795454
247252;2025;48;20;556817
247252;2025;49;13;362727
247252;2025;50;10;254545
247254;2025;48;13;330909
247254;2025;49;8;254545
247254;2025;50;8;229090
247254;2025;51;1;19090
247255;2025;42;2;63636
247255;2025;43;16;509090
247255;2025;44;2;63636
247255;2025;45;14;400909
247255;2025;46;5;159090
247255;2025;47;2;63636
247255;2025;48;5;159090
247255;2025;49;7;210000
247255;2025;51;2;38181
247255;2025;52;19;362727
247257;2025;44;14;572727
247257;2025;46;1;40909
247257;2025;48;4;163636
247257;2025;50;3;98181
247257;2025;51;10;245455
247258;2025;43;4;145454
247258;2025;45;13;407272
247258;2025;46;30;1010909
247258;2025;47;4;145454
247258;2025;48;10;290909
247258;2025;49;7;254545
247259;2025;47;5;136363
247259;2025;48;21;534545
247259;2025;49;3;81818
247259;2025;50;9;196363
247259;2025;51;22;359999
247259;2025;52;24;392727
247262;2025;1;5;106363
247262;2025;43;7;248181
247262;2025;45;21;645272
247262;2025;46;30;914727
247262;2025;47;13;460909
247262;2025;48;5;141818
247262;2025;49;10;283636
247262;2025;50;3;85090
247262;2025;51;4;106363
247263;2025;1;3;73636
247263;2025;45;1;40909
247263;2025;46;28;916363
247263;2025;49;1;40909
247263;2025;51;2;49090
247263;2025;52;1;24545
247264;2025;43;12;381818
247264;2025;44;8;254545
247264;2025;45;48;1272727
247264;2025;46;3;95455
247264;2025;50;1;25454
247265;2025;42;1;50000
247265;2025;45;2;100000
247265;2025;47;1;50000
247265;2025;50;15;600000
247266;2025;44;2;89090
247266;2025;45;9;320727
247266;2025;46;17;748363
247266;2025;48;4;178181
247266;2025;50;23;819636
247266;2025;51;17;454363
247267;2025;43;20;890909
247267;2025;45;6;213818
247267;2025;52;6;160363
247270;2025;46;9;298181
247270;2025;52;2;43636
247273;2025;41;3;136363
247273;2025;42;8;363636
247273;2025;43;5;209090
247273;2025;44;1;45454
247273;2025;45;15;554545
247273;2025;46;6;254545
247273;2025;47;10;445454
247275;2025;42;2;136363
247275;2025;44;11;750000
247275;2025;45;28;1554545
247275;2025;48;7;381818
247277;2025;42;1;13636
247277;2025;43;21;286363
247277;2025;45;7;79090
247277;2025;46;53;654545
247277;2025;47;84;1140681
247277;2025;48;20;234545
247280;2025;42;3;68181
247280;2025;44;3;68181
247280;2025;45;45;950000
247280;2025;46;21;436363
247280;2025;47;13;295454
247280;2025;48;1;22727
247280;2025;49;6;136363
247280;2025;50;1;18181
247282;2025;43;7;190909
247282;2025;44;9;245454
247282;2025;45;51;1129090
247282;2025;46;29;632727
247285;2025;42;9;305454
247285;2025;43;1;36363
247285;2025;44;8;290909
247285;2025;45;13;443636
247285;2025;46;64;1861818
247291;2025;42;16;218181
247291;2025;43;3;40909
247291;2025;44;10;136363
247291;2025;45;66;850909
247291;2025;46;120;1358181
247291;2025;48;1;13636
247291;2025;49;38;518181
247291;2025;50;37;403636
247293;2025;44;7;190909
247293;2025;45;5;125454
247293;2025;46;39;1014545
247293;2025;47;15;409090
247293;2025;48;53;1298181
247293;2025;50;1;21818
247294;2025;41;2;81818
247294;2025;42;4;163636
247294;2025;44;2;81818
247294;2025;45;19;621818
247294;2025;46;8;327272
247294;2025;47;7;286363
247294;2025;48;20;752727
247294;2025;49;6;245454
247294;2025;50;4;163636
247297;2025;43;25;313636
247297;2025;44;6;81818
247297;2025;45;26;283636
247297;2025;46;22;253636
247297;2025;47;7;95454
247297;2025;48;80;1025452
247297;2025;49;57;752727
247297;2025;50;16;174545
247297;2025;51;1;8181
247298;2025;43;1;108181
247298;2025;45;2;173090
247298;2025;46;16;1514545
247298;2025;47;1;108181
247298;2025;48;4;432727
247300;2025;1;8;130909
247300;2025;45;14;305454
247300;2025;46;6;155454
247300;2025;47;1;27272
247300;2025;48;8;180000
247300;2025;50;3;65454
247300;2025;51;7;125454
247300;2025;52;9;147273
247301;2025;41;2;180000
247301;2025;42;1;90000
247301;2025;44;2;180000
247301;2025;46;9;666000
247301;2025;47;2;180000
247302;2025;41;6;103636
247302;2025;42;15;259090
247302;2025;43;14;207273
247302;2025;44;31;537182
247302;2025;45;52;722000
247302;2025;46;30;422318
247302;2025;52;2;20727
247303;2025;41;2;172727
247303;2025;43;2;172727
247303;2025;44;9;777272
247303;2025;45;13;967272
247303;2025;46;4;293636
247303;2025;49;2;155455
247304;2025;1;13;276545
247304;2025;42;1;35454
247304;2025;44;1;35454
247304;2025;45;6;170181
247304;2025;47;2;70909
247304;2025;48;1;35454
247304;2025;50;6;170181
247304;2025;51;17;361636
247304;2025;52;4;85090
247305;2025;42;4;105454
247305;2025;44;8;210909
247305;2025;45;39;975454
247305;2025;46;9;205636
247305;2025;47;35;922727
247305;2025;48;32;827818
247305;2025;49;15;358545
247306;2025;42;1;13636
247306;2025;44;2;27272
247306;2025;45;27;335454
247306;2025;46;12;139090
247306;2025;47;31;422727
247306;2025;48;89;1085453
247306;2025;49;134;1783636
247307;2025;44;1;22727
247307;2025;45;61;1222727
247307;2025;46;34;740909
247307;2025;47;1;22727
247307;2025;48;1;18181
247307;2025;49;1;22727
247308;2025;43;2;34545
247308;2025;44;12;207272
247308;2025;45;24;355818
247308;2025;46;56;829090
247308;2025;47;89;1511363
247308;2025;48;8;127818
247308;2025;49;1;17272
247309;2025;1;8;127272
247309;2025;44;9;204545
247309;2025;46;10;227272
247309;2025;47;12;272727
247309;2025;51;34;540909
247309;2025;52;6;95454
247309;2026;5;14;318181
247309;2026;6;5;113636
247309;2026;11;1;18181
247309;2026;13;1;22727
247310;2025;45;1;43636
247310;2025;46;5;250909
247310;2025;47;6;327272
247310;2025;48;7;360000
247310;2025;49;16;861818
247310;2025;50;1;43636
247311;2025;43;2;81818
247311;2025;44;4;163636
247311;2026;2;1;40909
247311;2026;7;2;65454
247311;2026;8;12;490909
247311;2026;9;1;40909
247312;2025;41;8;116363
247312;2025;42;2;29090
247312;2025;43;15;218181
247312;2025;44;13;189090
247312;2025;45;27;328727
247312;2025;46;57;788363
247312;2025;47;38;552727
247312;2025;48;39;471272
247312;2025;49;33;468363
247312;2025;50;8;93090
247314;2025;42;6;38181
247314;2025;43;8;50909
247314;2025;44;7;44545
247314;2025;45;20;117090
247314;2025;46;54;306727
247314;2025;47;30;190909
247314;2025;48;45;273636
247314;2025;49;112;674545
247314;2025;50;140;712727
247314;2025;51;35;155272
247315;2025;41;2;89090
247315;2025;42;15;668181
247315;2025;43;11;485545
247315;2025;44;7;311818
247315;2025;45;18;686000
247315;2025;46;1;35636
247316;2025;41;3;354545
247316;2025;42;2;236363
247316;2025;43;3;354545
247316;2025;44;2;236363
247316;2025;45;2;171363
247317;2025;1;3;57272
247317;2025;43;4;127272
247317;2025;45;12;305454
247317;2025;46;26;814545
247317;2025;47;18;572727
247317;2025;49;3;89090
247317;2025;50;43;1094545
247317;2025;51;28;534545
247318;2025;42;7;229090
247318;2025;43;3;109090
247318;2025;44;7;254545
247318;2025;45;17;494545
247318;2025;46;36;1181818
247318;2025;47;18;621818
247318;2025;48;17;516363
247318;2025;49;10;301818
247318;2025;50;5;145454
247319;2025;44;4;163636
247319;2025;45;6;196363
247319;2025;46;6;196363
247319;2025;47;10;409090
247319;2025;49;6;204545
247319;2025;50;3;98181
247319;2025;51;14;343636
247319;2025;52;6;147272
247320;2025;42;19;777272
247320;2025;43;1;40909
247320;2025;44;10;409090
247320;2025;45;26;1014545
247320;2025;46;16;523636
247321;2025;43;1;35454
247321;2025;44;3;106363
247321;2025;45;16;453818
247321;2025;46;4;134727
247321;2025;47;5;177272
247321;2025;48;6;212727
247321;2025;49;7;219818
247321;2025;50;11;312000
247321;2025;51;7;184363
247321;2025;52;8;170181
247322;2025;41;1;499090
247322;2025;42;2;998181
247322;2025;45;1;399273
247323;2025;45;10;283636
247323;2025;48;1;28363
247323;2025;49;12;425454
247323;2025;51;14;297818
247323;2025;52;6;127636
247324;2025;43;3;106363
247324;2025;45;10;304909
247324;2025;47;1;35454
247324;2025;48;16;482181
247324;2025;49;13;368727
247324;2025;50;13;368727
247324;2025;51;12;262363
247324;2025;52;3;63818
247325;2025;41;2;300000
247325;2025;42;1;120000
247325;2025;43;2;300000
247325;2025;44;3;450000
247325;2025;45;4;540000
247326;2025;43;1;36363
247326;2025;44;5;181818
247326;2025;45;19;625454
247326;2025;46;15;487272
247326;2025;47;4;145454
247326;2025;48;1;36363
247326;2025;49;5;167272
247326;2025;50;22;640000
247327;2025;46;2;58181
247327;2025;50;3;87272
247327;2025;51;1;21818
247327;2025;52;26;567272
247328;2025;45;2;65454
247328;2025;46;7;253636
247328;2025;47;2;81818
247328;2025;49;1;40909
247328;2025;51;25;613636
247328;2025;52;8;196363
247329;2025;43;6;147273
247329;2025;45;19;452727
247329;2025;46;2;43636
247329;2025;47;7;190909
247329;2025;48;1;27272
247329;2025;49;2;54545
247329;2025;50;4;87272
247329;2025;52;3;49090
247330;2025;41;2;54545
247330;2025;42;1;27272
247330;2025;45;8;180000
247330;2025;46;7;185454
247330;2025;47;13;354545
247330;2025;48;17;409090
247330;2025;49;10;218181
247330;2025;50;25;545454
247330;2025;51;3;49090
247330;2025;52;9;147272
247331;2025;41;3;150000
247331;2025;46;2;90000
247331;2025;47;12;585000
247331;2025;52;1;30000
247332;2025;41;11;250000
247332;2025;43;16;363636
247332;2025;45;4;81818
247332;2025;46;16;363636
247332;2025;47;22;500000
247332;2025;48;3;63636
247332;2025;50;12;218183
247332;2025;51;6;81818
247333;2025;41;2;45454
247333;2025;43;4;90909
247333;2025;45;1;18181
247333;2025;46;8;159090
247333;2025;47;1;22727
247333;2025;49;2;45454
247333;2025;50;2;36363
247333;2025;51;4;54545
247333;2025;52;5;68181
247334;2025;41;1;26363
247334;2025;42;5;131818
247334;2025;43;17;448181
247334;2025;44;13;337454
247334;2025;45;12;274181
247334;2025;47;47;1183727
247334;2025;50;1;0
247335;2025;41;3;54545
247335;2025;42;5;76363
247335;2025;43;5;81818
247335;2025;45;13;200000
247335;2025;46;8;138181
247335;2025;47;8;145454
247335;2025;48;5;72727
247335;2025;49;3;47272
247335;2025;50;23;334545
247335;2025;51;12;130909
247335;2025;52;4;43636
247336;2025;45;4;101818
247336;2025;46;14;426363
247336;2025;47;12;381818
247336;2025;48;4;127272
247336;2025;50;1;25454
247337;2025;44;3;79090
247337;2025;45;6;126545
247337;2025;46;9;205636
247337;2025;47;7;184545
247337;2025;48;3;63272
247337;2025;49;13;326909
247337;2025;50;24;506181
247338;2025;42;4;421818
247338;2025;45;2;237272
247338;2025;46;6;738181
247339;2025;41;1;59090
247339;2025;44;5;295454
247339;2025;45;20;1087272
247339;2025;46;17;957272
247339;2025;47;3;177272
247339;2025;51;1;35454
247340;2025;41;2;198181
247340;2025;43;4;396363
247340;2025;44;1;99090
247340;2025;45;3;257636
247340;2025;46;6;574727
247340;2025;47;9;891818
247341;2025;43;1;117272
247341;2025;44;1;117272
247341;2025;45;6;633272
247341;2025;46;5;539454
247341;2025;47;1;117272
247341;2025;48;1;117272
247341;2025;49;1;117272
247341;2025;50;6;586363
247341;2025;51;2;140727
247342;2025;43;1;117272
247342;2025;44;2;234545
247342;2025;45;6;609818
247342;2025;46;5;516000
247342;2025;47;3;351818
247342;2025;48;2;234545
247342;2025;49;4;469090
247342;2025;51;1;117273
247343;2025;44;4;36363
247343;2025;45;35;276363
247343;2025;46;22;169094
247343;2025;47;78;709090
247343;2025;48;61;554545
247343;2025;49;82;725454
247343;2025;50;1;9090
247344;2025;42;6;79090
247344;2025;43;4;54545
247344;2025;44;23;313636
247344;2025;45;60;692727
247344;2025;46;16;174545
247344;2025;47;40;545454
247344;2025;48;95;1197272
247344;2025;49;44;526363
247344;2025;50;1;13636
247345;2025;41;10;63636
247345;2025;42;11;70000
247345;2025;43;39;244364
247345;2025;44;141;897273
247345;2025;45;86;520545
247345;2025;50;1;6363
247346;2025;46;98;841818
247346;2025;47;78;709090
247346;2025;48;100;909090
247346;2025;49;13;105454
247347;2025;43;9;409090
247347;2025;44;5;227272
247347;2025;45;18;672727
247347;2025;46;4;172727
247347;2025;47;12;545454
247347;2025;48;10;454545
247347;2025;49;16;709090
247347;2025;50;11;436363
247348;2025;41;1;150000
247348;2025;42;15;1800000
247349;2025;41;1;231818
247349;2025;42;1;231818
247349;2025;44;1;231818
247349;2025;45;1;231818
247349;2025;46;4;880909
247349;2025;47;3;695454
247349;2025;48;1;231818
247350;2025;41;19;259090
247350;2025;42;23;308181
247350;2025;43;13;177272
247350;2025;44;20;267272
247350;2025;45;74;908181
247350;2025;46;94;1148181
247350;2025;47;57;760909
247350;2025;48;1;13636
247350;2025;49;2;24545
247350;2025;50;1;13636
247350;2025;51;1;8181
247350;2025;52;3;24545
247351;2025;42;2;234545
247351;2025;43;1;117272
247351;2025;44;2;234545
247351;2025;45;4;375272
247351;2025;46;14;1407272
247351;2025;49;1;117272
247352;2025;42;3;351818
247352;2025;43;1;117272
247352;2025;44;4;469090
247352;2025;45;15;1477636
247352;2025;46;11;1172727
247353;2025;41;1;177272
247353;2025;42;2;319090
247353;2025;43;5;850909
247353;2025;44;1;177272
247353;2025;45;2;354545
247353;2025;46;1;177272
247354;2025;41;3;330909
247354;2025;42;1;118181
247354;2025;43;3;354545
247354;2025;44;3;354545
247354;2025;45;7;709090
247354;2025;46;1;118181
247354;2025;47;4;472727
247354;2025;48;1;118181
247354;2025;49;1;118181
247355;2025;41;2;204545
247355;2025;42;1;113636
247355;2025;43;1;113636
247355;2025;44;2;227272
247355;2025;45;6;568181
247355;2025;46;3;340909
247355;2025;47;3;340909
247355;2025;48;2;227272
247355;2025;49;2;227272
247355;2025;50;2;193181
247356;2025;47;1;854545
247356;2025;49;1;854545
247356;2025;51;1;598181
247356;2025;52;1;598181
247357;2025;43;1;663636
247357;2025;44;1;663636
247357;2025;45;5;2654545
247357;2025;46;1;530909
247357;2025;48;2;1327272
247357;2025;51;1;464545
247358;2025;45;2;50909
247358;2025;46;4;114545
247358;2025;47;4;127272
247358;2025;48;7;222727
247358;2025;49;7;222727
247358;2025;50;7;209999
247358;2025;51;12;229090
247358;2025;52;3;57272
247359;2025;41;17;595636
247359;2025;42;6;198545
247359;2025;43;7;248181
247359;2025;44;12;425454
247359;2025;45;36;1127454
247359;2025;46;11;375818
247359;2025;47;6;212727
247359;2025;51;1;24818
247360;2025;41;7;525454
247360;2025;43;3;231818
247360;2025;44;2;154545
247360;2025;45;16;1020000
247360;2025;46;26;1777272
247360;2025;47;6;479090
247361;2025;41;5;545454
247361;2025;42;1;113636
247361;2025;43;3;340909
247361;2025;44;1;113636
247361;2025;45;10;977272
247361;2025;46;4;363636
247362;2025;41;2;127272
247362;2025;43;5;318181
247362;2025;44;2;127272
247362;2025;45;4;216363
247362;2025;46;18;1018181
247362;2025;47;4;254545
247363;2025;42;5;204545
247363;2025;43;4;163636
247363;2025;44;3;122727
247363;2025;45;16;564545
247363;2025;46;16;564545
247363;2025;47;4;163636
247364;2025;42;30;409090
247364;2025;43;27;368181
247364;2025;44;64;872727
247364;2025;45;88;1069090
247364;2025;46;5;54545
247364;2025;47;1;13636
247365;2025;42;2;63636
247365;2025;43;1;28636
247365;2025;44;21;668181
247365;2025;45;14;369090
247365;2025;46;21;585454
247365;2025;47;5;171818
247365;2025;48;2;63636
247366;2025;43;4;230454
247366;2025;44;3;177272
247366;2025;45;10;543636
247366;2025;46;6;319090
247367;2025;41;2;45454
247367;2025;42;4;72727
247367;2025;44;13;295454
247367;2025;45;16;318181
247367;2025;46;24;472727
247367;2025;47;10;222727
247367;2025;48;4;90909
247367;2025;49;2;45454
247367;2025;50;10;200000
247367;2025;51;26;413636
247367;2025;52;4;63636
247368;2025;42;2;161818
247368;2025;44;1;80909
247368;2025;45;4;258909
247368;2025;46;2;161818
247368;2025;47;18;1456363
247368;2025;48;6;485454
247368;2025;49;2;161818
247368;2025;50;1;80909
247369;2025;41;3;50909
247369;2025;42;12;203636
247369;2025;43;2;36363
247369;2025;44;5;90909
247369;2025;45;2;29090
247370;2025;45;1;345454
247370;2025;48;4;1640909
247371;2025;42;1;277272
247371;2025;45;2;443636
247371;2025;46;5;1219999
247371;2025;47;4;1109090
247372;2025;42;1;199090
247372;2025;44;1;199090
247372;2025;45;12;1990909
247372;2025;46;2;318545
247373;2025;43;1;188500
247373;2025;46;5;1247000
247374;2025;41;15;850909
247374;2025;42;8;437272
247375;2025;41;10;719999
247375;2025;42;2;116363
247376;2025;41;7;630000
247376;2025;42;5;414000
247377;2025;42;4;180000
247377;2025;44;6;300000
247377;2025;45;2;90000
247377;2025;46;8;390000
247377;2025;47;4;200000
247378;2025;43;3;150000
247378;2025;44;1;50000
247378;2025;46;12;540000
247378;2025;47;3;150000
247378;2025;48;2;100000
247378;2025;49;3;150000
247379;2025;45;1;28363
247379;2025;46;8;269454
247379;2025;47;3;106363
247379;2025;48;3;106363
247379;2025;49;9;319090
247379;2025;50;10;304909
247379;2025;51;14;358090
247381;2025;41;5;227272
247381;2025;42;4;181818
247381;2025;43;1;45454
247381;2025;44;8;363636
247381;2025;45;25;972727
247381;2025;46;5;218181
247382;2025;41;2;118181
247382;2025;42;2;118181
247382;2025;43;7;413636
247382;2025;44;2;118181
247382;2025;45;13;709090
247382;2025;46;5;271818
247382;2025;49;1;59090
247383;2025;43;3;259090
247383;2025;44;2;172727
247383;2025;45;2;155454
247383;2025;46;5;414545
247383;2025;47;8;673636
247383;2025;48;1;86363
247383;2025;49;3;253045
247383;2025;50;12;949999
247384;2025;44;2;172727
247384;2025;45;3;259090
247384;2025;46;2;172727
247384;2025;47;11;950000
247384;2025;48;11;950000
247384;2025;49;1;80318
247384;2025;50;6;449090
247384;2025;52;1;77727
247385;2025;42;1;86363
247385;2025;49;2;172727
247386;2025;41;1;131818
247386;2025;43;2;263636
247386;2025;44;1;131818
247386;2025;45;2;263636
247386;2025;46;5;580000
247386;2025;47;5;659090
247387;2025;1;1;60454
247387;2025;47;3;259090
247387;2025;49;1;86363
247387;2025;50;2;172727
247387;2025;51;4;241818
247387;2025;52;3;181363
247387;2026;4;1;86363
247387;2026;9;1;86364
247387;2026;13;1;86363
247387;2026;16;1;86363
247388;2025;43;1;290000
247388;2025;44;2;580000
247388;2025;45;6;1508000
247388;2025;46;3;754000
247389;2025;42;1;86363
247389;2025;43;1;86363
247389;2025;44;2;172727
247389;2025;45;4;328181
247389;2025;46;1;86363
247389;2025;47;3;259090
247389;2025;49;1;86363
247389;2025;50;1;86363
247389;2025;51;5;354090
247389;2025;52;1;60454
247389;2026;1;1;86363
247389;2026;7;1;86364
247389;2026;14;1;86363
247389;2026;15;1;86363
247391;2025;1;1;60454
247391;2025;43;1;86363
247391;2025;44;1;86363
247391;2025;45;3;259090
247391;2025;47;2;172727
247391;2025;48;1;86363
247391;2025;50;2;172727
247391;2025;51;6;414545
247391;2026;1;1;86363
247391;2026;9;1;86363
247393;2025;44;1;86363
247393;2025;45;1;86363
247393;2025;49;1;86363
247393;2026;16;1;86363
247394;2025;45;3;130909
247394;2025;46;6;305454
247394;2025;47;4;218181
247394;2025;48;5;272727
247394;2025;49;4;218181
247394;2025;50;21;959999
247394;2025;51;17;649090
247394;2025;52;10;381818
247395;2025;44;1;86363
247395;2025;46;2;172727
247395;2025;49;1;86363
247395;2025;50;2;172727
247395;2025;51;1;60454
247395;2026;16;1;69090
247396;2025;46;1;136363
247396;2025;49;1;136364
247396;2025;50;1;109090
247396;2026;2;1;136363
247396;2026;16;1;136363
247396;2026;18;2;272727
247397;2025;41;1;118181
247397;2025;42;5;543636
247397;2025;43;1;118181
247397;2025;44;3;354545
247397;2025;45;16;1630909
247397;2025;46;10;957272
247399;2025;41;2;36363
247399;2025;42;6;109090
247399;2025;43;17;301818
247399;2025;44;6;109090
247399;2025;45;29;458181
247399;2025;49;12;218182
247400;2025;43;2;27272
247400;2025;44;2;27272
247400;2025;45;23;302727
247400;2025;46;25;305454
247400;2025;47;8;109090
247400;2025;48;1;13636
247401;2025;42;1;32727
247401;2025;43;5;204545
247401;2025;44;5;204545
247401;2025;45;6;229090
247401;2025;47;9;368181
247401;2025;48;20;818181
247401;2025;49;10;409090
247401;2025;50;8;298636
247401;2025;51;5;155454
247402;2025;41;2;143636
247402;2025;42;10;675090
247402;2025;43;11;789999
247402;2025;44;8;143697
247402;2025;45;1;57454
247403;2025;41;23;410909
247403;2025;42;25;421818
247403;2025;43;16;285454
247403;2025;45;8;121818
247404;2025;41;6;158181
247404;2025;42;10;226727
247404;2025;43;9;237272
247404;2025;44;16;421818
247404;2025;45;28;643272
247404;2025;46;32;748727
247404;2025;47;11;271545
247404;2025;50;2;47454
247405;2025;41;4;54545
247405;2025;43;4;54545
247405;2025;45;19;248181
247405;2025;46;4;49090
247405;2025;47;3;40909
247405;2025;48;11;150000
247405;2025;49;24;327272
247405;2025;50;15;171818
247405;2025;51;43;379090
247405;2025;52;59;482727
247406;2025;44;14;878181
247406;2025;45;23;1279636
247406;2025;46;4;200727
247406;2025;50;5;263454
247406;2025;51;2;75272
247406;2025;52;2;75272
247407;2025;45;4;803636
247407;2025;46;4;874545
247408;2025;45;3;277454
247408;2025;46;3;237818
247408;2025;47;1;99090
247408;2025;49;1;99090
247408;2025;50;2;158545
247408;2025;51;2;138727
247409;2025;46;3;744545
247409;2025;47;4;1145454
247409;2025;48;1;257727
247410;2025;44;3;286363
247410;2025;45;8;687272
247410;2025;46;10;878181
247410;2025;47;2;190909
247410;2025;48;1;95454
247411;2025;42;2;272727
247411;2025;44;1;136363
247411;2025;45;1;109090
247411;2025;46;6;763636
247411;2025;47;2;272727
247412;2025;42;1;150000
247412;2025;43;2;300000
247412;2025;44;2;300000
247412;2025;45;7;930000
247413;2025;41;2;209090
247413;2025;42;3;292727
247413;2025;43;2;209090
247413;2025;44;2;209090
247413;2025;45;2;209090
247413;2025;49;1;73181
247414;2025;41;1;122727
247414;2025;42;4;392727
247414;2025;43;3;368181
247414;2025;45;4;441818
247416;2025;42;2;481818
247416;2025;43;1;240909
247416;2025;46;3;578181
247416;2025;47;2;481818
247417;2025;43;2;263636
247417;2025;44;1;131818
247417;2025;45;7;718409
247418;2025;42;3;139454
247418;2025;43;4;214545
247418;2025;44;3;160909
247418;2025;45;5;214545
247418;2025;46;3;150181
247418;2025;47;9;482727
247418;2025;48;6;321818
247418;2025;49;7;364727
247418;2025;50;7;343272
247419;2025;42;6;245454
247419;2025;43;3;136363
247419;2025;44;4;181818
247419;2025;45;8;290909
247419;2025;46;9;363636
247419;2025;47;5;227272
247419;2025;48;8;363636
247419;2025;49;7;318181
247419;2025;50;13;518181
247419;2025;51;2;77272
247420;2025;41;2;45454
247420;2025;42;9;186363
247420;2025;44;3;68181
247420;2025;45;9;177272
247420;2025;46;37;740909
247420;2025;47;23;518181
247420;2025;48;9;204545
247420;2025;49;2;45454
247420;2025;50;14;272727
247420;2025;51;20;319318
247420;2025;52;2;27272
247421;2025;44;2;263636
247421;2025;45;5;527272
247421;2025;46;3;342727
247422;2025;41;4;327272
247422;2025;42;5;392727
247422;2025;43;1;81818
247422;2025;45;1;65454
247423;2025;42;2;209090
247423;2025;44;1;104545
247423;2025;45;4;376363
247423;2025;46;1;104545
247423;2025;47;5;522727
247423;2025;48;2;209090
247425;2025;42;3;1595454
247426;2025;42;2;188181
247426;2025;44;3;313636
247426;2025;45;4;334545
247426;2025;46;2;209090
247426;2025;47;1;104545
247426;2025;48;1;104545
247426;2025;50;1;83636
247427;2025;1;1;111818
247427;2025;41;2;372727
247427;2025;43;1;186363
247427;2025;44;1;186363
247427;2025;45;2;298181
247427;2025;46;4;596363
247427;2025;48;3;559090
247427;2025;50;4;670909
247427;2025;51;4;615000
247427;2025;52;1;111818
247428;2025;45;2;45454
247428;2025;47;10;227272
247428;2025;51;24;463636
247428;2025;52;8;127272
247428;2026;7;7;159090
247429;2025;42;4;618545
247429;2025;43;2;343636
247429;2025;44;4;687272
247429;2025;45;6;962181
247430;2025;43;8;254545
247430;2025;44;4;127272
247430;2025;45;9;267272
247430;2025;46;3;76363
247431;2025;43;30;545454
247431;2025;44;18;327272
247431;2025;45;47;738181
247431;2025;52;1;12727
247432;2025;41;1;290000
247432;2025;42;1;290000
247432;2025;43;1;290000
247432;2025;44;1;290000
247433;2025;41;2;445454
247433;2025;43;1;222727
247433;2025;45;1;178181
247433;2025;46;2;356363
247433;2025;48;1;222727
247433;2025;52;1;133636
247434;2025;43;18;327272
247434;2025;44;10;181818
247434;2025;45;17;279999
247434;2025;46;22;390909
247434;2025;47;29;527272
247434;2025;50;5;90909
247435;2025;41;2;34545
247435;2025;42;4;61818
247435;2025;43;8;145454
247435;2025;44;7;127272
247435;2025;45;3;47272
247436;2025;1;13;206818
247436;2025;43;10;227272
247436;2025;44;8;181818
247436;2025;45;12;272727
247436;2025;46;2;36363
247436;2025;50;18;409090
247436;2025;52;1;15909
247436;2026;9;6;136363
247436;2026;10;1;22727
247436;2026;15;14;318181
247436;2026;17;8;181818
247437;2025;45;26;481818
247437;2025;46;3;59090
247437;2025;47;5;113636
247437;2025;48;27;613636
247437;2025;49;8;181818
247437;2025;50;5;90909
247437;2025;51;53;843181
247437;2025;52;14;222727
247438;2025;42;2;80000
247438;2025;44;18;900000
247438;2025;45;16;670000
247438;2025;46;20;880000
247438;2025;47;6;300000
247438;2025;48;4;160000
247438;2025;51;2;60000
247438;2025;52;2;60000
247439;2025;46;4;490909
247439;2025;47;9;1104545
247439;2025;48;3;368181
247439;2025;49;8;981818
247440;2025;42;2;870909
247440;2025;43;3;1306363
247440;2025;45;1;348363
247442;2025;45;20;1988181
247442;2025;46;4;392727
247443;2025;44;2;290909
247443;2025;45;4;523636
247443;2025;48;1;145454
247444;2025;42;2;290909
247444;2025;43;2;290909
247444;2025;45;1;130909
247444;2025;46;1;116363
247444;2025;47;2;290909
247444;2025;48;1;145454
247444;2025;49;2;290909
247445;2025;42;2;472727
247445;2025;43;4;945454
247445;2025;44;5;1134545
247445;2025;45;6;1181818
247445;2025;46;1;236363
247446;2025;43;13;1583181
247446;2025;44;8;981818
247446;2025;45;4;466363
247447;2025;42;6;843636
247447;2025;43;3;436363
247447;2025;44;3;489090
247447;2025;45;2;274909
247447;2025;46;3;446727
247447;2025;49;2;274909
247448;2025;43;5;613636
247448;2025;44;10;1227272
247448;2025;45;8;859090
247449;2025;42;5;301090
247449;2025;44;2;125454
247449;2025;46;6;301090
247449;2025;47;9;564545
247449;2025;48;11;690000
247449;2025;49;1;62727
247449;2025;50;1;50181
247450;2025;44;3;463636
247450;2025;45;2;247272
247450;2025;46;2;309090
247450;2025;47;4;618181
247450;2025;49;1;154545
247451;2025;45;2;450909
247451;2025;46;3;676363
247452;2025;43;2;336363
247452;2025;44;1;168181
247452;2025;45;1;134545
247453;2025;44;1;435454
247453;2025;48;1;435454
247454;2025;51;1;426363
247454;2026;4;2;852727
247455;2025;41;4;436363
247455;2025;43;3;327272
247455;2025;44;8;872727
247455;2025;45;1;109090
247455;2025;46;6;632727
247455;2025;47;6;654545
247455;2025;48;2;218181
247456;2025;41;2;227272
247456;2025;43;1;113636
247456;2025;44;9;144
247458;2025;42;1;559090
247458;2025;43;1;559090
247458;2025;51;1;335454
247459;2025;41;1;180000
247459;2025;42;3;600000
247459;2025;43;5;1000000
247459;2025;44;6;1200000
247459;2025;45;9;1600000
247460;2025;41;3;422727
247460;2025;42;4;535454
247460;2025;43;7;986363
247460;2025;44;3;422727
247460;2025;45;14;1690909
247460;2025;46;1;169090
247461;2025;42;1;559090
247461;2025;43;1;559090
247462;2025;42;2;434545
247462;2025;45;5;999454
247462;2025;47;3;630090
247462;2025;48;1;217272
247462;2025;49;1;217272
247463;2025;42;20;2312727
247464;2025;42;1;168181
247464;2025;45;1;168181
247464;2025;52;1;100909
247465;2025;41;3;435000
247465;2025;42;2;300000
247465;2025;47;1;150000
247466;2025;41;7;159090
247466;2025;42;4;90909
247466;2025;43;2;45454
247466;2025;44;1;22727
247466;2025;45;1;18181
247466;2025;46;1;22727
247466;2025;47;6;124818
247466;2025;48;1;22727
247466;2025;49;1;22727
247467;2025;45;1;171818
247468;2025;41;2;181818
247468;2025;42;4;345454
247468;2025;43;9;818181
247468;2025;45;9;772727
247469;2025;41;3;324545
247469;2025;42;5;540909
247469;2025;43;3;324545
247469;2025;45;1;97363
247470;2025;45;1;231818
247470;2025;50;1;231818
247471;2025;41;2;216363
247471;2025;42;4;432727
247471;2025;43;2;216363
247471;2025;44;2;216363
247471;2025;45;2;194727
247472;2025;45;7;184545
247472;2025;46;7;203636
247472;2025;47;5;159090
247472;2025;48;1;31818
247472;2025;49;4;127272
247472;2025;50;1;31818
247473;2025;43;1;31818
247473;2025;44;2;63636
247473;2025;45;1;31818
247473;2025;46;11;324545
247473;2025;47;6;190909
247473;2025;48;3;95454
247474;2025;42;2;400000
247474;2025;44;1;200000
247474;2025;45;5;840000
247474;2025;46;12;2160000
247475;2025;41;6;463636
247475;2025;42;3;216363
247475;2025;44;3;231818
247475;2025;45;4;293636
247475;2025;46;3;185454
247475;2025;47;5;378636
247476;2025;41;1;150000
247476;2025;42;3;450000
247476;2025;43;1;150000
247476;2025;44;4;600000
247476;2025;45;7;930000
247476;2025;46;14;2010000
247476;2025;47;2;300000
247482;2025;44;1;17272
247482;2025;45;5;72545
247482;2025;46;53;777272
247482;2025;47;33;570000
247510;2025;40;1;318181
247510;2025;41;1;318181
247510;2025;42;2;636363
247510;2025;43;3;954545
247510;2025;44;2;636363
247510;2025;45;3;954545
247510;2025;46;8;2290909
247510;2025;47;2;636363
247510;2025;49;1;318181
247511;2025;41;1;863636
247511;2025;42;1;777272
247511;2025;43;3;2504545
247511;2025;44;2;1727272
247511;2025;45;5;3454545
247511;2025;46;16;12436363
247511;2025;47;1;863636
247511;2025;50;1;863636
247512;2025;43;1;1318181
247512;2025;44;1;1318181
247512;2025;45;5;5536363
247512;2025;46;15;17268181
247512;2025;49;1;1318181
247513;2025;40;1;90000
247513;2025;41;2;180000
247513;2025;42;2;180000
247513;2025;44;4;360000
247513;2025;45;8;594000
247513;2025;46;13;1044000
247513;2025;47;15;1350000
247513;2025;48;21;1867500
247513;2025;49;25;2232000
247513;2025;50;1;90000
247513;2025;51;1;63000
247514;2025;41;5;752727
247514;2025;43;5;736363
247514;2025;44;3;463090
247514;2025;45;14;1963636
247514;2025;46;21;3076364
247514;2025;47;42;6774545
247514;2025;48;15;2454545
247514;2025;50;1;163636
247514;2025;51;12;1472727
247515;2025;41;3;327272
247515;2025;43;1;109090
247515;2025;44;1;109090
247515;2025;45;2;196363
247515;2025;46;12;1287272
247515;2025;47;4;436363
247515;2025;48;17;1854545
247515;2025;49;29;3163636
247515;2025;51;3;229090
247516;2025;42;2;1718181
247516;2025;43;3;2529545
247516;2025;44;1;954545
247516;2025;45;6;4772727
247517;2025;41;1;1400000
247517;2025;44;6;8400000
247517;2025;45;3;3360000
247517;2025;50;1;1120000
247518;2025;43;4;228409
247518;2025;45;4;218181
247518;2025;47;3;204545
247518;2025;49;1;68181
247519;2025;40;1;127272
247519;2025;41;2;254545
247519;2025;43;2;254545
247519;2025;44;4;509090
247519;2025;45;15;1578181
247520;2025;41;1;53636
247520;2025;44;1;53636
247520;2025;45;4;193090
247520;2025;46;7;343272
247520;2025;47;7;375454
247520;2025;48;8;429090
247520;2025;49;7;375454
247520;2025;50;13;675818
247521;2025;41;1;86363
247521;2025;43;1;86363
247521;2025;44;2;172727
247521;2025;45;8;621818
247521;2025;46;6;466363
247521;2025;47;5;431818
247521;2025;48;6;518181
247521;2025;49;12;1036363
247521;2025;50;6;500909
247521;2025;51;1;60454
247522;2025;41;1;281818
247522;2025;42;1;281818
247522;2025;44;4;1127272
247522;2025;45;4;958181
247522;2025;46;5;1240000
247522;2025;47;3;845454
247522;2025;48;2;563636
247522;2025;49;2;563636
247523;2025;41;1;562727
247523;2025;43;1;562727
247523;2025;44;1;562727
247523;2025;45;1;450181
247523;2025;46;6;2926181
247523;2025;47;4;2250909
247523;2025;48;3;1688181
247523;2025;50;1;450182
247524;2025;45;2;1900000
247524;2025;46;3;2800000
247524;2025;47;3;2900000
247524;2025;48;2;2000000
247524;2025;49;2;2000000
247524;2025;50;3;2400000
247524;2025;51;4;2800000
247525;2025;40;1;53636
247525;2025;42;1;53636
247525;2025;43;6;289636
247525;2025;45;1;53636
247525;2025;46;7;364727
247525;2025;47;5;268181
247525;2025;48;9;482727
247525;2025;49;8;429090
247525;2025;50;5;236000
247526;2025;42;1;80909
247526;2025;43;2;161818
247526;2025;45;6;404545
247526;2025;46;5;372181
247526;2025;47;4;323636
247526;2025;48;9;728181
247526;2025;49;9;728181
247526;2025;50;7;542090
247526;2025;51;3;210363
247527;2025;43;1;536363
247527;2025;50;4;2038181
247528;2025;1;1;184545
247528;2025;42;1;263636
247528;2025;44;1;263636
247528;2025;45;4;896363
247528;2025;46;4;1001818
247528;2025;47;1;263636
247528;2025;48;4;1001818
247528;2025;49;3;790909
247528;2025;50;3;738181
247528;2025;51;13;2425454
247528;2025;52;3;500909
247529;2025;42;2;589090
247529;2025;43;4;1309090
247529;2025;44;2;654545
247529;2025;45;10;2749090
247529;2025;46;5;1570909
247529;2025;47;1;327272
247530;2025;1;1;315000
247530;2025;41;1;450000
247530;2025;42;1;450000
247530;2025;44;4;1800000
247530;2025;45;15;5760000
247530;2025;46;16;6480000
247530;2025;47;7;3150000
247530;2025;48;11;4770000
247530;2025;49;10;4500000
247530;2025;50;8;3150000
247530;2025;51;12;3690000
247530;2025;52;4;1260000
247531;2025;41;3;2168181
247531;2025;42;1;722727
247531;2025;43;5;3541363
247531;2025;44;4;2890909
247531;2025;45;11;6938181
247531;2025;46;10;6360000
247531;2025;49;2;1373182
247531;2025;50;1;722727
247531;2025;51;1;433636
247531;2025;52;1;505909
247532;2025;41;1;1045454
247532;2025;45;4;3554545
247532;2025;46;2;1672727
247532;2025;47;3;3031818
247532;2025;48;3;3136363
247532;2025;49;1;1045454
247533;2025;1;8;305454
247533;2025;44;2;109090
247533;2025;45;5;240000
247533;2025;46;6;294545
247533;2025;48;20;1090909
247533;2025;49;8;436363
247533;2025;50;28;1396363
247533;2025;51;25;1003636
247533;2025;52;6;229090
247534;2025;40;1;95454
247534;2025;42;2;190909
247534;2025;44;2;190909
247534;2025;46;5;439090
247534;2025;47;7;639545
247534;2025;48;5;477272
247534;2025;49;3;286363
247534;2025;50;3;257727
247534;2025;51;5;334090
247534;2025;52;7;467727
247535;2025;40;1;195454
247535;2025;41;4;781818
247535;2025;42;2;351818
247535;2025;43;5;977272
247535;2025;45;5;820909
247535;2025;46;9;1485454
247535;2025;47;6;1172727
247535;2025;48;1;195454
247535;2025;49;3;586363
247535;2025;50;1;156363
247536;2025;43;1;268181
247536;2025;44;1;268181
247536;2025;45;3;643636
247536;2025;47;6;1609091
247536;2025;48;2;536363
247536;2025;49;5;1340909
247536;2025;50;8;1984545
247536;2025;51;10;2038181
247536;2025;52;3;536363
247537;2025;43;1;450000
247537;2025;45;1;450000
247537;2025;46;1;360000
247537;2025;51;2;630000
247538;2025;42;6;505904
247538;2025;43;2;1263636
247538;2025;44;6;3790909
247538;2025;45;18;9224545
247538;2025;46;12;6634090
247538;2025;47;5;3159090
247538;2025;48;14;8592727
247538;2025;49;10;6318181
247538;2025;50;9;5054545
247538;2025;51;15;6507727
247538;2025;52;1;442272
247539;2025;41;2;2090909
247539;2025;42;4;3972727
247539;2025;43;1;1045454
247539;2025;44;2;2090909
247539;2025;45;18;15786363
247539;2025;46;9;8363636
247539;2025;47;1;1045454
247539;2025;48;11;10663636
247539;2025;49;3;2927272
247539;2025;50;3;2718181
247539;2025;51;2;1359091
247539;2025;52;1;627273
247540;2025;43;4;527272
247540;2025;44;5;659090
247540;2025;45;1;131818
247540;2025;46;2;263636
247540;2025;47;3;395454
247540;2025;48;13;1713636
247540;2025;49;4;527272
247540;2025;50;3;342727
247540;2025;51;1;131818
247541;2025;43;1;1272727
247541;2025;44;1;1272727
247541;2025;45;10;10945454
247541;2025;46;6;6363636
247541;2025;47;1;1272727
247541;2025;48;1;1272727
247542;2025;42;1;2272727
247542;2025;45;4;7727272
247542;2025;46;3;5909091
247542;2025;47;2;4318181
247542;2025;48;2;4318182
247542;2025;50;1;1818181
247542;2025;51;1;1590909
247543;2025;44;1;813636
247543;2025;45;5;3254545
247543;2025;46;4;3091818
247543;2025;47;2;1627272
247543;2025;48;3;2440909
247543;2025;49;1;813636
247543;2025;50;3;2278181
247543;2025;51;4;2278181
247544;2025;40;1;68181
247544;2025;41;1;68181
247544;2025;42;2;122727
247544;2025;44;1;68181
247544;2025;45;4;259090
247544;2025;46;6;354545
247544;2025;47;8;545454
247544;2025;49;12;818181
247544;2025;50;15;968181
247544;2025;51;13;531818
247544;2025;52;9;368181
247545;2025;44;2;180000
247545;2025;45;12;900000
247545;2025;46;17;1350000
247545;2025;47;69;6165000
247545;2025;48;20;1791000
247545;2025;49;9;810000
247546;2025;41;1;53636
247546;2025;44;4;214545
247546;2025;45;21;1062000
247546;2025;46;30;1287272
247546;2025;47;3;160909
247546;2025;48;1;53636
247546;2025;49;1;53636
247547;2025;44;14;1209090
247547;2025;45;21;1455227
247547;2025;46;60;4784545
247547;2025;47;22;1900000
247547;2025;49;15;1273863
247547;2025;50;1;86363
247548;2025;43;1;59090
247548;2025;44;3;177272
247548;2025;46;8;443181
247548;2025;47;5;283636
247548;2025;48;54;3190909
247548;2025;52;2;112273
247549;2025;42;1;113636
247549;2025;43;1;113636
247549;2025;45;12;1113636
247549;2025;46;18;1886363
247549;2025;47;13;1477272
247549;2025;48;3;340909
247550;2025;1;1;63000
247550;2025;43;2;180000
247550;2025;44;2;180000
247550;2025;45;4;306000
247550;2025;46;4;360000
247550;2025;47;5;450000
247550;2025;48;5;441000
247550;2025;49;9;810000
247550;2025;50;14;1152000
247550;2025;51;12;756000
247550;2025;52;5;315000
247551;2025;44;3;381818
247551;2025;45;4;509090
247551;2025;46;4;458181
247551;2025;47;5;636363
247551;2025;48;5;636363
247551;2025;49;3;381818
247551;2025;50;4;458181
247551;2025;51;4;356363
247551;2025;52;3;267272
247551;2026;2;1;127272
247552;2025;41;1;90000
247552;2025;42;1;90000
247552;2025;43;2;180000
247552;2025;44;3;270000
247552;2025;45;8;684000
247552;2025;46;1;72000
247552;2025;47;3;270000
247552;2025;48;14;1260000
247552;2025;49;32;2880000
247552;2025;50;7;630000
247552;2025;51;1;90000
247553;2025;44;1;117272
247553;2025;45;8;756409
247553;2025;46;48;4503272
247553;2025;47;2;234545
247553;2025;48;1;117272
247555;2025;40;1;63636
247555;2025;42;2;101818
247555;2025;43;2;127272
247555;2025;44;3;190909
247555;2025;45;30;1565454
247555;2025;46;15;814545
247555;2025;47;55;3500000
247556;2025;42;2;659
247556;2025;43;1;2909090
247556;2025;45;1;2327272
247556;2025;46;1;2327272
247556;2025;48;2;4627200
247556;2025;49;1;2909090
247557;2025;42;1;581818
247557;2025;44;1;581818
247557;2025;45;4;2094545
247557;2025;46;11;6050909
247557;2025;47;6;3432727
247557;2025;51;1;349091
247558;2025;40;1;1090909
247558;2025;43;1;1090909
247558;2025;45;6;5236363
247558;2025;46;3;3272727
247558;2025;47;5;5454545
247558;2025;48;3;2836363
247558;2025;49;1;1090909
247558;2025;50;2;1963636
247558;2025;51;2;1527272
247971;2025;45;15;394545
247971;2025;46;18;515454
247971;2025;47;14;412272
247971;2025;48;19;604545
247971;2025;49;6;190909
247972;2025;1;2;57272
247972;2025;45;1;32727
247972;2025;46;6;212727
247972;2025;48;5;204545
247972;2025;49;2;81818
247972;2025;50;8;294545
247972;2025;51;7;200454
247972;2025;52;2;57272
247973;2025;45;6;109090
247973;2025;46;8;177273
247973;2025;47;14;315909
247973;2025;48;26;588636
247973;2025;49;16;363636
247973;2025;50;1;18181
247974;2025;45;4;203818
247974;2025;46;7;343272
247974;2025;47;26;1373090
247974;2025;48;12;627545
247974;2025;49;8;429090
247974;2025;50;11;525636
247974;2025;51;4;182363
247975;2025;45;4;120909
247975;2025;46;4;114545
247975;2025;47;6;190909
247975;2025;48;8;235454
247975;2025;49;16;509090
247975;2025;50;11;286363
247975;2025;51;5;111363
247975;2025;52;2;44545
247976;2025;45;3;82727
247976;2025;46;8;254545
247976;2025;47;8;202726
247976;2025;48;7;222727
247976;2025;49;26;827272
247976;2025;50;18;509090
247977;2025;46;2;63636
247977;2025;47;1;31818
247977;2025;48;9;286363
247977;2025;49;2;63636
247977;2025;50;10;280000
247977;2025;51;1;22272
247977;2025;52;5;111363
247978;2025;45;13;330909
247978;2025;46;19;571454
247978;2025;47;9;280000
247978;2025;48;14;445454
247978;2025;49;4;127272
247978;2025;50;13;350000
247979;2025;45;5;181818
247979;2025;46;15;627272
247979;2025;47;8;363636
247979;2025;48;6;272727
247979;2025;49;17;754545
247979;2025;50;14;627272
247979;2025;51;5;168181
247980;2025;47;2;90909
247980;2025;48;3;136363
247980;2025;50;3;118181
247980;2025;51;4;127272
247980;2025;52;8;254545
247981;2025;45;2;57272
247981;2025;46;3;89090
247981;2025;47;6;190909
247981;2025;48;8;254545
247981;2025;49;4;127272
247981;2025;50;4;108181
247981;2025;51;3;66818
247982;2025;45;4;147272
247982;2025;46;6;220908
247982;2025;47;7;215181
247982;2025;48;8;327272
247982;2025;49;5;204545
247982;2025;50;10;360000
247982;2025;51;32;916363
247983;2025;45;2;81818
247983;2025;46;3;114545
247983;2025;47;6;245454
247983;2025;48;11;450000
247983;2025;49;4;163636
247983;2025;50;11;400909
247983;2025;51;9;257727
247983;2025;52;3;77726
247984;2025;45;6;212727
247984;2025;46;27;1039090
247984;2025;47;13;527727
247984;2025;48;7;286363
247984;2025;49;13;507272
247985;2025;1;2;44545
247985;2025;46;2;63636
247985;2025;47;1;31818
247985;2025;48;6;178181
247985;2025;49;3;95454
247985;2025;50;8;235454
247985;2025;51;9;219545
247985;2025;52;8;178181
247986;2025;45;9;310909
247986;2025;46;1;32727
247986;2025;47;1;40909
247986;2025;49;3;122727
247986;2025;50;10;376363
247986;2025;51;12;368181
247986;2025;52;1;28636
247987;2025;45;4;108181
247987;2025;46;6;184545
247987;2025;47;14;439090
247987;2025;48;4;127272
247987;2025;49;6;190909
247987;2025;50;8;216363
247987;2025;51;10;232272
247987;2025;52;5;111363
247988;2025;49;2;63636
247988;2025;50;3;89090
247988;2025;51;1;22272
247988;2025;52;18;400909
247989;2025;45;6;170181
247989;2025;46;1;35454
247989;2025;47;7;248181
247989;2025;48;2;70909
247989;2025;49;2;70909
247989;2025;50;1;28363
247989;2025;51;4;109909
247989;2025;52;3;74454
247990;2025;1;2;63636
247990;2025;46;1;45454
247990;2025;47;5;227272
247990;2025;48;6;263636
247990;2025;49;15;681818
247990;2025;50;16;681818
247990;2025;51;3;95454
247991;2025;45;2;65454
247991;2025;46;24;904090
247991;2025;47;26;1032954
247991;2025;48;4;163636
247991;2025;49;3;122727
247991;2025;50;9;372272
247991;2025;51;1;28636
247991;2025;52;1;28636
247992;2025;1;1;37545
247992;2025;45;4;182363
247992;2025;46;12;579272
247992;2025;47;5;264427
247992;2025;48;1;53636
247992;2025;49;1;53636
247992;2025;50;4;214545
247992;2025;51;2;91181
247992;2025;52;1;37545
247993;2025;45;36;695454
247993;2025;46;116;2454544
247993;2025;47;73;1659090
247993;2025;48;74;1602272
247993;2025;49;1;22727
247994;2025;45;20;547272
247994;2025;46;39;1119999
247994;2025;47;42;1336363
247994;2025;48;24;763636
247994;2025;49;30;954545
247994;2025;50;77;2208181
247994;2025;51;1;22272
247995;2025;46;2;72727
247995;2025;47;2;90909
247995;2025;48;20;890910
247995;2025;49;27;1218181
247995;2025;50;74;2954545
247995;2025;51;35;1140908
247996;2025;1;2;126000
247996;2025;45;4;500909
247996;2025;46;5;580000
247996;2025;47;3;395454
247996;2025;48;4;527272
247996;2025;49;8;713700
247996;2025;50;4;288000
247996;2025;51;8;504000
247996;2025;52;3;189000
247996;2026;1;1;90000
247996;2026;13;2;180000
247997;2025;45;12;1603636
247997;2025;46;24;3534544
247997;2025;47;25;4090909
247997;2025;48;9;1439999
247997;2025;50;1;163636
247998;2025;45;4;491454
247998;2025;46;10;1243090
247998;2025;47;6;867272
247998;2025;48;11;1590000
247998;2025;49;7;997363
247998;2025;50;10;1329818
247998;2025;51;3;303545
247999;2025;45;2;240000
247999;2025;46;9;1290000
247999;2025;48;3;450000
247999;2025;49;2;270000
248000;2025;45;10;429090
248000;2025;46;4;193090
248000;2025;48;10;477363
248000;2025;49;17;858181
248000;2025;50;10;450545
248000;2025;51;11;375454
248000;2025;52;5;160909
248001;2025;46;37;1198363
248001;2025;47;54;1907454
248001;2025;48;90;3134181
248001;2025;49;41;1446545
248001;2025;50;64;2049272
248002;2025;45;29;1079999
248002;2025;46;68;2331817
248002;2025;48;23;940909
248003;2025;45;10;725454
248003;2025;46;12;932727
248003;2025;47;7;604545
248003;2025;48;7;587272
248003;2025;51;2;103636
248004;2025;1;8;82909
248004;2025;46;15;231454
248004;2025;47;20;345454
248004;2025;48;30;456000
248004;2025;49;13;224545
248004;2025;50;30;414545
248004;2025;51;23;252181
248004;2025;52;24;248727
248005;2025;46;339;4137272
248005;2025;47;95;1295454
248005;2025;48;6;65454
248005;2025;49;6;81818
248005;2025;50;8;87272
248006;2025;46;15;2481818
248006;2025;47;11;1950000
248006;2025;48;4;673636
248006;2025;49;2;354545
248007;2025;1;2;407272
248007;2025;47;3;872727
248007;2025;48;4;1163636
248007;2025;49;12;3490909
248007;2025;50;5;1280000
248007;2025;51;14;3025453
248007;2025;52;5;1018181
248008;2025;46;5;815454
248008;2025;47;19;3279545
248008;2025;48;5;850909
248008;2025;49;5;780000
248008;2025;50;8;1134545
248008;2025;51;22;2375454
248009;2025;1;2;53454
248009;2025;46;16;538181
248009;2025;47;4;153636
248009;2025;48;32;1193818
248009;2025;49;38;1487818
248009;2025;50;23;819636
248009;2025;51;9;258363
248009;2025;52;4;106909
248009;2026;2;1;44545
248009;2026;3;1;44545
248009;2026;4;1;44545
248010;2025;1;4;85090
248010;2025;45;24;751636
248010;2025;46;25;758727
248010;2025;47;15;531818
248010;2025;48;13;425454
248010;2025;49;1;28363
248010;2025;51;27;574363
248010;2025;52;22;468000
248010;2026;3;1;35454
248011;2025;1;5;282272
248011;2025;45;32;1718727
248011;2025;46;57;3236727
248011;2025;47;62;3826363
248011;2025;48;108;6649090
248011;2025;49;141;8806909
248011;2025;50;195;11880545
248011;2025;51;169;10550727
248011;2025;52;45;2797636
248012;2025;45;8;350000
248012;2025;46;12;540000
248012;2025;47;3;150000
248012;2025;48;6;240000
248012;2025;49;3;120000
248012;2025;50;12;480000
248012;2025;51;4;120000
248012;2025;52;1;30000
248012;2026;1;2;100000
248013;2025;46;9;482727
248013;2025;49;1;53636
248014;2025;49;2;80000
248014;2025;50;1;40000
248015;2025;1;2;60000
248015;2025;46;9;380000
248015;2025;47;7;350000
248015;2025;48;11;450000
248015;2025;49;7;290000
248015;2025;50;5;200000
248015;2025;51;15;450000
248015;2025;52;4;120000
248015;2026;1;4;200000
248016;2025;45;17;623636
248016;2025;46;2;89090
248016;2025;48;15;561272
248016;2025;49;62;2476727
248016;2025;50;27;962181
248016;2025;51;11;302908
248017;2025;1;2;53454
248017;2025;45;4;142545
248017;2025;46;19;748363
248017;2025;47;7;311818
248017;2025;48;25;1015635
248017;2025;49;13;507818
248017;2025;50;15;534545
248017;2025;51;9;249454
248017;2025;52;4;106909
248018;2025;1;2;70909
248018;2025;45;1;59090
248018;2025;46;9;484545
248018;2025;47;14;827272
248018;2025;48;30;1666364
248018;2025;49;15;827272
248018;2025;50;12;567272
248018;2025;51;17;602727
248018;2025;52;8;283636
248019;2025;45;5;236363
248019;2025;46;16;874545
248019;2025;47;10;590909
248019;2025;48;16;827272
248019;2025;49;31;1689999
248019;2025;50;13;614545
248019;2025;51;9;319090
248019;2025;52;11;390000
248020;2025;45;67;771818
248020;2025;46;30;343636
248021;2025;45;3;141818
248021;2025;48;4;189090
248021;2025;49;7;366363
248021;2025;50;6;283636
248021;2025;51;11;425454
248022;2025;45;51;559090
248022;2025;46;25;297272
248022;2025;47;8;109090
248022;2025;50;19;220909
248022;2025;51;4;32727
248023;2025;46;4;225818
248023;2025;47;4;250909
248023;2025;48;2;125454
248023;2025;49;4;238363
248023;2025;50;5;250909
248023;2025;51;6;238363
248023;2025;52;8;301090
248023;2026;1;6;376363
248024;2025;45;8;154545
248024;2025;46;38;829545
248024;2025;47;24;545454
248024;2025;48;25;554545
248024;2025;50;2;36363
248024;2025;52;1;13636
248025;2025;45;3;163636
248025;2025;46;1;54545
248025;2025;47;8;545454
248025;2025;48;3;190908
248025;2025;49;7;395454
248025;2025;50;7;381818
248025;2025;51;11;450000
248025;2025;52;2;81818
248026;2025;45;4;55272
248026;2025;46;1;17272
248026;2025;48;1;17272
248027;2025;45;2;100363
248027;2025;46;6;351272
248027;2025;47;9;564545
248027;2025;48;5;313636
248027;2025;49;19;1141636
248027;2025;50;3;150545
248027;2025;51;1;37636
248028;2025;45;7;381818
248028;2025;46;12;668181
248028;2025;47;2;136363
248028;2025;48;13;804545
248028;2025;49;2;122727
248029;2025;1;2;75272
248029;2025;46;10;614727
248029;2025;47;1;62727
248029;2025;48;9;539454
248029;2025;49;5;276000
248029;2025;50;1;50181
248029;2025;51;4;150545
248029;2025;52;1;37636
248030;2025;45;25;1217272
248030;2025;46;43;2399091
248030;2025;47;41;2375454
248030;2025;48;2;130000
248031;2025;45;12;614727
248031;2025;46;22;1154181
248031;2025;47;32;2007272
248031;2025;48;21;1160454
248031;2025;49;23;1442727
248032;2025;45;10;429090
248032;2025;46;5;236000
248032;2025;47;19;1008363
248032;2025;48;23;1072727
248032;2025;49;86;4092454
248033;2025;46;5;121272
248033;2025;47;1;26363
248033;2025;49;9;237272
248033;2025;50;18;416545
248033;2025;51;7;110727
248033;2025;52;23;363818
248034;2025;49;3;79090
248034;2025;50;5;131818
248034;2025;52;6;94909
248035;2025;46;114;1407272
248035;2025;47;118;1609090
248035;2025;48;104;1418181
248035;2025;49;66;899999
248035;2025;50;51;610909
248036;2025;45;13;2739272
248036;2025;46;16;3398727
248036;2025;47;17;4311818
248036;2025;48;1;253636
248036;2025;49;1;253636
248037;2025;45;17;204545
248037;2025;46;10;133636
248037;2025;47;29;395454
248037;2025;48;3;40909
248037;2025;49;3;40908
248037;2025;50;6;65454
248037;2025;51;1;8181
248037;2025;52;14;114545
248038;2025;45;24;185454
248038;2025;46;20;161818
248038;2025;47;25;227272
248038;2025;48;9;81818
248038;2025;50;5;36363
248038;2025;52;11;60000
248039;2025;46;2;109090
248039;2025;48;3;163636
248039;2025;49;7;409090
248039;2025;50;3;204545
248039;2025;51;2;81818
248040;2025;46;4;250909
248040;2025;47;9;564545
248040;2025;48;13;802909
248040;2025;49;2;125454
248040;2025;51;4;175636
248040;2025;52;1;37636
248041;2025;1;3;112909
248041;2025;45;4;200727
248041;2025;47;10;589636
248041;2025;48;5;288545
248041;2025;49;3;163090
248041;2025;50;1;50181
248041;2025;51;3;112909
248042;2025;45;77;1449999
248042;2025;46;22;445454
248042;2025;47;9;193636
248042;2025;48;14;318181
248042;2025;49;4;90908
248042;2025;50;14;290909
248042;2025;51;13;177272
248042;2025;52;9;122727
248043;2025;44;2;551273
248043;2025;45;6;1998363
248043;2025;50;3;1033636
248044;2025;45;6;977272
248044;2025;46;11;1993636
248044;2025;47;5;977272
248044;2025;49;1;156364
248044;2025;50;1;195454
248045;2025;44;13;3604545
248045;2025;45;50;11673182
248045;2025;46;85;21580136
248045;2025;47;65;18022725
248045;2025;48;73;19714090
248045;2025;49;39;10272953
248045;2025;50;17;4436363
248045;2025;51;5;831818
248045;2025;52;2;554545
248046;2025;44;4;650909
248046;2025;45;15;2017818
248046;2025;46;21;3112972
248046;2025;47;23;3742726
248046;2025;48;100;15751999
248046;2025;49;74;11927908
248046;2025;50;68;10520318
248046;2025;52;6;585818
248047;2025;44;6;1740000
248047;2025;45;53;12586000
248047;2025;46;1;232000
248048;2025;45;23;3510000
248048;2025;46;24;3758181
248049;2025;46;5;227272
248049;2025;47;10;454545
248049;2025;48;23;999999
248049;2025;49;21;945454
248049;2025;50;11;436363
248049;2025;51;2;87727
248050;2025;1;17;560181
248050;2025;45;24;716181
248050;2025;46;27;893454
248050;2025;47;28;982091
248050;2025;48;61;2155636
248050;2025;49;82;2903727
248050;2025;50;129;4488545
248050;2025;51;99;3478090
248050;2025;52;22;765818
248051;2025;46;2;709090
248051;2025;47;9;3190909
248051;2025;48;3;1063636
248051;2025;49;3;1063636
248051;2025;50;3;921818
248052;2025;47;1;809090
248052;2025;49;2;1618181
248053;2025;47;1;8500000
248054;2025;49;1;4090909
248055;2025;45;38;1333636
248055;2025;46;32;1210908
248055;2025;47;9;368181
248055;2025;48;60;2405454
248055;2025;49;46;1869545
248055;2025;50;49;1767272
248055;2025;51;5;122727
248055;2025;52;2;73636
248056;2025;45;31;1080000
248056;2025;46;13;474545
248056;2025;47;23;940909
248056;2025;48;19;777272
248056;2025;49;39;1591363
248056;2025;50;44;1579090
248056;2025;51;45;1153636
248056;2025;52;24;589090
248057;2025;1;12;163636
248057;2025;45;3;54545
248057;2025;46;11;249999
248057;2025;47;11;250000
248057;2025;48;24;450000
248057;2025;49;13;263636
248057;2025;50;27;490909
248057;2025;51;45;622727
248057;2025;52;20;272727
248058;2025;46;57;1449999
248058;2025;47;77;2022090
248058;2025;48;45;1167909
248058;2025;49;15;395454
248058;2025;50;35;843636
248058;2025;51;11;174000
248059;2025;45;47;2872727
248059;2025;46;24;1580000
248059;2025;47;1;71818
248060;2025;45;25;926545
248060;2025;46;37;1568000
248060;2025;47;36;1594726
248060;2025;48;21;935454
248060;2025;49;44;1951090
248060;2025;50;58;2227272
248060;2025;51;118;3296363
248060;2025;52;11;294000
248061;2025;46;72;1549999
248061;2025;47;45;1022727
248061;2025;48;40;845454
248061;2025;49;41;927272
248061;2025;50;18;404545
248061;2025;51;1;13636
248061;2025;52;1;13636
248062;2025;45;24;1273090
248062;2025;46;20;1307090
248062;2025;47;27;1939090
248062;2025;48;42;2930181
248062;2025;49;34;2434636
248062;2025;50;14;868999
248063;2025;45;3;54545
248063;2025;46;2;45454
248063;2025;47;5;113636
248063;2025;48;2;45454
248063;2025;49;1;22727
248063;2025;51;3;40909
248063;2025;52;3;40909
248064;2025;46;52;787636
248064;2025;47;41;708181
248064;2025;48;36;594181
248064;2025;49;34;532000
248064;2025;50;45;642545
248064;2025;51;12;138182
248064;2025;52;7;72545
248064;2026;2;12;207273
248064;2026;5;3;51818
248064;2026;7;2;34545
248065;2025;44;2;536363
248065;2025;45;2;482727
248065;2025;46;6;1501818
248065;2025;47;9;2413636
248065;2025;48;12;3164545
248065;2025;49;20;5363636
248065;2025;50;17;4022727
248066;2025;43;1;362727
248066;2025;47;1;362727
248066;2025;50;1;362727
248066;2025;51;2;725454
248067;2025;44;2;690909
248067;2025;45;8;2418181
248067;2025;46;14;4421818
248067;2025;47;3;1036363
248067;2025;51;1;241818
248068;2025;44;3;1418181
248068;2025;45;3;1229090
248068;2025;46;13;5200000
248068;2025;47;5;2363636
248068;2025;48;17;7941817
248068;2025;49;6;2836363
248068;2025;50;17;6807272
248068;2025;51;13;4632727
248068;2025;52;4;1323636
248069;2025;44;4;3090909
248069;2025;45;25;16072727
248069;2025;46;16;10818181
248069;2025;47;12;9272727
248069;2025;48;17;12750000
248069;2025;49;15;11590909
248069;2025;50;7;4945454
248069;2025;51;1;463636
248071;2025;45;4;3345454
248071;2025;46;4;3345454
248071;2025;47;3;3136363
248071;2025;48;2;2090909
248071;2025;49;2;1986363
248071;2025;50;3;3136363
248071;2025;51;2;1359091
248072;2025;47;1;2018400
248073;2025;45;3;141818
248073;2025;46;11;590909
248073;2025;47;13;768181
248073;2025;48;8;472727
248073;2025;49;10;590909
248073;2025;50;7;354545
248073;2025;51;1;41363
248075;2025;45;4;567272
248075;2025;46;8;1276363
248076;2025;45;3;621818
248076;2025;46;13;2850000
248076;2025;47;6;1554545
248076;2025;48;1;259090
248076;2025;49;1;259090
248077;2025;46;14;933636
248077;2025;47;13;926454
248077;2025;48;16;1149090
248077;2025;49;13;933636
248077;2025;51;1;57454
248078;2025;45;1;90909
248078;2025;46;7;727272
248078;2025;47;16;1806818
248078;2025;48;14;1590909
248078;2025;49;6;681818
248079;2025;45;6;414545
248079;2025;46;4;310909
248079;2025;47;3;259090
248079;2025;48;5;431818
248081;2025;45;29;643272
248081;2025;46;85;2061637
248081;2025;47;35;922727
248081;2025;48;94;2436000
248081;2025;49;97;2517727
248081;2025;50;19;479818
248081;2025;51;1;10546
248082;2025;45;7;197272
248082;2025;46;8;235454
248082;2025;49;4;127272
248083;2025;45;6;196363
248083;2025;46;22;769090
248083;2025;47;20;818181
248083;2025;48;13;531818
248083;2025;49;10;409090
248083;2025;50;1;40909
248086;2025;45;2;109090
248086;2025;46;17;1036363
248086;2025;47;18;1227272
248088;2025;46;1;313636
248088;2025;47;1;313636
248088;2025;48;2;627272
248088;2025;49;2;627272
248089;2025;46;1;431818
248089;2025;48;1;431818
248089;2025;49;2;863636
248089;2025;50;2;863636
248102;2025;44;1;50000
248102;2025;46;1;50000
248102;2025;47;2;100000
248102;2025;48;1;50000
248102;2025;49;1;50000
248102;2025;50;16;660000
248102;2025;51;22;660000
248103;2025;45;3;185454
248103;2025;46;31;2179092
248103;2025;47;30;2318181
248103;2025;48;23;1699999
248103;2025;49;19;1375454
248103;2025;50;14;822182
248104;2025;41;2;81818
248104;2025;43;9;368181
248104;2025;44;2;81818
248104;2025;45;13;474545
248104;2025;46;22;871363
248104;2025;47;12;486818
248104;2025;48;12;474545
248105;2025;45;2;138181
248105;2025;46;9;708182
248105;2025;47;32;2763636
248105;2025;48;5;414545
248106;2025;45;1;54545
248106;2025;46;2;109090
248106;2025;49;7;449999
248106;2025;50;6;327272
248106;2025;51;8;354545
248106;2025;52;2;81818
248107;2025;50;3;207272
248107;2025;51;6;328181
248108;2025;45;2;56727
248108;2025;46;3;99272
248108;2025;47;3;106363
248108;2025;48;6;198545
248108;2025;49;12;368727
248108;2025;50;16;453818
248108;2025;51;13;290727
248108;2025;52;5;106363
248109;2025;48;1;44545
248109;2025;51;14;463272
248109;2025;52;2;53454
248110;2025;1;2;98181
248110;2025;45;5;392727
248110;2025;46;2;163636
248110;2025;50;3;212727
248111;2025;45;1;35636
248111;2025;46;3;133636
248111;2025;47;7;311818
248111;2025;48;3;133636
248111;2025;49;7;267272
248111;2025;50;12;427636
248111;2025;51;15;400909
248111;2025;52;5;133636
248112;2025;45;1;32727
248112;2025;46;17;625908
248112;2025;47;9;368181
248112;2025;48;8;327272
248112;2025;49;1;40909
248113;2025;45;5;163636
248113;2025;46;3;122727
248113;2025;47;12;490908
248113;2025;48;19;752727
248113;2025;49;20;703636
248113;2025;50;10;327272
248113;2025;51;2;49091
248114;2025;45;24;716181
248114;2025;46;24;694909
248114;2025;47;24;850909
248114;2025;48;16;517636
248114;2025;49;6;212727
248114;2025;51;1;21273
248115;2025;45;20;567272
248115;2025;46;46;1439455
248115;2025;47;5;177272
248115;2025;48;1;35454
248116;2025;45;3;200909
248116;2025;46;4;278181
248116;2025;48;8;618181
248116;2025;49;1;61818
248116;2025;51;3;139090
248116;2025;52;3;139090
248117;2025;1;3;63818
248117;2025;46;8;255272
248117;2025;47;6;212727
248117;2025;48;12;404181
248117;2025;49;9;304909
248117;2025;50;21;595636
248117;2025;51;7;156000
248118;2025;42;2;118181
248118;2025;43;1;59090
248118;2025;44;1;59090
248118;2025;46;4;189090
248118;2025;47;2;118181
248118;2025;48;2;118181
248118;2025;49;6;354545
248118;2025;50;1;47272
248118;2025;51;13;460909
248118;2025;52;2;70909
248119;2025;45;8;226909
248119;2025;46;50;1627363
248119;2025;47;14;496363
248120;2025;45;6;196363
248120;2025;46;28;1010454
248120;2025;47;20;818181
248120;2025;48;65;2376818
248121;2025;46;12;967273
248121;2025;47;8;690909
248121;2025;48;18;1450909
248121;2025;49;17;1381818
248121;2025;50;4;276363
248121;2025;51;2;103636
248122;2025;46;4;178181
248122;2025;47;6;267272
248122;2025;49;2;89090
248122;2025;50;6;213818
248122;2025;51;154;4142727
248122;2025;52;8;213818
248123;2025;45;7;330909
248123;2025;46;9;472727
248123;2025;47;2;118181
248124;2025;1;6;193090
248124;2025;46;2;107272
248124;2025;48;1;53636
248124;2025;49;1;42909
248124;2025;50;7;300363
248124;2025;51;13;461272
248124;2025;52;3;96545
248125;2025;1;2;53454
248125;2025;45;3;106909
248125;2025;46;1;44545
248125;2025;48;3;115818
248125;2025;49;4;178182
248125;2025;50;3;106908
248125;2025;51;4;124727
248125;2025;52;1;26727
248126;2025;43;7;413636
248126;2025;45;7;342727
248126;2025;47;3;177272
248126;2025;49;2;118181
248126;2025;51;7;248181
248126;2025;52;4;141818
248127;2025;1;4;106909
248127;2025;49;4;178181
248127;2025;51;4;106909
248127;2025;52;2;53454
248128;2025;45;2;50909
248128;2025;46;5;210000
248128;2025;50;5;178181
248128;2025;51;5;133636
248128;2025;52;2;53454
248130;2025;1;4;106909
248130;2025;51;12;338545
248130;2025;52;2;53454
248132;2025;45;2;114909
248132;2025;50;4;229818
248132;2025;52;1;43090
248134;2025;47;10;590909
248134;2025;48;9;531818
248134;2025;49;6;295454
248134;2025;50;18;850909
248134;2025;51;6;212727
248136;2025;46;2;107272
248136;2025;47;6;321818
248136;2025;48;11;590000
248136;2025;49;4;182363
248136;2025;50;16;686545
248136;2025;51;3;96545
248139;2025;46;1;53636
248139;2025;48;3;160909
248139;2025;49;3;160909
248139;2025;50;5;214545
248139;2025;51;7;246727
248141;2025;47;43;2672181
248141;2025;48;14;752727
248141;2025;49;23;1354909
248141;2025;50;10;501818
248141;2025;51;7;263454
248143;2025;45;1;50181
248143;2025;46;6;376363
248143;2025;47;14;878181
248143;2025;48;11;677454
248143;2025;49;10;614727
248143;2025;50;25;1236982
248143;2025;51;5;200727
248145;2025;43;1;80909
248145;2025;45;7;517818
248145;2025;46;6;404545
248145;2025;50;2;145636
248145;2025;51;1;48545
248146;2025;45;8;439090
248146;2025;46;9;476727
248146;2025;47;27;1668546
248146;2025;48;4;250909
248148;2025;45;14;702545
248148;2025;46;10;526909
248148;2025;47;24;1505454
248149;2025;46;3;133636
248149;2025;49;5;178181
248149;2025;51;3;80181
248150;2025;48;2;89090
248150;2025;50;4;142545
248150;2025;51;15;400909
248151;2025;46;16;1226363
248151;2025;47;31;2585727
248152;2025;46;1;772727
248152;2025;47;1;772727
248152;2025;49;3;2318181
248152;2025;51;1;463636
248153;2025;1;1;26727
248153;2025;46;2;80181
248153;2025;47;5;222727
248153;2025;48;1;44545
248153;2025;49;3;133636
248153;2025;50;1;35636
248153;2025;51;5;133636
248153;2025;52;8;213818
248154;2025;46;1;1062727
248154;2025;47;1;1062727
248154;2025;48;1;1062727
248154;2025;49;1;1062727
248154;2025;50;2;1912908
248155;2025;46;1;1545454
248155;2025;48;2;2781818
248155;2025;49;2;3090909
248155;2025;50;2;2163636
248155;2025;51;5;5872727
248156;2025;48;1;2181818
248156;2025;49;1;2181818
248156;2025;50;1;2181818
248156;2025;51;5;7636363
248156;2025;52;1;1527272
248157;2025;49;1;3909090
248157;2025;50;1;3127272
248158;2025;41;2;45454
248158;2025;42;13;277272
248158;2025;44;4;90909
248158;2025;45;16;331818
248158;2025;46;15;286363
248158;2025;47;12;272727
248158;2025;48;2;45454
248158;2025;49;2;36363
248158;2025;50;8;145454
248158;2025;51;31;422727
248159;2025;46;15;1050909
248159;2025;47;14;1081818
248159;2025;48;10;772727
248159;2025;49;21;1622727
248159;2025;50;11;795909
248160;2025;45;3;114545
248160;2025;46;8;294545
248160;2025;47;4;163636
248160;2025;48;4;163636
248160;2025;49;8;327272
248160;2025;50;13;490909
248160;2025;51;10;245454
248160;2025;52;4;98181
248161;2025;47;3;1227272
248161;2025;48;12;3281818
248161;2025;49;9;2290909
248162;2025;46;3;623636
248162;2025;47;3;645909
248162;2025;48;3;668181
248162;2025;49;8;1603636
248162;2025;50;4;757272
248162;2025;51;3;467727
248162;2025;52;4;757273
248162;2026;6;1;222727
248162;2026;8;2;445454
248162;2026;17;1;111363
248163;2025;46;5;824727
248163;2025;47;3;498272
248163;2025;48;5;859090
248163;2025;49;7;1065273
248163;2025;50;8;1254272
248163;2025;51;1;120272
248163;2025;52;1;171818
248163;2026;3;1;171818
248164;2025;46;2;433636
248164;2025;49;1;240909
248164;2025;50;1;240909
248164;2025;52;1;144545
248164;2026;2;1;240909
248164;2026;5;2;481818
248164;2026;7;2;421590
248164;2026;11;1;240909
248164;2026;15;1;240909
248165;2025;43;3;118636
248165;2025;44;1;45000
248165;2025;45;6;196363
248165;2025;46;2;73636
248165;2025;47;7;286363
248165;2025;48;1;40909
248165;2025;50;2;65454
248165;2025;51;7;171818
248165;2025;52;4;98181
248166;2025;46;5;999272
248166;2025;48;1;208181
248166;2025;51;3;374727
248166;2026;5;1;208181
248166;2026;6;1;208181
248166;2026;7;2;312272
248167;2025;46;13;1477272
248167;2025;47;8;909090
248167;2025;48;11;1249999
248167;2025;49;8;909090
248167;2025;50;11;1136363
248167;2025;51;4;363636
248167;2025;52;2;136363
248167;2026;2;1;113636
248167;2026;3;2;227272
248167;2026;4;3;340909
248167;2026;5;3;340909
248167;2026;6;4;402909
248167;2026;7;2;204545
248167;2026;9;3;340909
248167;2026;10;2;227272
248167;2026;11;2;181817
248167;2026;12;3;340909
248167;2026;13;19;2159090
248167;2026;16;1;113636
248167;2026;17;3;340909
248168;2025;43;1;36818
248168;2025;44;1;40909
248168;2025;46;2;81818
248168;2025;47;2;81818
248168;2025;50;1;32727
248168;2025;52;3;73636
248169;2025;41;1;40909
248169;2025;47;1;40909
248169;2025;48;4;163636
248169;2025;49;1;40909
248169;2025;51;5;122727
248170;2025;41;3;68181
248170;2025;42;2;45454
248170;2025;45;6;109090
248170;2025;46;6;136363
248170;2025;47;12;272726
248170;2025;48;3;68181
248170;2025;49;1;22727
248170;2025;50;9;186363
248170;2025;51;9;122727
248170;2025;52;10;136363
248171;2025;41;4;236363
248171;2025;42;6;354545
248171;2025;45;6;295454
248171;2025;46;26;1453636
248171;2025;47;12;709090
248171;2025;48;2;118181
248171;2025;50;4;189090
248172;2025;45;1;59090
248172;2025;50;4;189090
248172;2025;52;1;35454
248173;2025;45;1;40909
248173;2025;46;43;1587272
248173;2025;47;12;490910
248173;2025;48;2;81818
248173;2025;49;6;228272
248173;2025;51;2;49090
248173;2025;52;2;49090
248174;2025;41;2;52727
248174;2025;42;4;89636
248174;2025;44;3;79090
248174;2025;45;6;126545
248174;2025;46;17;427090
248174;2025;47;11;289999
248174;2025;48;3;79090
248174;2025;50;13;326909
248174;2025;51;37;595818
248174;2025;52;37;585272
248175;2025;47;3;79090
248175;2025;48;55;1365636
248175;2025;49;30;790909
248175;2025;50;24;574727
248175;2025;51;30;495636
248175;2025;52;1;15818
248176;2025;1;1;13636
248176;2025;47;3;68181
248176;2025;48;12;270454
248176;2025;49;6;136363
248176;2025;50;18;354545
248176;2025;51;18;254545
248176;2025;52;26;354545
248177;2025;41;1;22727
248177;2025;42;2;45454
248177;2025;43;6;136363
248177;2025;44;6;136363
248177;2025;45;64;1195454
248177;2025;46;35;699999
248177;2025;47;13;295454
248177;2025;48;6;136363
248177;2025;49;3;68181
248177;2025;50;5;90909
248177;2025;51;2;27272
248178;2025;45;1;53636
248178;2025;47;4;214545
248178;2025;48;6;300363
248178;2025;49;6;300363
248178;2025;50;9;386181
248178;2025;51;39;1276545
248178;2025;52;2;64363
248180;2025;41;7;222727
248180;2025;42;5;159090
248180;2025;43;7;216363
248180;2025;44;8;257727
248180;2025;45;30;801818
248180;2025;46;15;419999
248182;2025;41;5;90909
248182;2025;42;9;163636
248182;2025;43;19;345454
248182;2025;44;5;90909
248182;2025;45;4;61818
248182;2025;46;4;58181
248183;2025;41;4;54545
248183;2025;42;8;109090
248183;2025;43;6;81818
248183;2025;44;2;27272
248183;2025;45;4;54545
248183;2025;46;17;185454
248183;2025;49;4;54545
248183;2025;50;3;40909
248192;2025;42;8;945454
248192;2025;45;1;118181
248199;2025;41;5;295454
248199;2025;42;4;224545
248199;2025;43;13;768181
248199;2025;44;14;827272
248218;2025;42;2;139090
248218;2025;43;1;77272
248218;2025;45;11;772727
248218;2025;46;2;123636
248218;2025;47;2;154545
248218;2025;48;11;803636
248218;2025;49;3;231818
248218;2025;50;2;139090
248218;2025;51;2;92727
248221;2025;44;10;772727
248221;2025;45;3;231818
248221;2025;47;1;77272
248221;2025;48;1;77272
248221;2025;51;1;46363
248224;2025;41;8;356363
248224;2025;42;2;89090
248224;2025;43;9;400909
248224;2025;44;17;757272
248224;2025;45;30;1238363
248224;2025;46;5;213818
248224;2025;47;1;44545
248228;2025;43;1;36363
248228;2025;44;17;618181
248228;2025;45;6;218181
248228;2025;49;3;109090
248228;2025;50;2;72727
248228;2025;51;4;145454
248228;2025;52;18;654545
248231;2025;42;52;954545
248231;2025;43;3;68181
248231;2025;45;3;54545
248231;2025;46;25;500000
248231;2025;47;24;545454
248231;2025;48;10;181818
248231;2025;49;12;227272
248231;2025;50;14;254545
248231;2025;51;1;13636
248234;2025;44;24;1069090
248234;2025;45;8;356363
248234;2025;47;17;757272
248234;2025;48;1;44545
248238;2025;1;11;90000
248238;2025;42;5;68181
248238;2025;43;5;68181
248238;2025;45;5;68181
248238;2025;46;9;114545
248238;2025;47;15;204545
248238;2025;48;13;174545
248238;2025;49;27;343636
248238;2025;50;40;436363
248238;2025;51;63;518181
248238;2025;52;34;278181
248241;2025;41;5;68181
248241;2025;42;14;190909
248241;2025;43;2;27272
248241;2025;44;31;422727
248241;2025;45;174;2064545
248241;2025;46;19;207272
248243;2025;41;3;40909
248243;2025;42;26;343636
248243;2025;43;18;245454
248243;2025;44;27;368181
248243;2025;45;85;1000909
248243;2025;46;81;960000
248246;2025;1;26;212727
248246;2025;42;4;54545
248246;2025;44;15;204545
248246;2025;45;29;335454
248246;2025;46;36;422727
248246;2025;47;22;294545
248246;2025;48;54;660000
248246;2025;49;28;329999
248246;2025;50;62;676363
248246;2025;51;126;1041818
248246;2025;52;76;621818
248247;2025;42;4;54545
248247;2025;43;2;27272
248247;2025;44;16;210000
248247;2025;45;36;422727
248247;2025;46;15;193636
248247;2025;47;50;676363
248247;2025;48;5;57272
248247;2025;49;14;174545
248247;2025;50;4;43636
248247;2025;51;1;8181
248249;2025;42;6;190909
248249;2025;43;6;190909
248249;2025;44;2;63636
248249;2025;45;31;840000
248249;2025;46;49;1272727
248251;2025;44;3;122727
248251;2025;45;19;654545
248251;2025;46;1;40909
248251;2025;48;7;270000
248251;2025;50;5;204545
248251;2025;51;3;73636
248254;2025;42;3;98181
248254;2025;43;3;122727
248254;2025;44;3;122727
248254;2025;45;15;503181
248254;2025;46;7;237272
248254;2025;47;6;245454
248254;2025;48;10;392727
248254;2025;50;2;65454
248254;2025;51;8;196363
248254;2025;52;3;73636
248259;2025;42;17;231818
248259;2025;43;7;95454
248259;2025;44;5;68181
248259;2025;45;34;409090
248259;2025;46;28;332727
248259;2025;47;23;313636
248259;2025;48;48;545454
248259;2025;49;62;777272
248259;2025;50;24;261818
248260;2025;42;2;27272
248260;2025;43;27;346363
248260;2025;44;3;43636
248260;2025;45;26;294545
248260;2025;46;33;406363
248260;2025;47;24;327272
248260;2025;48;58;687272
248260;2025;49;29;346363
248260;2025;50;38;414545
248260;2025;52;5;61364
248261;2025;47;8;145454
248261;2025;48;42;687275
248261;2025;49;37;629090
248261;2025;50;26;378181
248261;2025;51;23;250909
248262;2025;42;19;250909
248262;2025;43;5;68181
248262;2025;44;6;81818
248262;2025;45;45;507272
248262;2025;46;63;763636
248262;2025;47;99;1349996
248262;2025;48;26;351818
248262;2025;49;1;13636
248262;2025;50;1;10909
248263;2025;47;23;313636
248263;2025;48;80;964090
248263;2025;49;67;906818
248263;2025;50;21;229090
248263;2025;51;1;8181
248270;2025;46;6;654545
248270;2025;47;18;1963636
248271;2025;45;2;516363
248271;2025;46;3;839090
248271;2025;51;1;225909
248272;2025;45;1;290181
248272;2025;46;3;870545
248272;2025;48;1;362727
248272;2025;49;1;362727
248273;2025;42;2;72727
248273;2025;45;11;341818
248273;2025;46;13;472727
248273;2025;47;30;1090909
248273;2025;48;12;436363
248273;2025;49;6;218181
248274;2025;42;2;361818
248274;2025;44;1;180909
248274;2025;45;9;1465363
248275;2025;46;7;1431818
248275;2025;47;3;613636
248275;2025;49;1;204545
248275;2025;50;6;1104545
248275;2025;51;7;1002272
248276;2025;44;3;515454
248276;2025;45;7;962181
248276;2025;46;2;343636
248277;2025;43;1;136363
248277;2025;44;3;409090
248277;2025;45;16;1827272
248277;2025;46;5;572727
248278;2025;41;3;409090
248278;2025;42;9;1227272
248279;2025;42;2;263636
248279;2025;44;4;527272
248279;2025;45;6;711818
248279;2025;46;11;1239090
248279;2025;47;1;131818
248279;2025;48;1;131818
248280;2025;43;3;458181
248280;2025;44;2;327272
248280;2025;45;5;687272
248281;2025;42;2;416363
248281;2025;43;4;811909
248281;2025;44;4;832727
248295;2025;43;3;477272
248295;2025;44;10;1590909
248295;2025;45;3;477272
248300;2025;43;2;252727
248300;2025;44;3;379090
248300;2025;45;3;303272
248300;2025;46;2;227454
248301;2025;42;3;436363
248301;2025;43;7;1018181
248302;2025;47;1;95454
248302;2025;49;5;477272
248302;2025;51;5;334090
248302;2025;52;1;66818
248303;2025;43;6;136363
248303;2025;44;2;36363
248303;2025;45;29;545454
248303;2025;46;50;1004545
248303;2025;47;8;181818
248303;2025;48;25;568181
248312;2025;43;18;310909
248312;2025;44;14;241818
248312;2025;45;29;404181
248312;2025;46;31;466363
248312;2025;50;4;65636
248313;2025;43;10;181818
248313;2025;44;12;218181
248313;2025;45;43;701818
248313;2025;46;27;461818
248313;2025;50;3;47272
248313;2025;52;1;12727
248314;2025;42;8;181818
248314;2025;43;4;90909
248314;2025;44;6;136363
248314;2025;45;13;249999
248314;2025;46;18;377272
248314;2025;47;26;590909
248314;2025;48;17;386363
248314;2025;49;25;568181
248314;2025;50;26;531818
248315;2025;42;2;27272
248315;2025;43;7;95454
248315;2025;44;2;27272
248315;2025;45;8;103636
248315;2025;46;16;196363
248315;2025;47;25;340909
248315;2025;48;9;122727
248315;2025;49;40;545454
248315;2025;50;33;422727
248315;2025;51;1;9545
248316;2025;42;2;47454
248316;2025;43;5;131818
248316;2025;44;3;79090
248316;2025;45;2;52727
248316;2025;46;5;131818
248316;2025;47;8;210909
248316;2025;48;6;158181
248316;2025;49;4;105454
248316;2025;50;27;632727
248316;2025;51;82;1544909
248317;2025;42;1;99090
248317;2025;43;1;99090
248317;2025;45;1;79272
248317;2025;46;1;99090
248317;2025;47;3;297272
248317;2025;48;4;396363
248317;2025;49;14;1387272
248317;2025;50;4;317090
248317;2025;51;20;1387272
248319;2025;42;1;44545
248319;2025;45;6;213818
248319;2025;46;17;677090
248319;2025;47;11;490000
248319;2025;48;6;258363
248319;2025;49;6;262818
248319;2025;50;1;44545
248320;2025;46;1;44545
248320;2025;48;1;44545
248320;2025;49;2;89090
248320;2025;50;2;71272
248320;2025;51;4;106909
248320;2025;52;2;53454
248320;2026;1;1;44545
248321;2025;43;2;89090
248321;2025;45;8;302909
248321;2025;46;10;374181
248321;2025;47;9;400909
248321;2025;48;7;302908
248321;2025;49;5;222727
248321;2025;50;7;294000
248322;2025;45;1;258181
248324;2025;41;3;122727
248324;2025;43;9;368181
248324;2025;44;8;327272
248324;2025;45;70;2405454
248324;2025;46;5;163636
248325;2025;42;4;818181
248325;2025;44;1;204545
248325;2025;45;1;163636
248325;2025;47;1;204545
248325;2025;49;1;204545
248325;2025;50;1;204545
248325;2025;51;2;245454
248326;2025;41;1;181818
248326;2025;42;1;181818
248326;2025;43;2;363636
248326;2025;44;1;181818
248326;2025;45;5;872727
248326;2025;46;2;363636
248327;2025;43;2;139090
248327;2025;44;1;77272
248327;2025;45;9;571818
248327;2025;46;4;293636
248327;2025;47;2;154545
248327;2025;48;1;77272
248327;2025;49;2;154545
248327;2025;50;15;927272
248327;2025;51;6;340000
248328;2025;43;1;80909
248328;2025;44;7;566363
248328;2025;45;6;453090
248328;2025;46;9;695818
248328;2025;47;4;323636
248328;2025;48;2;161818
248328;2025;49;2;161818
248328;2025;50;6;436909
248328;2025;51;6;323636
248329;2025;43;3;300000
248329;2025;44;2;200000
248329;2025;45;12;1120000
248329;2025;46;10;840000
248329;2025;47;2;200000
248329;2025;48;2;200000
248329;2025;50;1;80000
248330;2025;41;3;150000
248330;2025;42;7;350000
248330;2025;43;1;50000
248330;2025;44;5;250000
248330;2025;45;37;1730000
248330;2025;46;27;1240000
248330;2025;47;12;600000
248330;2025;48;4;200000
248331;2025;43;3;270000
248331;2025;44;3;270000
248331;2025;45;19;1566000
248331;2025;46;6;540000
248331;2025;48;1;90000
248332;2025;42;1;104545
248332;2025;44;2;209090
248332;2025;45;24;2111818
248332;2025;46;5;522727
248333;2025;42;6;594545
248333;2025;43;6;594545
248333;2025;44;11;1089999
248333;2025;45;5;436000
248333;2025;46;3;257636
248333;2025;47;3;297272
248333;2025;48;2;198181
248334;2025;42;6;490909
248334;2025;43;13;1063636
248334;2025;44;5;409090
248334;2025;45;17;1309090
248334;2025;46;3;229090
248334;2025;47;4;327272
248335;2025;42;12;580000
248335;2025;43;10;500000
248335;2025;44;18;900000
248335;2025;45;24;1090000
248335;2025;46;8;360000
248336;2025;42;2;545454
248336;2025;45;4;981818
248337;2025;42;9;1055454
248337;2025;44;3;351818
248338;2025;45;1;869090
248338;2025;46;1;614556
248339;2025;42;6;1063636
248339;2025;43;6;1063636
248340;2025;41;6;81818
248340;2025;43;2;27272
248340;2025;44;7;95454
248340;2025;45;28;327272
248340;2025;46;64;799090
248340;2025;47;57;763909
248340;2025;48;81;1085454
248340;2025;49;2;27272
248340;2025;50;9;98181
248341;2025;41;3;422727
248341;2025;42;9;1211818
248342;2025;42;11;150000
248342;2025;43;45;564545
248342;2025;44;29;395454
248342;2025;45;97;1183636
248342;2025;46;33;370909
248343;2025;42;6;1221818
248343;2025;43;2;436363
248344;2025;43;4;47272
248344;2025;45;76;1221818
248344;2025;46;174;2883636
248344;2025;47;19;341818
248344;2025;48;10;181818
248344;2025;49;1;14545
248344;2025;50;1;14545
248344;2025;51;9;98182
248345;2025;42;1;54545
248345;2025;43;2;109090
248345;2025;44;1;54545
248345;2025;45;4;207272
248345;2025;46;7;338181
248345;2025;47;3;163636
248345;2025;48;2;109090
248345;2025;49;2;109090
248345;2025;50;9;447272
248345;2025;51;6;229090
248345;2025;52;3;114545
248345;2026;1;2;109090
248345;2026;3;2;109090
248346;2025;44;5;227272
248346;2025;45;3;127272
248346;2025;46;4;154545
248346;2025;47;8;363636
248346;2025;50;6;218181
248346;2025;51;22;654545
248350;2025;42;1;140909
248350;2025;45;10;1127272
248350;2025;46;4;535454
248350;2025;47;3;422727
248353;2025;44;5;222727
248353;2025;45;3;120273
248353;2025;46;5;222727
248353;2025;49;6;213818
248353;2025;51;16;427636
248353;2025;52;19;547909
248354;2025;41;3;95454
248354;2025;43;1;31818
248354;2025;44;1;31818
248354;2025;45;2;63636
248354;2025;46;14;416818
248354;2025;47;3;95454
248355;2025;42;1;31818
248355;2025;46;3;76363
248355;2025;47;18;572727
248355;2025;48;3;95454
248355;2025;50;38;967272
248355;2025;51;15;299090
248355;2025;52;1;19090
248358;2025;42;1;171818
248358;2025;43;1;171818
248358;2025;45;1;171818
248358;2025;46;1;137454
248359;2025;42;2;343636
248359;2025;44;1;171818
248359;2025;45;1;171818
248360;2025;43;1;171818
248360;2025;44;1;171818
248360;2025;45;1;137454
248360;2025;47;1;171818
248361;2025;42;1;159090
248361;2025;43;1;159090
248361;2025;46;1;159090
248361;2025;47;1;159090
248361;2025;48;2;318181
248362;2025;42;3;351818
248362;2025;45;1;117272
248362;2025;46;4;398727
248362;2025;47;3;351818
248362;2025;48;1;93818
248363;2025;43;1;127272
248363;2025;45;1;127272
248363;2025;46;6;636363
248363;2025;47;3;369090
248363;2025;48;1;127272
248364;2025;42;2;161818
248364;2025;44;1;80909
248364;2025;45;5;372181
248364;2025;46;7;501636
248364;2025;47;6;485454
248364;2025;48;2;161818
248365;2025;42;2;237272
248365;2025;43;2;263636
248365;2025;44;2;263636
248365;2025;45;7;817272
248365;2025;46;7;896363
248365;2025;47;3;395454
248365;2025;48;1;131818
248366;2025;43;2;307272
248366;2025;44;1;153636
248366;2025;45;3;368727
248366;2025;46;5;676000
248366;2025;47;5;768181
248367;2025;42;1;195454
248367;2025;43;1;195454
248367;2025;45;1;195454
248367;2025;47;2;390909
248367;2025;48;1;195454
248367;2025;50;1;175909
248368;2025;44;2;45454
248368;2025;45;2;36363
248368;2025;46;1;18181
248368;2025;47;8;181818
248368;2025;48;5;113636
248368;2025;49;41;931818
248368;2025;50;17;381818
248368;2025;51;16;218182
248368;2025;52;2;27272
248369;2025;41;2;45454
248369;2025;42;1;22727
248369;2025;45;13;245454
248369;2025;46;23;436363
248369;2025;47;24;545454
248370;2025;41;2;45454
248370;2025;42;2;45454
248370;2025;44;2;45454
248370;2025;45;45;831818
248370;2025;46;55;1240909
248370;2025;47;20;454545
248370;2025;51;1;13636
248371;2025;42;5;1040909
248371;2025;43;2;322682
248371;2025;45;5;832727
248372;2025;41;1;213636
248372;2025;42;5;1068181
248372;2025;43;1;192273
248372;2025;44;2;427272
248372;2025;45;8;1335227
248372;2025;46;1;213636
248373;2025;42;1;45454
248373;2025;46;14;518181
248373;2025;47;7;318181
248373;2025;48;2;90909
248373;2025;49;12;545454
248373;2025;50;12;486363
248373;2025;51;11;300000
248373;2025;52;2;54545
248374;2025;42;3;95454
248374;2025;43;17;486818
248374;2025;44;27;859090
248374;2025;45;20;524999
248374;2025;46;4;120908
248374;2025;47;14;445454
248374;2025;48;2;63636
248374;2025;49;11;343637
248375;2025;47;2;52727
248375;2025;48;8;210909
248375;2025;49;5;105454
248375;2025;50;8;168727
248375;2025;52;8;126545
248376;2025;45;2;52727
248376;2025;46;6;158181
248376;2025;49;3;79090
248376;2025;50;4;84363
248376;2025;51;16;253090
248376;2025;52;4;63272
248377;2025;45;3;79090
248377;2025;46;6;152909
248377;2025;47;18;474545
248377;2025;48;7;184545
248377;2025;49;3;73818
248377;2025;50;30;632727
248377;2025;51;17;268909
248377;2025;52;6;94909
248378;2025;45;3;54545
248378;2025;46;2;36363
248378;2025;47;1;22727
248378;2025;48;5;109090
248378;2025;49;73;1659090
248378;2025;50;19;345454
248378;2025;51;14;190908
248379;2025;1;2;27272
248379;2025;42;1;22727
248379;2025;43;5;113636
248379;2025;45;16;327272
248379;2025;46;12;250000
248379;2025;47;40;840908
248379;2025;50;3;54545
248379;2025;51;18;245454
248379;2025;52;5;68181
248380;2025;46;1;18181
248380;2025;47;2;45454
248380;2025;48;21;468181
248380;2025;49;7;159090
248380;2025;50;6;109090
248380;2025;51;7;104545
248380;2025;52;13;177272
248381;2025;41;5;113636
248381;2025;43;4;90909
248381;2025;44;23;522727
248381;2025;45;48;922727
248381;2025;46;6;131818
248381;2025;47;1;22727
248381;2025;49;23;522726
248381;2025;50;2;36363
248381;2025;51;18;309090
248381;2025;52;1;13636
248382;2025;41;7;190909
248382;2025;42;3;81818
248382;2025;45;13;321818
248382;2025;46;16;406363
248382;2025;47;16;436363
248382;2025;48;39;1063636
248383;2025;46;3;338181
248383;2025;47;3;422727
248383;2025;49;2;281818
248383;2025;50;1;126818
248384;2025;43;1;172727
248384;2025;45;1;172727
248384;2025;46;1;138181
248385;2025;43;1;180909
248385;2025;46;1;180909
248385;2025;48;1;180909
248385;2025;49;1;180909
248385;2025;50;2;289454
248386;2025;43;2;112272
248386;2025;44;2;118181
248386;2025;45;2;106363
248386;2025;48;1;59090
248386;2025;49;5;265909
248387;2025;48;4;87272
248387;2025;50;5;109090
248388;2025;1;3;31090
248388;2025;42;8;120909
248388;2025;45;20;345454
248388;2025;46;7;103636
248388;2025;47;25;431818
248388;2025;48;5;69090
248388;2025;49;1;13818
248388;2025;50;14;193454
248388;2025;51;19;196909
248388;2025;52;17;176181
248389;2025;42;2;107273
248389;2025;43;2;107272
248389;2025;44;14;750909
248389;2025;45;6;321817
248389;2025;47;2;107272
248389;2025;49;19;868908
248390;2025;44;13;933636
248390;2025;45;3;215454
248390;2025;49;5;359090
248390;2025;50;1;71818
248390;2025;51;6;258545
248391;2025;41;3;290000
248391;2025;42;2;160000
248391;2025;43;4;400000
248391;2025;44;3;300000
248391;2025;45;4;320000
248392;2025;41;2;245454
248392;2025;42;1;98181
248392;2025;45;5;527727
248393;2025;45;2;85818
248393;2025;46;2;85818
248393;2025;47;4;214545
248393;2025;50;2;85818
248393;2025;51;3;96545
248397;2025;44;1;122727
248397;2025;45;3;294545
248397;2025;46;4;441818
248397;2025;47;1;122727
248397;2025;48;2;233182
248397;2025;49;2;245454
248397;2025;50;3;319090
248397;2025;51;8;589090
248397;2025;52;5;368181
248398;2025;44;8;1010909
248398;2025;45;2;202181
248398;2025;46;1;126363
248398;2025;47;1;126363
248401;2025;43;1;162727
248401;2025;44;11;1790000
248407;2025;42;1;172727
248407;2025;43;2;345454
248407;2025;44;4;690909
248407;2025;45;2;276363
248407;2025;46;6;829090
248407;2025;49;1;172727
248408;2025;41;2;325454
248408;2025;43;1;162727
248408;2025;44;5;813636
248408;2025;45;7;960091
248408;2025;46;1;162727
248411;2025;43;1;100000
248411;2025;44;3;300000
248411;2025;45;11;950000
248411;2025;46;10;840000
248412;2025;41;3;68181
248412;2025;44;10;227272
248412;2025;45;22;431818
248412;2025;46;61;1218181
248412;2025;47;7;145454
248412;2025;48;20;454545
248412;2025;49;5;113636
248412;2025;50;6;109090
248417;2025;42;1;162727
248417;2025;45;1;162727
248417;2025;46;2;325454
248417;2025;47;2;325454
248417;2025;48;6;976363
248420;2025;41;2;190909
248420;2025;42;8;763636
248420;2025;43;1;95454
248420;2025;44;5;477272
248420;2025;45;7;553636
248423;2025;1;7;171818
248423;2025;42;1;40909
248423;2025;45;5;188181
248423;2025;46;10;388636
248423;2025;47;4;163636
248423;2025;48;8;278181
248423;2025;49;1;32727
248423;2025;50;1;32727
248423;2025;51;5;122727
248423;2025;52;5;122727
248424;2025;43;4;650909
248424;2025;44;7;1139090
248424;2025;45;6;911272
248424;2025;46;1;162727
248425;2025;47;3;215454
248425;2025;48;17;1149090
248425;2025;49;2;143636
248425;2025;50;14;804363
248426;2025;1;9;240545
248426;2025;48;6;258363
248426;2025;50;2;71272
248426;2025;51;3;80181
248426;2025;52;5;133636
248427;2025;41;1;180909
248427;2025;44;2;361818
248427;2025;45;1;144727
248428;2025;43;1;231818
248428;2025;46;1;231818
248429;2025;43;2;109090
248429;2025;45;1;54545
248429;2025;47;6;327272
248429;2025;48;3;163636
248429;2025;49;11;600000
248429;2025;51;9;294545
248429;2025;52;16;523636
248430;2025;43;4;212727
248430;2025;46;7;413636
248430;2025;47;2;118181
248430;2025;48;1;59090
248430;2025;49;1;59090
248430;2025;50;5;271818
248430;2025;51;9;319090
248430;2025;52;7;248181
248431;2025;43;6;290000
248431;2025;44;9;450000
248431;2025;45;13;520000
248431;2025;46;17;775000
248431;2025;47;14;680000
248431;2025;50;2;100000
248432;2025;42;5;240000
248432;2025;43;3;163636
248432;2025;45;1;43636
248432;2025;47;12;621818
248432;2025;48;4;218181
248432;2025;51;15;578181
248455;2025;1;3;47454
248455;2025;41;2;52727
248455;2025;44;7;184545
248455;2025;45;3;79090
248455;2025;46;10;242545
248455;2025;47;20;527272
248455;2025;48;3;79090
248455;2025;49;3;79090
248455;2025;51;4;73818
248455;2025;52;1;15818
248459;2025;42;1;90000
248459;2025;44;3;270000
248459;2025;45;1;90000
248459;2025;46;6;486000
248459;2025;48;1;72000
248460;2025;46;2;409090
248460;2025;47;1;227272
248460;2025;48;2;454545
248460;2025;50;2;454545
248460;2025;51;2;272727
248460;2025;52;1;136363
248461;2025;45;1;231818
248461;2025;47;1;231818
248461;2025;48;1;231818
248461;2025;50;1;231818
248462;2025;42;2;263636
248462;2025;43;2;263636
248462;2025;44;4;527272
248462;2025;45;2;210909
248462;2025;46;2;237272
248462;2025;47;4;527272
248462;2025;49;1;131818
248462;2025;50;3;395454
248462;2025;51;1;79090
248462;2025;52;1;79090
248463;2025;44;1;213636
248463;2025;45;2;384545
248463;2025;46;1;170909
248463;2025;49;1;213636
248463;2025;50;1;213636
248463;2025;51;2;341818
248463;2025;52;1;128181
248464;2025;44;1;199090
248464;2025;45;1;199090
248464;2025;46;2;358363
248464;2025;49;1;199090
248464;2025;51;2;238909
248465;2025;44;1;80909
248465;2025;48;1;80909
248465;2025;49;1;80909
248465;2025;51;3;145636
248465;2025;52;1;48545
248466;2025;44;2;200000
248466;2025;46;2;200000
248466;2025;51;4;240000
248467;2025;41;2;209090
248467;2025;42;6;543636
248467;2025;43;4;418181
248467;2025;45;2;188181
248467;2025;46;1;83636
248467;2025;47;1;104545
248468;2025;41;3;313636
248468;2025;42;9;836363
248468;2025;43;4;418181
248469;2025;42;2;182954
248469;2025;43;2;209090
248469;2025;45;3;271818
248469;2025;46;5;501817
248469;2025;47;3;313636
248469;2025;48;1;104545
248470;2025;42;2;135227
248470;2025;43;5;386363
248470;2025;44;2;154545
248470;2025;45;7;448181
248470;2025;46;6;448181
248470;2025;47;2;154545
248471;2025;41;2;70909
248471;2025;42;21;616909
248471;2025;44;13;460909
248471;2025;45;25;833181
248471;2025;47;1;35454
248471;2025;48;2;70909
248472;2025;45;1;1520000
248472;2025;46;3;5320000
248473;2025;45;2;2756363
248474;2025;41;3;242727
248474;2025;42;14;922363
248474;2025;43;6;485454
248474;2025;50;1;80909
248475;2025;41;1;95454
248475;2025;42;11;840000
248478;2025;47;10;627273
248478;2025;48;28;1655999
248478;2025;49;1;62726
248478;2025;50;3;150545
248478;2025;52;2;75272
248480;2025;45;9;111818
248480;2025;46;12;163636
248480;2025;47;5;68181
248480;2025;49;11;139090
248480;2025;50;27;294545
248480;2025;51;14;117272
248480;2025;52;2;16363
248482;2025;42;7;184545
248482;2025;43;5;131818
248482;2025;44;2;52727
248482;2025;45;88;1940363
248482;2025;46;18;464000
248486;2025;42;10;136363
248486;2025;43;14;190909
248486;2025;44;30;409090
248486;2025;45;61;687272
248486;2025;46;50;624545
248486;2025;47;8;102409
248486;2025;49;19;259091
248488;2025;42;10;136363
248488;2025;43;8;109090
248488;2025;44;2;27272
248488;2025;45;44;515454
248488;2025;46;31;343636
248488;2025;47;1;13636
248488;2025;51;10;81818
248491;2025;42;2;63636
248491;2025;43;1;31818
248491;2025;44;2;63636
248491;2025;45;3;85909
248491;2025;46;3;95454
248491;2025;47;26;760454
248491;2025;48;5;152727
248491;2025;49;5;140000
248491;2025;50;1;25454
248491;2025;51;12;229090
248491;2025;52;3;57272
248492;2025;42;5;159090
248492;2025;43;1;31818
248492;2025;45;7;213181
248492;2025;47;6;190909
248492;2025;48;3;95454
248492;2025;50;13;330909
248492;2025;51;2;38181
248492;2025;52;1;19090
248494;2025;41;1;22727
248494;2025;43;10;204545
248494;2025;44;1;22727
248494;2025;45;8;172727
248494;2025;46;17;359090
248494;2025;47;9;204545
248494;2025;48;1;22727
248494;2025;49;3;68181
248494;2025;50;11;209090
248494;2025;51;7;118181
248496;2025;42;5;86363
248496;2025;43;3;51818
248496;2025;44;3;51818
248496;2025;45;5;69090
248496;2025;46;9;138181
248496;2025;47;7;120909
248496;2025;48;6;103636
248496;2025;49;34;580363
248496;2025;50;6;100181
248496;2025;51;9;93272
248496;2025;52;7;72545
248498;2025;43;16;421818
248498;2025;45;5;126545
248498;2025;46;9;237272
248498;2025;47;34;896363
248498;2025;48;29;743454
248498;2025;49;3;79090
248498;2025;50;8;168727
248500;2025;42;3;40909
248500;2025;45;15;177272
248500;2025;46;17;207272
248500;2025;47;14;190909
248500;2025;48;21;259090
248500;2025;49;43;526363
248500;2025;50;31;338181
248500;2025;51;47;384545
248502;2025;42;6;81818
248502;2025;45;2;27272
248502;2025;47;1;13636
248502;2025;48;9;103636
248502;2025;49;86;1104545
248502;2025;50;87;949090
248504;2025;42;2;27272
248504;2025;45;9;117272
248504;2025;46;44;564545
248504;2025;47;60;818181
248504;2025;48;29;362727
248504;2025;49;49;668181
248505;2025;45;24;486363
248505;2025;46;48;1004545
248505;2025;47;48;1090909
248506;2025;42;34;398181
248506;2025;43;33;450000
248506;2025;44;31;422727
248506;2025;45;4;54545
248506;2025;46;78;850909
248508;2025;41;2;52727
248508;2025;42;6;142363
248508;2025;43;3;79090
248508;2025;44;3;79090
248508;2025;45;21;464000
248508;2025;46;27;638000
248508;2025;47;11;290000
248508;2025;48;20;527272
248508;2025;49;4;105454
248508;2025;50;1;26363
248508;2025;51;4;105454
248511;2025;42;1;26363
248511;2025;43;8;200363
248511;2025;44;7;184545
248511;2025;45;20;458727
248511;2025;46;26;590545
248511;2025;47;15;395454
248511;2025;48;13;342727
248511;2025;49;8;210909
248511;2025;50;8;179272
248511;2025;51;5;121272
248512;2025;42;1;83636
248512;2025;43;1;104545
248512;2025;45;2;167272
248512;2025;46;4;418181
248512;2025;48;4;418181
248512;2025;49;5;522727
248512;2025;51;7;439091
248515;2025;42;4;145454
248515;2025;43;2;72727
248515;2025;46;6;189090
248515;2025;47;4;145454
248515;2025;49;13;472727
248515;2025;50;7;225454
248515;2025;51;17;370909
248515;2025;52;12;261818
248516;2025;1;2;43636
248516;2025;44;2;72727
248516;2025;45;4;145454
248516;2025;46;6;210909
248516;2025;49;4;145454
248516;2025;50;10;290909
248516;2025;51;14;305454
248516;2025;52;4;87272
248518;2025;42;3;140000
248518;2025;43;7;350000
248518;2025;44;8;400000
248518;2025;45;25;1120000
248518;2025;46;10;460000
248518;2025;50;1;50000
248519;2025;43;1;104545
248519;2025;44;3;313635
248519;2025;45;12;1170909
248519;2025;48;8;836363
248521;2025;41;3;79090
248521;2025;42;22;569454
248521;2025;43;15;395454
248521;2025;44;13;342727
248521;2025;45;22;479818
248521;2025;46;20;479818
248521;2025;47;12;316363
248521;2025;48;1;26363
248523;2025;42;2;100000
248523;2025;43;1;50000
248523;2025;44;1;50000
248523;2025;45;9;360000
248523;2025;46;31;1450000
248523;2025;47;1;50000
248523;2025;48;12;540000
248525;2025;42;2;107272
248525;2025;43;8;418363
248525;2025;44;5;268181
248525;2025;45;15;665090
248525;2025;46;21;976181
248525;2025;47;3;160909
248527;2025;45;16;718727
248527;2025;46;11;557818
248527;2025;47;17;901090
248527;2025;48;5;268181
248527;2025;50;4;171636
248527;2025;51;1;53636
248530;2025;44;2;163636
248530;2025;45;7;507272
248530;2025;46;11;785454
248530;2025;48;2;163636
248530;2025;49;2;163636
248532;2025;42;2;180000
248532;2025;43;3;252000
248532;2025;44;4;360000
248532;2025;45;9;738000
248532;2025;46;5;360000
248532;2025;47;1;90000
248535;2025;42;1;90000
248535;2025;43;1;81000
248535;2025;44;2;180000
248535;2025;45;10;828000
248535;2025;46;10;756000
248536;2025;42;5;568181
248536;2025;44;3;340909
248536;2025;45;5;454545
248536;2025;46;8;840909
248536;2025;47;3;340909
248537;2025;43;1;102272
248537;2025;44;3;340909
248537;2025;45;4;363636
248537;2025;46;7;750000
248537;2025;47;2;227272
248537;2025;50;1;90909
248537;2025;51;4;272727
248538;2025;41;1;36363
248538;2025;42;8;261818
248538;2025;43;4;130909
248538;2025;45;6;174545
248538;2025;46;6;196363
248538;2025;47;15;534545
248538;2025;48;18;654545
248538;2025;49;9;327272
248538;2025;50;13;421818
248539;2025;41;1;179181
248539;2025;43;2;398181
248539;2025;45;3;517636
248539;2025;46;3;477818
248539;2025;48;1;199090
248541;2025;41;6;190909
248541;2025;42;1;31818
248541;2025;43;7;200454
248541;2025;44;16;509090
248541;2025;46;1;31818
248541;2025;47;1;31818
248541;2025;49;15;477273
248541;2025;50;1;31818
248542;2025;44;2;318181
248542;2025;45;4;509090
248542;2025;46;1;159090
248542;2025;47;1;159090
248542;2025;48;2;318181
248542;2025;49;2;318181
248543;2025;42;2;263636
248543;2025;43;2;263636
248543;2025;44;4;527272
248543;2025;45;3;342727
248543;2025;46;6;738181
248543;2025;47;3;395454
248546;2025;43;2;300000
248546;2025;45;2;300000
248546;2025;46;8;960000
248548;2025;46;13;472727
248548;2025;47;19;690909
248548;2025;48;7;254545
248548;2025;49;32;1163636
248551;2025;44;32;872727
248551;2025;45;41;1052727
250281;2025;42;1;62727
250281;2025;44;6;376363
250281;2025;45;2;100363
250281;2025;46;12;702545
250281;2025;47;3;188181
250282;2025;43;2;125454
250282;2025;44;2;125454
250282;2025;45;7;388909
250282;2025;46;10;614726
250282;2025;47;3;188181
250283;2025;44;1;113636
250283;2025;45;7;681818
250283;2025;46;9;863636
250283;2025;47;1;113636
250284;2025;42;1;59090
250284;2025;44;2;118181
250284;2025;45;9;449090
250284;2025;46;7;354545
250284;2025;47;1;59090
250284;2025;48;2;118181
250285;2025;43;2;172727
250285;2025;45;6;414545
250285;2025;46;9;673636
250285;2025;47;5;431818
250285;2025;48;6;466363
250285;2025;49;5;380000
250285;2025;50;1;69090
250286;2025;42;4;141818
250286;2025;43;12;418363
250286;2025;44;9;319090
250286;2025;45;14;453818
250286;2025;48;9;283636
250287;2025;43;2;89090
250287;2025;44;3;133636
250287;2025;45;1;35636
250287;2025;46;2;71272
250287;2025;47;1;44545
250287;2025;48;2;80181
250287;2025;50;1;35636
250287;2025;51;1;26727
250287;2025;52;4;106909
250288;2025;45;1;40909
250288;2025;47;3;122727
250288;2025;48;2;81818
250288;2025;49;1;40909
250288;2025;50;2;65454
250288;2025;51;3;81818
250288;2025;52;1;24545
250289;2025;1;2;64363
250289;2025;43;1;53636
250289;2025;44;2;107272
250289;2025;45;4;171636
250289;2025;46;5;225272
250289;2025;47;1;53636
250289;2025;48;6;311090
250289;2025;49;4;171636
250289;2025;50;3;128727
250290;2025;44;1;50000
250290;2025;45;33;1450000
250290;2025;47;2;100000
250291;2025;42;4;141818
250291;2025;43;3;106363
250291;2025;44;1;35454
250291;2025;45;16;453818
250291;2025;46;20;581454
250291;2025;47;4;141818
250292;2025;43;3;224090
250292;2025;44;3;231818
250292;2025;45;2;123636
250293;2025;44;2;89090
250293;2025;45;6;213818
250293;2025;47;8;356363
250293;2025;48;3;133636
250293;2025;49;4;178181
250293;2025;50;4;142545
250293;2025;51;2;53454
250293;2025;52;4;106909
250294;2025;44;4;272727
250294;2025;45;6;327272
250294;2025;47;2;136363
250294;2025;50;1;54545
250295;2025;43;1;50000
250295;2025;44;3;150000
250295;2025;45;15;620000
250295;2025;46;24;1090000
250295;2025;47;5;250000
250296;2025;42;1;40909
250296;2025;44;1;40909
250296;2025;45;7;245454
250296;2025;46;27;1030909
250296;2025;47;12;490909
250297;2025;43;2;227272
250297;2025;44;1;113636
250297;2025;45;2;227272
250297;2025;50;1;90909
250298;2025;44;7;413636
250298;2025;45;14;685454
250298;2025;46;3;141818
250299;2025;43;2;100000
250299;2025;46;4;200000
250299;2025;47;12;600000
250299;2025;48;5;240000
250299;2025;49;4;190000
250299;2025;50;3;120000
250299;2025;51;13;410000
250299;2025;52;2;60000
250300;2025;42;2;89090
250300;2025;45;2;71272
250300;2025;46;4;178181
250300;2025;47;13;579090
250300;2025;48;9;374181
250300;2025;49;6;231636
250300;2025;50;13;445455
250300;2025;51;22;596909
250301;2025;45;2;96545
250301;2025;46;2;107272
250301;2025;47;1;53636
250301;2025;49;1;42909
250301;2025;51;1;42909
250302;2025;45;4;203818
250302;2025;46;4;214545
250302;2025;47;2;107272
250302;2025;48;4;214545
250302;2025;49;3;160909
250303;2025;43;1;50000
250303;2025;44;1;50000
250303;2025;45;2;80000
250303;2025;46;3;130000
250303;2025;47;3;150000
250303;2025;48;2;90000
250303;2025;49;5;230000
250303;2025;50;4;160000
250303;2025;51;11;350000
250303;2025;52;4;120000
250304;2025;44;3;79090
250304;2025;45;9;216181
250304;2025;46;4;100181
250304;2025;47;15;395454
250304;2025;48;6;152909
250304;2025;49;5;110727
250304;2025;50;4;84363
250304;2025;51;1;15818
250304;2025;52;1;15818
250305;2025;45;16;579090
250305;2025;46;3;133636
250305;2025;47;8;356363
250305;2025;48;2;80181
250305;2025;51;2;62363
250305;2025;52;1;26727
250306;2025;45;7;422727
250306;2025;46;1;68182
250306;2025;47;10;627272
250306;2025;48;4;245454
250306;2025;51;1;40909
250307;2025;44;2;100000
250307;2025;46;2;90000
250307;2025;49;2;90000
250307;2025;51;6;180000
250308;2025;44;2;52727
250308;2025;47;1;26363
250308;2025;48;8;189818
250308;2025;49;5;126545
250308;2025;50;4;84363
250308;2025;51;3;47454
250308;2025;52;1;15818
250309;2025;42;8;429090
250309;2025;45;8;343272
250310;2025;42;3;122727
250310;2025;45;5;163636
250310;2025;46;6;237272
250310;2025;47;10;409090
250311;2025;45;19;736363
250311;2025;46;3;102272
250311;2025;47;2;81818
250312;2025;43;1;50000
250312;2025;44;1;50000
250312;2025;45;8;400000
250312;2025;46;1;40000
250313;2025;44;1;40909
250313;2025;45;7;253636
250313;2025;46;5;188181
250313;2025;48;6;212727
250313;2025;49;3;114545
250313;2025;50;2;65454
250314;2025;44;1;53636
250314;2025;45;2;96545
250314;2025;46;1;42909
250314;2025;47;1;53636
250314;2025;48;5;268181
250314;2025;49;2;96545
250314;2025;50;2;85818
250314;2025;51;1;32181
250315;2025;44;1;35454
250315;2025;45;1;28363
250315;2025;46;5;156000
250315;2025;47;2;70909
250315;2025;48;10;319090
250315;2025;49;5;177272
250316;2025;42;3;95454
250316;2025;43;5;159090
250316;2025;44;9;286363
250316;2025;45;3;76363
250316;2025;48;4;114545
250317;2025;45;28;769999
250317;2025;46;8;254545
250318;2025;42;1;31818
250318;2025;45;1;25454
250318;2025;46;11;305454
250318;2025;47;5;152727
250318;2025;48;6;190909
250319;2025;45;12;369090
250319;2025;46;7;197272
250319;2025;47;3;95454
250319;2025;48;3;95454
250319;2025;49;8;254545
250320;2025;42;3;215454
250320;2025;43;10;718181
250320;2025;45;1;71818
250320;2025;48;3;215454
250320;2025;49;1;71818
250321;2025;48;1;213636
250321;2025;51;1;128181
250322;2025;46;5;820909
250322;2025;49;3;586363
250322;2025;50;2;312727
250323;2025;46;5;1014545
250323;2025;49;5;1268181
250323;2025;51;1;152181
250324;2025;45;10;181818
250324;2025;46;13;290909
250324;2025;47;58;1318181
250324;2025;48;52;1122726
250324;2025;49;69;1377272
250324;2025;50;56;1018181
250325;2025;46;8;181818
250325;2025;47;1;22727
250325;2025;48;1;18181
250325;2025;49;21;477272
250325;2025;50;7;127272
250325;2025;51;9;122727
250325;2025;52;14;190909
250326;2025;43;4;49091
250326;2025;45;40;501818
250326;2025;46;25;310909
250326;2025;47;49;668181
250326;2025;48;38;455454
250326;2025;49;56;665454
250326;2025;50;21;229090
250326;2025;51;2;21818
250326;2025;52;5;61364
250327;2025;43;3;46636
250327;2025;44;8;139909
250327;2025;45;30;442181
250327;2025;46;29;452545
250327;2025;47;20;345454
250327;2025;48;65;1105454
250327;2025;49;43;683999
250327;2025;50;38;525090
250328;2025;46;25;404181
250328;2025;47;10;172727
250328;2025;48;11;172727
250328;2025;49;1;17272
250328;2025;50;73;1008727
250328;2025;51;26;290181
250328;2025;52;7;72545
250329;2025;45;5;188181
250329;2025;47;2;81818
250329;2025;49;1;40909
250329;2025;50;9;294545
250329;2025;51;20;490909
250329;2025;52;8;245454
250330;2025;1;7;57272
250330;2025;44;5;68181
250330;2025;45;2;21818
250330;2025;46;24;280909
250330;2025;47;9;122727
250330;2025;48;16;199090
250330;2025;49;16;204545
250330;2025;50;45;490909
250330;2025;51;150;1265454
250330;2025;52;55;450000
250331;2025;42;4;69090
250331;2025;44;6;136363
250331;2025;45;17;327272
250331;2025;46;31;631818
250331;2025;47;23;522727
250331;2025;48;46;954545
250331;2025;49;42;954545
250331;2025;50;16;271818
250331;2025;51;50;681818
250332;2025;42;5;86363
250332;2025;43;6;103636
250332;2025;44;36;621818
250332;2025;45;35;500909
250332;2025;46;51;832545
250332;2025;47;58;1001818
250332;2025;48;113;1810180
250332;2025;49;39;652909
250333;2025;43;5;131818
250333;2025;44;6;158181
250333;2025;45;19;429727
250333;2025;46;15;353272
250333;2025;47;5;131818
250333;2025;48;30;653818
250333;2025;49;24;564181
250333;2025;50;49;1033454
250333;2025;51;58;917454
250333;2025;52;27;427090
250334;2025;1;8;109090
250334;2025;45;3;59090
250334;2025;46;21;431818
250334;2025;47;6;136363
250334;2025;48;30;618181
250334;2025;49;37;736363
250334;2025;50;42;763636
250334;2025;51;51;695454
250334;2025;52;35;497727
250335;2025;45;3;68181
250335;2025;47;17;386363
250335;2025;48;16;331818
250335;2025;49;6;113636
250335;2025;50;3;54545
250335;2025;52;2;27272
250336;2025;44;2;45454
250336;2025;45;1;18181
250336;2025;46;4;72727
250336;2025;48;4;77272
250336;2025;49;12;227272
250336;2025;50;21;381818
250336;2025;51;11;150000
250336;2025;52;13;177272
250337;2025;1;9;103090
250337;2025;43;8;152727
250337;2025;44;6;114545
250337;2025;45;9;143181
250337;2025;46;35;668181
250337;2025;47;12;229090
250337;2025;49;13;198545
250337;2025;50;50;763636
250337;2025;51;55;633818
250337;2025;52;29;332181
250338;2025;44;14;217636
250338;2025;45;8;110545
250338;2025;46;24;376545
250338;2025;47;70;1124454
250338;2025;48;7;110545
250338;2025;50;7;96727
250338;2025;51;16;165818
250339;2025;44;2;45454
250339;2025;45;17;309090
250339;2025;46;3;68181
250339;2025;47;25;568181
250339;2025;48;11;200000
250339;2025;49;14;300000
250339;2025;50;14;254545
250339;2025;51;19;259090
250339;2025;52;5;68181
250340;2025;45;31;438727
250340;2025;46;38;570000
250340;2025;47;23;397272
250340;2025;48;2;27636
250340;2025;49;23;331636
250340;2025;50;41;566545
250340;2025;51;7;72545
250341;2025;45;8;138181
250341;2025;46;5;79454
250341;2025;47;2;34545
250341;2025;48;24;376545
250341;2025;49;10;172727
250341;2025;50;21;290181
250341;2025;51;19;214181
250341;2025;52;20;207272
250342;2025;1;14;145090
250342;2025;44;5;86363
250342;2025;45;4;62181
250342;2025;46;13;203818
250342;2025;47;7;120909
250342;2025;48;25;414547
250342;2025;49;5;69090
250342;2025;50;9;124363
250342;2025;51;24;248727
250342;2025;52;29;300545
250343;2025;43;6;103636
250343;2025;44;9;155454
250343;2025;45;17;274636
250343;2025;46;73;1098545
250343;2025;47;55;950000
250343;2025;48;48;708181
250343;2025;49;12;207272
250343;2025;50;19;262545
250344;2025;44;39;673636
250344;2025;45;36;507818
250344;2025;46;21;338545
250344;2025;49;10;138181
250344;2025;50;79;1091636
250344;2025;51;56;590727
250344;2025;52;3;46636
250345;2025;44;6;81818
250345;2025;45;6;81818
250345;2025;46;7;92727
250345;2025;48;40;455454
250345;2025;49;61;766363
250345;2025;50;73;796363
250345;2025;51;40;354545
250346;2025;1;6;49090
250346;2025;43;4;49091
250346;2025;45;15;163636
250346;2025;46;6;65454
250346;2025;47;6;76363
250346;2025;48;11;139090
250346;2025;49;12;150000
250346;2025;50;18;196363
250346;2025;51;38;310909
250346;2025;52;38;310909
250347;2025;1;8;65454
250347;2025;44;2;27272
250347;2025;45;5;54545
250347;2025;46;14;182727
250347;2025;47;4;54545
250347;2025;48;5;65454
250347;2025;50;5;54545
250347;2025;51;20;163636
250347;2025;52;18;147272
250348;2025;1;5;40909
250348;2025;44;5;68181
250348;2025;45;7;76363
250348;2025;46;14;171818
250348;2025;47;34;463636
250348;2025;48;12;152727
250348;2025;49;21;253636
250348;2025;50;27;294545
250348;2025;51;53;444545
250348;2025;52;19;155454
250349;2025;1;7;72545
250349;2025;44;2;34545
250349;2025;45;2;27636
250349;2025;46;5;86363
250349;2025;47;11;190000
250349;2025;48;11;162363
250349;2025;49;8;131272
250349;2025;50;15;207272
250349;2025;51;15;155454
250349;2025;52;17;176181
250350;2025;43;2;27272
250350;2025;44;16;218181
250350;2025;45;46;561818
250350;2025;46;107;1243636
250350;2025;47;41;552272
250350;2025;48;27;346363
250350;2025;49;39;511363
250350;2025;50;8;79635
250351;2025;46;119;1775636
250351;2025;47;16;276363
250351;2025;49;8;131272
250352;2025;45;2;27272
250352;2025;46;19;242727
250352;2025;47;22;300000
250352;2025;48;33;417272
250352;2025;49;56;690000
250352;2025;50;12;130909
250353;2025;43;10;227272
250353;2025;44;2;45454
250353;2025;45;7;136363
250353;2025;46;28;581818
250353;2025;47;35;795454
250353;2025;48;25;495454
250353;2025;49;2;45454
250353;2025;50;11;200000
250353;2025;51;33;504545
250353;2025;52;11;150000
250354;2025;43;6;81818
250354;2025;45;8;92727
250354;2025;46;24;313636
250354;2025;47;11;150000
250354;2025;48;28;327272
250354;2025;49;36;436363
250354;2025;50;76;829090
250354;2025;51;53;471818
250354;2025;52;15;122727
250355;2025;1;7;72545
250355;2025;44;7;120909
250355;2025;45;8;117454
250355;2025;46;18;255636
250355;2025;47;13;224545
250355;2025;48;20;324727
250355;2025;49;23;369636
250355;2025;50;30;414545
250355;2025;51;23;238363
250355;2025;52;17;176181
250356;2025;1;4;41454
250356;2025;44;2;34545
250356;2025;45;21;300545
250356;2025;46;4;69090
250356;2025;47;5;86363
250356;2025;48;11;165818
250356;2025;49;23;324727
250356;2025;50;24;331636
250356;2025;51;56;590727
250356;2025;52;21;217636
250357;2025;1;3;31090
250357;2025;43;5;86363
250357;2025;44;7;120909
250357;2025;45;4;55272
250357;2025;46;22;348909
250357;2025;47;8;138181
250357;2025;48;19;290181
250357;2025;49;2;34545
250357;2025;50;20;276363
250357;2025;51;28;300545
250357;2025;52;6;62181
250358;2025;1;7;95454
250358;2025;45;7;131818
250358;2025;46;3;59090
250358;2025;47;10;227272
250358;2025;48;2;45454
250358;2025;49;19;422727
250358;2025;50;38;680000
250358;2025;51;13;200000
250358;2025;52;17;231818
250359;2025;1;14;190909
250359;2025;45;11;220454
250359;2025;46;8;159090
250359;2025;47;3;68181
250359;2025;48;24;481818
250359;2025;49;22;477272
250359;2025;50;7;127272
250359;2025;51;16;218181
250359;2025;52;7;95454
250360;2025;1;2;20727
250360;2025;43;1;17272
250360;2025;44;2;34545
250360;2025;45;9;138181
250360;2025;46;17;252181
250360;2025;47;13;224545
250360;2025;48;20;293636
250360;2025;49;21;293636
250360;2025;50;34;469818
250360;2025;51;41;424909
250360;2025;52;44;455999
250361;2025;1;18;186545
250361;2025;45;9;139909
250361;2025;46;9;134726
250361;2025;47;11;190000
250361;2025;48;50;760000
250361;2025;49;38;625273
250361;2025;50;22;304000
250361;2025;51;55;576909
250361;2025;52;14;145090
250362;2025;43;4;69090
250362;2025;44;2;34545
250362;2025;45;20;336818
250362;2025;46;2;34545
250362;2025;47;59;932727
250362;2025;48;32;445636
250362;2025;49;24;376545
250362;2025;50;8;110545
250362;2025;51;21;217636
250362;2025;52;12;124363
250363;2025;44;6;136363
250363;2025;45;18;354545
250363;2025;46;15;313636
250363;2025;47;30;636363
250363;2025;48;63;1377272
250363;2025;49;24;536363
250363;2025;50;27;490909
250363;2025;51;11;149999
250363;2025;52;5;68181
250364;2025;45;5;69090
250364;2025;46;2;34545
250364;2025;47;5;86363
250364;2025;49;12;186545
250364;2025;50;19;262545
250364;2025;51;22;228000
250364;2025;52;12;124363
250365;2025;43;1;22727
250365;2025;45;1;18181
250365;2025;47;1;22727
250365;2025;48;6;136363
250365;2025;50;3;54545
250365;2025;51;2;27272
250365;2025;52;7;95454
250366;2025;1;6;49090
250366;2025;44;2;27272
250366;2025;45;11;120000
250366;2025;46;3;40909
250366;2025;47;6;81818
250366;2025;48;17;231818
250366;2025;49;9;114545
250366;2025;50;7;76363
250366;2025;51;10;81818
250366;2025;52;8;65454
250367;2025;42;5;68181
250367;2025;43;12;163636
250367;2025;44;40;545454
250367;2025;45;46;589090
250367;2025;46;147;1750909
250367;2025;47;2;27272
250367;2025;48;32;436363
250367;2025;51;1;8181
250368;2025;42;3;51818
250368;2025;43;8;138181
250368;2025;44;25;414545
250368;2025;45;7;112272
250368;2025;46;16;248727
250368;2025;47;10;172727
250368;2025;48;45;670181
250368;2025;49;71;1174545
250368;2025;50;36;497454
250368;2025;51;64;680547
250368;2025;52;2;20727
250369;2025;1;1;8181
250369;2025;43;1;13636
250369;2025;45;12;130909
250369;2025;46;3;40909
250369;2025;47;14;190909
250369;2025;48;21;283636
250369;2025;49;18;244090
250369;2025;50;77;840000
250369;2025;51;84;717272
250369;2025;52;4;32727
250370;2025;1;3;31090
250370;2025;45;22;312636
250370;2025;46;28;469818
250370;2025;47;11;190000
250370;2025;48;10;152000
250370;2025;49;43;649454
250370;2025;50;35;483636
250370;2025;51;37;383454
250370;2025;52;8;82909
250371;2025;1;3;24545
250371;2025;43;10;128181
250371;2025;44;9;124090
250371;2025;45;8;87272
250371;2025;46;7;95454
250371;2025;47;19;259090
250371;2025;48;15;169090
250371;2025;49;19;240000
250371;2025;50;68;741818
250371;2025;51;89;728181
250371;2025;52;41;335454
250372;2025;1;1;8181
250372;2025;43;2;27272
250372;2025;44;3;40909
250372;2025;45;2;21818
250372;2025;47;14;190909
250372;2025;48;23;270000
250372;2025;49;20;229090
250372;2025;50;27;294545
250372;2025;51;35;299999
250372;2025;52;17;139090
250373;2025;48;8;90000
250373;2025;49;10;120000
250373;2025;50;30;327272
250373;2025;51;101;872727
250373;2025;52;26;212727
250374;2025;1;21;171818
250374;2025;43;4;35454
250374;2025;44;1;13636
250374;2025;45;6;65454
250374;2025;47;2;27272
250374;2025;48;25;300000
250374;2025;49;5;68181
250374;2025;50;41;447272
250374;2025;51;76;831818
250374;2025;52;30;245454
250375;2025;43;8;65454
250375;2025;44;8;65454
250375;2025;45;14;103090
250375;2025;46;58;431999
250375;2025;47;22;179999
250375;2025;48;74;543272
250375;2025;49;55;399272
250375;2025;50;76;497454
250375;2025;51;101;515454
250376;2025;1;3;24545
250376;2025;45;5;54545
250376;2025;46;13;144545
250376;2025;47;13;171818
250376;2025;48;17;193636
250376;2025;49;4;43636
250376;2025;50;8;87272
250376;2025;51;4;32727
250376;2025;52;8;65454
250377;2025;43;20;163636
250377;2025;44;13;106363
250377;2025;45;69;536727
250377;2025;46;57;443454
250377;2025;47;19;155454
250377;2025;48;12;78545
250377;2025;49;2;16363
250379;2025;48;1;26363
250379;2025;51;1;18454
250380;2025;48;2;52727
250381;2025;44;8;421581
250381;2025;45;4;193090
250381;2025;47;13;686545
250381;2025;48;43;2306363
250381;2025;49;41;2199090
250381;2025;50;1;53636
250381;2025;51;3;96545
250382;2025;45;3;153636
250382;2025;46;1;59090
250382;2025;47;3;177272
250382;2025;48;10;590909
250382;2025;49;50;2913181
250382;2025;50;35;1855454
250382;2025;51;1;41363
250383;2025;43;1;136363
250383;2025;45;5;572727
250383;2025;46;2;272727
250383;2025;47;5;681818
250383;2025;48;23;3136363
250384;2025;43;2;118181
250384;2025;45;6;330909
250384;2025;46;10;484545
250384;2025;47;6;354545
250384;2025;48;15;862727
250384;2025;49;23;1341363
250384;2025;50;8;437272
250384;2025;51;2;82727
250385;2025;1;2;20727
250385;2025;43;7;120909
250385;2025;44;1;17272
250385;2025;45;27;386909
250385;2025;46;2;34545
250385;2025;47;18;310909
250385;2025;48;33;483636
250385;2025;49;30;504363
250385;2025;50;30;414545
250385;2025;51;56;590727
250385;2025;52;33;342000
250386;2025;44;27;613636
250386;2025;45;36;718182
250386;2025;46;5;95454
250386;2025;47;35;795454
250386;2025;48;13;268181
250386;2025;49;1;18181
250386;2025;50;27;490909
250387;2025;42;15;259090
250387;2025;43;5;113636
250387;2025;44;20;454545
250387;2025;45;42;818182
250387;2025;46;114;2240908
250387;2025;47;10;227272
250387;2025;49;17;309090
250387;2025;50;19;345454
250388;2025;44;10;172727
250388;2025;45;7;107090
250388;2025;46;46;694363
250388;2025;47;88;1519999
250388;2025;48;61;1022545
250388;2025;49;20;331636
250388;2025;50;5;69090
250389;2025;45;8;131272
250389;2025;46;14;221090
250389;2025;47;6;103636
250389;2025;48;8;138181
250389;2025;49;13;221090
250389;2025;50;75;1021854
250389;2025;51;73;773818
250389;2025;52;13;134727
250390;2025;1;1;-10363
250390;2025;43;3;51818
250390;2025;44;2;34545
250390;2025;45;7;96727
250390;2025;46;8;138181
250390;2025;47;11;190000
250390;2025;48;23;355818
250390;2025;49;12;190000
250390;2025;50;30;414545
250390;2025;51;23;269454
250390;2025;52;16;181363
250391;2025;1;1;8181
250391;2025;43;1;13636
250391;2025;44;2;21818
250391;2025;45;5;62727
250391;2025;46;13;166363
250391;2025;47;16;218178
250391;2025;48;16;199090
250391;2025;49;11;136363
250391;2025;50;3;32727
250391;2025;51;41;335454
250391;2025;52;50;409090
250393;2025;45;34;469818
250393;2025;46;101;1596000
250393;2025;47;38;656363
250393;2025;48;14;224545
250393;2025;49;1;17272
250393;2025;50;3;41454
250394;2025;43;3;51818
250394;2025;44;5;86363
250394;2025;45;86;1219454
250394;2025;46;32;493999
250394;2025;47;135;2322145
250394;2025;48;4;69090
250394;2025;49;2;31090
250394;2025;50;2;27636
250394;2025;51;1;10363
250396;2025;43;14;241818
250396;2025;44;24;414545
250396;2025;45;24;369636
250396;2025;46;82;1281636
250396;2025;47;37;639090
250396;2025;48;2;27636
250396;2025;49;39;642545
250396;2025;50;5;69090
250397;2025;1;2;20727
250397;2025;44;3;51818
250397;2025;45;17;271181
250397;2025;46;10;145090
250397;2025;47;15;259090
250397;2025;48;2;34545
250397;2025;49;1;17272
250397;2025;50;34;469818
250397;2025;51;57;611454
250397;2025;52;46;476727
250398;2025;43;2;34545
250398;2025;44;7;96727
250398;2025;45;24;369636
250398;2025;46;41;636500
250398;2025;47;91;1539000
250398;2025;48;82;1250545
250399;2025;44;2;45454
250399;2025;45;15;290909
250399;2025;46;10;204545
250399;2025;48;14;277272
250399;2025;49;2;40909
250399;2025;50;29;527272
250399;2025;51;26;354545
250399;2025;52;16;218181
250401;2025;1;2;27272
250401;2025;44;4;90909
250401;2025;45;7;118181
250401;2025;46;7;159090
250401;2025;47;2;45454
250401;2025;48;13;268181
250401;2025;49;38;736363
250401;2025;50;13;236363
250401;2025;51;101;1418181
250401;2025;52;47;640909
250403;2025;44;13;224545
250403;2025;45;5;69090
250403;2025;46;12;169272
250403;2025;47;22;380000
250403;2025;48;18;276363
250403;2025;49;19;307454
250403;2025;50;3;41454
250403;2025;51;20;207273
250404;2025;1;3;31090
250404;2025;43;10;162363
250404;2025;47;4;69090
250404;2025;48;6;96727
250404;2025;50;6;82909
250404;2025;51;2;20727
250404;2025;52;4;41454
250405;2025;1;2;20727
250405;2025;44;9;155454
250405;2025;47;3;51818
250405;2025;48;1;17272
250405;2025;49;4;69090
250405;2025;50;1;13818
250405;2025;51;15;155454
250405;2025;52;8;82909
250406;2025;1;1;10363
250406;2025;44;3;51818
250406;2025;46;8;124363
250406;2025;47;5;86363
250406;2025;48;3;41454
250406;2025;50;10;138181
250406;2025;51;9;93273
250408;2025;1;1;10363
250408;2025;42;3;40909
250408;2025;48;3;48363
250408;2025;49;6;96727
250408;2025;50;10;138181
250408;2025;51;4;41454
250409;2025;1;7;72545
250409;2025;44;3;46636
250409;2025;47;6;98800
250409;2025;48;11;176181
250409;2025;49;16;234909
250409;2025;50;26;359272
250409;2025;51;68;715090
250409;2025;52;19;196909
250411;2025;42;18;245454
250411;2025;43;7;94091
250411;2025;44;11;150000
250411;2025;45;112;1298181
250411;2025;46;58;733636
250411;2025;47;14;190909
250411;2025;48;47;520909
250411;2025;49;2;24545
250411;2025;50;12;130909
250411;2025;51;2;16363
250412;2025;43;8;254545
250412;2025;44;26;827272
250412;2025;45;32;868636
250412;2025;49;11;311818
250414;2025;45;24;279545
250414;2025;46;45;552272
250414;2025;47;58;782727
250414;2025;48;17;215454
250414;2025;49;1;13636
250415;2025;1;9;93272
250415;2025;43;3;51818
250415;2025;44;5;86363
250415;2025;45;9;155454
250415;2025;46;22;362727
250415;2025;47;31;509545
250415;2025;48;12;193454
250415;2025;49;10;141636
250415;2025;50;56;773818
250415;2025;51;60;628727
250415;2025;52;21;248727
250417;2025;46;6;82909
250417;2025;47;9;155454
250417;2025;49;2;27636
250417;2025;50;9;124363
250417;2025;51;2;20727
250417;2025;52;8;82909
250419;2025;45;115;3396545
250419;2025;46;4;113454
250420;2025;43;24;569454
250420;2025;47;148;3751545
250420;2025;48;65;1703090
250420;2025;50;4;63273
250421;2025;43;1;22727
250421;2025;44;15;340909
250421;2025;45;9;186363
250421;2025;46;62;1281818
250421;2025;47;149;3359090
250421;2025;48;77;1618181
250421;2025;49;46;990909
250421;2025;50;1;18181
250422;2025;44;12;272727
250422;2025;45;14;286363
250422;2025;46;39;840908
250422;2025;47;67;1522727
250422;2025;48;63;1245454
250422;2025;49;93;1931818
250423;2025;43;10;162363
250423;2025;44;21;362727
250423;2025;45;41;601090
250423;2025;46;76;1264363
250423;2025;47;31;535454
250423;2025;48;107;1682363
250424;2025;43;2;45454
250424;2025;44;11;250000
250424;2025;45;5;90909
250424;2025;46;89;1877273
250424;2025;47;11;250000
250424;2025;48;1;22727
250425;2025;44;10;136363
250425;2025;45;59;651818
250425;2025;46;35;425454
250425;2025;47;95;1295454
250425;2025;48;265;3139087
250425;2025;49;129;1515000
250425;2025;50;109;1208181
250425;2025;51;30;269999
250426;2025;44;6;136363
250426;2025;45;12;259090
250426;2025;46;21;422727
250426;2025;47;13;284090
250426;2025;48;8;163636
250426;2025;49;7;159090
250426;2025;50;42;763636
250426;2025;51;39;568181
250427;2025;45;7;76363
250427;2025;46;28;370909
250427;2025;47;25;340909
250427;2025;48;20;226363
250427;2025;49;66;894545
250427;2025;51;1;8181
250429;2025;1;6;49090
250429;2025;46;19;250909
250429;2025;47;8;105000
250429;2025;48;25;316363
250429;2025;49;4;43636
250429;2025;50;14;152727
250429;2025;51;12;98181
250429;2025;52;18;147272
250430;2025;1;11;90000
250430;2025;45;3;32727
250430;2025;46;10;117272
250430;2025;47;2;27272
250430;2025;48;27;343636
250430;2025;49;13;169090
250430;2025;50;18;196363
250430;2025;51;24;196363
250430;2025;52;15;122727
250431;2025;44;19;259090
250431;2025;45;6;81818
250431;2025;46;9;98181
250431;2025;48;33;439090
250431;2025;49;61;784090
250431;2025;50;13;141818
250432;2025;44;6;81818
250432;2025;45;14;166363
250432;2025;46;30;387272
250432;2025;47;34;449999
250432;2025;48;6;79090
250432;2025;49;23;286363
250432;2025;50;24;261818
250432;2025;51;6;57272
250433;2025;42;9;122727
250433;2025;45;16;190909
250433;2025;46;21;264545
250433;2025;47;27;368181
250433;2025;48;51;676363
250433;2025;49;14;190909
250433;2025;50;2;21818
250433;2025;51;4;32727
250434;2025;44;2;45454
250434;2025;45;16;290909
250434;2025;46;7;145454
250434;2025;47;20;454545
250434;2025;48;51;940909
250434;2025;49;30;668181
250434;2025;50;16;290909
250435;2025;42;5;113636
250435;2025;44;2;45454
250435;2025;45;9;163636
250435;2025;46;12;227272
250435;2025;47;14;318181
250435;2025;48;13;281818
250435;2025;49;8;181818
250435;2025;50;26;472727
250435;2025;51;35;477272
250435;2025;52;7;95455
250435;2026;8;1;22727
250436;2025;1;2;20727
250436;2025;43;2;34545
250436;2025;45;4;55272
250436;2025;46;1;17272
250436;2025;47;5;86363
250436;2025;48;2;34545
250436;2025;49;4;69090
250436;2025;50;6;82909
250436;2025;51;19;196909
250436;2025;52;8;82909
250437;2025;46;2;34545
250437;2025;47;5;86363
250437;2025;48;5;86363
250437;2025;49;7;120909
250437;2025;51;22;228000
250437;2025;52;3;31090
250439;2025;1;6;62181
250439;2025;44;3;51818
250439;2025;45;36;521636
250439;2025;46;18;310909
250439;2025;47;4;69090
250439;2025;48;5;76000
250439;2025;49;16;276363
250439;2025;50;17;234909
250439;2025;51;69;725454
250439;2025;52;20;207272
250440;2025;42;2;45454
250440;2025;45;3;68181
250440;2025;46;35;772727
250440;2025;47;1;22727
250440;2025;48;2;40909
250440;2025;49;7;159090
250440;2025;50;15;272727
250440;2025;51;46;627272
250440;2025;52;13;184091
250442;2025;1;4;54545
250442;2025;44;2;45454
250442;2025;45;8;145454
250442;2025;47;14;318181
250442;2025;48;9;172727
250442;2025;50;32;581818
250442;2025;51;10;136363
250442;2025;52;4;54545
250444;2025;45;3;40909
250444;2025;46;16;185454
250444;2025;47;14;190909
250444;2025;48;25;327272
250444;2025;49;30;375000
250444;2025;50;34;370909
250445;2025;44;2;27272
250445;2025;45;60;683863
250445;2025;46;53;639545
250445;2025;47;34;463636
250447;2025;46;27;340909
250447;2025;47;15;200725
250447;2025;48;21;264545
250447;2025;49;48;529090
250447;2025;50;29;321818
250448;2025;43;4;54545
250448;2025;44;20;264545
250448;2025;45;23;261818
250448;2025;46;32;398181
250448;2025;47;30;405000
250448;2025;48;7;95454
250448;2025;49;1;13636
250449;2025;43;4;54545
250449;2025;44;3;40909
250449;2025;45;4;43636
250449;2025;46;26;335454
250449;2025;47;8;109090
250449;2025;48;39;460909
250449;2025;49;5;62727
250449;2025;50;53;586363
250451;2025;1;18;147272
250451;2025;45;21;256363
250451;2025;46;27;340909
250451;2025;47;15;204545
250451;2025;48;6;70909
250451;2025;49;16;204545
250451;2025;50;22;240000
250451;2025;51;19;155454
250452;2025;43;2;34545
250452;2025;44;19;328181
250452;2025;45;29;407636
250452;2025;46;34;549272
250452;2025;47;24;414545
250452;2025;48;2;48363
250452;2025;49;24;352363
250452;2025;50;75;1069181
250452;2025;51;24;248727
250454;2025;44;18;147272
250454;2025;45;27;204545
250454;2025;46;27;211090
250454;2025;47;40;327272
250454;2025;48;65;477818
250454;2025;49;43;322363
250454;2025;50;64;418909
250456;2025;1;2;20727
250456;2025;47;3;51818
250456;2025;50;3;41454
250456;2025;51;35;362727
250456;2025;52;15;155454
250457;2025;1;3;40909
250457;2025;46;10;213636
250457;2025;50;7;127272
250457;2025;51;37;504545
250457;2025;52;14;190909
250458;2025;44;6;158181
250458;2025;45;4;105454
250458;2025;46;8;210909
250458;2025;47;5;131818
250458;2025;50;2;42181
250458;2025;51;7;110727
250458;2025;52;5;79090
250459;2025;42;6;136363
250459;2025;43;8;181818
250459;2025;44;21;477272
250459;2025;45;82;1540909
250459;2025;46;15;300000
250459;2025;47;11;250000
250460;2025;43;28;604545
250460;2025;44;20;454545
250460;2025;45;55;1036363
250460;2025;46;38;750000
250461;2025;42;1;22727
250461;2025;43;3;68181
250461;2025;44;3;68181
250461;2025;45;85;1618181
250461;2025;46;40;781818
250461;2025;47;1;22727
250461;2025;50;5;93636
250461;2025;51;5;68181
250462;2025;43;13;768181
250462;2025;44;11;649999
250463;2025;42;17;231818
250463;2025;43;2;27272
250463;2025;44;5;68181
250465;2025;42;5;68181
250465;2025;43;3;40909
250465;2025;44;7;95454
250465;2025;46;3;38181
250465;2025;47;1;13636
250465;2025;48;4;54545
250466;2025;42;6;103636
250466;2025;43;5;79454
250466;2025;44;13;224545
250467;2025;42;16;218181
250467;2025;46;2;27272
250467;2025;47;2;27272
250467;2025;49;2;27272
250467;2025;50;2;27272
250469;2025;43;18;229090
250469;2025;44;1;13636
250469;2025;45;5;54545
250471;2025;45;8;95454
250471;2025;46;4;46363
250471;2025;47;13;177272
250471;2025;48;5;68181
250471;2025;49;11;150000
250471;2025;50;8;95454
250471;2025;51;15;128181
250473;2025;45;3;40909
250473;2025;46;7;81818
250473;2025;47;8;109090
250473;2025;48;6;81818
250473;2025;49;3;40909
250473;2025;50;2;24545
250473;2025;51;14;114545
250473;2025;52;1;8181
250474;2025;42;7;95454
250474;2025;43;3;40909
250474;2025;45;17;185454
250474;2025;46;18;234545
250474;2025;47;6;81818
250474;2025;48;4;54545
250474;2025;49;10;136363
250474;2025;50;5;62727
250474;2025;51;2;16363
250476;2025;44;2;27272
250476;2025;45;7;81818
250476;2025;46;16;207272
250476;2025;47;13;177272
250476;2025;48;9;122727
250476;2025;49;4;54545
250476;2025;50;5;65454
250476;2025;51;11;90000
250478;2025;43;1;13636
250478;2025;44;2;27272
250478;2025;45;4;49090
250478;2025;46;10;128181
250478;2025;47;15;204545
250478;2025;48;4;51818
250478;2025;49;18;245454
250478;2025;50;18;210000
250480;2025;1;4;63272
250480;2025;45;3;68545
250480;2025;46;4;89636
250480;2025;47;2;52727
250480;2025;48;7;184545
250480;2025;51;3;47454
250480;2025;52;3;47454
250482;2025;1;3;47454
250482;2025;42;1;26363
250482;2025;45;3;79090
250482;2025;46;7;179272
250482;2025;47;5;131818
250482;2025;48;8;210909
250482;2025;50;6;150272
250482;2025;51;3;47454
250482;2025;52;5;79090
250484;2025;42;2;34545
250484;2025;43;1;17272
250484;2025;44;12;207272
250484;2025;45;36;552727
250484;2025;46;10;155454
250484;2025;48;10;138181
250485;2025;42;6;103636
250485;2025;43;6;103636
250485;2025;44;10;172727
250485;2025;45;48;704727
250485;2025;46;2;31090
250485;2025;48;1;17272
250485;2025;49;1;17272
250486;2025;45;4;49091
250486;2025;46;4;51818
250486;2025;47;10;136363
250486;2025;48;14;190909
250486;2025;49;27;368181
250486;2025;50;13;155454
250487;2025;43;7;90000
250487;2025;44;8;109090
250487;2025;45;15;169091
250487;2025;46;1;13636
250487;2025;47;24;327272
250487;2025;48;5;68181
250487;2025;49;11;150000
250487;2025;50;1;13636
250488;2025;44;4;54545
250488;2025;45;3;32727
250488;2025;46;6;81818
250488;2025;47;19;259090
250488;2025;48;16;218181
250488;2025;49;1;13636
250488;2025;50;13;171818
250489;2025;42;6;158181
250489;2025;43;7;175318
250489;2025;44;33;237361
250489;2025;45;2;42181
250490;2025;42;4;163636
250490;2025;43;5;204545
250490;2025;44;23;132
250490;2025;46;4;163636
250491;2025;46;146;605454
250491;2025;47;128;581818
250491;2025;48;27;113636
250491;2025;49;28;127272
250491;2025;50;54;196363
250491;2025;51;1;2727
250492;2025;43;8;210909
250492;2025;44;2;52727
250492;2025;45;13;311090
250492;2025;46;22;569454
250492;2025;47;11;289999
250492;2025;48;3;63272
250492;2025;49;2;52727
250492;2025;50;2;42181
250503;2025;42;1;44545
250503;2025;43;2;80181
250503;2025;44;1;44545
250503;2025;45;6;258363
250503;2025;46;8;311818
250503;2025;47;11;490000
250503;2025;48;10;445454
250503;2025;49;11;490000
250503;2025;50;8;329636
250503;2025;51;2;89090
250504;2025;1;1;31181
250504;2025;45;1;35636
250504;2025;46;1;44545
250504;2025;48;2;89090
250504;2025;49;4;178181
250504;2025;51;2;62363
250504;2025;52;3;93545
250505;2025;42;2;27272
250505;2025;44;2;27272
250505;2025;45;12;147272
250505;2025;46;8;107727
250505;2025;47;13;177272
250505;2025;48;1;13636
250505;2025;49;7;95454
250505;2025;50;20;237272
250505;2025;51;18;175909
250505;2025;52;10;95454
250526;2025;43;2;409090
250526;2025;45;2;368181
250526;2025;46;2;368181
250526;2025;47;2;409090
250526;2025;48;1;204545
250526;2025;49;1;204545
250526;2025;50;2;368181
250527;2025;42;1;77272
250527;2025;43;1;77272
250527;2025;44;7;540909
250527;2025;45;3;200909
250527;2025;46;10;695454
250527;2025;47;2;154545
250528;2025;44;4;381818
250528;2025;45;3;267272
250528;2025;46;5;458181
250528;2025;47;5;477272
250528;2025;48;4;381818
250528;2025;49;3;286363
250529;2025;42;2;361818
250529;2025;43;6;1085454
250529;2025;44;4;723636
250530;2025;43;2;281818
250530;2025;45;4;507272
250530;2025;46;1;140909
250530;2025;47;2;281818
250530;2025;51;9;760909
250531;2025;44;1;204545
250531;2025;45;4;818181
250531;2025;46;1;163636
250532;2025;42;2;172727
250532;2025;43;4;345454
250532;2025;44;6;518181
250532;2025;45;3;224545
250532;2025;46;7;552727
250532;2025;47;6;518181
250532;2025;48;1;86363
250532;2025;49;3;259090
250532;2025;50;3;241818
250532;2025;52;1;51818
250533;2025;44;3;433635
250533;2025;48;2;289090
250533;2025;49;1;144545
250533;2025;51;4;462545
250533;2025;52;10;867272
250534;2025;44;4;418181
250534;2025;45;6;585454
250534;2025;46;8;836363
250534;2025;47;6;627272
250534;2025;48;6;627272
250534;2025;49;5;480909
250534;2025;50;13;1129090
250534;2025;51;14;919999
250534;2025;52;4;250909
250535;2025;45;3;316363
250535;2025;46;2;210909
250535;2025;49;2;263636
250535;2025;50;1;131818
250536;2025;44;2;245454
250536;2025;45;2;245454
250536;2025;46;1;122727
250536;2025;47;1;122727
250536;2025;49;4;466363
250536;2025;50;1;122727
250536;2025;51;4;294545
250537;2025;42;2;234545
250537;2025;43;3;351818
250537;2025;44;4;469090
250537;2025;45;7;703636
250538;2025;45;1;144545
250538;2025;46;3;346909
250538;2025;47;1;144545
250538;2025;49;1;144545
250539;2025;42;1;263636
250539;2025;44;1;263636
250539;2025;46;2;421818
250540;2025;43;7;834545
250540;2025;44;4;490909
250540;2025;50;5;490909
250541;2025;43;1;103409
250541;2025;44;1;159090
250541;2025;45;2;254545
250541;2025;46;7;1049999
250541;2025;47;1;159090
250542;2025;42;1;140909
250542;2025;45;2;281818
250542;2025;46;4;535454
250542;2025;47;4;563636
250542;2025;48;1;140909
250543;2025;42;1;140909
250543;2025;43;1;140909
250543;2025;44;2;281818
250543;2025;45;5;620000
250543;2025;46;3;338181
250544;2025;45;2;114909
250544;2025;46;3;201090
250544;2025;47;9;646363
250544;2025;48;6;430909
250544;2025;49;4;287272
250545;2025;42;1;71818
250545;2025;43;3;215454
250545;2025;45;11;675090
250545;2025;46;9;517090
250546;2025;43;2;172727
250546;2025;44;3;259090
250546;2025;45;8;552727
250546;2025;46;10;794545
250546;2025;47;1;86363
250547;2025;44;2;234545
250547;2025;45;6;586363
250547;2025;46;6;656727
250547;2025;47;2;234545
250547;2025;48;5;586363
250547;2025;49;2;234545
250547;2025;50;1;93818
250548;2025;43;1;44545
250548;2025;44;9;387545
250548;2025;45;16;632545
250548;2025;46;10;418727
250548;2025;47;10;445454
250548;2025;48;10;445454
250548;2025;49;3;133636
250548;2025;50;3;133636
250548;2025;51;8;213818
250548;2025;52;1;26727
250549;2025;43;1;126363
250549;2025;44;1;126363
250549;2025;45;9;1036181
250549;2025;46;11;1263636
250549;2025;47;9;1137272
250549;2025;48;4;505454
250549;2025;49;7;884545
250549;2025;50;6;657090
250549;2025;51;12;909818
250549;2025;52;3;227454
250550;2025;43;1;186363
250550;2025;44;1;186363
250550;2025;45;5;819999
250550;2025;46;4;708181
250550;2025;47;5;931818
250550;2025;48;3;559090
250550;2025;49;3;521818
250550;2025;50;2;372727
250551;2025;45;2;225454
250551;2025;46;2;253636
250551;2025;47;5;704545
250551;2025;48;4;563636
250551;2025;49;8;1127272
250551;2025;50;5;591818
250551;2025;51;12;1014545
250551;2025;52;5;422727
250552;2025;43;1;71818
250552;2025;46;1;57454
250552;2025;47;6;430909
250552;2025;48;11;790000
250552;2025;49;5;359090
250553;2025;43;6;300000
250553;2025;44;8;380000
250553;2025;45;10;420000
250553;2025;46;13;620000
250553;2025;47;5;250000
250553;2025;48;4;200000
250553;2025;49;2;100000
250555;2025;42;2;63636
250555;2025;43;3;95454
250555;2025;44;10;318181
250555;2025;45;18;477272
250555;2025;46;24;699999
250555;2025;47;30;940454
250555;2025;48;3;95454
250556;2025;43;1;40909
250556;2025;44;16;654545
250556;2025;45;28;1047272
250556;2025;46;11;449999
250556;2025;47;19;777272
250556;2025;48;18;736363
250556;2025;49;7;286363
250556;2025;50;6;204545
250557;2025;46;2;143636
250557;2025;47;5;359090
250557;2025;48;10;718181
250557;2025;49;13;933636
250557;2025;50;11;703818
250557;2025;51;4;201090
250557;2025;52;1;43090
250558;2025;46;8;501818
250558;2025;47;16;1003636
250559;2025;46;24;1367454
250560;2025;46;9;450000
250560;2025;47;28;1400000
250560;2025;48;25;1250000
250560;2025;49;20;1000000
250561;2025;43;1;95454
250561;2025;44;2;190909
250561;2025;45;1;95454
250561;2025;47;3;276818
250561;2025;49;1;95454
250562;2025;43;2;252727
250562;2025;44;1;126363
250562;2025;46;3;328545
250562;2025;47;2;240090
250562;2025;49;1;117518
250563;2025;45;1;262727
250563;2025;46;2;420363
250563;2025;47;3;788181
250564;2025;43;1;77272
250564;2025;44;1;77272
250564;2025;45;7;479090
250564;2025;46;9;633636
250564;2025;47;17;1313636
250564;2025;48;14;1074091
250564;2025;49;1;77272
250564;2025;50;2;131363
250566;2025;46;1;109090
250566;2025;47;3;327272
250566;2025;48;5;545454
250566;2025;49;10;1090909
250566;2025;50;9;850909
250566;2025;51;18;1374545
250566;2025;52;8;610909
250567;2025;47;3;597272
250567;2025;48;13;2349272
250567;2025;49;6;1075090
250567;2025;50;11;1911272
250567;2025;51;17;2488636
250567;2025;52;1;139363
250568;2025;46;2;218181
250568;2025;47;6;643636
250568;2025;48;3;327272
250568;2025;49;9;981818
250568;2025;50;16;1440000
250568;2025;51;21;1669090
250569;2025;47;3;597272
250569;2025;48;23;4579090
250569;2025;49;15;2866908
250569;2025;50;10;1791818
250569;2025;51;3;418090
250570;2025;46;4;396363
250570;2025;47;20;1942181
250570;2025;48;14;1387272
250570;2025;50;2;178363
250570;2025;51;1;69363
250571;2025;46;1;136363
250571;2025;47;6;818181
250571;2025;48;6;818181
250571;2025;49;18;2454545
250571;2025;50;11;1336363
250571;2025;51;7;709090
250572;2025;42;1;359090
250572;2025;45;4;1149090
250572;2025;46;7;2082727
250573;2025;44;4;1014545
250573;2025;45;5;1116000
250573;2025;46;2;405818
250574;2025;45;2;312727
250574;2025;46;16;2697272
250575;2025;44;2;670909
250575;2025;45;1;268363
250575;2025;46;7;2079818
250577;2025;45;24;3539454
250579;2025;42;1;159090
250579;2025;43;1;159090
250579;2025;44;9;1336363
250579;2025;45;11;1495454
250579;2025;46;1;127272
250581;2025;44;2;525454
250581;2025;45;4;998363
250582;2025;42;3;160909
250582;2025;43;4;214545
250582;2025;44;5;268181
250582;2025;45;11;504181
250582;2025;46;1;42909
250583;2025;42;1;286363
250583;2025;43;1;286363
250583;2025;44;1;286363
250583;2025;45;3;830454
250585;2025;42;1;162727
250585;2025;43;1;162727
250585;2025;44;1;162727
250585;2025;45;9;1301818
250587;2025;42;3;603409
250587;2025;43;1;204545
250587;2025;44;1;204545
250587;2025;45;3;613636
250591;2025;46;2;380000
250591;2025;47;4;760000
250591;2025;48;4;760000
250591;2025;49;4;760000
250591;2025;50;1;190000
250592;2025;47;1;222727
250592;2025;48;6;1336363
250592;2025;49;1;222727
250592;2025;50;3;623636
250593;2025;46;4;818181
250593;2025;47;10;2045454
250594;2025;46;2;227272
250594;2025;47;14;1590909
250594;2025;48;2;227272
250595;2025;47;4;941818
250595;2025;48;1;235454
250595;2025;49;1;235454
250595;2025;50;4;847636
250597;2025;44;4;345454
250597;2025;45;12;898181
250599;2025;44;4;345454
250599;2025;45;7;518181
250599;2025;46;4;328181
250599;2025;47;1;86363
250601;2025;45;12;2331818
250601;2025;47;6;1227272
250602;2025;42;1;233181
250602;2025;43;1;259090
250602;2025;44;1;259090
250602;2025;45;5;1139999
250602;2025;46;4;829090
250604;2025;45;2;540909
250604;2025;46;1;254545
250604;2025;50;1;181818
250605;2025;43;1;99090
250605;2025;44;6;594545
250605;2025;45;5;455818
250607;2025;43;3;51818
250607;2025;44;1;17272
250607;2025;45;6;103636
250607;2025;46;20;335090
250607;2025;47;14;241818
250607;2025;48;25;431818
250607;2025;49;16;276363
250607;2025;50;35;559636
250607;2025;51;21;217636
250609;2025;44;2;172727
250609;2025;45;2;155454
250609;2025;46;4;276363
250609;2025;47;2;172727
250609;2025;48;2;172727
250609;2025;49;3;259090
250609;2025;50;4;310909
250609;2025;51;5;259090
250610;2025;43;1;40909
250610;2025;45;5;188181
250610;2025;46;1;32727
250610;2025;47;7;286363
250610;2025;48;30;1227272
250610;2025;49;20;818181
250610;2025;50;30;1186363
250610;2025;51;1;40909
250612;2025;46;5;323636
250612;2025;47;3;242727
250612;2025;48;1;80909
250612;2025;49;10;809090
250612;2025;51;1;80909
250615;2025;1;1;152181
250615;2025;51;5;963818
250615;2025;52;2;304363
250616;2025;43;1;113636
250616;2025;44;4;454545
250616;2025;45;6;590909
250616;2025;46;2;227272
250616;2025;47;2;227272
250616;2025;48;1;113636
250616;2025;49;5;568181
250616;2025;50;2;181818
250616;2025;52;7;477272
250618;2025;1;2;223636
250618;2025;43;1;186363
250618;2025;44;2;372727
250618;2025;46;2;372727
250618;2025;48;2;372727
250618;2025;49;5;931818
250618;2025;50;1;149090
250618;2025;51;1;111818
250618;2025;52;3;335454
250619;2025;43;4;323636
250619;2025;44;3;242727
250619;2025;45;5;372181
250619;2025;46;1;80909
250619;2025;47;1;80909
250619;2025;48;1;80909
250619;2025;49;6;485454
250619;2025;50;3;226545
250619;2025;51;7;339818
250619;2025;52;7;339818
250620;2025;1;1;59454
250620;2025;43;4;396363
250620;2025;45;3;277454
250620;2025;47;4;396363
250620;2025;48;6;594545
250620;2025;49;2;198181
250620;2025;50;9;792727
250620;2025;51;2;118909
250620;2025;52;2;118909
250624;2025;1;1;9545
250624;2025;43;17;231818
250624;2025;44;20;272727
250624;2025;45;30;379090
250624;2025;49;1;13636
250624;2025;52;1;9545
250625;2025;43;9;122727
250625;2025;44;23;313636
250625;2025;45;40;471818
250625;2025;46;2;21818
250626;2025;1;2;16363
250626;2025;43;16;218181
250626;2025;44;2;27272
250626;2025;45;16;174545
250626;2025;46;12;133636
250626;2025;47;12;163636
250626;2025;48;35;425454
250626;2025;49;14;190909
250626;2025;50;54;605454
250626;2025;51;29;237272
250626;2025;52;26;212727
250628;2025;1;1;15818
250628;2025;43;2;52727
250628;2025;45;5;110727
250628;2025;46;11;263636
250628;2025;47;1;26363
250628;2025;48;2;52727
250628;2025;49;8;210909
250628;2025;50;3;63272
250628;2025;51;3;47454
250629;2025;45;4;372272
250629;2025;46;2;152727
250629;2025;51;2;114545
250629;2025;52;3;171818
250630;2025;45;2;466363
250630;2025;47;5;1295454
250630;2025;48;1;259090
250630;2025;49;1;259090
250630;2025;50;2;518181
250630;2025;51;1;155454
250631;2025;43;1;468181
250631;2025;44;1;468181
250632;2025;46;2;2172727
250633;2025;43;4;54545
250633;2025;44;24;327272
250633;2025;45;65;741817
250633;2025;46;25;310909
250633;2025;47;50;681818
250633;2025;48;60;818181
250633;2025;49;43;553636
250633;2025;50;13;150000
250634;2025;44;1;17272
250634;2025;45;93;1606363
250634;2025;46;2;31090
250635;2025;45;2;45454
250635;2025;46;11;249999
250635;2025;47;12;272727
250635;2025;48;11;250000
250635;2025;49;11;250000
250635;2025;50;23;445454
250635;2025;51;3;68181
250636;2025;43;6;103636
250636;2025;44;9;155454
250636;2025;45;8;114863
250636;2025;47;1;13818
250637;2025;43;3;460909
250637;2025;45;6;798909
250638;2025;46;5;813636
250638;2025;47;4;650909
250639;2025;44;3;488181
250639;2025;45;3;423090
250639;2025;46;4;520727
250639;2025;48;1;162727
250639;2026;16;1;162727
250640;2025;47;26;590909
250640;2025;48;4;90909
250640;2025;49;10;227272
250640;2025;50;2;45454
250640;2025;51;81;1288636
250640;2025;52;8;127272
250641;2025;44;10;136363
250641;2025;45;122;1396363
250641;2025;46;11;130909
250642;2025;44;13;295454
250642;2025;45;27;540909
250643;2025;44;1;22727
250643;2025;45;5;100000
250643;2025;46;20;418181
250643;2025;47;10;227272
250643;2025;48;3;68181
250643;2025;49;1;22727
250644;2025;43;2;45454
250644;2025;44;1;22727
250644;2025;45;15;309090
250644;2025;46;22;468181
250645;2025;44;6;190909
250645;2025;45;65;1883636
250645;2025;46;120;3264545
250645;2025;47;7;206818
250645;2025;51;1;22272
250646;2025;46;2;63636
250646;2025;47;27;859090
250646;2025;48;28;890909
250646;2025;49;33;1050000
250646;2025;50;36;967272
250646;2025;51;47;1046818
250647;2025;43;1;213636
250647;2025;44;1;213636
250647;2025;45;2;427272
250647;2025;46;2;384545
250648;2025;43;2;180000
250648;2025;44;4;360000
250649;2025;43;4;90909
250649;2025;44;6;136363
250649;2025;46;21;477272
250649;2025;47;22;500000
250649;2025;48;29;659090
250649;2025;50;22;400000
250649;2025;51;16;254545
250650;2025;42;1;235454
250650;2025;44;1;235454
250650;2025;45;7;1554000
250652;2025;47;1;480909
250653;2025;43;2;52727
250653;2025;44;1;26363
250653;2025;45;7;184545
250653;2025;46;39;870000
250653;2025;47;13;342727
250653;2025;48;8;210909
250653;2025;49;3;79090
250653;2025;50;18;427090
250653;2025;51;14;258363
250654;2025;44;12;316363
250654;2025;45;6;126545
250654;2025;46;11;242545
250654;2025;47;23;606363
250654;2025;48;31;817272
250654;2025;49;6;158181
250654;2025;50;7;152909
250655;2025;44;2;961818
250655;2025;45;1;480909
250655;2025;46;1;384727
250656;2025;42;1;213636
250656;2025;43;1;213636
250656;2025;44;6;1281817
250656;2025;45;4;811818
250658;2025;43;2;118181
250658;2025;44;5;295454
250658;2025;45;16;756363
250659;2025;43;2;143636
250659;2025;44;3;215454
250659;2025;45;11;660727
250659;2025;46;10;689454
250659;2025;47;10;718181
250659;2025;48;1;71818
250659;2025;49;2;143636
250659;2025;50;4;244181
250659;2025;51;3;129272
250659;2025;52;2;86181
250660;2025;43;2;263636
250660;2025;44;6;790909
250661;2025;43;1;184090
250661;2025;46;1;204545
250662;2025;45;11;712000
250662;2025;49;2;161818
250662;2025;50;1;64727
250662;2025;51;1;48545
250662;2025;52;2;97090
250663;2025;43;1;44545
250663;2025;44;3;133636
250663;2025;45;7;276181
250663;2025;46;2;80181
250663;2025;47;2;89090
250664;2025;46;3;115818
250664;2025;47;3;133636
250664;2025;48;3;133636
250664;2025;50;27;1086908
250665;2025;43;15;470909
250665;2025;44;15;477272
250665;2025;45;10;254545
250665;2025;46;2;50909
250665;2025;47;3;95454
250665;2025;48;2;63636
250665;2025;49;1;31818
250666;2025;43;6;190909
250666;2025;44;1;31818
250666;2025;45;6;152727
250666;2025;46;23;693636
250666;2025;47;2;63636
250666;2025;48;1;31818
250666;2025;49;2;63636
250666;2025;50;6;190909
250667;2025;42;1;22727
250667;2025;43;2;45454
250667;2025;44;10;227272
250667;2025;45;36;713636
250667;2025;46;22;440909
250667;2025;47;1;22727
250668;2025;43;6;49090
250668;2025;44;3;24545
250668;2025;45;15;106363
250668;2025;46;58;441818
250668;2025;47;13;106363
250668;2025;48;10;81818
250668;2025;49;15;122727
250669;2025;43;8;400000
250669;2025;44;7;350000
250669;2025;45;8;380000
250669;2025;46;1;40000
250670;2025;42;10;172727
250670;2025;43;11;190000
250670;2025;44;12;207272
250670;2025;45;34;511272
250670;2025;46;3;41454
250670;2025;49;1;13818
250670;2026;14;1;17272
250674;2025;1;1;36818
250674;2025;44;1;40909
250674;2025;45;2;81818
250674;2025;46;2;81818
250674;2025;47;2;81818
250674;2025;48;4;163636
250674;2025;49;6;245454
250674;2025;50;13;482727
250674;2025;51;24;679090
250674;2025;52;19;544090
250675;2025;45;24;261818
250675;2025;46;13;177273
250675;2025;47;21;282545
250675;2025;48;21;253636
250675;2025;49;50;621818
250675;2025;50;47;512727
250675;2025;51;181;1540909
250675;2025;52;82;679090
250676;2025;42;2;27272
250676;2025;43;5;68181
250676;2025;44;27;368181
250676;2025;45;53;610908
250676;2025;46;51;645000
250676;2025;47;1;13636
250676;2025;48;1;13636
250734;2025;48;1;35454
250734;2025;49;39;1382727
250734;2025;50;46;1304727
250734;2025;51;10;248181
250735;2025;48;4;141818
250735;2025;50;18;553090
250735;2025;51;2;49636
250736;2025;48;4;360000
250736;2025;49;1;90000
250736;2025;50;4;324000
250736;2025;51;15;931410
250736;2025;52;1;63000
250737;2025;49;7;630000
250737;2025;50;4;288000
250737;2025;51;1;63000
250738;2025;48;6;190909
250738;2025;49;11;350000
250738;2025;50;34;878181
250738;2025;51;20;445454
250738;2025;52;1;22272
250739;2025;49;1;90000
250739;2025;50;3;234000
250739;2025;51;7;441000
250740;2025;49;2;163636
250740;2025;50;2;147272
250740;2025;51;8;458181
250741;2025;49;1;77272
250741;2025;50;4;262727
250741;2025;51;5;270454
250741;2025;52;2;108181
250742;2025;49;2;141545
250742;2025;50;3;212727
250742;2025;51;7;400909
250744;2025;48;1;100000
250744;2025;49;1;100000
250744;2025;50;2;180000
250744;2025;51;3;210000
250745;2025;48;2;163636
250745;2025;49;1;81818
250745;2025;50;5;376363
250745;2025;51;5;286363
250746;2025;49;2;154545
250746;2025;50;2;123636
250746;2025;51;3;162272
250746;2025;52;5;270454
250755;2025;48;4;127272
250755;2025;49;8;254545
250755;2025;50;20;547272
250755;2025;51;38;846363
250755;2025;52;2;44545
250759;2025;49;2;63636
250759;2025;51;11;245000
250759;2025;52;24;534545
250760;2025;51;4;229090
250761;2025;51;2;108181
250761;2025;52;5;270454
250762;2025;48;10;354545
250762;2025;49;14;496363
250762;2025;50;38;1248000
250762;2025;51;33;819000
250763;2025;48;2;180000
250763;2025;49;10;900000
250769;2025;49;1;35454
250769;2025;50;2;56727
250769;2025;51;17;421909
250769;2025;52;34;843818
250770;2025;52;6;148909
250776;2025;48;2;180000
250776;2025;49;4;360000
250776;2025;50;3;270000
250776;2025;51;6;405000
250779;2025;48;3;95454
250779;2025;49;5;159090
250779;2025;51;10;222727
250856;2025;52;1;448181
251624;2025;46;3;64091
251624;2025;48;5;106818
251624;2025;50;3;55545
251624;2025;51;5;98272
251625;2025;43;1;10909
251625;2025;46;2;17454
251625;2025;47;2;21818
251625;2025;48;7;76363
251625;2025;49;3;32727
251625;2025;52;1;10909
253961;2025;51;1;220909
253962;2025;50;34;487090
253962;2025;51;31;321272
253962;2025;52;4;41454
253963;2025;48;6;245454
253963;2025;49;26;1063636
253963;2025;50;16;605454
253964;2025;48;5;340909
253964;2025;49;6;409090
253964;2025;50;1;54545
253965;2025;48;6;376363
253965;2025;49;6;376363
253966;2025;1;12;145090
253966;2025;49;6;103636
253966;2025;50;32;462909
253966;2025;52;25;302272
253966;2026;7;4;55272
253966;2026;9;1;17272
253966;2026;11;12;207272
253967;2025;48;5;1177273
253967;2025;49;2;423817
253968;2025;48;3;870000
253968;2025;49;1;261000
253969;2025;48;1;86363
253969;2025;50;11;950000
253970;2025;48;2;161818
253970;2025;49;2;161818
253971;2025;1;3;96545
253971;2025;48;5;268181
253971;2025;49;9;482727
253971;2025;50;5;236000
253971;2025;51;13;418363
253971;2025;52;11;354000
253972;2025;48;2;209090
253972;2025;49;3;313636
253972;2025;50;5;418181
253972;2025;51;4;292727
253972;2025;52;5;313636
253973;2025;48;6;659090
253973;2025;49;6;681818
253973;2025;50;8;886363
253974;2025;48;6;891090
253974;2025;49;1;153636
253974;2025;50;10;1536363
253975;2025;48;4;236363
253975;2025;49;2;118181
253975;2025;50;8;413636
253975;2025;51;2;94545
253975;2025;52;2;70909
253976;2025;48;3;177272
253976;2025;49;1;59090
253976;2025;50;4;200909
253976;2025;51;2;70909
253976;2025;52;3;106363
253977;2025;48;1;59090
253977;2025;49;2;118181
253977;2025;50;3;153636
253977;2025;51;5;200909
253977;2025;52;1;35454
253978;2025;48;1;326386
253978;2025;49;2;681818
253978;2025;50;3;954545
253979;2025;49;1;340909
253979;2025;50;2;545454
253980;2025;48;1;413636
253980;2025;50;2;661818
253980;2025;51;1;248181
253981;2026;4;1;2117272
253982;2026;4;1;3081818
253983;2025;48;8;327272
253983;2025;49;29;1186363
253983;2025;50;55;1977954
253983;2025;51;18;556363
253984;2025;48;6;321818
253984;2025;49;5;268181
253984;2025;50;12;568545
253984;2025;51;13;461272
253985;2025;48;8;488363
253985;2025;49;8;531454
253985;2025;50;11;631999
253985;2025;51;32;1393272
253985;2025;52;9;387818
253986;2025;1;1;46363
253986;2025;48;3;200909
253986;2025;49;4;309090
253986;2025;50;5;309090
253986;2025;51;9;417272
253986;2025;52;7;324545
253987;2025;1;2;86181
253987;2025;50;2;114909
253987;2025;52;2;86181
253988;2025;50;6;301090
253988;2025;52;3;112909
253989;2025;49;5;372181
253989;2025;50;5;323636
253989;2025;51;5;242727
253989;2025;52;2;97090
253990;2025;50;2;154545
253991;2025;49;5;1540909
253991;2025;50;3;924545
253992;2025;48;2;190909
253992;2025;49;8;763636
253992;2025;50;2;171818
253993;2025;48;2;281818
253993;2025;49;2;281818
253993;2025;50;6;732727
253993;2025;51;2;197272
253994;2025;48;3;231818
253994;2025;50;10;649090
253994;2025;51;5;270454
253995;2025;48;10;772727
253995;2025;49;6;463636
253995;2025;50;2;123636
253996;2025;48;7;120909
253996;2025;49;30;518181
253996;2025;50;1;17272
253996;2025;51;10;103636
254064;2025;48;16;353272
254064;2025;49;38;928000
254064;2025;50;6;126545
254065;2025;48;17;363818
254065;2025;49;19;474545
254066;2025;48;3;460909
254066;2025;49;3;460909
254066;2025;50;2;245818
254075;2025;48;7;948181
254075;2025;49;1;135454
254076;2025;48;7;1050000
254076;2025;49;7;1050000
254076;2025;50;2;255000
254077;2025;50;2;210909
254077;2025;51;8;685454
254077;2025;52;4;316363
254078;2025;48;10;1227272
254078;2025;49;9;1104545
254078;2025;50;1;98181
254079;2025;48;54;1907454
254079;2025;49;59;2091818
254079;2025;50;16;553090
254080;2025;48;13;1642727
254080;2025;49;8;1010909
254080;2025;50;11;1213090
254116;2025;45;1;1432727
254120;2025;49;1;231818
254120;2025;50;3;556363
254120;2025;51;8;1298181
254121;2025;49;5;931818
254121;2025;50;2;335454
254121;2025;51;3;335454
254122;2025;48;1;190000
254122;2025;49;4;760000
254122;2025;50;3;494000
254123;2025;48;26;763635
254123;2025;49;9;286363
254123;2025;50;13;350000
254123;2025;51;42;801817
254123;2025;52;11;210000
254124;2025;48;30;636363
254124;2025;49;20;454545
254124;2025;50;57;1136363
254124;2025;51;50;800000
254124;2025;52;14;190909
254125;2025;48;6;158181
254125;2025;49;19;474545
254125;2025;50;10;213545
254125;2025;51;31;490363
254125;2025;52;6;94909
254126;2025;48;21;448181
254126;2025;49;46;1160000
254126;2025;50;5;105454
254127;2025;48;25;543091
254127;2025;49;45;1094090
254127;2025;50;23;485090
254127;2025;51;4;63272
254128;2025;1;1;15818
254128;2025;48;22;469272
254128;2025;49;48;1212727
254128;2025;50;1;21090
254129;2025;48;9;189818
254129;2025;49;1;21090
254129;2025;50;16;337454
254129;2025;51;24;379636
254129;2025;52;8;126545
254257;2025;50;10;45454
254257;2025;51;27;96818
254257;2025;52;5;15909
254257;2026;7;1;3636
254257;2026;18;1;4545
254261;2025;48;5;105454
254261;2025;49;11;253090
254261;2025;50;12;253090
254261;2025;51;20;347999
254261;2025;52;5;79090
254262;2025;48;10;286364
254262;2025;49;16;451818
254262;2025;50;62;1568635
254262;2025;51;2;38181
254263;2025;45;8;60000
254263;2025;46;17;132727
254263;2025;51;69;439091
254263;2025;52;46;292727
254264;2025;43;2;45454
254264;2025;44;17;386363
254264;2025;45;24;468181
254264;2025;46;6;127272
254264;2025;47;11;250000
254265;2025;43;2;45454
254265;2025;44;6;136363
254265;2025;45;41;800000
254265;2025;46;11;227272
254266;2025;44;12;29455
254266;2025;49;6;27272
254266;2025;50;5;18181
254266;2025;51;14;55454
254266;2025;52;5;15909
254268;2025;1;8;50909
254268;2025;52;15;95454
254269;2025;1;2;12727
254269;2025;46;3;27272
254269;2025;47;4;36363
254269;2025;49;18;163636
254269;2025;50;28;209090
254269;2025;51;53;340000
254269;2025;52;3;19090
254269;2026;1;3;27272
254270;2025;1;19;120909
254270;2025;45;3;25454
254270;2025;47;11;100000
254270;2025;48;2;18181
254270;2025;49;13;116363
254270;2025;50;32;232727
254270;2025;51;99;638181
254270;2025;52;20;127272
254271;2025;48;5;45454
254271;2025;49;2;18181
254271;2025;50;17;132727
254271;2026;1;3;27272
254273;2025;45;5;45454
254273;2025;46;3;21818
254273;2025;47;6;54545
254273;2025;48;1;9090
254273;2025;49;31;281818
254273;2025;50;16;130909
254273;2025;51;45;321818
254273;2025;52;38;241818
254274;2025;49;5;45454
254274;2025;50;19;145454
254275;2025;1;1;6363
254275;2025;47;3;27272
254275;2025;49;5;45454
254275;2025;50;17;123636
254275;2025;51;69;439090
254275;2025;52;25;159090
254276;2025;45;211;548181
254276;2025;46;37;82909
254276;2025;47;54;147272
254276;2025;48;95;259090
254276;2025;49;127;346363
254276;2025;50;217;482181
254276;2025;51;221;451363
254276;2025;52;54;103090
254277;2025;44;1;40909
254277;2025;49;5;204545
254277;2025;50;1;40909
254277;2025;51;18;527727
254277;2025;52;5;143181
254277;2026;2;3;122727
254277;2026;4;1;40909
254277;2026;7;14;1107954
254278;2025;49;1;50000
254278;2025;51;1;35000
254278;2025;52;2;70000
254278;2026;5;1;50000
254278;2026;6;5;250000
254278;2026;7;1;50000
254278;2026;14;1;53636
254279;2025;45;11;360000
254279;2025;46;2;81818
254279;2025;47;1;40909
254279;2025;48;1;40909
254279;2025;49;3;122727
254279;2025;51;10;298636
254279;2025;52;5;143181
254280;2025;47;2;100000
254280;2025;48;1;50000
254280;2025;49;1;50000
254280;2025;50;2;100000
254280;2025;51;4;140000
254280;2026;4;1;50000
254280;2026;6;1;50000
254280;2026;12;1;50000
254280;2026;13;1;50000
254281;2025;49;5;204545
254281;2025;50;1;32727
254281;2025;51;10;298636
254281;2025;52;1;28636
254281;2026;2;1;32727
254282;2025;48;1;50000
254282;2025;51;3;105000
254282;2025;52;3;105000
254282;2026;13;1;50000
254283;2025;44;100;1572727
254284;2025;48;5;386363
254284;2025;50;7;448181
254284;2025;51;6;324545
254284;2025;52;1;54090
254285;2025;45;1;113636
254285;2025;50;2;181818
254285;2025;51;3;238636
254285;2025;52;1;79545
254285;2026;2;1;113636
254285;2026;3;1;113636
254285;2026;10;1;113636
254285;2026;11;1;113636
254285;2026;16;1;113636
254285;2026;17;1;113636
254286;2025;49;4;454545
254286;2025;50;1;90909
254286;2025;51;7;556818
254286;2026;2;1;113636
254286;2026;4;1;113636
254286;2026;7;1;113636
254286;2026;10;1;113636
254287;2025;44;1;113636
254287;2025;47;1;113636
254287;2025;49;2;227272
254287;2025;50;3;295454
254287;2025;51;5;397727
254287;2025;52;2;159090
254287;2026;4;3;340909
254287;2026;6;2;227272
254287;2026;7;1;90909
254287;2026;11;1;113636
254288;2025;45;16;509090
254288;2025;46;3;89090
254288;2025;47;5;159090
254288;2025;50;7;184545
254288;2025;51;9;257727
254289;2025;45;32;1425454
254289;2025;46;4;169272
254289;2025;47;1;44545
254289;2025;48;1;44545
254289;2025;50;3;115818
254290;2025;44;1;44545
254290;2025;45;21;926545
254290;2025;46;3;133636
254290;2025;47;1;44545
254290;2025;48;1;44545
254290;2025;49;2;89090
254290;2025;50;11;400909
254291;2025;44;200;3145455
254292;2025;44;250;3931818
254293;2025;44;250;3931818
254294;2025;44;50;786364
254449;2025;48;15;381818
254449;2025;49;35;1005454
254449;2025;50;57;1450909
254449;2025;51;13;254545
254449;2025;52;1;19090
254450;2025;48;6;131818
254450;2025;49;5;118636
254450;2025;50;65;1370909
254450;2025;51;31;490364
254451;2025;50;18;510545
254451;2025;51;13;333272
254451;2025;52;6;127636
254452;2025;48;16;426363
254452;2025;49;31;852727
254452;2025;50;10;254545
254453;2025;49;14;358545
254453;2025;50;21;442909
254453;2025;51;29;469272
254454;2025;48;10;680000
254454;2025;49;13;865454
254454;2025;50;21;1298181
254454;2025;51;4;185454
254455;2025;48;2;123636
254455;2025;49;11;803636
254455;2025;50;10;618181
254455;2025;51;1;46364
254456;2025;1;4;98181
254456;2025;48;33;1145454
254456;2025;49;33;1170000
254456;2025;50;4;130909
254456;2025;51;1;24545
254456;2025;52;1;24545
254457;2025;48;7;245454
254457;2025;49;35;1268181
254457;2025;50;62;2029090
254457;2025;51;17;449999
254458;2025;48;6;159090
254458;2025;49;33;900454
254458;2025;50;70;1781818
254459;2025;48;16;358545
254459;2025;49;26;627454
254459;2025;50;62;1307636
254459;2025;51;3;47455
254459;2025;52;1;26364
254460;2025;45;2;47454
254460;2025;47;1;26363
254460;2025;49;2;52727
254460;2025;51;3;55363
254460;2025;52;5;92272
254461;2025;45;1;28363
254461;2025;49;3;106363
254461;2025;51;15;372272
254462;2025;45;2;90000
254462;2025;49;1;50000
254462;2025;51;7;245000
254462;2025;52;1;35000
254463;2025;46;1;26363
254463;2025;50;4;100181
254463;2025;51;8;147636
254463;2025;52;1;18454
254464;2025;50;2;63818
254464;2025;51;4;99272
254465;2025;49;26;750909
254465;2025;50;29;738181
254465;2025;51;28;566363
254465;2025;52;2;38181
254466;2025;48;6;210000
254466;2025;49;1;40000
254466;2025;50;1;50000
254466;2025;51;4;140000
254466;2025;52;1;35000
254468;2025;48;10;292727
254468;2025;49;12;369091
254468;2025;50;40;1018181
254468;2025;51;23;464546
254468;2025;52;5;95455
254469;2025;48;12;274182
254469;2025;49;16;421818
254469;2025;50;20;411272
254469;2025;51;8;126545
254470;2025;48;6;126545
254470;2025;49;29;732909
254470;2025;50;16;337454
254470;2025;52;12;189818
254471;2025;50;17;358545
254471;2025;51;15;316363
254472;2025;48;1;50181
254472;2025;49;21;1292182
254472;2025;50;14;702545
254472;2025;51;5;188181
254472;2025;52;3;112909
254473;2025;1;2;75272
254473;2025;48;1;62727
254473;2025;49;10;627272
254473;2025;50;1;50181
254473;2025;51;2;100363
254473;2025;52;1;37636
254474;2025;48;4;200727
254474;2025;49;27;1568181
254474;2025;50;17;853090
254475;2025;49;20;1254545
254475;2025;50;4;200727
254476;2025;49;11;639818
254476;2025;50;4;200727
254476;2025;51;7;288545
254476;2025;52;4;150545
254478;2025;1;2;75272
254478;2025;49;2;112909
254478;2025;50;2;100363
254478;2025;51;5;188181
254478;2025;52;7;263454
254481;2025;48;5;276000
254481;2025;50;9;451636
254481;2025;51;8;401454
254483;2025;49;6;1281818
254483;2025;50;2;341818
254484;2025;49;6;1281818
254485;2025;50;1;170909
254486;2025;48;9;810000
254486;2025;49;13;1170000
254486;2025;50;22;1764000
254487;2025;48;12;2170909
254488;2025;48;8;1447272
254488;2025;49;4;723636
254489;2025;44;2;63636
254489;2025;45;5;159090
254489;2025;46;2;63636
254489;2025;47;1;31818
254489;2025;49;1;31818
254489;2025;50;6;178181
254489;2025;51;4;100227
254499;2025;48;14;318181
254499;2025;49;20;454545
254499;2025;50;26;499999
254499;2025;51;6;115909
254499;2025;52;4;63636
254502;2025;48;37;639090
254502;2025;49;33;569999
254502;2025;50;50;780727
254507;2025;50;2;154545
254511;2025;48;17;448181
254511;2025;49;8;210909
254511;2025;50;34;854181
254511;2025;51;13;216181
254527;2025;50;9;255272
254527;2025;51;13;276545
254527;2025;52;7;148909
254528;2025;50;2;65454
254528;2025;51;2;49090
254528;2025;52;5;122727
254529;2025;1;2;42545
254529;2025;48;5;141818
254529;2025;49;11;361636
254529;2025;50;19;538909
254529;2025;51;29;680727
254529;2025;52;7;148909
254530;2025;50;1;28363
254530;2025;51;10;212727
254530;2025;52;6;127636
254531;2025;48;3;85090
254531;2025;49;2;56727
254531;2025;50;3;85090
254531;2025;51;1;21272
254532;2025;48;2;56727
254532;2025;49;3;99272
254532;2025;50;7;198545
254532;2025;51;2;42545
254533;2025;50;4;113454
254533;2025;51;2;42545
254533;2025;52;3;63818
254534;2025;49;9;368181
254535;2025;48;1;32727
254535;2025;50;2;65454
254535;2025;51;2;49090
254535;2025;52;7;171818
254536;2025;1;2;42545
254536;2025;48;1;28363
254536;2025;49;1;28363
254536;2025;50;12;340363
254536;2025;51;27;581454
254536;2025;52;8;170181
254537;2025;1;2;49090
254537;2025;50;5;163636
254537;2025;51;5;139090
254537;2025;52;3;98181
254538;2025;49;9;297818
254538;2025;50;15;425454
254538;2025;51;20;439635
254538;2025;52;4;85090
254539;2025;48;1;32727
254539;2025;49;4;130909
254539;2025;50;2;65454
254539;2025;51;9;220909
254539;2025;52;3;73636
254540;2025;1;4;98181
254540;2025;49;1;32727
254540;2025;50;21;687272
254540;2025;51;9;229090
254540;2025;52;1;24545
254541;2025;50;2;65454
254541;2025;52;5;122727
254542;2025;1;2;49090
254542;2025;49;14;474545
254542;2025;50;20;654545
254542;2025;51;48;1186363
254542;2025;52;2;49090
254543;2025;1;5;28636
254543;2025;48;16;130909
254543;2025;49;4;32727
254543;2025;50;40;279818
254543;2025;51;143;838636
254543;2025;52;101;578454
254544;2025;1;12;68727
254544;2025;48;12;98181
254544;2025;49;23;188181
254544;2025;50;46;348545
254544;2025;51;192;1107000
254544;2025;52;53;303545
254545;2025;1;1;35000
254545;2025;48;16;800000
254545;2025;49;21;1043000
254545;2025;50;24;1040000
254545;2025;51;59;2065000
254545;2025;52;1;35000
254546;2025;49;9;1219090
254546;2025;50;4;514727
254547;2025;48;1;280909
254547;2025;49;1;280909
254547;2025;50;1;224727
254547;2025;51;1;168545
254548;2025;48;4;541818
254548;2025;49;9;1198772
254549;2025;48;5;677272
254549;2025;49;8;1063318
254550;2025;48;5;722727
254550;2025;49;4;578181
254634;2025;52;2;436363
254637;2025;48;2;436363
254637;2025;49;1;218181
254637;2025;51;2;381818
254637;2025;52;2;436363
254638;2025;47;2;436363
254638;2025;49;1;218181
254638;2025;51;2;327272
254638;2025;52;1;218181
254640;2025;48;2;561818
254640;2025;49;2;561818
254641;2025;50;1;90909
254641;2025;51;5;340909
254641;2025;52;3;204545
254642;2025;48;2;227272
254642;2025;49;9;971818
254642;2025;50;5;500000
254642;2025;51;8;545454
254643;2025;1;4;22909
254643;2025;48;3;24545
254643;2025;49;15;122727
254643;2025;50;68;474545
254643;2025;51;69;407454
254643;2025;52;53;303545
254644;2025;49;2;16363
254644;2025;50;32;220909
254644;2025;51;68;395181
254644;2025;52;34;194727
254645;2025;1;10;95454
254645;2025;48;11;150000
254645;2025;49;2;27272
254645;2025;50;10;109090
254645;2025;51;28;275454
254645;2025;52;41;391363
254646;2025;1;3;28636
254646;2025;48;1;13636
254646;2025;49;13;177272
254646;2025;50;12;139090
254646;2025;51;39;376363
254646;2025;52;31;295909
254647;2025;1;15;238636
254647;2025;48;2;45454
254647;2025;49;7;159090
254647;2025;51;36;572727
254647;2025;52;43;684090
254647;2026;4;14;318181
254647;2026;5;22;500000
254647;2026;7;2;45454
254647;2026;9;32;727272
254647;2026;10;4;90909
254647;2026;11;7;159089
254647;2026;13;12;272727
254647;2026;14;8;181818
254647;2026;15;14;318181
254647;2026;16;4;72727
254648;2025;1;4;63636
254648;2025;48;2;45454
254648;2025;50;4;81818
254648;2025;51;2;40909
254648;2026;4;6;136363
254648;2026;6;2;45454
254648;2026;8;1;22727
254648;2026;13;24;545455
254648;2026;17;6;136363
254649;2025;48;15;340909
254649;2025;49;44;1000000
254649;2025;50;129;2418181
254649;2025;51;88;1400000
254650;2025;48;20;454545
254650;2025;50;22;400000
254650;2025;51;86;1450000
254650;2025;52;66;1050000
254650;2026;17;1;22727
254651;2025;48;8;181818
254651;2025;49;8;181818
254651;2025;50;16;290909
254651;2025;51;6;95454
254651;2025;52;24;381818
254651;2026;2;6;136363
254651;2026;6;14;318181
254651;2026;7;2;34090
254651;2026;8;12;272727
254651;2026;10;8;181818
254651;2026;12;8;181818
254651;2026;14;8;181818
254651;2026;15;6;122727
254651;2026;17;12;272727
254652;2025;48;19;431818
254652;2025;49;72;1636363
254652;2025;50;62;1186363
254652;2025;51;123;1956818
254653;2025;48;46;1045454
254653;2025;49;50;1136363
254653;2025;50;37;677272
254653;2025;51;131;2138636
254654;2025;1;11;105000
254654;2025;48;5;68181
254654;2025;49;9;122727
254654;2025;50;5;54545
254654;2025;51;46;443179
254654;2025;52;37;353181
254655;2025;1;7;66818
254655;2025;48;6;81818
254655;2025;49;5;68181
254655;2025;50;19;226363
254655;2025;51;33;319090
254655;2025;52;37;353181
254656;2025;1;1;9545
254656;2025;48;4;54545
254656;2025;49;10;136363
254656;2025;50;22;267272
254656;2025;51;28;275454
254656;2025;52;50;477272
254657;2025;48;16;215454
254657;2025;49;21;286363
254657;2025;50;26;310909
254657;2025;51;47;452727
254657;2025;52;15;143181
254658;2025;1;2;19090
254658;2025;48;19;259090
254658;2025;49;19;259090
254658;2025;50;42;504545
254658;2025;51;40;398181
254658;2025;52;1;9545
254659;2025;48;28;381818
254659;2025;49;10;136363
254659;2025;50;40;488181
254659;2025;51;66;662727
254660;2025;48;18;245454
254660;2025;49;7;95454
254660;2025;50;10;122727
254660;2025;51;15;143181
254660;2025;52;32;305454
254661;2025;1;3;28636
254661;2025;48;17;229090
254661;2025;49;19;259090
254661;2025;50;31;368181
254661;2025;51;48;462272
254661;2025;52;9;85909
254662;2025;48;4;54545
254662;2025;49;14;190909
254662;2025;50;21;248181
254662;2025;51;40;389999
254662;2025;52;25;238636
254663;2025;1;2;19090
254663;2025;48;21;286363
254663;2025;49;21;286363
254663;2025;50;19;229090
254663;2025;51;54;530454
254663;2025;52;14;133636
254664;2025;1;5;47727
254664;2025;48;6;81818
254664;2025;49;12;163636
254664;2025;50;6;65454
254664;2025;51;13;124090
254664;2025;52;4;38181
254665;2025;1;2;19090
254665;2025;48;4;54545
254665;2025;49;17;230454
254665;2025;50;15;182727
254665;2025;51;32;317726
254665;2025;52;25;238636
254666;2025;48;18;245454
254666;2025;49;23;313636
254666;2025;50;56;660000
254666;2025;51;36;368181
254667;2025;48;2;161818
254667;2025;49;14;1132727
254667;2025;50;17;1294545
254668;2025;48;2;263636
254668;2025;49;5;659090
254668;2025;50;10;1133636
254668;2025;51;17;1555454
254668;2025;52;2;158181
254669;2025;48;3;133636
254669;2025;49;2;89090
254669;2025;50;5;178181
254669;2025;51;13;405363
254669;2025;52;1;31181
254670;2025;48;3;133636
254670;2025;49;2;89090
254670;2025;50;10;365272
254670;2025;51;6;187090
254670;2025;52;2;62363
254671;2025;48;7;630000
254671;2025;49;1;90000
254672;2025;48;8;720000
254673;2025;48;13;515454
254673;2025;49;11;450000
254673;2025;50;8;294545
254673;2025;51;6;171818
254673;2025;52;4;114545
254674;2025;48;10;772727
254674;2025;49;13;1004545
254674;2025;50;1;77272
254675;2025;48;3;95454
254675;2025;49;31;986363
254675;2025;50;2;63636
254676;2025;48;9;482727
254676;2025;49;16;858181
254676;2025;50;6;289636
254676;2025;51;12;466636
254676;2025;52;5;187727
254677;2025;48;120;1622727
254677;2025;49;94;1281818
254677;2025;51;1;8181
254678;2025;1;1;50272
254678;2025;48;8;545818
254678;2025;49;3;215454
254678;2025;50;9;581727
254678;2025;51;8;402181
254678;2025;52;6;301636
254679;2025;48;13;815454
254679;2025;49;17;1066363
254679;2025;50;6;326181
254681;2025;48;26;669636
254681;2025;49;40;1054545
254681;2025;50;62;1481636
254681;2025;51;85;1471090
254681;2025;52;1;15818
254683;2025;48;32;833091
254683;2025;49;69;1819090
254683;2025;50;75;1741317
254683;2025;51;53;986000
254683;2025;52;4;63272
254685;2025;48;37;970181
254685;2025;49;12;313727
254685;2025;50;25;622181
254685;2025;51;13;239909
254685;2025;52;9;166090
254687;2025;48;41;559090
254687;2025;49;94;1281818
254687;2025;50;140;1682727
254688;2025;48;65;880908
254688;2025;49;50;681818
254688;2025;50;85;1020000
254688;2025;51;96;969545
254688;2025;52;4;38181
254689;2025;48;108;713454
254689;2025;49;108;877090
254689;2025;50;13;85090
254689;2025;51;46;225818
254690;2025;1;3;14727
254690;2025;48;64;418909
254690;2025;49;55;428727
254690;2025;50;81;530181
254690;2025;51;17;119454
254690;2025;52;47;230727
254692;2025;48;72;1576545
254692;2025;49;114;2723363
254692;2025;50;52;1096727
254693;2025;48;49;936363
254693;2025;49;115;2290909
254693;2025;50;66;1172727
254693;2025;51;27;368182
254694;2025;48;57;1291818
254694;2025;49;82;1935090
254694;2025;50;68;1434181
254695;2025;1;4;54545
254695;2025;48;22;400000
254695;2025;49;20;395454
254695;2025;50;52;945454
254695;2025;51;64;890909
254695;2025;52;28;436364
254696;2025;48;9;294545
254696;2025;49;20;818181
254696;2025;50;19;621818
254696;2025;51;24;589091
254697;2025;48;19;679090
254697;2025;49;30;1120909
254697;2025;50;9;294545
254697;2025;51;2;49090
254698;2025;48;6;376363
254698;2025;49;8;464181
254698;2025;50;8;401454
254698;2025;51;14;526909
254699;2025;48;5;795454
254699;2025;50;12;1750000
254700;2025;48;42;1368545
254700;2025;49;6;212727
254701;2025;49;39;1311818
254701;2025;50;68;1928727
254701;2025;51;78;1701818
254701;2025;52;3;63818
254702;2025;48;15;524727
254702;2025;49;32;1070727
254702;2025;50;42;1191272
254702;2025;51;32;687818
254702;2025;52;25;531818
254703;2025;1;5;79090
254703;2025;48;5;126545
254703;2025;49;16;390181
254703;2025;50;37;780363
254703;2025;51;96;1544909
254703;2025;52;26;411273
254704;2025;49;52;1099999
254704;2025;50;29;527272
254704;2025;51;9;122726
254704;2025;52;15;204545
254705;2025;48;6;65454
254705;2025;49;25;291818
254705;2025;50;37;403636
254705;2025;51;13;117272
254705;2025;52;25;204545
254706;2025;48;13;141818
254706;2025;49;13;177272
254706;2025;50;20;218181
254706;2025;51;41;343636
254706;2025;52;12;98181
254707;2025;48;29;400727
254707;2025;49;96;1499272
254707;2025;50;182;2566727
254707;2025;51;18;186545
254708;2025;49;152;2459635
254708;2025;50;64;884363
254709;2025;48;139;2159090
254709;2025;49;66;1051908
254709;2025;50;13;179636
254711;2025;48;83;1704545
254711;2025;49;54;1086363
254711;2025;50;43;781818
254711;2025;51;8;109090
254712;2025;48;6;131818
254712;2025;49;32;672727
254712;2025;50;24;436363
254712;2025;51;44;618181
254712;2025;52;2;40909
254713;2025;48;3;54545
254713;2025;49;8;159090
254713;2025;50;11;200000
254713;2025;51;21;286363
254713;2025;52;21;286363
254714;2025;1;6;81818
254714;2025;48;7;136363
254714;2025;49;27;499999
254714;2025;50;41;745454
254714;2025;51;57;786363
254714;2025;52;7;95454
254716;2025;51;22;299455
254718;2025;1;1;5454
254718;2025;51;12;58910
254718;2025;52;10;54545
254718;2026;2;1;5454
254722;2025;51;12;49090
254728;2025;44;1;180909
254728;2025;46;1;180909
254729;2025;44;1;444545
254729;2025;46;1;444545
254730;2025;46;18;122727
254730;2025;47;37;252272
254730;2025;48;13;88636
254730;2025;49;34;231818
254730;2025;50;60;351136
254730;2025;51;24;157159
254732;2025;45;2;85818
254732;2025;46;5;225272
254732;2025;47;1;53636
254733;2025;45;2;155454
254733;2025;46;3;241818
254733;2025;47;3;259090
254734;2025;45;2;243818
254734;2025;46;1;108363
254734;2025;47;4;541818
254734;2025;48;1;135454
254735;2025;45;5;240000
254735;2025;46;2;80000
254736;2025;45;4;345454
254736;2025;46;1;69090
254737;2025;45;5;650182
254737;2025;46;2;243818
254738;2025;45;1;50000
254738;2025;46;1;40000
254738;2025;48;2;100000
254738;2025;50;3;150000
254738;2025;52;1;50000
254739;2025;46;1;69090
254739;2025;51;5;319545
254739;2025;52;1;86363
254740;2025;48;1;131818
254740;2025;49;1;131818
254740;2025;51;5;467954
254741;2025;47;1;50000
254741;2025;48;2;100000
254741;2025;51;3;135000
254742;2025;47;2;154545
254742;2025;51;2;112045
254742;2025;52;1;77272
254746;2025;46;5;620000
254746;2025;47;1;140909
254747;2025;45;7;197272
254747;2025;46;5;127272
254748;2025;45;5;260000
254748;2025;49;1;59090
254748;2025;51;6;212727
254750;2025;45;4;310909
254750;2025;46;2;138181
254750;2025;51;5;259091
254751;2025;45;4;320727
254751;2025;46;2;142545
254752;2025;45;4;389454
254752;2025;46;2;173090
254753;2025;45;5;606545
254754;2025;44;5;177272
254754;2025;45;7;219818
254754;2025;46;11;375818
254754;2025;47;25;886363
254754;2025;48;24;850909
254754;2025;49;9;304909
254755;2025;44;1;109090
254755;2025;45;5;501818
254755;2025;46;1;109090
254755;2025;47;9;981818
254755;2025;48;8;872727
254755;2025;49;7;763636
254755;2025;51;1;65454
254756;2025;44;2;361818
254756;2025;45;2;262318
254756;2025;46;3;434181
254756;2025;47;2;361818
254757;2025;48;26;1280000
254757;2025;49;10;500000
254758;2025;48;12;600000
254758;2025;49;15;750000
254758;2025;50;9;440000
254759;2025;48;4;90909
254759;2025;49;25;568181
254759;2025;50;18;400000
254760;2025;48;10;1590909
254760;2025;49;10;1543181
254761;2025;48;22;2023636
254761;2025;49;25;2310000
254761;2025;50;1;95454
254765;2025;48;7;731818
254765;2025;49;9;940909
254766;2025;48;10;1045454
254766;2025;49;19;1986363
254766;2025;50;3;313636
254769;2025;48;25;606364
254769;2025;49;37;975454
254769;2025;50;61;1502727
254772;2025;48;13;886363
254772;2025;49;28;1909090
254772;2025;50;6;354545
254772;2025;51;1;47727
254774;2025;48;5;431818
254774;2025;49;9;777272
254774;2025;50;10;742727
254776;2025;48;10;990909
254776;2025;49;12;1189090
254776;2025;50;2;198181
254777;2025;48;15;1197453
254777;2025;49;9;728181
254778;2025;48;5;540909
254778;2025;49;5;540909
254779;2025;48;2;818181
254779;2025;49;2;818181
254779;2025;50;4;1472727
254780;2025;49;3;2004545
254780;2025;50;1;668181
254781;2025;48;4;469090
254781;2025;49;3;351818
254781;2025;50;26;2767636
254781;2025;51;1;70363
254782;2025;48;24;2814545
254782;2025;49;12;1407272
254783;2025;48;3;259090
254783;2025;49;12;1024272
254783;2025;50;5;414545
254784;2025;45;2;327272
254784;2025;46;3;545454
254784;2025;47;1;181818
254784;2025;48;2;363636
254784;2025;49;1;181818
254784;2025;51;4;599999
254784;2025;52;2;363636
254785;2025;48;3;695454
254785;2025;49;9;2086363
254786;2025;48;11;1549999
254786;2025;49;13;1807863
254787;2025;48;41;1043636
254787;2025;49;93;2590000
254787;2025;50;97;2469090
254787;2025;51;35;668181
254788;2025;48;56;967272
254788;2025;49;55;950000
254788;2025;50;100;1495818
254788;2025;51;48;639090
254789;2025;48;12;381818
254789;2025;49;30;954545
254789;2025;50;23;623635
254791;2025;48;8;1272727
254791;2025;51;4;445454
254793;2025;1;12;98181
254793;2025;48;6;65454
254793;2025;49;2;21818
254793;2025;50;48;523636
254793;2025;51;78;657272
254793;2025;52;93;760909
254794;2025;48;91;2024727
254794;2025;49;102;2514563
254794;2025;50;71;1523818
254797;2025;48;26;1867272
254797;2025;49;21;1493818
254798;2025;48;6;1172727
254798;2025;49;2;390909
254798;2025;50;1;156363
254800;2025;48;9;450000
254800;2025;49;19;945000
254800;2025;50;2;100000
254801;2025;48;6;354545
254801;2025;49;12;709090
254801;2025;50;6;354545
254802;2025;48;41;632181
254802;2025;49;36;549272
254802;2025;50;39;559636
254802;2025;51;12;138181
254803;2025;48;2;136363
254803;2025;49;9;613636
254803;2025;50;11;695454
254804;2025;48;5;313636
254804;2025;49;12;811363
254804;2025;50;8;463636
254805;2025;48;66;1140000
254805;2025;49;37;639090
254805;2025;50;22;328181
254805;2025;51;3;38000
254806;2025;48;18;307454
254806;2025;49;16;276363
254806;2025;50;46;701272
254806;2025;51;16;176182
254807;2025;1;6;147272
254807;2025;48;37;1497273
254807;2025;49;46;1878954
254807;2025;50;27;1039090
254807;2025;51;12;310909
254807;2025;52;6;147272
254808;2025;49;2;1627272
254808;2025;50;2;1464545
254809;2025;48;3;2416363
254809;2025;49;1;805454
254811;2025;48;5;613636
254811;2025;49;8;981818
254811;2025;50;3;368181
254812;2025;48;25;1477272
254812;2025;49;73;4284091
254812;2025;50;44;2375454
254813;2025;48;23;392090
254813;2025;49;36;607181
254813;2025;50;75;1204772
254813;2025;51;10;124363
254814;2025;48;13;342727
254814;2025;49;12;316363
254814;2025;50;44;1049272
254814;2025;51;25;427090
254814;2025;52;6;94909
254816;2025;48;5;313636
254816;2025;49;12;752727
254816;2025;50;5;276000
254816;2025;51;3;138000
254816;2025;52;2;75272
254817;2025;48;15;940908
254817;2025;50;7;376363
254817;2025;51;12;451636
254817;2025;52;2;75272
254818;2025;1;1;40909
254818;2025;48;5;340909
254818;2025;49;10;681818
254818;2025;50;6;381818
254818;2025;51;10;436363
254818;2025;52;4;163636
254819;2025;49;3;940909
254819;2025;50;5;1568181
254820;2025;49;3;640909
254820;2025;50;3;512727
254820;2025;51;2;256363
254821;2025;48;5;240000
254821;2025;49;12;600000
254821;2025;50;7;340000
254821;2025;51;12;380000
254821;2025;52;1;30000
254822;2025;1;1;30000
254822;2025;51;9;290000
254822;2025;52;1;30000
254823;2025;48;1;50000
254823;2025;49;4;200000
254823;2025;50;1;40000
254823;2025;51;8;240000
254824;2025;48;4;200000
254824;2025;49;7;350000
254824;2025;50;17;730000
254824;2025;51;7;210000
254825;2025;49;13;1240909
254825;2025;50;5;458181
254826;2025;48;5;477272
254826;2025;49;2;190909
254826;2025;50;5;381818
254826;2025;51;2;114545
254826;2025;52;1;57272
254827;2025;48;5;477272
254827;2025;49;10;954545
254828;2025;48;6;867272
254828;2025;50;5;607090
254828;2025;51;5;433636
254829;2025;48;6;867272
254829;2025;49;4;578181
254829;2025;50;3;375818
254829;2025;51;3;260181
254830;2025;48;1;335454
254830;2025;49;5;1677272
254830;2025;50;4;1341818
254831;2025;48;5;1477272
254831;2025;49;3;842045
254831;2025;50;4;1004545
254832;2025;49;5;2477272
254832;2025;50;1;495454
254833;2025;48;2;482727
254833;2025;49;6;1609090
254834;2025;48;14;1590909
254834;2025;49;11;1242045
254834;2025;50;3;340909
254851;2025;48;2;343636
254851;2025;49;10;1718181
254851;2025;50;4;687272
254852;2025;48;16;2749090
254853;2025;48;8;1374545
254853;2025;49;3;515454
254853;2025;50;3;446727
254853;2025;51;2;206181
254854;2025;48;3;586363
254854;2025;49;2;390909
254854;2025;50;1;156363
254854;2025;51;6;781818
254863;2025;46;3;120000
254863;2025;49;6;300000
254863;2025;51;6;250000
254868;2025;48;2;390909
254868;2025;50;5;938181
254868;2025;51;5;664545
254869;2025;48;16;800000
254869;2025;49;11;550000
254869;2025;50;9;420000
254870;2025;48;43;2150000
254870;2025;49;28;1400000
254870;2025;50;1;50000
254871;2025;48;30;3620454
254871;2025;49;14;1718181
254872;2025;48;5;1250000
254872;2025;49;4;1000000
254873;2025;48;9;229090
254873;2025;49;35;954545
254873;2025;50;2;50909
254873;2025;51;14;267272
254874;2025;48;2;452727
254874;2025;49;8;1675091
254874;2025;50;1;181090
254874;2025;51;1;158454
254875;2025;48;13;1336909
254875;2025;49;4;445636
254875;2025;50;3;281454
254875;2025;51;4;328363
254876;2025;48;31;417272
254876;2025;49;16;218181
254876;2025;50;13;160909
254876;2025;51;4;38181
254876;2025;52;5;40909
254877;2025;48;24;327272
254877;2025;49;44;600000
254877;2025;50;5;68181
254878;2025;1;1;8181
254878;2025;48;2;27272
254878;2025;49;36;490909
254878;2025;50;20;248181
254878;2025;51;12;103636
254879;2025;48;20;272727
254879;2025;49;23;313636
254879;2025;50;27;349090
254879;2025;51;2;16363
254880;2025;48;40;1090726
254880;2025;49;22;693636
254881;2025;49;60;1247727
254881;2025;50;30;545454
254882;2025;48;9;777272
254882;2025;49;13;1122727
254882;2025;50;14;1122727
255000;2025;45;3;139090
255000;2025;46;2;92727
255000;2025;47;1;46363
255000;2025;48;2;92727
255000;2025;49;2;92727
255000;2025;50;6;222545
255000;2025;51;11;442772
255000;2025;52;9;417272
255000;2026;2;1;46363
255002;2025;46;6;268909
255002;2025;48;4;185454
255002;2025;49;5;227181
255002;2025;50;15;612000
255002;2025;51;19;778909
255002;2025;52;2;92727
255003;2025;45;3;111272
255003;2025;46;6;268909
255003;2025;47;2;92727
255003;2025;48;4;185454
255003;2025;49;4;185454
255003;2025;50;11;426545
255003;2025;51;21;876272
255004;2025;46;1;37090
255004;2025;47;1;46363
255004;2025;48;1;46363
255004;2025;49;2;92727
255004;2025;50;16;741818
255128;2025;48;4;196363
255128;2025;49;6;294545
255128;2025;50;2;98181
255129;2025;1;1;76363
255129;2025;48;3;229090
255129;2025;49;2;152727
255129;2025;50;3;213818
255129;2025;51;2;114545
255129;2025;52;4;305454
255130;2025;49;2;240000
255130;2025;50;2;216000
255130;2025;51;2;180000
255130;2025;52;6;720000
255131;2025;48;1;141818
255131;2025;49;5;709090
255132;2025;49;1;169090
255132;2025;50;1;169090
255132;2025;51;2;338181
255132;2025;52;2;338181
255133;2025;49;3;327272
255133;2025;50;3;261818
255133;2025;52;6;654545
255134;2025;50;2;403636
255134;2025;51;1;201818
255134;2025;52;2;403636
255144;2025;45;2;229090
255144;2025;48;4;509090
255144;2025;49;2;254545
255144;2025;50;1;101818
255160;2025;47;1;149090
255160;2025;50;1;119272
255161;2025;46;1;447272
255161;2025;48;1;447272
255161;2025;50;1;357818
255161;2025;51;3;1118181
255168;2025;46;1;149090
255168;2025;47;1;149090
255168;2026;5;1;149090
255168;2026;17;1;149090
255172;2025;45;4;380181
255172;2025;46;2;201272
255173;2025;46;4;360000
255173;2025;47;2;200000
255174;2025;45;3;186818
255174;2025;46;6;323818
255174;2025;47;1;62272
255175;2025;49;1;236363
255234;2025;50;1;618181
255381;2025;46;2;106363
255381;2025;47;3;177272
255381;2025;48;1;59090
255381;2025;49;2;118181
255381;2025;50;1;59090
255382;2025;1;1;36363
255382;2025;45;8;269090
255382;2025;46;8;269090
255382;2025;47;9;327272
255382;2025;48;5;181818
255382;2025;49;9;327272
255382;2025;50;3;94545
255382;2025;51;1;27272
255382;2025;52;5;181818
255383;2025;45;10;469090
255383;2025;46;10;523636
255383;2025;47;28;1527272
255383;2025;48;9;490909
255383;2025;49;14;763636
255383;2025;50;20;992727
255383;2025;51;6;259090
255383;2025;52;8;436363
255384;2025;45;3;141818
255384;2025;46;6;342727
255384;2025;49;3;177272
255384;2025;50;10;531818
255384;2025;51;17;945454
255384;2025;52;1;59090
255385;2025;45;8;618181
255385;2025;46;5;436363
255385;2025;47;1;90909
255390;2025;46;3;140000
255390;2025;47;2;100000
255390;2025;48;2;100000
255390;2025;50;1;50000
255391;2025;47;6;463636
255391;2025;48;1;77272
255391;2025;50;1;61818
255392;2025;47;2;245454
255392;2025;49;1;122727
255392;2025;51;5;429545
255396;2025;46;2;109090
255396;2025;47;8;436363
255412;2025;48;1;38181
255412;2025;51;6;210000
255412;2025;52;2;76363
255413;2025;46;124;286910
255413;2025;47;138;374454
255413;2025;48;86;218727
255413;2025;50;9;19636
255413;2025;51;2;5454
255414;2025;47;5;159090
255414;2025;48;1;31818
255414;2025;49;2;63636
255414;2025;50;3;76363
255414;2025;51;2;63636
255414;2025;52;1;31818
255414;2026;3;1;31818
255414;2026;4;3;95454
255415;2025;48;3;95454
255415;2025;49;1;31818
255415;2025;50;5;152727
255415;2025;51;2;55681
255415;2025;52;2;63636
255417;2025;46;1;17272
255417;2025;47;4;69090
255417;2025;48;4;69090
255417;2025;49;2;34545
255417;2025;50;1;17272
255561;2025;48;2;76363
255561;2025;51;2;57272
255561;2025;52;2;76363
255562;2025;48;3;114545
255562;2025;51;2;57272
255562;2025;52;2;76363
255563;2025;48;2;76363
255563;2025;51;2;57272
255563;2025;52;4;152727
255707;2025;46;13;768181
255707;2025;47;16;945454
255707;2025;48;1;59090
255710;2025;46;6;160909
255710;2025;47;7;188181
255710;2025;48;15;409090
255710;2025;50;16;387272
255710;2025;51;26;673636
255892;2025;47;50;718545
255892;2025;48;26;378181
255892;2025;49;19;276363
256003;2025;49;4;400000
256004;2025;49;4;400000
256005;2025;49;1;118181
256005;2025;51;3;330909
256006;2025;49;2;263636
256007;2025;49;2;263636
256008;2025;49;2;336363
256009;2025;49;1;54545
256009;2025;51;3;150000
256010;2025;49;1;95454
256010;2025;50;3;209999
256011;2025;49;8;181818
256011;2025;50;1;22727
256011;2025;51;2;36363
256013;2025;47;1;90909
256014;2025;47;4;436363
256014;2025;49;1;136363
256014;2025;50;3;354545
256014;2025;51;2;272727
256015;2025;47;1;45454
256015;2025;49;1;45454
256016;2025;47;1;89090
256017;2025;47;1;63636
256017;2025;49;1;63636
256018;2025;47;1;63636
256019;2025;49;1;89090
256019;2025;50;1;71272
256019;2025;51;1;66818
256020;2025;49;1;54545
256025;2025;48;2;109090
256025;2025;49;2;109090
256025;2025;51;2;109090
256026;2025;47;4;218181
256026;2025;51;1;43636
256027;2025;48;9;163636
256027;2025;49;3;54545
256027;2025;50;6;101818
256027;2025;51;3;54545
256027;2025;52;2;36363
256030;2025;49;1;178181
256030;2025;50;1;178181
256031;2025;50;2;242181
256032;2025;50;2;221818
256033;2025;48;1;178181
256033;2025;49;2;356363
256033;2025;50;1;142545
256034;2025;48;1;134545
256034;2025;49;2;269090
256034;2025;50;1;107636
256035;2025;47;1;110909
256035;2025;48;1;110909
256036;2025;48;1;109090
256036;2025;49;1;109090
256036;2025;50;1;87272
256037;2025;48;3;286363
256038;2025;47;1;77272
256038;2025;49;1;77272
256038;2025;51;1;77272
256039;2025;47;1;118181
256039;2025;48;1;118181
256039;2025;49;1;118181
256039;2025;50;1;118181
256040;2025;48;1;81818
256040;2025;49;1;81818
256040;2025;50;2;163636
256041;2025;47;1;63636
256041;2025;49;3;178181
256042;2025;49;1;81818
256043;2025;49;2;236363
256044;2025;47;1;63636
256044;2025;48;1;63636
256045;2025;47;3;354545
256045;2025;49;1;118181
256046;2025;47;1;81818
256046;2025;48;1;81818
256046;2025;49;3;245454
256047;2025;47;1;63636
256047;2025;48;1;63636
256047;2025;49;2;120909
256048;2025;48;1;124545
256048;2025;50;1;99636
256049;2025;51;2;155909
256050;2025;49;2;126000
256051;2025;48;1;124545
256051;2025;49;1;124545
256052;2025;47;1;89090
256052;2025;50;1;89090
256053;2025;49;2;126000
256054;2025;49;3;621818
256122;2025;47;3;122727
256122;2025;48;15;597272
256122;2025;49;10;388636
256122;2025;50;11;359999
256122;2025;51;6;196363
256123;2025;49;3;106363
256123;2025;50;20;654545
256124;2025;1;1;24545
256124;2025;47;2;81818
256124;2025;49;4;147272
256124;2025;50;6;196363
256124;2025;51;6;147272
256124;2025;52;2;49090
256312;2025;49;3;43636
256312;2025;50;5;69818
256312;2025;51;5;69090
256355;2025;48;4;72363
256355;2025;49;6;108545
256355;2025;50;18;271363
256355;2025;51;51;861127
256355;2025;52;21;379909
256413;2025;52;2;270909
256433;2025;49;10;495454
256511;2025;1;1;90909
256511;2025;48;4;363636
256511;2025;49;4;363636
256511;2025;50;1;72727
256511;2025;51;4;263636
256511;2025;52;5;454545
256598;2025;1;1;85454
256598;2025;48;2;170909
256598;2025;49;6;512727
256598;2025;50;5;350363
256598;2025;51;7;491363
256598;2025;52;5;427272
256601;2025;52;1;42727
256601;2026;2;1;42727
256616;2025;48;6;1200000
256616;2025;49;3;520000
256616;2025;50;1;160000
256616;2025;51;2;400000
256625;2025;49;6;1390909
256625;2025;51;2;347727
256625;2026;15;1;231818
256625;2026;16;1;231818
256629;2025;51;5;315545
256629;2025;52;2;161818
256631;2025;51;2;290909
256631;2025;52;4;581818
256632;2025;51;2;109090
256632;2025;52;1;54545
256633;2025;52;3;654545
256634;2025;51;1;81818
256635;2025;52;4;145454
256665;2025;49;3;259090
256665;2025;50;5;362727
256665;2025;51;1;51818
256666;2025;49;2;336363
256666;2025;50;7;941818
256666;2025;51;1;100909
256667;2025;49;1;250000
256667;2025;50;6;1200000
256667;2025;51;3;450000
256668;2025;49;14;815454
256668;2025;50;2;118181
256669;2025;49;9;859090
256669;2025;50;7;591818
256670;2025;49;4;600000
256670;2025;50;9;1110000
256670;2025;51;3;270000
256695;2025;49;15;204545
256695;2025;50;1;10909
256695;2025;51;8;76363
256696;2025;49;2;52727
256696;2025;50;9;216181
256696;2025;51;13;239909
256697;2025;49;2;81818
256697;2025;50;1;32727
256697;2025;51;19;544090
256707;2025;50;2;58181
256707;2025;51;2;72727
256707;2025;52;2;72727
257044;2025;49;2;90909
257045;2025;49;2;109090
257046;2025;49;1;89090
257047;2025;49;1;109090
257047;2025;52;1;76363
257048;2025;50;1;109090
257048;2026;5;1;136363
257049;2025;49;1;89090
257094;2025;49;1;145454
257094;2025;50;7;989090
257094;2025;51;20;2589090
257094;2025;52;8;1163636
257095;2025;49;3;436363
257095;2025;50;7;989090
257095;2025;51;18;2341818
257096;2025;49;2;290909
257096;2025;50;8;959999
257096;2025;51;11;1309091
257097;2025;51;8;443181
257097;2025;52;6;354545
257098;2025;50;1;59090
257098;2025;51;6;295454
257098;2025;52;3;177272
257099;2025;49;3;245454
257099;2025;50;13;965454
257099;2025;51;8;576818
257099;2025;52;3;245454
257100;2025;51;3;188181
257100;2025;52;7;572727
257101;2025;1;1;81818
257101;2025;50;2;130909
257101;2025;51;7;449999
257101;2025;52;4;327272
257335;2025;49;2;10000
257335;2025;50;32;149800
257335;2025;51;42;204050
257335;2025;52;32;176000
257352;2025;1;1;65454
257352;2025;51;5;310909
257353;2025;50;4;182363
257353;2025;51;2;107272
257354;2025;1;2;130909
257354;2025;50;1;52363
257354;2025;52;1;65454
257354;2026;2;1;65454
257354;2026;3;1;65454
257355;2025;1;1;61818
257355;2025;50;1;61818
257355;2025;51;5;247272
257355;2025;52;1;61818
257355;2026;2;3;185454
257355;2026;4;1;61818
257355;2026;7;2;123636
257355;2026;8;1;61818
257355;2026;9;1;61818
257356;2025;50;1;61818
257356;2025;51;7;343090
257356;2026;3;1;61818
257356;2026;4;1;61818
257356;2026;5;1;61818
257356;2026;6;4;247272
257356;2026;7;3;157636
257356;2026;8;2;123636
257359;2025;50;5;688000
257359;2025;51;6;781818
257359;2025;52;7;1094545
257360;2025;50;6;463272
257360;2025;51;5;383090
257360;2025;52;6;534545
257360;2026;1;1;89090
257361;2025;50;3;231636
257361;2025;51;6;467727
257361;2025;52;2;178181
257361;2026;2;2;178181
257361;2026;3;2;142545
257361;2026;7;2;160363
257361;2026;8;1;89090
257361;2026;9;1;89090
257364;2025;1;1;180000
257364;2025;50;2;324000
257364;2025;51;5;855000
257364;2025;52;4;720000
257365;2025;50;1;180000
257365;2025;51;3;414000
257365;2026;2;2;360000
257365;2026;3;2;324000
257365;2026;4;1;180000
257365;2026;8;3;540000
257366;2025;50;8;84000
257366;2025;51;14;146363
257366;2025;52;10;127272
257367;2025;1;1;12727
257367;2025;50;1;10181
257367;2025;51;9;98636
257367;2025;52;11;140000
257376;2025;1;11;150000
257376;2025;49;21;286363
257376;2025;50;30;406363
257376;2025;51;15;173181
257376;2025;52;4;54545
257379;2025;49;1;13636
257379;2025;50;2;21818
257379;2025;51;3;30681
257379;2025;52;11;150000
257382;2025;1;11;100000
257382;2025;50;2;18181
257382;2025;51;7;50000
257382;2025;52;4;36363
257383;2025;49;15;218181
257383;2025;50;214;2775272
257383;2025;51;56;581818
257383;2025;52;1;8727
257395;2026;3;2;485454
257395;2026;11;1;242727
257395;2026;13;1;242727
257396;2025;51;1;182045
257396;2025;52;1;242727
257396;2026;10;1;242727
257396;2026;11;1;242727
257399;2025;51;2;379090
257399;2025;52;2;505454
257400;2026;4;1;65454
257400;2026;7;2;130909
257400;2026;9;1;65455
257400;2026;13;1;65454
257401;2025;51;4;196363
257401;2025;52;1;65454
257401;2026;2;1;65454
257402;2025;1;2;130909
257402;2025;52;3;196363
257402;2026;5;1;65454
257403;2025;52;3;196363
257403;2026;5;1;65454
257403;2026;7;2;130909
257543;2025;51;3;463636
257543;2025;52;2;309090
257545;2025;51;3;425000
257545;2025;52;2;309090
257552;2025;51;2;127272
257552;2025;52;1;72727
257554;2025;51;2;145454
257554;2025;52;1;72727
257588;2025;50;4;14545
257869;2025;51;1;60681
257869;2025;52;2;161818
258248;2025;1;2;218181
258248;2025;51;7;397090
258248;2025;52;5;545454
258438;2025;1;1;139681
258438;2025;51;1;199545
258438;2025;52;1;139681
258439;2025;51;1;106363
258439;2025;52;2;226909
258439;2026;3;1;113454
258439;2026;6;1;141818
258439;2026;7;1;141818
258439;2026;8;1;113454
258439;2026;9;4;453818
258439;2026;13;2;226909
258439;2026;15;1;113454
258743;2025;52;4;65454
258856;2026;16;1;80000
258856;2026;17;1;100000
258975;2026;13;1;77272
258975;2026;16;1;77272
258977;2026;13;1;62727
258977;2026;16;1;62727
258994;2026;15;1;162727
258994;2026;16;2;325454
259243;2026;17;1;53636
43208;2025;24;2;42272
43208;2025;25;4;109090
43208;2025;28;2;54545
43208;2025;30;2;54545
43208;2025;31;1;27272
43208;2025;32;2;54545
43208;2025;33;1;27272
43208;2025;35;1;27272
43208;2025;36;17;463636
43208;2025;37;10;272727
43208;2025;38;6;163636
43208;2025;39;5;114545
43208;2026;3;1;27272
43208;2026;5;2;54545
43208;2026;9;2;54545
43208;2026;11;4;109090
43208;2026;13;1;27272
43208;2026;14;3;81818
48695;2024;43;1;634090
62893;2024;41;2;121636
62893;2024;42;7;409364
62893;2024;43;8;472000
62893;2024;44;36;2118745
62893;2024;45;89;5494635
62893;2024;46;47;2931381
62893;2024;47;91;5696276
62893;2024;48;123;7275438
62893;2024;49;70;4372017
62893;2024;50;102;6119572
62893;2024;51;191;11108340
62893;2024;52;33;1953093
62893;2025;1;4;254181
62893;2025;42;20;1232781
62893;2025;43;6;374918
62893;2025;44;10;641809
62893;2025;45;70;4441827
62893;2025;46;57;3622090
62893;2025;47;55;3482290
62893;2025;48;128;8063916
62893;2025;49;97;6128323
62893;2025;50;50;3170918
62893;2025;51;95;5731799
62893;2025;52;28;1753854
62893;2026;1;1;63545
62900;2024;41;3;162854
62900;2024;45;14;876909
62900;2024;46;13;814272
62900;2024;47;12;751636
62900;2024;48;15;939545
62900;2024;49;17;1064817
62900;2024;50;23;1399922
62900;2024;51;9;563727
62900;2025;1;2;127090
62900;2025;42;1;63545
62900;2025;44;4;254181
62900;2025;45;6;374918
62900;2025;46;16;1016725
62900;2025;47;6;381272
62900;2025;48;12;762545
62900;2025;49;11;698999
62900;2025;50;11;699000
62900;2025;51;19;1207363
62900;2025;52;1;63545
62912;2024;40;8;944727
62912;2024;41;5;590454
62912;2024;42;10;1180909
62912;2024;43;31;3660818
62912;2024;44;41;5052154
62912;2024;45;246;30816001
62912;2024;46;176;21763127
62912;2024;47;125;15670455
62912;2024;48;65;7032899
62912;2024;49;27;3184236
62912;2024;50;20;2319226
62912;2024;52;6;290363
62912;2025;41;5;635909
62912;2025;42;12;1500745
62912;2025;43;21;2645382
62912;2025;44;36;4578545
62912;2025;45;156;19814927
62912;2025;46;147;18670291
62912;2025;47;190;23014822
62912;2025;48;35;4197000
62912;2025;49;67;8419437
62912;2025;50;83;10352599
62912;2025;51;71;7910707
62912;2025;52;11;1144635
62913;2024;1;3;376090
62913;2024;41;2;250727
62913;2024;44;3;376090
62913;2024;45;7;877545
62913;2024;46;13;1629727
62913;2024;47;8;1002909
62913;2024;48;10;1153345
62913;2024;49;8;1002909
62913;2025;44;3;381545
62913;2025;45;7;890272
62913;2025;46;5;635909
62913;2025;47;9;1144636
62913;2025;48;16;2034909
62913;2025;49;6;763090
62913;2025;50;3;330672
62913;2025;51;1;127181
62921;2024;43;5;295000
62921;2024;44;1;59000
62921;2024;45;8;472000
62921;2024;46;6;354000
62921;2024;47;13;767000
62921;2024;48;23;1357000
62921;2024;49;57;3357100
62921;2024;50;6;354000
62921;2025;42;1;60818
62921;2025;43;4;243272
62921;2025;44;1;60818
62921;2025;45;45;2736818
62921;2025;46;17;1033908
62921;2025;47;52;3040909
62923;2024;1;1;163545
62923;2024;43;5;817727
62923;2024;44;10;1635454
62923;2024;45;16;2616727
62923;2024;46;27;4415727
62923;2024;47;24;3925090
62923;2024;48;54;8831454
62923;2024;49;22;3548935
62923;2024;50;19;3107363
62925;2024;42;1;86272
62925;2024;44;3;258818
62925;2024;45;3;258818
62925;2024;46;8;690181
62925;2024;47;49;4227363
62925;2024;48;9;698809
62925;2025;43;2;178000
62925;2025;44;4;356000
62925;2025;45;5;445000
62925;2025;46;21;1869000
62925;2025;47;10;890000
62925;2025;48;13;1157000
62925;2025;49;13;1157000
62925;2025;50;4;356000
62925;2025;52;1;89000
62927;2024;41;6;798436
62927;2024;42;1;153545
62927;2024;43;6;921272
62927;2024;44;4;614181
62927;2024;45;30;4606363
62927;2024;46;1;153545
62927;2024;47;5;767727
62927;2024;48;68;10364317
62927;2025;42;20;3143636
62927;2025;43;11;1729000
62927;2025;44;3;471545
62927;2025;45;12;1886181
62927;2025;46;2;314363
62928;2024;41;2;294381
62928;2024;42;1;163545
62928;2024;44;1;163545
62928;2024;45;5;817727
62928;2024;46;18;2943818
62928;2024;47;2;327090
62928;2024;48;17;2780271
62928;2024;49;13;2126091
62928;2024;50;27;4178586
62928;2024;51;6;866790
62928;2025;1;2;334363
62928;2025;42;5;835909
62928;2025;43;1;167181
62928;2025;44;1;167181
62928;2025;45;13;2173363
62928;2025;46;9;1504636
62928;2025;47;4;668727
62928;2025;48;18;3009273
62928;2025;49;8;1337454
62928;2025;50;14;2307109
62928;2025;51;11;1839000
62928;2025;52;7;1170272
62931;2024;41;1;61745
62931;2024;42;2;154363
62931;2024;43;2;154363
62931;2024;44;2;154363
62931;2024;45;19;1466454
62931;2024;46;30;2315454
62931;2024;47;10;771818
62931;2024;48;46;3550363
62931;2024;49;7;540272
62947;2024;1;4;137818
62947;2024;14;1;31727
62947;2024;15;1;31727
62947;2024;23;1;31727
62947;2024;41;4;137818
62947;2024;43;1;34454
62947;2024;44;4;137818
62947;2024;45;5;172272
62947;2024;46;36;1240363
62947;2024;47;59;2032818
62947;2024;48;78;2687455
62947;2024;49;93;3200827
62947;2024;50;143;4794350
62947;2024;51;108;3383436
62947;2024;52;39;1343727
62947;2025;1;21;742636
62947;2025;3;2;68909
62947;2025;7;1;34454
62947;2025;13;8;275636
62947;2025;18;1;34454
62947;2025;42;25;862872
62947;2025;43;15;530454
62947;2025;44;8;282909
62947;2025;45;39;1379181
62947;2025;46;43;1520636
62947;2025;47;42;1485272
62947;2025;48;58;2051090
62947;2025;49;63;2227909
62947;2025;50;84;2892745
62947;2025;51;99;3479781
62947;2025;52;61;2153645
62947;2026;1;2;70727
62947;2026;2;12;424363
62947;2026;5;2;70727
62947;2026;6;1;35363
62947;2026;7;4;141454
62947;2026;9;3;106090
62947;2026;10;2;70727
62947;2026;13;6;212181
62947;2026;14;1;35363
62953;2024;1;23;1346291
62953;2024;40;1;59000
62953;2024;41;4;236000
62953;2024;42;14;826000
62953;2024;43;3;177000
62953;2024;44;15;849600
62953;2024;45;53;3127000
62953;2024;46;21;1227200
62953;2024;47;43;2537000
62953;2024;48;31;1829000
62953;2024;49;96;5664000
62953;2024;50;136;7814550
62953;2024;51;189;10555100
62953;2024;52;80;4708182
62953;2025;1;5;300454
62953;2025;3;2;118000
62953;2025;4;2;118000
62953;2025;5;1;59000
62953;2025;6;4;236000
62953;2025;7;24;1244900
62953;2025;8;5;295000
62953;2025;10;4;236000
62953;2025;11;1;59000
62953;2025;12;1;59000
62953;2025;13;2;118000
62953;2025;14;1;59000
62953;2025;19;1;44250
62953;2025;20;1;59000
62953;2025;28;1;59000
62953;2025;41;1;60818
62953;2025;42;9;535200
62953;2025;43;18;1094727
62953;2025;44;17;1033909
62953;2025;45;44;2676000
62953;2025;46;74;4500545
62953;2025;47;90;5473636
62953;2025;48;77;4683000
62953;2025;49;120;7298181
62953;2025;50;158;9220036
62953;2025;51;119;7188709
62953;2025;52;23;1398818
62953;2026;2;4;243272
62953;2026;9;2;121636
7450007442502;2024;41;1;395454
7450007442502;2024;45;4;1265454
7450007442502;2024;46;2;711818
7450007442502;2024;50;1;296590
7450007442502;2025;44;2;790909
7450007442502;2025;45;1;316363
7450007442502;2025;46;5;1898181
7450067093454;2024;28;4;90909
7450067093454;2024;29;2;45454
7450067093454;2024;30;3;68181
7450067093454;2024;31;4;90909
76703;2025;44;2;136363
76703;2025;45;7;381818
76703;2025;46;6;381818
76703;2025;47;6;409090
76703;2025;48;3;204545
76705;2025;42;2;52727
76705;2025;44;2;52727
76705;2025;45;21;495636
76705;2025;46;23;574727
76705;2025;47;24;627454
77276;2024;10;1;31727
77276;2024;14;1;31727
77276;2024;15;1;31727
77276;2024;40;1;34454
77276;2024;41;10;323872
77276;2024;42;19;654636
77276;2024;43;8;275636
77276;2024;44;34;1171454
77276;2024;45;59;2032818
77276;2024;46;64;2205090
77276;2024;47;84;2876954
77276;2024;48;127;4375727
77276;2024;49;110;3786553
77276;2024;50;57;1908782
77276;2024;51;1;34454
77276;2025;1;13;459727
77276;2025;42;6;205109
77276;2025;43;8;282909
77276;2025;44;11;389000
77276;2025;45;25;884090
77276;2025;46;24;848727
77276;2025;47;82;2899818
77276;2025;48;71;2503745
77276;2025;49;83;2917500
77276;2025;50;131;4576055
77276;2025;51;67;2369363
77276;2025;52;82;2899818
77276;2026;4;1;35363
77276;2026;7;1;35363
77276;2026;9;1;35363
77706;2024;34;19;158045
77706;2025;5;1;16636
77706;2025;6;10;166363
77706;2025;7;10;133922
77706;2025;14;1;16636
77706;2025;26;6;99818
77706;2025;37;5;83181
77706;2025;47;1;16636
77706;2025;50;12;159709
78360;2024;52;1;996363
79011;2025;47;3;447272
79011;2025;49;1;149090
79011;2025;50;1;119272
79011;2025;52;5;745454
79448;2025;44;1;149454
79448;2025;45;1;149454
79448;2025;47;1;149454
79448;2025;48;1;149454
92410;2024;44;2;263636
92410;2024;45;3;316363
92410;2024;46;4;527272
92410;2024;47;10;1318181
92410;2024;48;16;2082727
92410;2024;49;9;1186363
92410;2025;45;2;210909
92424;2024;43;2;94545
92424;2024;44;13;605090
92424;2024;45;21;813090
92424;2024;46;13;595636
92424;2024;47;12;562545
92424;2024;48;23;1035272
92424;2024;49;24;1132181
92424;2024;50;1;47272
93922;2024;1;3;14727
93922;2024;47;1;8181
93922;2024;49;2;16363
93922;2024;50;5;24545
93922;2024;51;5;24545
93922;2024;52;1;4909
93922;2025;51;2;13090
93922;2025;52;10;81818
93952;2024;1;2;117999
93952;2024;15;1;53545
93952;2024;40;7;413000
93952;2024;41;4;236000
93952;2024;42;8;472000
93952;2024;43;26;1534000
93952;2024;44;29;1711000
93952;2024;45;119;7009200
93952;2024;46;36;2124000
93952;2024;47;49;2891000
93952;2024;48;73;4307000
93952;2024;49;34;1982400
93952;2024;50;3;177000
93952;2024;51;2;103250
93952;2025;42;8;462218
93952;2025;43;16;973090
93952;2025;44;11;669000
93952;2025;45;74;4500545
93952;2025;46;93;5656090
93952;2025;47;85;5145218
93952;2025;48;61;3685581
93952;2025;49;50;3040909
93952;2025;50;49;2840209
93952;2025;51;1;60818
96532;2024;46;2;25454
96532;2024;47;16;203636
96532;2024;49;4;50908
96532;2024;50;1;12727
96532;2024;51;1;10181
97122;2024;49;1;448363
97122;2024;52;1;358690
97122;2025;45;1;358690
97912;2024;47;1;24545
